external_id,name,phone,email,created_at
cust_ext_1,Клиент 1,+79990000001,user_1@example.com,2026-02-01 05:15:32.424133+00:00
cust_ext_2,Клиент 2,+79990000002,user_2@example.com,2026-01-28 20:32:45.458396+00:00
cust_ext_3,Клиент 3,+79990000003,user_3@example.com,2026-01-26 03:12:46.651164+00:00
cust_ext_4,Клиент 4,+79990000004,user_4@example.com,2026-01-30 00:41:13.105693+00:00
cust_ext_5,Клиент 5,+79990000005,user_5@example.com,2026-01-21 10:03:25.643238+00:00
cust_ext_6,Клиент 6,+79990000006,user_6@example.com,2026-02-08 11:03:35.438776+00:00
cust_ext_7,Клиент 7,+79990000007,user_7@example.com,2026-02-09 11:36:46.482189+00:00
cust_ext_8,Клиент 8,+79990000008,user_8@example.com,2026-02-14 16:17:06.736976+00:00
cust_ext_9,Клиент 9,+79990000009,user_9@example.com,2026-02-13 00:50:38.020925+00:00
cust_ext_10,Клиент 10,+79990000010,user_10@example.com,2026-01-29 10:02:24.147544+00:00
cust_ext_11,Клиент 11,+79990000011,user_11@example.com,2026-01-02 05:33:05.411538+00:00
cust_ext_12,Клиент 12,+79990000012,user_12@example.com,2026-02-06 12:28:06.341219+00:00
cust_ext_13,Клиент 13,+79990000013,user_13@example.com,2026-01-22 11:27:32.625953+00:00
cust_ext_14,Клиент 14,+79990000014,user_14@example.com,2026-01-04 09:40:15.544264+00:00
cust_ext_15,Клиент 15,+79990000015,user_15@example.com,2026-01-27 07:02:36.406453+00:00
cust_ext_16,Клиент 16,+79990000016,user_16@example.com,2026-01-24 21:15:27.277303+00:00
cust_ext_17,Клиент 17,+79990000017,user_17@example.com,2026-01-03 09:29:50.762294+00:00
cust_ext_18,Клиент 18,+79990000018,user_18@example.com,2026-02-02 15:12:31.787546+00:00
cust_ext_19,Клиент 19,+79990000019,user_19@example.com,2026-01-23 10:59:35.344829+00:00
cust_ext_20,Клиент 20,+79990000020,user_20@example.com,2026-01-05 21:57:09.060647+00:00
cust_ext_21,Клиент 21,+79990000021,user_21@example.com,2026-01-28 21:50:07.440106+00:00
cust_ext_22,Клиент 22,+79990000022,user_22@example.com,2026-02-04 03:38:30.091706+00:00
cust_ext_23,Клиент 23,+79990000023,user_23@example.com,2026-01-13 14:12:29.961386+00:00
cust_ext_24,Клиент 24,+79990000024,user_24@example.com,2026-02-09 01:29:25.491099+00:00
cust_ext_25,Клиент 25,+79990000025,user_25@example.com,2026-01-19 06:06:05.292731+00:00
cust_ext_26,Клиент 26,+79990000026,user_26@example.com,2026-02-14 18:23:55.216644+00:00
cust_ext_27,Клиент 27,+79990000027,user_27@example.com,2026-01-01 04:51:06.076615+00:00
cust_ext_28,Клиент 28,+79990000028,user_28@example.com,2026-01-22 16:20:39.677372+00:00
cust_ext_29,Клиент 29,+79990000029,user_29@example.com,2026-01-02 04:35:56.047893+00:00
cust_ext_30,Клиент 30,+79990000030,user_30@example.com,2026-01-21 21:00:08.319340+00:00
cust_ext_31,Клиент 31,+79990000031,user_31@example.com,2026-01-02 00:57:38.162991+00:00
cust_ext_32,Клиент 32,+79990000032,user_32@example.com,2026-01-22 18:42:06.364850+00:00
cust_ext_33,Клиент 33,+79990000033,user_33@example.com,2026-02-11 08:03:43.960247+00:00
cust_ext_34,Клиент 34,+79990000034,user_34@example.com,2026-01-03 06:07:37.546746+00:00
cust_ext_35,Клиент 35,+79990000035,user_35@example.com,2026-01-16 02:08:10.752352+00:00
cust_ext_36,Клиент 36,+79990000036,user_36@example.com,2026-01-15 19:11:45.281572+00:00
cust_ext_37,Клиент 37,+79990000037,user_37@example.com,2026-01-13 05:29:34.967115+00:00
cust_ext_38,Клиент 38,+79990000038,user_38@example.com,2026-01-26 10:22:03.703814+00:00
cust_ext_39,Клиент 39,+79990000039,user_39@example.com,2026-02-01 22:43:21.311343+00:00
cust_ext_40,Клиент 40,+79990000040,user_40@example.com,2026-01-10 18:10:12.896843+00:00
cust_ext_41,Клиент 41,+79990000041,user_41@example.com,2026-01-09 08:34:08.957954+00:00
cust_ext_42,Клиент 42,+79990000042,user_42@example.com,2026-02-07 05:44:41.715814+00:00
cust_ext_43,Клиент 43,+79990000043,user_43@example.com,2026-01-30 04:50:47.235288+00:00
cust_ext_44,Клиент 44,+79990000044,user_44@example.com,2026-01-17 20:32:15.380602+00:00
cust_ext_45,Клиент 45,+79990000045,user_45@example.com,2026-01-18 13:46:37.875207+00:00
cust_ext_46,Клиент 46,+79990000046,user_46@example.com,2026-01-27 05:48:23.821880+00:00
cust_ext_47,Клиент 47,+79990000047,user_47@example.com,2026-01-01 17:24:48.430699+00:00
cust_ext_48,Клиент 48,+79990000048,user_48@example.com,2026-01-31 07:08:09.565630+00:00
cust_ext_49,Клиент 49,+79990000049,user_49@example.com,2026-01-07 10:36:19.616948+00:00
cust_ext_50,Клиент 50,+79990000050,user_50@example.com,2026-02-02 17:15:34.863766+00:00
cust_ext_51,Клиент 51,+79990000051,user_51@example.com,2026-02-04 18:08:13.343718+00:00
cust_ext_52,Клиент 52,+79990000052,user_52@example.com,2026-01-22 12:03:24.583233+00:00
cust_ext_53,Клиент 53,+79990000053,user_53@example.com,2026-01-30 07:04:29.835855+00:00
cust_ext_54,Клиент 54,+79990000054,user_54@example.com,2026-01-27 16:02:10.930265+00:00
cust_ext_55,Клиент 55,+79990000055,user_55@example.com,2026-01-29 02:54:28.752077+00:00
cust_ext_56,Клиент 56,+79990000056,user_56@example.com,2026-02-09 09:55:43.946201+00:00
cust_ext_57,Клиент 57,+79990000057,user_57@example.com,2026-01-11 22:48:25.724327+00:00
cust_ext_58,Клиент 58,+79990000058,user_58@example.com,2026-02-02 11:16:51.829061+00:00
cust_ext_59,Клиент 59,+79990000059,user_59@example.com,2026-02-11 16:42:30.921497+00:00
cust_ext_60,Клиент 60,+79990000060,user_60@example.com,2026-01-07 16:07:36.879973+00:00
cust_ext_61,Клиент 61,+79990000061,user_61@example.com,2026-02-10 11:03:42.173762+00:00
cust_ext_62,Клиент 62,+79990000062,user_62@example.com,2026-01-12 20:24:35.280009+00:00
cust_ext_63,Клиент 63,+79990000063,user_63@example.com,2026-01-13 11:28:24.044147+00:00
cust_ext_64,Клиент 64,+79990000064,user_64@example.com,2026-01-03 07:20:50.870678+00:00
cust_ext_65,Клиент 65,+79990000065,user_65@example.com,2026-01-24 20:20:38.979978+00:00
cust_ext_66,Клиент 66,+79990000066,user_66@example.com,2026-01-30 10:47:01.189192+00:00
cust_ext_67,Клиент 67,+79990000067,user_67@example.com,2026-01-07 20:23:50.624108+00:00
cust_ext_68,Клиент 68,+79990000068,user_68@example.com,2026-01-06 21:57:52.381124+00:00
cust_ext_69,Клиент 69,+79990000069,user_69@example.com,2026-02-03 19:44:02.951773+00:00
cust_ext_70,Клиент 70,+79990000070,user_70@example.com,2026-02-04 22:44:52.779500+00:00
cust_ext_71,Клиент 71,+79990000071,user_71@example.com,2026-01-28 14:13:57.398735+00:00
cust_ext_72,Клиент 72,+79990000072,user_72@example.com,2026-01-05 05:07:58.428269+00:00
cust_ext_73,Клиент 73,+79990000073,user_73@example.com,2026-02-06 13:40:31.182904+00:00
cust_ext_74,Клиент 74,+79990000074,user_74@example.com,2026-01-24 21:18:44.231601+00:00
cust_ext_75,Клиент 75,+79990000075,user_75@example.com,2026-01-03 11:12:54.962176+00:00
cust_ext_76,Клиент 76,+79990000076,user_76@example.com,2026-01-01 21:12:50.430799+00:00
cust_ext_77,Клиент 77,+79990000077,user_77@example.com,2026-01-11 14:51:17.820113+00:00
cust_ext_78,Клиент 78,+79990000078,user_78@example.com,2026-01-15 11:47:48.112828+00:00
cust_ext_79,Клиент 79,+79990000079,user_79@example.com,2026-01-03 14:44:09.840656+00:00
cust_ext_80,Клиент 80,+79990000080,user_80@example.com,2026-02-08 01:22:32.464836+00:00
cust_ext_81,Клиент 81,+79990000081,user_81@example.com,2026-01-31 18:08:04.879946+00:00
cust_ext_82,Клиент 82,+79990000082,user_82@example.com,2026-01-22 05:08:33.508408+00:00
cust_ext_83,Клиент 83,+79990000083,user_83@example.com,2026-01-15 23:42:41.140419+00:00
cust_ext_84,Клиент 84,+79990000084,user_84@example.com,2026-01-29 12:04:53.132858+00:00
cust_ext_85,Клиент 85,+79990000085,user_85@example.com,2026-01-29 22:26:49.921370+00:00
cust_ext_86,Клиент 86,+79990000086,user_86@example.com,2026-01-15 07:12:07.564368+00:00
cust_ext_87,Клиент 87,+79990000087,user_87@example.com,2026-01-19 06:46:34.197201+00:00
cust_ext_88,Клиент 88,+79990000088,user_88@example.com,2026-01-27 17:43:40.694951+00:00
cust_ext_89,Клиент 89,+79990000089,user_89@example.com,2026-01-17 11:19:52.295086+00:00
cust_ext_90,Клиент 90,+79990000090,user_90@example.com,2026-01-02 14:08:17.148556+00:00
cust_ext_91,Клиент 91,+79990000091,user_91@example.com,2026-01-25 05:47:46.801156+00:00
cust_ext_92,Клиент 92,+79990000092,user_92@example.com,2026-01-05 19:47:39.878976+00:00
cust_ext_93,Клиент 93,+79990000093,user_93@example.com,2026-01-24 09:11:11.470748+00:00
cust_ext_94,Клиент 94,+79990000094,user_94@example.com,2026-01-30 05:52:01.214253+00:00
cust_ext_95,Клиент 95,+79990000095,user_95@example.com,2026-01-11 17:57:28.292857+00:00
cust_ext_96,Клиент 96,+79990000096,user_96@example.com,2026-01-17 17:45:15.051513+00:00
cust_ext_97,Клиент 97,+79990000097,user_97@example.com,2026-01-18 15:41:37.307704+00:00
cust_ext_98,Клиент 98,+79990000098,user_98@example.com,2026-01-04 13:35:33.247071+00:00
cust_ext_99,Клиент 99,+79990000099,user_99@example.com,2026-01-27 01:51:25.180864+00:00
cust_ext_100,Клиент 100,+79990000100,user_100@example.com,2026-02-01 15:55:30.677931+00:00
cust_ext_101,Клиент 101,+79990000101,user_101@example.com,2026-02-14 09:05:41.957799+00:00
cust_ext_102,Клиент 102,+79990000102,user_102@example.com,2026-01-10 07:51:29.138764+00:00
cust_ext_103,Клиент 103,+79990000103,user_103@example.com,2026-02-11 20:29:31.052738+00:00
cust_ext_104,Клиент 104,+79990000104,user_104@example.com,2026-01-12 00:11:00.718783+00:00
cust_ext_105,Клиент 105,+79990000105,user_105@example.com,2026-01-20 03:28:05.240997+00:00
cust_ext_106,Клиент 106,+79990000106,user_106@example.com,2026-02-07 06:16:25.857251+00:00
cust_ext_107,Клиент 107,+79990000107,user_107@example.com,2026-01-19 12:12:55.352655+00:00
cust_ext_108,Клиент 108,+79990000108,user_108@example.com,2026-01-03 15:14:45.197980+00:00
cust_ext_109,Клиент 109,+79990000109,user_109@example.com,2026-01-22 01:56:59.453510+00:00
cust_ext_110,Клиент 110,+79990000110,user_110@example.com,2026-02-02 20:21:10.968266+00:00
cust_ext_111,Клиент 111,+79990000111,user_111@example.com,2026-02-05 11:49:21.933219+00:00
cust_ext_112,Клиент 112,+79990000112,user_112@example.com,2026-01-22 20:22:52.120142+00:00
cust_ext_113,Клиент 113,+79990000113,user_113@example.com,2026-02-08 02:40:58.898909+00:00
cust_ext_114,Клиент 114,+79990000114,user_114@example.com,2026-02-11 21:42:19.660416+00:00
cust_ext_115,Клиент 115,+79990000115,user_115@example.com,2026-02-12 08:09:28.662536+00:00
cust_ext_116,Клиент 116,+79990000116,user_116@example.com,2026-01-09 21:17:13.261461+00:00
cust_ext_117,Клиент 117,+79990000117,user_117@example.com,2026-01-16 16:28:59.626744+00:00
cust_ext_118,Клиент 118,+79990000118,user_118@example.com,2026-01-16 18:55:05.820565+00:00
cust_ext_119,Клиент 119,+79990000119,user_119@example.com,2026-02-08 18:29:16.157980+00:00
cust_ext_120,Клиент 120,+79990000120,user_120@example.com,2026-01-29 05:58:32.205615+00:00
cust_ext_121,Клиент 121,+79990000121,user_121@example.com,2026-01-01 15:21:24.493872+00:00
cust_ext_122,Клиент 122,+79990000122,user_122@example.com,2026-02-11 01:57:18.608613+00:00
cust_ext_123,Клиент 123,+79990000123,user_123@example.com,2026-02-08 02:00:26.128706+00:00
cust_ext_124,Клиент 124,+79990000124,user_124@example.com,2026-01-20 04:43:01.209651+00:00
cust_ext_125,Клиент 125,+79990000125,user_125@example.com,2026-01-02 21:53:03.536013+00:00
cust_ext_126,Клиент 126,+79990000126,user_126@example.com,2026-02-09 21:25:40.381631+00:00
cust_ext_127,Клиент 127,+79990000127,user_127@example.com,2026-01-22 20:27:07.165031+00:00
cust_ext_128,Клиент 128,+79990000128,user_128@example.com,2026-01-20 20:14:16.057665+00:00
cust_ext_129,Клиент 129,+79990000129,user_129@example.com,2026-01-26 18:21:51.795413+00:00
cust_ext_130,Клиент 130,+79990000130,user_130@example.com,2026-01-31 16:30:06.056106+00:00
cust_ext_131,Клиент 131,+79990000131,user_131@example.com,2026-01-07 09:51:49.475244+00:00
cust_ext_132,Клиент 132,+79990000132,user_132@example.com,2026-01-28 01:13:56.898782+00:00
cust_ext_133,Клиент 133,+79990000133,user_133@example.com,2026-01-16 17:32:23.739688+00:00
cust_ext_134,Клиент 134,+79990000134,user_134@example.com,2026-02-02 18:37:49.916314+00:00
cust_ext_135,Клиент 135,+79990000135,user_135@example.com,2026-02-02 10:27:32.737139+00:00
cust_ext_136,Клиент 136,+79990000136,user_136@example.com,2026-01-01 15:19:06.108146+00:00
cust_ext_137,Клиент 137,+79990000137,user_137@example.com,2026-01-05 12:11:23.962991+00:00
cust_ext_138,Клиент 138,+79990000138,user_138@example.com,2026-01-19 01:45:54.190586+00:00
cust_ext_139,Клиент 139,+79990000139,user_139@example.com,2026-01-10 15:07:07.228519+00:00
cust_ext_140,Клиент 140,+79990000140,user_140@example.com,2026-01-12 12:55:26.557974+00:00
cust_ext_141,Клиент 141,+79990000141,user_141@example.com,2026-02-13 03:57:03.064374+00:00
cust_ext_142,Клиент 142,+79990000142,user_142@example.com,2026-01-16 16:46:00.304021+00:00
cust_ext_143,Клиент 143,+79990000143,user_143@example.com,2026-01-08 18:56:08.815979+00:00
cust_ext_144,Клиент 144,+79990000144,user_144@example.com,2026-02-13 20:52:20.326064+00:00
cust_ext_145,Клиент 145,+79990000145,user_145@example.com,2026-01-12 19:02:57.012691+00:00
cust_ext_146,Клиент 146,+79990000146,user_146@example.com,2026-01-01 23:10:36.814410+00:00
cust_ext_147,Клиент 147,+79990000147,user_147@example.com,2026-01-21 16:29:05.965345+00:00
cust_ext_148,Клиент 148,+79990000148,user_148@example.com,2026-02-01 02:03:58.199188+00:00
cust_ext_149,Клиент 149,+79990000149,user_149@example.com,2026-01-03 04:40:33.178490+00:00
cust_ext_150,Клиент 150,+79990000150,user_150@example.com,2026-01-16 23:13:48.064316+00:00
cust_ext_151,Клиент 151,+79990000151,user_151@example.com,2026-01-12 01:23:22.503193+00:00
cust_ext_152,Клиент 152,+79990000152,user_152@example.com,2026-02-13 11:10:06.590998+00:00
cust_ext_153,Клиент 153,+79990000153,user_153@example.com,2026-02-14 04:41:33.906837+00:00
cust_ext_154,Клиент 154,+79990000154,user_154@example.com,2026-02-08 21:09:49.838804+00:00
cust_ext_155,Клиент 155,+79990000155,user_155@example.com,2026-01-20 10:24:08.050797+00:00
cust_ext_156,Клиент 156,+79990000156,user_156@example.com,2026-01-04 08:59:35.544151+00:00
cust_ext_157,Клиент 157,+79990000157,user_157@example.com,2026-01-03 16:21:19.239861+00:00
cust_ext_158,Клиент 158,+79990000158,user_158@example.com,2026-01-05 15:00:22.061447+00:00
cust_ext_159,Клиент 159,+79990000159,user_159@example.com,2026-02-13 09:57:11.399811+00:00
cust_ext_160,Клиент 160,+79990000160,user_160@example.com,2026-01-17 21:51:27.423616+00:00
cust_ext_161,Клиент 161,+79990000161,user_161@example.com,2026-01-29 06:38:31.000217+00:00
cust_ext_162,Клиент 162,+79990000162,user_162@example.com,2026-02-05 18:43:25.018540+00:00
cust_ext_163,Клиент 163,+79990000163,user_163@example.com,2026-01-24 17:37:57.392556+00:00
cust_ext_164,Клиент 164,+79990000164,user_164@example.com,2026-01-22 05:07:55.341768+00:00
cust_ext_165,Клиент 165,+79990000165,user_165@example.com,2026-01-24 23:46:58.926818+00:00
cust_ext_166,Клиент 166,+79990000166,user_166@example.com,2026-02-07 14:31:07.091187+00:00
cust_ext_167,Клиент 167,+79990000167,user_167@example.com,2026-02-13 15:13:06.593922+00:00
cust_ext_168,Клиент 168,+79990000168,user_168@example.com,2026-02-11 03:46:07.656477+00:00
cust_ext_169,Клиент 169,+79990000169,user_169@example.com,2026-02-04 23:00:22.319899+00:00
cust_ext_170,Клиент 170,+79990000170,user_170@example.com,2026-02-01 20:22:04.968372+00:00
cust_ext_171,Клиент 171,+79990000171,user_171@example.com,2026-01-06 15:44:09.726684+00:00
cust_ext_172,Клиент 172,+79990000172,user_172@example.com,2026-02-04 01:05:52.576990+00:00
cust_ext_173,Клиент 173,+79990000173,user_173@example.com,2026-01-31 16:22:35.702884+00:00
cust_ext_174,Клиент 174,+79990000174,user_174@example.com,2026-01-15 19:02:59.050849+00:00
cust_ext_175,Клиент 175,+79990000175,user_175@example.com,2026-01-10 04:23:36.970426+00:00
cust_ext_176,Клиент 176,+79990000176,user_176@example.com,2026-01-15 22:14:59.224245+00:00
cust_ext_177,Клиент 177,+79990000177,user_177@example.com,2026-01-23 14:30:56.402791+00:00
cust_ext_178,Клиент 178,+79990000178,user_178@example.com,2026-01-10 00:39:15.510355+00:00
cust_ext_179,Клиент 179,+79990000179,user_179@example.com,2026-02-11 08:04:08.154964+00:00
cust_ext_180,Клиент 180,+79990000180,user_180@example.com,2026-01-31 13:28:21.828985+00:00
cust_ext_181,Клиент 181,+79990000181,user_181@example.com,2026-01-17 22:17:49.702785+00:00
cust_ext_182,Клиент 182,+79990000182,user_182@example.com,2026-01-17 01:57:59.245628+00:00
cust_ext_183,Клиент 183,+79990000183,user_183@example.com,2026-01-26 02:18:23.263360+00:00
cust_ext_184,Клиент 184,+79990000184,user_184@example.com,2026-02-04 09:25:29.952604+00:00
cust_ext_185,Клиент 185,+79990000185,user_185@example.com,2026-01-25 17:34:05.991078+00:00
cust_ext_186,Клиент 186,+79990000186,user_186@example.com,2026-01-19 15:31:32.478749+00:00
cust_ext_187,Клиент 187,+79990000187,user_187@example.com,2026-02-07 10:55:54.563193+00:00
cust_ext_188,Клиент 188,+79990000188,user_188@example.com,2026-01-22 09:40:50.230215+00:00
cust_ext_189,Клиент 189,+79990000189,user_189@example.com,2026-01-31 10:11:59.748886+00:00
cust_ext_190,Клиент 190,+79990000190,user_190@example.com,2026-01-22 03:01:51.087831+00:00
cust_ext_191,Клиент 191,+79990000191,user_191@example.com,2026-02-01 01:18:52.415306+00:00
cust_ext_192,Клиент 192,+79990000192,user_192@example.com,2026-01-04 01:43:12.629110+00:00
cust_ext_193,Клиент 193,+79990000193,user_193@example.com,2026-01-12 22:17:03.683509+00:00
cust_ext_194,Клиент 194,+79990000194,user_194@example.com,2026-01-27 14:08:30.326613+00:00
cust_ext_195,Клиент 195,+79990000195,user_195@example.com,2026-01-10 09:59:41.621172+00:00
cust_ext_196,Клиент 196,+79990000196,user_196@example.com,2026-01-04 15:22:13.333178+00:00
cust_ext_197,Клиент 197,+79990000197,user_197@example.com,2026-02-03 01:30:58.178727+00:00
cust_ext_198,Клиент 198,+79990000198,user_198@example.com,2026-02-10 06:18:15.996252+00:00
cust_ext_199,Клиент 199,+79990000199,user_199@example.com,2026-01-10 13:45:47.355513+00:00
cust_ext_200,Клиент 200,+79990000200,user_200@example.com,2026-02-06 10:30:38.143017+00:00
cust_ext_201,Клиент 201,+79990000201,user_201@example.com,2026-01-25 18:44:39.103443+00:00
cust_ext_202,Клиент 202,+79990000202,user_202@example.com,2026-02-13 09:13:42.218831+00:00
cust_ext_203,Клиент 203,+79990000203,user_203@example.com,2026-02-06 05:11:49.851859+00:00
cust_ext_204,Клиент 204,+79990000204,user_204@example.com,2026-01-16 17:10:37.286884+00:00
cust_ext_205,Клиент 205,+79990000205,user_205@example.com,2026-01-17 00:28:54.253524+00:00
cust_ext_206,Клиент 206,+79990000206,user_206@example.com,2026-01-16 15:51:27.718722+00:00
cust_ext_207,Клиент 207,+79990000207,user_207@example.com,2026-01-07 18:32:48.012768+00:00
cust_ext_208,Клиент 208,+79990000208,user_208@example.com,2026-01-11 07:23:11.755719+00:00
cust_ext_209,Клиент 209,+79990000209,user_209@example.com,2026-01-18 05:56:06.380461+00:00
cust_ext_210,Клиент 210,+79990000210,user_210@example.com,2026-01-07 03:55:27.418457+00:00
cust_ext_211,Клиент 211,+79990000211,user_211@example.com,2026-01-30 10:44:43.002427+00:00
cust_ext_212,Клиент 212,+79990000212,user_212@example.com,2026-01-28 15:37:17.275369+00:00
cust_ext_213,Клиент 213,+79990000213,user_213@example.com,2026-01-17 03:57:34.140352+00:00
cust_ext_214,Клиент 214,+79990000214,user_214@example.com,2026-01-02 18:47:22.483165+00:00
cust_ext_215,Клиент 215,+79990000215,user_215@example.com,2026-01-27 09:09:04.770947+00:00
cust_ext_216,Клиент 216,+79990000216,user_216@example.com,2026-01-23 14:33:18.197626+00:00
cust_ext_217,Клиент 217,+79990000217,user_217@example.com,2026-01-03 07:23:38.702569+00:00
cust_ext_218,Клиент 218,+79990000218,user_218@example.com,2026-01-05 15:29:51.143488+00:00
cust_ext_219,Клиент 219,+79990000219,user_219@example.com,2026-02-02 14:28:19.118125+00:00
cust_ext_220,Клиент 220,+79990000220,user_220@example.com,2026-01-07 18:57:37.860848+00:00
cust_ext_221,Клиент 221,+79990000221,user_221@example.com,2026-01-19 08:25:20.472376+00:00
cust_ext_222,Клиент 222,+79990000222,user_222@example.com,2026-01-21 07:22:41.582285+00:00
cust_ext_223,Клиент 223,+79990000223,user_223@example.com,2026-01-24 09:49:53.048069+00:00
cust_ext_224,Клиент 224,+79990000224,user_224@example.com,2026-02-12 05:27:19.096625+00:00
cust_ext_225,Клиент 225,+79990000225,user_225@example.com,2026-02-01 12:44:02.062938+00:00
cust_ext_226,Клиент 226,+79990000226,user_226@example.com,2026-01-03 20:53:33.343103+00:00
cust_ext_227,Клиент 227,+79990000227,user_227@example.com,2026-01-25 15:54:03.976766+00:00
cust_ext_228,Клиент 228,+79990000228,user_228@example.com,2026-01-13 05:57:47.745937+00:00
cust_ext_229,Клиент 229,+79990000229,user_229@example.com,2026-01-13 18:37:52.925588+00:00
cust_ext_230,Клиент 230,+79990000230,user_230@example.com,2026-01-12 22:10:35.318156+00:00
cust_ext_231,Клиент 231,+79990000231,user_231@example.com,2026-01-10 17:54:27.089805+00:00
cust_ext_232,Клиент 232,+79990000232,user_232@example.com,2026-01-15 11:14:08.352655+00:00
cust_ext_233,Клиент 233,+79990000233,user_233@example.com,2026-01-26 04:25:35.485441+00:00
cust_ext_234,Клиент 234,+79990000234,user_234@example.com,2026-01-27 15:06:18.773709+00:00
cust_ext_235,Клиент 235,+79990000235,user_235@example.com,2026-01-02 11:28:52.532866+00:00
cust_ext_236,Клиент 236,+79990000236,user_236@example.com,2026-02-03 23:57:27.894109+00:00
cust_ext_237,Клиент 237,+79990000237,user_237@example.com,2026-02-03 18:07:21.634539+00:00
cust_ext_238,Клиент 238,+79990000238,user_238@example.com,2026-02-01 14:17:14.079063+00:00
cust_ext_239,Клиент 239,+79990000239,user_239@example.com,2026-02-09 11:26:15.222347+00:00
cust_ext_240,Клиент 240,+79990000240,user_240@example.com,2026-01-25 16:54:04.246604+00:00
cust_ext_241,Клиент 241,+79990000241,user_241@example.com,2026-01-21 20:30:15.772248+00:00
cust_ext_242,Клиент 242,+79990000242,user_242@example.com,2026-01-29 21:52:13.872604+00:00
cust_ext_243,Клиент 243,+79990000243,user_243@example.com,2026-02-13 03:30:35.530590+00:00
cust_ext_244,Клиент 244,+79990000244,user_244@example.com,2026-01-11 09:30:16.956913+00:00
cust_ext_245,Клиент 245,+79990000245,user_245@example.com,2026-01-01 12:01:33.900744+00:00
cust_ext_246,Клиент 246,+79990000246,user_246@example.com,2026-01-19 19:03:13.582561+00:00
cust_ext_247,Клиент 247,+79990000247,user_247@example.com,2026-02-10 01:10:13.922144+00:00
cust_ext_248,Клиент 248,+79990000248,user_248@example.com,2026-02-06 01:58:29.146707+00:00
cust_ext_249,Клиент 249,+79990000249,user_249@example.com,2026-01-12 23:22:40.570910+00:00
cust_ext_250,Клиент 250,+79990000250,user_250@example.com,2026-01-19 23:23:03.308386+00:00
cust_ext_251,Клиент 251,+79990000251,user_251@example.com,2026-01-10 20:34:18.989803+00:00
cust_ext_252,Клиент 252,+79990000252,user_252@example.com,2026-01-18 11:21:18.288678+00:00
cust_ext_253,Клиент 253,+79990000253,user_253@example.com,2026-02-03 00:46:58.996084+00:00
cust_ext_254,Клиент 254,+79990000254,user_254@example.com,2026-01-01 17:32:58.671452+00:00
cust_ext_255,Клиент 255,+79990000255,user_255@example.com,2026-01-16 11:11:26.911063+00:00
cust_ext_256,Клиент 256,+79990000256,user_256@example.com,2026-02-07 14:01:10.397793+00:00
cust_ext_257,Клиент 257,+79990000257,user_257@example.com,2026-01-17 03:39:54.268417+00:00
cust_ext_258,Клиент 258,+79990000258,user_258@example.com,2026-01-12 09:05:27.059033+00:00
cust_ext_259,Клиент 259,+79990000259,user_259@example.com,2026-01-18 07:59:55.125819+00:00
cust_ext_260,Клиент 260,+79990000260,user_260@example.com,2026-01-01 17:01:11.727658+00:00
cust_ext_261,Клиент 261,+79990000261,user_261@example.com,2026-01-07 06:42:23.097677+00:00
cust_ext_262,Клиент 262,+79990000262,user_262@example.com,2026-01-18 07:40:21.401783+00:00
cust_ext_263,Клиент 263,+79990000263,user_263@example.com,2026-01-07 07:04:14.943872+00:00
cust_ext_264,Клиент 264,+79990000264,user_264@example.com,2026-01-24 15:24:52.661829+00:00
cust_ext_265,Клиент 265,+79990000265,user_265@example.com,2026-02-12 18:38:48.867809+00:00
cust_ext_266,Клиент 266,+79990000266,user_266@example.com,2026-02-05 00:31:16.831718+00:00
cust_ext_267,Клиент 267,+79990000267,user_267@example.com,2026-01-20 00:12:26.732866+00:00
cust_ext_268,Клиент 268,+79990000268,user_268@example.com,2026-02-07 07:19:25.692944+00:00
cust_ext_269,Клиент 269,+79990000269,user_269@example.com,2026-02-03 11:56:43.925848+00:00
cust_ext_270,Клиент 270,+79990000270,user_270@example.com,2026-01-25 23:55:33.853992+00:00
cust_ext_271,Клиент 271,+79990000271,user_271@example.com,2026-01-01 21:54:17.544803+00:00
cust_ext_272,Клиент 272,+79990000272,user_272@example.com,2026-01-31 11:40:01.311907+00:00
cust_ext_273,Клиент 273,+79990000273,user_273@example.com,2026-02-11 20:37:29.041907+00:00
cust_ext_274,Клиент 274,+79990000274,user_274@example.com,2026-01-09 21:05:22.060350+00:00
cust_ext_275,Клиент 275,+79990000275,user_275@example.com,2026-01-29 03:55:15.029711+00:00
cust_ext_276,Клиент 276,+79990000276,user_276@example.com,2026-01-23 02:31:27.658014+00:00
cust_ext_277,Клиент 277,+79990000277,user_277@example.com,2026-02-13 21:19:55.621508+00:00
cust_ext_278,Клиент 278,+79990000278,user_278@example.com,2026-01-10 13:27:18.496260+00:00
cust_ext_279,Клиент 279,+79990000279,user_279@example.com,2026-01-21 02:25:53.990685+00:00
cust_ext_280,Клиент 280,+79990000280,user_280@example.com,2026-02-03 15:04:07.337354+00:00
cust_ext_281,Клиент 281,+79990000281,user_281@example.com,2026-01-25 18:16:29.739321+00:00
cust_ext_282,Клиент 282,+79990000282,user_282@example.com,2026-02-11 03:11:25.908386+00:00
cust_ext_283,Клиент 283,+79990000283,user_283@example.com,2026-01-29 14:18:33.249554+00:00
cust_ext_284,Клиент 284,+79990000284,user_284@example.com,2026-02-05 15:28:43.451829+00:00
cust_ext_285,Клиент 285,+79990000285,user_285@example.com,2026-01-06 20:47:08.198376+00:00
cust_ext_286,Клиент 286,+79990000286,user_286@example.com,2026-01-23 23:03:12.295715+00:00
cust_ext_287,Клиент 287,+79990000287,user_287@example.com,2026-02-04 02:21:15.645326+00:00
cust_ext_288,Клиент 288,+79990000288,user_288@example.com,2026-02-13 16:28:27.670871+00:00
cust_ext_289,Клиент 289,+79990000289,user_289@example.com,2026-02-12 23:55:31.873186+00:00
cust_ext_290,Клиент 290,+79990000290,user_290@example.com,2026-01-22 18:39:35.558205+00:00
cust_ext_291,Клиент 291,+79990000291,user_291@example.com,2026-02-07 06:33:18.564430+00:00
cust_ext_292,Клиент 292,+79990000292,user_292@example.com,2026-01-13 09:32:36.778123+00:00
cust_ext_293,Клиент 293,+79990000293,user_293@example.com,2026-01-08 17:39:47.530346+00:00
cust_ext_294,Клиент 294,+79990000294,user_294@example.com,2026-01-02 00:50:00.757119+00:00
cust_ext_295,Клиент 295,+79990000295,user_295@example.com,2026-01-11 22:48:16.721372+00:00
cust_ext_296,Клиент 296,+79990000296,user_296@example.com,2026-01-18 15:12:55.883372+00:00
cust_ext_297,Клиент 297,+79990000297,user_297@example.com,2026-01-07 10:29:37.684828+00:00
cust_ext_298,Клиент 298,+79990000298,user_298@example.com,2026-01-10 22:19:42.180365+00:00
cust_ext_299,Клиент 299,+79990000299,user_299@example.com,2026-01-21 16:12:45.016021+00:00
cust_ext_300,Клиент 300,+79990000300,user_300@example.com,2026-01-02 03:57:43.747886+00:00
cust_ext_301,Клиент 301,+79990000301,user_301@example.com,2026-01-12 07:55:15.379776+00:00
cust_ext_302,Клиент 302,+79990000302,user_302@example.com,2026-01-13 16:22:02.172205+00:00
cust_ext_303,Клиент 303,+79990000303,user_303@example.com,2026-01-12 08:23:01.775187+00:00
cust_ext_304,Клиент 304,+79990000304,user_304@example.com,2026-02-08 02:58:11.144542+00:00
cust_ext_305,Клиент 305,+79990000305,user_305@example.com,2026-01-25 22:18:52.049929+00:00
cust_ext_306,Клиент 306,+79990000306,user_306@example.com,2026-02-02 22:16:59.923744+00:00
cust_ext_307,Клиент 307,+79990000307,user_307@example.com,2026-01-11 19:22:28.081839+00:00
cust_ext_308,Клиент 308,+79990000308,user_308@example.com,2026-01-12 10:49:47.682342+00:00
cust_ext_309,Клиент 309,+79990000309,user_309@example.com,2026-02-08 16:57:05.877576+00:00
cust_ext_310,Клиент 310,+79990000310,user_310@example.com,2026-01-06 16:23:23.712592+00:00
cust_ext_311,Клиент 311,+79990000311,user_311@example.com,2026-01-12 10:25:51.219994+00:00
cust_ext_312,Клиент 312,+79990000312,user_312@example.com,2026-01-03 07:35:26.766677+00:00
cust_ext_313,Клиент 313,+79990000313,user_313@example.com,2026-01-23 17:29:44.639943+00:00
cust_ext_314,Клиент 314,+79990000314,user_314@example.com,2026-01-28 13:07:59.572094+00:00
cust_ext_315,Клиент 315,+79990000315,user_315@example.com,2026-02-01 18:04:37.441040+00:00
cust_ext_316,Клиент 316,+79990000316,user_316@example.com,2026-01-22 03:29:29.410826+00:00
cust_ext_317,Клиент 317,+79990000317,user_317@example.com,2026-01-28 06:34:06.635006+00:00
cust_ext_318,Клиент 318,+79990000318,user_318@example.com,2026-01-16 05:53:22.065005+00:00
cust_ext_319,Клиент 319,+79990000319,user_319@example.com,2026-02-10 11:24:02.681804+00:00
cust_ext_320,Клиент 320,+79990000320,user_320@example.com,2026-02-13 09:08:31.518606+00:00
cust_ext_321,Клиент 321,+79990000321,user_321@example.com,2026-02-04 11:20:59.036385+00:00
cust_ext_322,Клиент 322,+79990000322,user_322@example.com,2026-01-10 08:32:50.632128+00:00
cust_ext_323,Клиент 323,+79990000323,user_323@example.com,2026-01-01 15:33:27.503592+00:00
cust_ext_324,Клиент 324,+79990000324,user_324@example.com,2026-02-03 01:48:00.722715+00:00
cust_ext_325,Клиент 325,+79990000325,user_325@example.com,2026-02-09 21:35:41.378111+00:00
cust_ext_326,Клиент 326,+79990000326,user_326@example.com,2026-01-03 12:23:19.314553+00:00
cust_ext_327,Клиент 327,+79990000327,user_327@example.com,2026-02-13 03:44:45.013925+00:00
cust_ext_328,Клиент 328,+79990000328,user_328@example.com,2026-01-31 23:08:21.317641+00:00
cust_ext_329,Клиент 329,+79990000329,user_329@example.com,2026-01-24 20:43:39.466953+00:00
cust_ext_330,Клиент 330,+79990000330,user_330@example.com,2026-01-05 20:49:46.788080+00:00
cust_ext_331,Клиент 331,+79990000331,user_331@example.com,2026-02-10 12:52:54.067522+00:00
cust_ext_332,Клиент 332,+79990000332,user_332@example.com,2026-02-04 10:16:36.292627+00:00
cust_ext_333,Клиент 333,+79990000333,user_333@example.com,2026-01-15 05:52:17.367594+00:00
cust_ext_334,Клиент 334,+79990000334,user_334@example.com,2026-01-24 17:16:59.183898+00:00
cust_ext_335,Клиент 335,+79990000335,user_335@example.com,2026-02-08 11:25:51.048977+00:00
cust_ext_336,Клиент 336,+79990000336,user_336@example.com,2026-02-12 22:46:52.993720+00:00
cust_ext_337,Клиент 337,+79990000337,user_337@example.com,2026-01-09 14:08:21.158282+00:00
cust_ext_338,Клиент 338,+79990000338,user_338@example.com,2026-01-08 17:52:25.693982+00:00
cust_ext_339,Клиент 339,+79990000339,user_339@example.com,2026-01-17 13:23:34.571649+00:00
cust_ext_340,Клиент 340,+79990000340,user_340@example.com,2026-01-09 15:47:28.457479+00:00
cust_ext_341,Клиент 341,+79990000341,user_341@example.com,2026-02-12 23:41:34.216763+00:00
cust_ext_342,Клиент 342,+79990000342,user_342@example.com,2026-02-02 11:30:15.582911+00:00
cust_ext_343,Клиент 343,+79990000343,user_343@example.com,2026-01-19 15:37:02.708609+00:00
cust_ext_344,Клиент 344,+79990000344,user_344@example.com,2026-01-11 22:48:38.560562+00:00
cust_ext_345,Клиент 345,+79990000345,user_345@example.com,2026-02-13 02:21:11.132692+00:00
cust_ext_346,Клиент 346,+79990000346,user_346@example.com,2026-02-06 14:31:33.148042+00:00
cust_ext_347,Клиент 347,+79990000347,user_347@example.com,2026-01-06 06:22:03.047416+00:00
cust_ext_348,Клиент 348,+79990000348,user_348@example.com,2026-01-23 16:42:48.043174+00:00
cust_ext_349,Клиент 349,+79990000349,user_349@example.com,2026-02-01 14:08:29.159568+00:00
cust_ext_350,Клиент 350,+79990000350,user_350@example.com,2026-01-06 14:48:12.059357+00:00
cust_ext_351,Клиент 351,+79990000351,user_351@example.com,2026-01-08 19:54:18.517414+00:00
cust_ext_352,Клиент 352,+79990000352,user_352@example.com,2026-01-29 11:41:32.081087+00:00
cust_ext_353,Клиент 353,+79990000353,user_353@example.com,2026-01-03 06:26:19.089484+00:00
cust_ext_354,Клиент 354,+79990000354,user_354@example.com,2026-02-07 23:00:57.929475+00:00
cust_ext_355,Клиент 355,+79990000355,user_355@example.com,2026-02-03 01:29:11.615031+00:00
cust_ext_356,Клиент 356,+79990000356,user_356@example.com,2026-01-02 00:10:27.830750+00:00
cust_ext_357,Клиент 357,+79990000357,user_357@example.com,2026-01-19 04:59:35.458243+00:00
cust_ext_358,Клиент 358,+79990000358,user_358@example.com,2026-01-30 04:50:13.072004+00:00
cust_ext_359,Клиент 359,+79990000359,user_359@example.com,2026-01-10 04:07:30.370957+00:00
cust_ext_360,Клиент 360,+79990000360,user_360@example.com,2026-01-17 07:33:46.795528+00:00
cust_ext_361,Клиент 361,+79990000361,user_361@example.com,2026-02-05 19:19:54.458193+00:00
cust_ext_362,Клиент 362,+79990000362,user_362@example.com,2026-01-28 05:00:44.376965+00:00
cust_ext_363,Клиент 363,+79990000363,user_363@example.com,2026-01-10 21:47:50.262328+00:00
cust_ext_364,Клиент 364,+79990000364,user_364@example.com,2026-02-11 09:01:12.641618+00:00
cust_ext_365,Клиент 365,+79990000365,user_365@example.com,2026-01-24 16:57:47.071122+00:00
cust_ext_366,Клиент 366,+79990000366,user_366@example.com,2026-01-30 22:21:07.751246+00:00
cust_ext_367,Клиент 367,+79990000367,user_367@example.com,2026-02-02 21:39:07.653175+00:00
cust_ext_368,Клиент 368,+79990000368,user_368@example.com,2026-02-11 03:18:28.091463+00:00
cust_ext_369,Клиент 369,+79990000369,user_369@example.com,2026-02-03 14:29:25.006838+00:00
cust_ext_370,Клиент 370,+79990000370,user_370@example.com,2026-02-08 19:43:06.459181+00:00
cust_ext_371,Клиент 371,+79990000371,user_371@example.com,2026-01-14 09:30:01.551398+00:00
cust_ext_372,Клиент 372,+79990000372,user_372@example.com,2026-01-19 12:59:23.532540+00:00
cust_ext_373,Клиент 373,+79990000373,user_373@example.com,2026-02-02 21:10:04.119960+00:00
cust_ext_374,Клиент 374,+79990000374,user_374@example.com,2026-01-30 00:53:06.288865+00:00
cust_ext_375,Клиент 375,+79990000375,user_375@example.com,2026-01-11 05:36:38.974820+00:00
cust_ext_376,Клиент 376,+79990000376,user_376@example.com,2026-02-08 11:15:38.594034+00:00
cust_ext_377,Клиент 377,+79990000377,user_377@example.com,2026-02-04 17:40:27.681822+00:00
cust_ext_378,Клиент 378,+79990000378,user_378@example.com,2026-02-05 01:16:08.693833+00:00
cust_ext_379,Клиент 379,+79990000379,user_379@example.com,2026-01-21 18:25:59.246359+00:00
cust_ext_380,Клиент 380,+79990000380,user_380@example.com,2026-02-08 07:58:55.143962+00:00
cust_ext_381,Клиент 381,+79990000381,user_381@example.com,2026-02-11 13:07:11.045911+00:00
cust_ext_382,Клиент 382,+79990000382,user_382@example.com,2026-01-27 23:27:33.787342+00:00
cust_ext_383,Клиент 383,+79990000383,user_383@example.com,2026-02-01 01:37:32.503190+00:00
cust_ext_384,Клиент 384,+79990000384,user_384@example.com,2026-01-11 16:24:37.380026+00:00
cust_ext_385,Клиент 385,+79990000385,user_385@example.com,2026-01-05 12:02:38.370829+00:00
cust_ext_386,Клиент 386,+79990000386,user_386@example.com,2026-02-03 20:19:21.194542+00:00
cust_ext_387,Клиент 387,+79990000387,user_387@example.com,2026-01-31 04:05:37.533213+00:00
cust_ext_388,Клиент 388,+79990000388,user_388@example.com,2026-01-08 11:47:56.424888+00:00
cust_ext_389,Клиент 389,+79990000389,user_389@example.com,2026-01-31 12:14:26.048103+00:00
cust_ext_390,Клиент 390,+79990000390,user_390@example.com,2026-01-06 01:02:08.385563+00:00
cust_ext_391,Клиент 391,+79990000391,user_391@example.com,2026-01-25 17:03:10.561547+00:00
cust_ext_392,Клиент 392,+79990000392,user_392@example.com,2026-02-03 12:06:37.507837+00:00
cust_ext_393,Клиент 393,+79990000393,user_393@example.com,2026-01-15 05:05:52.717613+00:00
cust_ext_394,Клиент 394,+79990000394,user_394@example.com,2026-01-20 23:29:49.266112+00:00
cust_ext_395,Клиент 395,+79990000395,user_395@example.com,2026-02-09 13:34:16.794400+00:00
cust_ext_396,Клиент 396,+79990000396,user_396@example.com,2026-02-13 11:19:26.871361+00:00
cust_ext_397,Клиент 397,+79990000397,user_397@example.com,2026-02-04 01:12:27.629396+00:00
cust_ext_398,Клиент 398,+79990000398,user_398@example.com,2026-02-07 06:48:41.951343+00:00
cust_ext_399,Клиент 399,+79990000399,user_399@example.com,2026-01-24 09:53:47.530296+00:00
cust_ext_400,Клиент 400,+79990000400,user_400@example.com,2026-01-08 17:22:35.986999+00:00
cust_ext_401,Клиент 401,+79990000401,user_401@example.com,2026-01-03 09:59:26.398207+00:00
cust_ext_402,Клиент 402,+79990000402,user_402@example.com,2026-01-26 07:32:14.575602+00:00
cust_ext_403,Клиент 403,+79990000403,user_403@example.com,2026-01-03 03:12:24.880185+00:00
cust_ext_404,Клиент 404,+79990000404,user_404@example.com,2026-01-11 09:16:30.636393+00:00
cust_ext_405,Клиент 405,+79990000405,user_405@example.com,2026-01-01 07:56:46.530265+00:00
cust_ext_406,Клиент 406,+79990000406,user_406@example.com,2026-01-03 08:26:22.885074+00:00
cust_ext_407,Клиент 407,+79990000407,user_407@example.com,2026-02-01 13:12:47.699689+00:00
cust_ext_408,Клиент 408,+79990000408,user_408@example.com,2026-01-11 17:45:25.356396+00:00
cust_ext_409,Клиент 409,+79990000409,user_409@example.com,2026-01-18 17:37:36.948831+00:00
cust_ext_410,Клиент 410,+79990000410,user_410@example.com,2026-02-11 05:48:13.077652+00:00
cust_ext_411,Клиент 411,+79990000411,user_411@example.com,2026-01-15 11:31:07.865275+00:00
cust_ext_412,Клиент 412,+79990000412,user_412@example.com,2026-01-11 15:29:22.914896+00:00
cust_ext_413,Клиент 413,+79990000413,user_413@example.com,2026-02-01 00:28:57.381893+00:00
cust_ext_414,Клиент 414,+79990000414,user_414@example.com,2026-01-31 14:25:40.037232+00:00
cust_ext_415,Клиент 415,+79990000415,user_415@example.com,2026-02-02 20:53:59.599108+00:00
cust_ext_416,Клиент 416,+79990000416,user_416@example.com,2026-01-21 15:37:58.046935+00:00
cust_ext_417,Клиент 417,+79990000417,user_417@example.com,2026-01-23 17:33:04.284259+00:00
cust_ext_418,Клиент 418,+79990000418,user_418@example.com,2026-02-10 11:53:44.613877+00:00
cust_ext_419,Клиент 419,+79990000419,user_419@example.com,2026-02-09 16:46:41.872708+00:00
cust_ext_420,Клиент 420,+79990000420,user_420@example.com,2026-02-09 19:00:11.153778+00:00
cust_ext_421,Клиент 421,+79990000421,user_421@example.com,2026-01-30 03:52:32.822495+00:00
cust_ext_422,Клиент 422,+79990000422,user_422@example.com,2026-01-05 18:16:59.801597+00:00
cust_ext_423,Клиент 423,+79990000423,user_423@example.com,2026-01-18 17:21:35.579473+00:00
cust_ext_424,Клиент 424,+79990000424,user_424@example.com,2026-01-11 17:13:48.659325+00:00
cust_ext_425,Клиент 425,+79990000425,user_425@example.com,2026-01-27 17:27:26.527388+00:00
cust_ext_426,Клиент 426,+79990000426,user_426@example.com,2026-02-06 01:41:08.757655+00:00
cust_ext_427,Клиент 427,+79990000427,user_427@example.com,2026-01-10 07:06:08.668120+00:00
cust_ext_428,Клиент 428,+79990000428,user_428@example.com,2026-01-11 01:17:27.751225+00:00
cust_ext_429,Клиент 429,+79990000429,user_429@example.com,2026-02-09 16:40:38.471325+00:00
cust_ext_430,Клиент 430,+79990000430,user_430@example.com,2026-01-06 08:22:05.818709+00:00
cust_ext_431,Клиент 431,+79990000431,user_431@example.com,2026-02-01 05:03:29.099313+00:00
cust_ext_432,Клиент 432,+79990000432,user_432@example.com,2026-02-11 00:39:24.862779+00:00
cust_ext_433,Клиент 433,+79990000433,user_433@example.com,2026-02-05 19:46:01.596929+00:00
cust_ext_434,Клиент 434,+79990000434,user_434@example.com,2026-01-04 20:45:37.243349+00:00
cust_ext_435,Клиент 435,+79990000435,user_435@example.com,2026-01-24 12:14:39.269290+00:00
cust_ext_436,Клиент 436,+79990000436,user_436@example.com,2026-01-10 07:58:38.733568+00:00
cust_ext_437,Клиент 437,+79990000437,user_437@example.com,2026-01-06 03:59:13.013748+00:00
cust_ext_438,Клиент 438,+79990000438,user_438@example.com,2026-02-01 14:37:42.736971+00:00
cust_ext_439,Клиент 439,+79990000439,user_439@example.com,2026-01-31 08:41:23.102347+00:00
cust_ext_440,Клиент 440,+79990000440,user_440@example.com,2026-01-30 19:00:16.539986+00:00
cust_ext_441,Клиент 441,+79990000441,user_441@example.com,2026-02-13 00:48:07.910645+00:00
cust_ext_442,Клиент 442,+79990000442,user_442@example.com,2026-02-13 17:45:14.106306+00:00
cust_ext_443,Клиент 443,+79990000443,user_443@example.com,2026-01-13 17:23:21.129218+00:00
cust_ext_444,Клиент 444,+79990000444,user_444@example.com,2026-01-16 06:30:18.716314+00:00
cust_ext_445,Клиент 445,+79990000445,user_445@example.com,2026-01-26 04:01:13.376163+00:00
cust_ext_446,Клиент 446,+79990000446,user_446@example.com,2026-02-06 07:18:18.729281+00:00
cust_ext_447,Клиент 447,+79990000447,user_447@example.com,2026-02-13 02:31:35.529391+00:00
cust_ext_448,Клиент 448,+79990000448,user_448@example.com,2026-01-21 11:10:16.400536+00:00
cust_ext_449,Клиент 449,+79990000449,user_449@example.com,2026-02-12 06:02:00.613237+00:00
cust_ext_450,Клиент 450,+79990000450,user_450@example.com,2026-01-10 20:20:40.851942+00:00
cust_ext_451,Клиент 451,+79990000451,user_451@example.com,2026-01-16 05:54:11.702497+00:00
cust_ext_452,Клиент 452,+79990000452,user_452@example.com,2026-02-11 09:06:06.739953+00:00
cust_ext_453,Клиент 453,+79990000453,user_453@example.com,2026-01-27 20:17:44.679590+00:00
cust_ext_454,Клиент 454,+79990000454,user_454@example.com,2026-02-01 12:39:49.245649+00:00
cust_ext_455,Клиент 455,+79990000455,user_455@example.com,2026-02-05 12:47:14.525500+00:00
cust_ext_456,Клиент 456,+79990000456,user_456@example.com,2026-02-08 22:03:21.444902+00:00
cust_ext_457,Клиент 457,+79990000457,user_457@example.com,2026-02-13 01:26:27.946711+00:00
cust_ext_458,Клиент 458,+79990000458,user_458@example.com,2026-01-03 09:13:12.368909+00:00
cust_ext_459,Клиент 459,+79990000459,user_459@example.com,2026-02-14 17:34:43.388376+00:00
cust_ext_460,Клиент 460,+79990000460,user_460@example.com,2026-01-09 01:51:19.117963+00:00
cust_ext_461,Клиент 461,+79990000461,user_461@example.com,2026-01-26 05:15:30.324315+00:00
cust_ext_462,Клиент 462,+79990000462,user_462@example.com,2026-01-04 21:18:36.626356+00:00
cust_ext_463,Клиент 463,+79990000463,user_463@example.com,2026-01-01 10:23:48.545682+00:00
cust_ext_464,Клиент 464,+79990000464,user_464@example.com,2026-01-01 08:53:15.149036+00:00
cust_ext_465,Клиент 465,+79990000465,user_465@example.com,2026-01-07 21:13:09.938929+00:00
cust_ext_466,Клиент 466,+79990000466,user_466@example.com,2026-01-20 17:58:30.169678+00:00
cust_ext_467,Клиент 467,+79990000467,user_467@example.com,2026-02-10 04:56:39.813961+00:00
cust_ext_468,Клиент 468,+79990000468,user_468@example.com,2026-01-09 01:17:50.585918+00:00
cust_ext_469,Клиент 469,+79990000469,user_469@example.com,2026-01-28 21:09:43.716546+00:00
cust_ext_470,Клиент 470,+79990000470,user_470@example.com,2026-01-09 16:43:39.690852+00:00
cust_ext_471,Клиент 471,+79990000471,user_471@example.com,2026-01-20 12:08:20.594750+00:00
cust_ext_472,Клиент 472,+79990000472,user_472@example.com,2026-01-15 01:33:31.107616+00:00
cust_ext_473,Клиент 473,+79990000473,user_473@example.com,2026-01-04 00:00:24.573281+00:00
cust_ext_474,Клиент 474,+79990000474,user_474@example.com,2026-02-12 05:18:33.548519+00:00
cust_ext_475,Клиент 475,+79990000475,user_475@example.com,2026-02-13 02:31:13.358523+00:00
cust_ext_476,Клиент 476,+79990000476,user_476@example.com,2026-01-09 16:13:18.259627+00:00
cust_ext_477,Клиент 477,+79990000477,user_477@example.com,2026-01-03 05:55:25.227247+00:00
cust_ext_478,Клиент 478,+79990000478,user_478@example.com,2026-01-11 18:58:11.100809+00:00
cust_ext_479,Клиент 479,+79990000479,user_479@example.com,2026-01-29 13:32:24.031517+00:00
cust_ext_480,Клиент 480,+79990000480,user_480@example.com,2026-01-19 07:33:10.354268+00:00
cust_ext_481,Клиент 481,+79990000481,user_481@example.com,2026-01-07 01:01:34.684293+00:00
cust_ext_482,Клиент 482,+79990000482,user_482@example.com,2026-02-08 08:32:57.936322+00:00
cust_ext_483,Клиент 483,+79990000483,user_483@example.com,2026-01-20 17:18:45.982108+00:00
cust_ext_484,Клиент 484,+79990000484,user_484@example.com,2026-02-12 04:02:10.105785+00:00
cust_ext_485,Клиент 485,+79990000485,user_485@example.com,2026-01-27 10:04:42.916823+00:00
cust_ext_486,Клиент 486,+79990000486,user_486@example.com,2026-01-23 14:28:21.886767+00:00
cust_ext_487,Клиент 487,+79990000487,user_487@example.com,2026-02-06 00:14:32.281203+00:00
cust_ext_488,Клиент 488,+79990000488,user_488@example.com,2026-01-30 12:22:41.533113+00:00
cust_ext_489,Клиент 489,+79990000489,user_489@example.com,2026-02-01 03:53:49.512314+00:00
cust_ext_490,Клиент 490,+79990000490,user_490@example.com,2026-02-03 04:07:55.874054+00:00
cust_ext_491,Клиент 491,+79990000491,user_491@example.com,2026-02-04 22:34:45.142470+00:00
cust_ext_492,Клиент 492,+79990000492,user_492@example.com,2026-02-09 22:30:14.867030+00:00
cust_ext_493,Клиент 493,+79990000493,user_493@example.com,2026-01-12 14:42:40.472069+00:00
cust_ext_494,Клиент 494,+79990000494,user_494@example.com,2026-01-05 13:56:40.557327+00:00
cust_ext_495,Клиент 495,+79990000495,user_495@example.com,2026-01-28 21:35:34.641279+00:00
cust_ext_496,Клиент 496,+79990000496,user_496@example.com,2026-02-07 18:18:23.999714+00:00
cust_ext_497,Клиент 497,+79990000497,user_497@example.com,2026-01-01 05:32:59.269540+00:00
cust_ext_498,Клиент 498,+79990000498,user_498@example.com,2026-02-02 10:27:25.346369+00:00
cust_ext_499,Клиент 499,+79990000499,user_499@example.com,2026-01-13 14:22:06.095608+00:00
cust_ext_500,Клиент 500,+79990000500,user_500@example.com,2026-01-29 02:45:52.281484+00:00
cust_ext_501,Клиент 501,+79990000501,user_501@example.com,2026-02-05 00:25:13.875983+00:00
cust_ext_502,Клиент 502,+79990000502,user_502@example.com,2026-01-07 10:51:43.053601+00:00
cust_ext_503,Клиент 503,+79990000503,user_503@example.com,2026-01-29 23:35:18.218306+00:00
cust_ext_504,Клиент 504,+79990000504,user_504@example.com,2026-02-11 16:57:47.938035+00:00
cust_ext_505,Клиент 505,+79990000505,user_505@example.com,2026-01-14 23:44:17.976170+00:00
cust_ext_506,Клиент 506,+79990000506,user_506@example.com,2026-01-20 00:20:07.540308+00:00
cust_ext_507,Клиент 507,+79990000507,user_507@example.com,2026-02-02 06:42:35.392266+00:00
cust_ext_508,Клиент 508,+79990000508,user_508@example.com,2026-01-29 07:44:13.100099+00:00
cust_ext_509,Клиент 509,+79990000509,user_509@example.com,2026-01-01 01:26:57.535267+00:00
cust_ext_510,Клиент 510,+79990000510,user_510@example.com,2026-01-01 17:15:57.514521+00:00
cust_ext_511,Клиент 511,+79990000511,user_511@example.com,2026-01-22 08:13:49.295076+00:00
cust_ext_512,Клиент 512,+79990000512,user_512@example.com,2026-02-12 03:17:18.074860+00:00
cust_ext_513,Клиент 513,+79990000513,user_513@example.com,2026-01-09 21:36:39.452640+00:00
cust_ext_514,Клиент 514,+79990000514,user_514@example.com,2026-01-11 00:24:16.702021+00:00
cust_ext_515,Клиент 515,+79990000515,user_515@example.com,2026-01-02 22:06:12.253209+00:00
cust_ext_516,Клиент 516,+79990000516,user_516@example.com,2026-01-30 11:08:17.901159+00:00
cust_ext_517,Клиент 517,+79990000517,user_517@example.com,2026-01-03 12:47:56.493073+00:00
cust_ext_518,Клиент 518,+79990000518,user_518@example.com,2026-02-11 03:00:18.360112+00:00
cust_ext_519,Клиент 519,+79990000519,user_519@example.com,2026-01-06 09:45:59.615619+00:00
cust_ext_520,Клиент 520,+79990000520,user_520@example.com,2026-01-14 17:52:33.441551+00:00
cust_ext_521,Клиент 521,+79990000521,user_521@example.com,2026-01-03 11:57:05.206306+00:00
cust_ext_522,Клиент 522,+79990000522,user_522@example.com,2026-01-12 23:35:11.554554+00:00
cust_ext_523,Клиент 523,+79990000523,user_523@example.com,2026-01-26 05:49:18.717851+00:00
cust_ext_524,Клиент 524,+79990000524,user_524@example.com,2026-01-23 05:18:19.650120+00:00
cust_ext_525,Клиент 525,+79990000525,user_525@example.com,2026-01-25 14:26:05.570807+00:00
cust_ext_526,Клиент 526,+79990000526,user_526@example.com,2026-02-13 15:04:43.315490+00:00
cust_ext_527,Клиент 527,+79990000527,user_527@example.com,2026-01-21 12:05:40.526548+00:00
cust_ext_528,Клиент 528,+79990000528,user_528@example.com,2026-01-16 15:24:24.031674+00:00
cust_ext_529,Клиент 529,+79990000529,user_529@example.com,2026-01-02 13:59:01.934235+00:00
cust_ext_530,Клиент 530,+79990000530,user_530@example.com,2026-02-13 22:05:22.478904+00:00
cust_ext_531,Клиент 531,+79990000531,user_531@example.com,2026-01-22 14:33:20.324645+00:00
cust_ext_532,Клиент 532,+79990000532,user_532@example.com,2026-02-06 02:11:02.607988+00:00
cust_ext_533,Клиент 533,+79990000533,user_533@example.com,2026-01-09 23:53:42.935465+00:00
cust_ext_534,Клиент 534,+79990000534,user_534@example.com,2026-01-14 09:16:13.361551+00:00
cust_ext_535,Клиент 535,+79990000535,user_535@example.com,2026-02-05 17:24:31.625143+00:00
cust_ext_536,Клиент 536,+79990000536,user_536@example.com,2026-01-06 01:01:10.311233+00:00
cust_ext_537,Клиент 537,+79990000537,user_537@example.com,2026-02-06 14:58:40.660060+00:00
cust_ext_538,Клиент 538,+79990000538,user_538@example.com,2026-01-18 06:49:36.652016+00:00
cust_ext_539,Клиент 539,+79990000539,user_539@example.com,2026-01-10 05:00:01.924345+00:00
cust_ext_540,Клиент 540,+79990000540,user_540@example.com,2026-01-09 16:22:39.548192+00:00
cust_ext_541,Клиент 541,+79990000541,user_541@example.com,2026-01-19 05:56:40.471316+00:00
cust_ext_542,Клиент 542,+79990000542,user_542@example.com,2026-01-25 07:08:36.801483+00:00
cust_ext_543,Клиент 543,+79990000543,user_543@example.com,2026-02-12 05:04:17.837484+00:00
cust_ext_544,Клиент 544,+79990000544,user_544@example.com,2026-01-20 21:30:56.100583+00:00
cust_ext_545,Клиент 545,+79990000545,user_545@example.com,2026-01-12 13:17:23.047533+00:00
cust_ext_546,Клиент 546,+79990000546,user_546@example.com,2026-02-07 07:01:39.307163+00:00
cust_ext_547,Клиент 547,+79990000547,user_547@example.com,2026-01-29 12:58:01.211524+00:00
cust_ext_548,Клиент 548,+79990000548,user_548@example.com,2026-01-01 01:36:18.517196+00:00
cust_ext_549,Клиент 549,+79990000549,user_549@example.com,2026-01-21 17:09:57.885369+00:00
cust_ext_550,Клиент 550,+79990000550,user_550@example.com,2026-01-27 17:11:55.617781+00:00
cust_ext_551,Клиент 551,+79990000551,user_551@example.com,2026-02-01 00:32:56.953632+00:00
cust_ext_552,Клиент 552,+79990000552,user_552@example.com,2026-01-31 03:38:17.012111+00:00
cust_ext_553,Клиент 553,+79990000553,user_553@example.com,2026-01-24 04:18:42.742839+00:00
cust_ext_554,Клиент 554,+79990000554,user_554@example.com,2026-01-26 14:43:51.863927+00:00
cust_ext_555,Клиент 555,+79990000555,user_555@example.com,2026-01-24 03:31:19.057447+00:00
cust_ext_556,Клиент 556,+79990000556,user_556@example.com,2026-02-10 03:19:38.914995+00:00
cust_ext_557,Клиент 557,+79990000557,user_557@example.com,2026-01-20 19:51:45.320601+00:00
cust_ext_558,Клиент 558,+79990000558,user_558@example.com,2026-01-05 06:00:48.234721+00:00
cust_ext_559,Клиент 559,+79990000559,user_559@example.com,2026-01-16 20:00:52.270479+00:00
cust_ext_560,Клиент 560,+79990000560,user_560@example.com,2026-02-11 12:40:31.826141+00:00
cust_ext_561,Клиент 561,+79990000561,user_561@example.com,2026-02-04 21:54:10.001668+00:00
cust_ext_562,Клиент 562,+79990000562,user_562@example.com,2026-02-09 13:49:09.064353+00:00
cust_ext_563,Клиент 563,+79990000563,user_563@example.com,2026-01-12 23:11:30.905352+00:00
cust_ext_564,Клиент 564,+79990000564,user_564@example.com,2026-01-28 23:43:47.883861+00:00
cust_ext_565,Клиент 565,+79990000565,user_565@example.com,2026-01-07 03:05:35.160014+00:00
cust_ext_566,Клиент 566,+79990000566,user_566@example.com,2026-01-27 02:19:47.351567+00:00
cust_ext_567,Клиент 567,+79990000567,user_567@example.com,2026-01-09 20:05:49.460174+00:00
cust_ext_568,Клиент 568,+79990000568,user_568@example.com,2026-02-10 15:52:53.706705+00:00
cust_ext_569,Клиент 569,+79990000569,user_569@example.com,2026-02-13 02:18:49.650720+00:00
cust_ext_570,Клиент 570,+79990000570,user_570@example.com,2026-01-20 11:33:11.125818+00:00
cust_ext_571,Клиент 571,+79990000571,user_571@example.com,2026-01-11 08:23:15.720625+00:00
cust_ext_572,Клиент 572,+79990000572,user_572@example.com,2026-01-17 17:27:03.336065+00:00
cust_ext_573,Клиент 573,+79990000573,user_573@example.com,2026-01-14 07:48:50.738420+00:00
cust_ext_574,Клиент 574,+79990000574,user_574@example.com,2026-02-09 21:54:51.546519+00:00
cust_ext_575,Клиент 575,+79990000575,user_575@example.com,2026-01-27 20:17:01.438676+00:00
cust_ext_576,Клиент 576,+79990000576,user_576@example.com,2026-02-07 03:18:20.072542+00:00
cust_ext_577,Клиент 577,+79990000577,user_577@example.com,2026-01-10 15:33:14.727773+00:00
cust_ext_578,Клиент 578,+79990000578,user_578@example.com,2026-01-16 05:38:29.870705+00:00
cust_ext_579,Клиент 579,+79990000579,user_579@example.com,2026-01-18 07:20:02.374040+00:00
cust_ext_580,Клиент 580,+79990000580,user_580@example.com,2026-02-03 05:22:19.743796+00:00
cust_ext_581,Клиент 581,+79990000581,user_581@example.com,2026-01-02 21:27:52.851659+00:00
cust_ext_582,Клиент 582,+79990000582,user_582@example.com,2026-01-08 13:43:16.845405+00:00
cust_ext_583,Клиент 583,+79990000583,user_583@example.com,2026-01-30 19:12:42.585375+00:00
cust_ext_584,Клиент 584,+79990000584,user_584@example.com,2026-01-04 15:56:06.164287+00:00
cust_ext_585,Клиент 585,+79990000585,user_585@example.com,2026-01-25 02:18:06.338971+00:00
cust_ext_586,Клиент 586,+79990000586,user_586@example.com,2026-01-25 19:43:51.707194+00:00
cust_ext_587,Клиент 587,+79990000587,user_587@example.com,2026-01-17 19:33:18.670434+00:00
cust_ext_588,Клиент 588,+79990000588,user_588@example.com,2026-01-03 06:19:47.789633+00:00
cust_ext_589,Клиент 589,+79990000589,user_589@example.com,2026-01-20 19:24:46.287045+00:00
cust_ext_590,Клиент 590,+79990000590,user_590@example.com,2026-01-29 10:53:41.060252+00:00
cust_ext_591,Клиент 591,+79990000591,user_591@example.com,2026-02-06 22:47:24.396529+00:00
cust_ext_592,Клиент 592,+79990000592,user_592@example.com,2026-01-22 20:59:35.328030+00:00
cust_ext_593,Клиент 593,+79990000593,user_593@example.com,2026-01-27 11:12:29.145347+00:00
cust_ext_594,Клиент 594,+79990000594,user_594@example.com,2026-01-16 22:38:32.381341+00:00
cust_ext_595,Клиент 595,+79990000595,user_595@example.com,2026-01-11 13:09:04.514125+00:00
cust_ext_596,Клиент 596,+79990000596,user_596@example.com,2026-02-01 21:29:31.554788+00:00
cust_ext_597,Клиент 597,+79990000597,user_597@example.com,2026-01-30 20:40:51.958724+00:00
cust_ext_598,Клиент 598,+79990000598,user_598@example.com,2026-01-10 17:38:09.059806+00:00
cust_ext_599,Клиент 599,+79990000599,user_599@example.com,2026-01-02 20:42:35.620356+00:00
cust_ext_600,Клиент 600,+79990000600,user_600@example.com,2026-02-06 00:44:41.757938+00:00
cust_ext_601,Клиент 601,+79990000601,user_601@example.com,2026-01-27 01:18:58.195015+00:00
cust_ext_602,Клиент 602,+79990000602,user_602@example.com,2026-01-20 19:18:50.044991+00:00
cust_ext_603,Клиент 603,+79990000603,user_603@example.com,2026-01-02 09:16:04.981125+00:00
cust_ext_604,Клиент 604,+79990000604,user_604@example.com,2026-02-13 17:09:11.847800+00:00
cust_ext_605,Клиент 605,+79990000605,user_605@example.com,2026-01-05 01:09:44.029942+00:00
cust_ext_606,Клиент 606,+79990000606,user_606@example.com,2026-02-02 01:46:50.301803+00:00
cust_ext_607,Клиент 607,+79990000607,user_607@example.com,2026-01-04 07:05:28.576593+00:00
cust_ext_608,Клиент 608,+79990000608,user_608@example.com,2026-01-06 02:17:36.965341+00:00
cust_ext_609,Клиент 609,+79990000609,user_609@example.com,2026-01-12 03:19:35.086833+00:00
cust_ext_610,Клиент 610,+79990000610,user_610@example.com,2026-02-05 10:08:28.173450+00:00
cust_ext_611,Клиент 611,+79990000611,user_611@example.com,2026-02-11 10:59:59.246247+00:00
cust_ext_612,Клиент 612,+79990000612,user_612@example.com,2026-01-05 23:57:12.842478+00:00
cust_ext_613,Клиент 613,+79990000613,user_613@example.com,2026-01-10 06:36:05.587975+00:00
cust_ext_614,Клиент 614,+79990000614,user_614@example.com,2026-02-12 16:09:36.989315+00:00
cust_ext_615,Клиент 615,+79990000615,user_615@example.com,2026-01-19 18:37:49.749462+00:00
cust_ext_616,Клиент 616,+79990000616,user_616@example.com,2026-01-06 11:41:09.853350+00:00
cust_ext_617,Клиент 617,+79990000617,user_617@example.com,2026-01-06 01:15:28.275256+00:00
cust_ext_618,Клиент 618,+79990000618,user_618@example.com,2026-01-06 19:50:52.972014+00:00
cust_ext_619,Клиент 619,+79990000619,user_619@example.com,2026-02-12 08:05:16.112890+00:00
cust_ext_620,Клиент 620,+79990000620,user_620@example.com,2026-02-04 05:27:13.983892+00:00
cust_ext_621,Клиент 621,+79990000621,user_621@example.com,2026-01-21 05:40:28.740238+00:00
cust_ext_622,Клиент 622,+79990000622,user_622@example.com,2026-01-12 18:00:11.876407+00:00
cust_ext_623,Клиент 623,+79990000623,user_623@example.com,2026-01-22 02:17:13.304135+00:00
cust_ext_624,Клиент 624,+79990000624,user_624@example.com,2026-01-11 07:05:19.531444+00:00
cust_ext_625,Клиент 625,+79990000625,user_625@example.com,2026-01-28 03:24:58.398653+00:00
cust_ext_626,Клиент 626,+79990000626,user_626@example.com,2026-01-19 06:27:50.599448+00:00
cust_ext_627,Клиент 627,+79990000627,user_627@example.com,2026-01-06 15:04:42.887942+00:00
cust_ext_628,Клиент 628,+79990000628,user_628@example.com,2026-02-04 09:51:34.247080+00:00
cust_ext_629,Клиент 629,+79990000629,user_629@example.com,2026-02-09 06:34:01.436880+00:00
cust_ext_630,Клиент 630,+79990000630,user_630@example.com,2026-01-27 15:36:28.466656+00:00
cust_ext_631,Клиент 631,+79990000631,user_631@example.com,2026-01-26 10:06:32.981003+00:00
cust_ext_632,Клиент 632,+79990000632,user_632@example.com,2026-01-26 01:26:28.009217+00:00
cust_ext_633,Клиент 633,+79990000633,user_633@example.com,2026-01-08 04:20:04.851717+00:00
cust_ext_634,Клиент 634,+79990000634,user_634@example.com,2026-01-14 16:21:02.748034+00:00
cust_ext_635,Клиент 635,+79990000635,user_635@example.com,2026-01-26 01:41:16.952065+00:00
cust_ext_636,Клиент 636,+79990000636,user_636@example.com,2026-02-02 06:42:40.048661+00:00
cust_ext_637,Клиент 637,+79990000637,user_637@example.com,2026-01-25 02:01:10.816979+00:00
cust_ext_638,Клиент 638,+79990000638,user_638@example.com,2026-01-01 03:40:52.935192+00:00
cust_ext_639,Клиент 639,+79990000639,user_639@example.com,2026-02-04 15:17:31.335674+00:00
cust_ext_640,Клиент 640,+79990000640,user_640@example.com,2026-01-03 15:00:22.794874+00:00
cust_ext_641,Клиент 641,+79990000641,user_641@example.com,2026-01-05 08:20:25.724880+00:00
cust_ext_642,Клиент 642,+79990000642,user_642@example.com,2026-02-06 21:25:07.811324+00:00
cust_ext_643,Клиент 643,+79990000643,user_643@example.com,2026-01-02 06:52:56.640343+00:00
cust_ext_644,Клиент 644,+79990000644,user_644@example.com,2026-01-16 04:14:21.345169+00:00
cust_ext_645,Клиент 645,+79990000645,user_645@example.com,2026-02-02 16:03:18.066869+00:00
cust_ext_646,Клиент 646,+79990000646,user_646@example.com,2026-01-23 19:25:11.957970+00:00
cust_ext_647,Клиент 647,+79990000647,user_647@example.com,2026-02-12 07:32:14.038615+00:00
cust_ext_648,Клиент 648,+79990000648,user_648@example.com,2026-01-02 08:02:52.325053+00:00
cust_ext_649,Клиент 649,+79990000649,user_649@example.com,2026-01-26 14:08:47.698227+00:00
cust_ext_650,Клиент 650,+79990000650,user_650@example.com,2026-01-05 11:41:06.438305+00:00
cust_ext_651,Клиент 651,+79990000651,user_651@example.com,2026-01-02 12:12:49.984343+00:00
cust_ext_652,Клиент 652,+79990000652,user_652@example.com,2026-01-09 15:49:18.863503+00:00
cust_ext_653,Клиент 653,+79990000653,user_653@example.com,2026-02-06 22:32:04.785172+00:00
cust_ext_654,Клиент 654,+79990000654,user_654@example.com,2026-02-10 11:48:37.962252+00:00
cust_ext_655,Клиент 655,+79990000655,user_655@example.com,2026-01-26 06:40:04.730100+00:00
cust_ext_656,Клиент 656,+79990000656,user_656@example.com,2026-01-23 11:30:13.453821+00:00
cust_ext_657,Клиент 657,+79990000657,user_657@example.com,2026-02-06 00:01:59.895659+00:00
cust_ext_658,Клиент 658,+79990000658,user_658@example.com,2026-01-16 19:51:54.967733+00:00
cust_ext_659,Клиент 659,+79990000659,user_659@example.com,2026-01-22 20:54:41.246323+00:00
cust_ext_660,Клиент 660,+79990000660,user_660@example.com,2026-01-29 17:41:33.924720+00:00
cust_ext_661,Клиент 661,+79990000661,user_661@example.com,2026-02-06 00:50:40.018881+00:00
cust_ext_662,Клиент 662,+79990000662,user_662@example.com,2026-01-17 02:48:48.297934+00:00
cust_ext_663,Клиент 663,+79990000663,user_663@example.com,2026-01-06 06:10:19.279348+00:00
cust_ext_664,Клиент 664,+79990000664,user_664@example.com,2026-02-06 12:30:23.008031+00:00
cust_ext_665,Клиент 665,+79990000665,user_665@example.com,2026-01-15 22:01:29.850748+00:00
cust_ext_666,Клиент 666,+79990000666,user_666@example.com,2026-02-07 19:19:11.739031+00:00
cust_ext_667,Клиент 667,+79990000667,user_667@example.com,2026-01-18 06:10:48.614405+00:00
cust_ext_668,Клиент 668,+79990000668,user_668@example.com,2026-01-04 20:22:02.463442+00:00
cust_ext_669,Клиент 669,+79990000669,user_669@example.com,2026-01-19 13:16:38.259471+00:00
cust_ext_670,Клиент 670,+79990000670,user_670@example.com,2026-01-28 21:13:37.022583+00:00
cust_ext_671,Клиент 671,+79990000671,user_671@example.com,2026-01-01 06:59:29.689408+00:00
cust_ext_672,Клиент 672,+79990000672,user_672@example.com,2026-01-05 20:24:52.372651+00:00
cust_ext_673,Клиент 673,+79990000673,user_673@example.com,2026-02-07 10:25:00.166376+00:00
cust_ext_674,Клиент 674,+79990000674,user_674@example.com,2026-01-15 22:15:44.918882+00:00
cust_ext_675,Клиент 675,+79990000675,user_675@example.com,2026-02-10 21:34:07.428232+00:00
cust_ext_676,Клиент 676,+79990000676,user_676@example.com,2026-02-05 12:02:03.851733+00:00
cust_ext_677,Клиент 677,+79990000677,user_677@example.com,2026-01-23 22:43:26.532303+00:00
cust_ext_678,Клиент 678,+79990000678,user_678@example.com,2026-02-13 05:38:20.357976+00:00
cust_ext_679,Клиент 679,+79990000679,user_679@example.com,2026-01-28 08:03:37.172618+00:00
cust_ext_680,Клиент 680,+79990000680,user_680@example.com,2026-02-10 23:08:13.485025+00:00
cust_ext_681,Клиент 681,+79990000681,user_681@example.com,2026-01-25 17:03:24.318672+00:00
cust_ext_682,Клиент 682,+79990000682,user_682@example.com,2026-01-07 18:51:37.868790+00:00
cust_ext_683,Клиент 683,+79990000683,user_683@example.com,2026-01-13 09:56:35.421282+00:00
cust_ext_684,Клиент 684,+79990000684,user_684@example.com,2026-01-29 13:30:35.592542+00:00
cust_ext_685,Клиент 685,+79990000685,user_685@example.com,2026-01-06 16:23:55.415012+00:00
cust_ext_686,Клиент 686,+79990000686,user_686@example.com,2026-01-04 23:30:50.934782+00:00
cust_ext_687,Клиент 687,+79990000687,user_687@example.com,2026-01-10 00:21:29.583345+00:00
cust_ext_688,Клиент 688,+79990000688,user_688@example.com,2026-01-27 06:20:33.742599+00:00
cust_ext_689,Клиент 689,+79990000689,user_689@example.com,2026-01-08 03:03:05.538506+00:00
cust_ext_690,Клиент 690,+79990000690,user_690@example.com,2026-01-30 22:07:07.898464+00:00
cust_ext_691,Клиент 691,+79990000691,user_691@example.com,2026-01-13 13:59:21.053826+00:00
cust_ext_692,Клиент 692,+79990000692,user_692@example.com,2026-01-12 14:01:11.714992+00:00
cust_ext_693,Клиент 693,+79990000693,user_693@example.com,2026-01-30 19:56:21.598937+00:00
cust_ext_694,Клиент 694,+79990000694,user_694@example.com,2026-01-23 16:41:59.205349+00:00
cust_ext_695,Клиент 695,+79990000695,user_695@example.com,2026-02-12 23:11:05.088480+00:00
cust_ext_696,Клиент 696,+79990000696,user_696@example.com,2026-02-12 02:54:52.639276+00:00
cust_ext_697,Клиент 697,+79990000697,user_697@example.com,2026-01-03 21:47:04.788926+00:00
cust_ext_698,Клиент 698,+79990000698,user_698@example.com,2026-01-28 15:11:53.532535+00:00
cust_ext_699,Клиент 699,+79990000699,user_699@example.com,2026-01-11 23:59:22.773102+00:00
cust_ext_700,Клиент 700,+79990000700,user_700@example.com,2026-02-12 20:17:08.001533+00:00
cust_ext_701,Клиент 701,+79990000701,user_701@example.com,2026-01-30 23:07:09.287727+00:00
cust_ext_702,Клиент 702,+79990000702,user_702@example.com,2026-01-14 04:14:50.755192+00:00
cust_ext_703,Клиент 703,+79990000703,user_703@example.com,2026-01-10 02:44:52.418878+00:00
cust_ext_704,Клиент 704,+79990000704,user_704@example.com,2026-02-04 15:16:29.188668+00:00
cust_ext_705,Клиент 705,+79990000705,user_705@example.com,2026-01-18 09:41:47.854501+00:00
cust_ext_706,Клиент 706,+79990000706,user_706@example.com,2026-01-16 08:52:56.342433+00:00
cust_ext_707,Клиент 707,+79990000707,user_707@example.com,2026-02-09 12:13:39.736684+00:00
cust_ext_708,Клиент 708,+79990000708,user_708@example.com,2026-02-04 18:23:00.422249+00:00
cust_ext_709,Клиент 709,+79990000709,user_709@example.com,2026-01-31 11:53:30.795120+00:00
cust_ext_710,Клиент 710,+79990000710,user_710@example.com,2026-02-13 04:47:07.214183+00:00
cust_ext_711,Клиент 711,+79990000711,user_711@example.com,2026-01-26 18:27:15.532445+00:00
cust_ext_712,Клиент 712,+79990000712,user_712@example.com,2026-02-14 17:38:56.975506+00:00
cust_ext_713,Клиент 713,+79990000713,user_713@example.com,2026-01-20 04:46:37.457462+00:00
cust_ext_714,Клиент 714,+79990000714,user_714@example.com,2026-01-24 05:27:13.779623+00:00
cust_ext_715,Клиент 715,+79990000715,user_715@example.com,2026-02-06 13:11:12.519722+00:00
cust_ext_716,Клиент 716,+79990000716,user_716@example.com,2026-02-12 01:10:32.984677+00:00
cust_ext_717,Клиент 717,+79990000717,user_717@example.com,2026-02-07 11:09:12.539834+00:00
cust_ext_718,Клиент 718,+79990000718,user_718@example.com,2026-01-10 01:30:00.859452+00:00
cust_ext_719,Клиент 719,+79990000719,user_719@example.com,2026-02-13 08:39:35.978121+00:00
cust_ext_720,Клиент 720,+79990000720,user_720@example.com,2026-01-26 15:23:44.571359+00:00
cust_ext_721,Клиент 721,+79990000721,user_721@example.com,2026-01-13 00:51:35.828212+00:00
cust_ext_722,Клиент 722,+79990000722,user_722@example.com,2026-01-29 09:10:19.448745+00:00
cust_ext_723,Клиент 723,+79990000723,user_723@example.com,2026-02-03 07:19:04.554329+00:00
cust_ext_724,Клиент 724,+79990000724,user_724@example.com,2026-01-01 08:21:44.757054+00:00
cust_ext_725,Клиент 725,+79990000725,user_725@example.com,2026-01-05 04:12:42.449448+00:00
cust_ext_726,Клиент 726,+79990000726,user_726@example.com,2026-01-16 01:58:29.879996+00:00
cust_ext_727,Клиент 727,+79990000727,user_727@example.com,2026-01-23 00:58:20.583438+00:00
cust_ext_728,Клиент 728,+79990000728,user_728@example.com,2026-02-11 23:17:03.271039+00:00
cust_ext_729,Клиент 729,+79990000729,user_729@example.com,2026-01-03 23:20:49.153433+00:00
cust_ext_730,Клиент 730,+79990000730,user_730@example.com,2026-01-16 14:20:34.923845+00:00
cust_ext_731,Клиент 731,+79990000731,user_731@example.com,2026-02-08 01:52:32.072334+00:00
cust_ext_732,Клиент 732,+79990000732,user_732@example.com,2026-01-29 06:12:12.141968+00:00
cust_ext_733,Клиент 733,+79990000733,user_733@example.com,2026-01-30 18:39:33.599740+00:00
cust_ext_734,Клиент 734,+79990000734,user_734@example.com,2026-01-09 14:03:10.426299+00:00
cust_ext_735,Клиент 735,+79990000735,user_735@example.com,2026-01-05 12:56:00.706975+00:00
cust_ext_736,Клиент 736,+79990000736,user_736@example.com,2026-01-21 20:14:00.339730+00:00
cust_ext_737,Клиент 737,+79990000737,user_737@example.com,2026-01-05 13:49:58.166962+00:00
cust_ext_738,Клиент 738,+79990000738,user_738@example.com,2026-01-29 07:48:32.298536+00:00
cust_ext_739,Клиент 739,+79990000739,user_739@example.com,2026-01-03 23:59:54.767452+00:00
cust_ext_740,Клиент 740,+79990000740,user_740@example.com,2026-01-09 00:18:22.045130+00:00
cust_ext_741,Клиент 741,+79990000741,user_741@example.com,2026-01-21 07:43:22.641071+00:00
cust_ext_742,Клиент 742,+79990000742,user_742@example.com,2026-02-08 01:25:57.510855+00:00
cust_ext_743,Клиент 743,+79990000743,user_743@example.com,2026-01-02 03:26:20.581383+00:00
cust_ext_744,Клиент 744,+79990000744,user_744@example.com,2026-02-05 14:43:53.423027+00:00
cust_ext_745,Клиент 745,+79990000745,user_745@example.com,2026-01-16 03:03:34.270811+00:00
cust_ext_746,Клиент 746,+79990000746,user_746@example.com,2026-01-08 04:41:16.295968+00:00
cust_ext_747,Клиент 747,+79990000747,user_747@example.com,2026-02-01 22:55:35.207115+00:00
cust_ext_748,Клиент 748,+79990000748,user_748@example.com,2026-02-03 08:53:14.077410+00:00
cust_ext_749,Клиент 749,+79990000749,user_749@example.com,2026-02-06 17:33:15.226629+00:00
cust_ext_750,Клиент 750,+79990000750,user_750@example.com,2026-02-05 22:33:56.046492+00:00
cust_ext_751,Клиент 751,+79990000751,user_751@example.com,2026-02-10 06:15:44.278813+00:00
cust_ext_752,Клиент 752,+79990000752,user_752@example.com,2026-02-05 22:04:37.897983+00:00
cust_ext_753,Клиент 753,+79990000753,user_753@example.com,2026-01-19 03:43:37.686142+00:00
cust_ext_754,Клиент 754,+79990000754,user_754@example.com,2026-02-13 16:23:02.324504+00:00
cust_ext_755,Клиент 755,+79990000755,user_755@example.com,2026-01-12 02:00:54.899412+00:00
cust_ext_756,Клиент 756,+79990000756,user_756@example.com,2026-02-13 06:00:31.145826+00:00
cust_ext_757,Клиент 757,+79990000757,user_757@example.com,2026-01-13 01:47:53.858577+00:00
cust_ext_758,Клиент 758,+79990000758,user_758@example.com,2026-02-02 03:54:22.483433+00:00
cust_ext_759,Клиент 759,+79990000759,user_759@example.com,2026-02-11 04:35:19.528195+00:00
cust_ext_760,Клиент 760,+79990000760,user_760@example.com,2026-02-08 05:24:52.337138+00:00
cust_ext_761,Клиент 761,+79990000761,user_761@example.com,2026-01-12 23:56:03.637074+00:00
cust_ext_762,Клиент 762,+79990000762,user_762@example.com,2026-01-04 17:35:29.123727+00:00
cust_ext_763,Клиент 763,+79990000763,user_763@example.com,2026-01-09 04:07:44.513242+00:00
cust_ext_764,Клиент 764,+79990000764,user_764@example.com,2026-02-10 05:35:24.228935+00:00
cust_ext_765,Клиент 765,+79990000765,user_765@example.com,2026-02-06 03:57:02.037857+00:00
cust_ext_766,Клиент 766,+79990000766,user_766@example.com,2026-01-17 20:32:24.826652+00:00
cust_ext_767,Клиент 767,+79990000767,user_767@example.com,2026-01-22 18:54:45.326485+00:00
cust_ext_768,Клиент 768,+79990000768,user_768@example.com,2026-01-26 21:29:48.397186+00:00
cust_ext_769,Клиент 769,+79990000769,user_769@example.com,2026-02-05 17:59:13.124452+00:00
cust_ext_770,Клиент 770,+79990000770,user_770@example.com,2026-01-03 11:55:06.582493+00:00
cust_ext_771,Клиент 771,+79990000771,user_771@example.com,2026-01-22 03:43:02.280320+00:00
cust_ext_772,Клиент 772,+79990000772,user_772@example.com,2026-02-08 13:56:22.848912+00:00
cust_ext_773,Клиент 773,+79990000773,user_773@example.com,2026-02-10 00:32:59.946207+00:00
cust_ext_774,Клиент 774,+79990000774,user_774@example.com,2026-01-14 22:52:30.385354+00:00
cust_ext_775,Клиент 775,+79990000775,user_775@example.com,2026-01-05 12:15:45.762304+00:00
cust_ext_776,Клиент 776,+79990000776,user_776@example.com,2026-01-23 23:10:35.431919+00:00
cust_ext_777,Клиент 777,+79990000777,user_777@example.com,2026-01-31 18:27:18.317911+00:00
cust_ext_778,Клиент 778,+79990000778,user_778@example.com,2026-02-07 04:58:15.690249+00:00
cust_ext_779,Клиент 779,+79990000779,user_779@example.com,2026-02-12 17:39:10.244305+00:00
cust_ext_780,Клиент 780,+79990000780,user_780@example.com,2026-02-09 07:20:17.569051+00:00
cust_ext_781,Клиент 781,+79990000781,user_781@example.com,2026-01-01 01:54:24.863669+00:00
cust_ext_782,Клиент 782,+79990000782,user_782@example.com,2026-01-30 02:57:06.632233+00:00
cust_ext_783,Клиент 783,+79990000783,user_783@example.com,2026-01-14 12:13:11.450069+00:00
cust_ext_784,Клиент 784,+79990000784,user_784@example.com,2026-01-03 12:32:25.404652+00:00
cust_ext_785,Клиент 785,+79990000785,user_785@example.com,2026-01-04 10:32:49.238231+00:00
cust_ext_786,Клиент 786,+79990000786,user_786@example.com,2026-01-11 02:03:15.579141+00:00
cust_ext_787,Клиент 787,+79990000787,user_787@example.com,2026-01-02 23:31:41.547815+00:00
cust_ext_788,Клиент 788,+79990000788,user_788@example.com,2026-02-04 21:37:52.432723+00:00
cust_ext_789,Клиент 789,+79990000789,user_789@example.com,2026-02-09 05:59:07.971164+00:00
cust_ext_790,Клиент 790,+79990000790,user_790@example.com,2026-01-29 12:27:56.055557+00:00
cust_ext_791,Клиент 791,+79990000791,user_791@example.com,2026-01-04 16:06:18.233045+00:00
cust_ext_792,Клиент 792,+79990000792,user_792@example.com,2026-01-21 11:02:26.981271+00:00
cust_ext_793,Клиент 793,+79990000793,user_793@example.com,2026-02-02 01:22:14.804544+00:00
cust_ext_794,Клиент 794,+79990000794,user_794@example.com,2026-01-25 12:14:49.618072+00:00
cust_ext_795,Клиент 795,+79990000795,user_795@example.com,2026-01-14 17:15:17.493112+00:00
cust_ext_796,Клиент 796,+79990000796,user_796@example.com,2026-01-25 16:54:06.810156+00:00
cust_ext_797,Клиент 797,+79990000797,user_797@example.com,2026-01-27 08:54:09.800965+00:00
cust_ext_798,Клиент 798,+79990000798,user_798@example.com,2026-01-25 15:26:13.321877+00:00
cust_ext_799,Клиент 799,+79990000799,user_799@example.com,2026-01-26 21:02:09.878796+00:00
cust_ext_800,Клиент 800,+79990000800,user_800@example.com,2026-02-14 03:28:06.826553+00:00
cust_ext_801,Клиент 801,+79990000801,user_801@example.com,2026-01-03 22:48:54.165115+00:00
cust_ext_802,Клиент 802,+79990000802,user_802@example.com,2026-01-05 23:54:36.633298+00:00
cust_ext_803,Клиент 803,+79990000803,user_803@example.com,2026-02-10 01:42:45.344928+00:00
cust_ext_804,Клиент 804,+79990000804,user_804@example.com,2026-01-02 21:13:20.029745+00:00
cust_ext_805,Клиент 805,+79990000805,user_805@example.com,2026-02-06 08:55:09.740158+00:00
cust_ext_806,Клиент 806,+79990000806,user_806@example.com,2026-01-06 09:31:37.130368+00:00
cust_ext_807,Клиент 807,+79990000807,user_807@example.com,2026-01-13 17:27:17.417758+00:00
cust_ext_808,Клиент 808,+79990000808,user_808@example.com,2026-01-09 13:36:48.343639+00:00
cust_ext_809,Клиент 809,+79990000809,user_809@example.com,2026-01-10 09:31:40.735671+00:00
cust_ext_810,Клиент 810,+79990000810,user_810@example.com,2026-01-09 17:49:36.012146+00:00
cust_ext_811,Клиент 811,+79990000811,user_811@example.com,2026-02-01 00:54:53.291300+00:00
cust_ext_812,Клиент 812,+79990000812,user_812@example.com,2026-01-06 07:03:58.186094+00:00
cust_ext_813,Клиент 813,+79990000813,user_813@example.com,2026-01-16 04:39:48.522207+00:00
cust_ext_814,Клиент 814,+79990000814,user_814@example.com,2026-01-09 02:51:58.658495+00:00
cust_ext_815,Клиент 815,+79990000815,user_815@example.com,2026-02-05 20:15:52.690209+00:00
cust_ext_816,Клиент 816,+79990000816,user_816@example.com,2026-02-02 19:09:35.144891+00:00
cust_ext_817,Клиент 817,+79990000817,user_817@example.com,2026-02-14 21:57:01.612629+00:00
cust_ext_818,Клиент 818,+79990000818,user_818@example.com,2026-02-03 21:07:38.044310+00:00
cust_ext_819,Клиент 819,+79990000819,user_819@example.com,2026-01-22 05:14:59.116264+00:00
cust_ext_820,Клиент 820,+79990000820,user_820@example.com,2026-02-11 20:19:32.624927+00:00
cust_ext_821,Клиент 821,+79990000821,user_821@example.com,2026-01-07 23:29:22.540353+00:00
cust_ext_822,Клиент 822,+79990000822,user_822@example.com,2026-01-19 21:22:43.163145+00:00
cust_ext_823,Клиент 823,+79990000823,user_823@example.com,2026-01-15 22:41:21.637260+00:00
cust_ext_824,Клиент 824,+79990000824,user_824@example.com,2026-01-15 18:52:53.178038+00:00
cust_ext_825,Клиент 825,+79990000825,user_825@example.com,2026-01-01 07:47:15.244856+00:00
cust_ext_826,Клиент 826,+79990000826,user_826@example.com,2026-01-04 04:43:06.652860+00:00
cust_ext_827,Клиент 827,+79990000827,user_827@example.com,2026-02-01 14:15:41.066534+00:00
cust_ext_828,Клиент 828,+79990000828,user_828@example.com,2026-02-04 21:28:29.346673+00:00
cust_ext_829,Клиент 829,+79990000829,user_829@example.com,2026-01-30 18:19:33.945346+00:00
cust_ext_830,Клиент 830,+79990000830,user_830@example.com,2026-02-14 06:28:45.422190+00:00
cust_ext_831,Клиент 831,+79990000831,user_831@example.com,2026-02-03 05:34:33.595096+00:00
cust_ext_832,Клиент 832,+79990000832,user_832@example.com,2026-01-05 11:44:41.683524+00:00
cust_ext_833,Клиент 833,+79990000833,user_833@example.com,2026-01-22 02:39:35.598860+00:00
cust_ext_834,Клиент 834,+79990000834,user_834@example.com,2026-02-01 14:39:22.037532+00:00
cust_ext_835,Клиент 835,+79990000835,user_835@example.com,2026-01-26 22:22:19.098119+00:00
cust_ext_836,Клиент 836,+79990000836,user_836@example.com,2026-02-02 07:58:52.810693+00:00
cust_ext_837,Клиент 837,+79990000837,user_837@example.com,2026-01-13 20:38:30.563261+00:00
cust_ext_838,Клиент 838,+79990000838,user_838@example.com,2026-01-23 23:11:03.291975+00:00
cust_ext_839,Клиент 839,+79990000839,user_839@example.com,2026-02-08 16:27:29.279031+00:00
cust_ext_840,Клиент 840,+79990000840,user_840@example.com,2026-01-11 16:10:06.886702+00:00
cust_ext_841,Клиент 841,+79990000841,user_841@example.com,2026-02-14 09:21:48.571792+00:00
cust_ext_842,Клиент 842,+79990000842,user_842@example.com,2026-02-13 07:20:37.461967+00:00
cust_ext_843,Клиент 843,+79990000843,user_843@example.com,2026-01-15 22:39:32.362184+00:00
cust_ext_844,Клиент 844,+79990000844,user_844@example.com,2026-02-14 11:08:23.568606+00:00
cust_ext_845,Клиент 845,+79990000845,user_845@example.com,2026-01-21 11:57:34.451076+00:00
cust_ext_846,Клиент 846,+79990000846,user_846@example.com,2026-02-06 00:26:45.817076+00:00
cust_ext_847,Клиент 847,+79990000847,user_847@example.com,2026-01-14 15:21:31.131882+00:00
cust_ext_848,Клиент 848,+79990000848,user_848@example.com,2026-02-05 04:21:46.019368+00:00
cust_ext_849,Клиент 849,+79990000849,user_849@example.com,2026-01-25 06:11:18.449850+00:00
cust_ext_850,Клиент 850,+79990000850,user_850@example.com,2026-02-07 17:39:30.630788+00:00
cust_ext_851,Клиент 851,+79990000851,user_851@example.com,2026-02-03 23:17:29.314903+00:00
cust_ext_852,Клиент 852,+79990000852,user_852@example.com,2026-01-06 20:12:27.782408+00:00
cust_ext_853,Клиент 853,+79990000853,user_853@example.com,2026-01-27 12:33:46.934548+00:00
cust_ext_854,Клиент 854,+79990000854,user_854@example.com,2026-02-02 21:59:21.215627+00:00
cust_ext_855,Клиент 855,+79990000855,user_855@example.com,2026-02-13 18:08:50.706527+00:00
cust_ext_856,Клиент 856,+79990000856,user_856@example.com,2026-01-10 04:52:26.453132+00:00
cust_ext_857,Клиент 857,+79990000857,user_857@example.com,2026-02-07 06:26:09.916383+00:00
cust_ext_858,Клиент 858,+79990000858,user_858@example.com,2026-01-23 12:24:25.783850+00:00
cust_ext_859,Клиент 859,+79990000859,user_859@example.com,2026-01-29 01:28:15.643250+00:00
cust_ext_860,Клиент 860,+79990000860,user_860@example.com,2026-01-25 19:04:49.447824+00:00
cust_ext_861,Клиент 861,+79990000861,user_861@example.com,2026-01-15 13:35:56.981746+00:00
cust_ext_862,Клиент 862,+79990000862,user_862@example.com,2026-01-25 06:24:43.391190+00:00
cust_ext_863,Клиент 863,+79990000863,user_863@example.com,2026-02-12 10:36:59.900532+00:00
cust_ext_864,Клиент 864,+79990000864,user_864@example.com,2026-02-13 21:47:08.430884+00:00
cust_ext_865,Клиент 865,+79990000865,user_865@example.com,2026-02-01 11:24:15.017556+00:00
cust_ext_866,Клиент 866,+79990000866,user_866@example.com,2026-01-07 02:36:20.483202+00:00
cust_ext_867,Клиент 867,+79990000867,user_867@example.com,2026-01-06 18:16:02.882226+00:00
cust_ext_868,Клиент 868,+79990000868,user_868@example.com,2026-02-03 03:05:28.936907+00:00
cust_ext_869,Клиент 869,+79990000869,user_869@example.com,2026-01-17 06:00:06.865793+00:00
cust_ext_870,Клиент 870,+79990000870,user_870@example.com,2026-01-28 18:34:31.570623+00:00
cust_ext_871,Клиент 871,+79990000871,user_871@example.com,2026-01-14 13:31:27.593365+00:00
cust_ext_872,Клиент 872,+79990000872,user_872@example.com,2026-01-04 10:31:39.566798+00:00
cust_ext_873,Клиент 873,+79990000873,user_873@example.com,2026-01-16 08:05:13.995026+00:00
cust_ext_874,Клиент 874,+79990000874,user_874@example.com,2026-01-14 19:52:28.423449+00:00
cust_ext_875,Клиент 875,+79990000875,user_875@example.com,2026-01-08 11:12:32.405080+00:00
cust_ext_876,Клиент 876,+79990000876,user_876@example.com,2026-01-06 02:34:30.849733+00:00
cust_ext_877,Клиент 877,+79990000877,user_877@example.com,2026-01-14 14:24:51.969542+00:00
cust_ext_878,Клиент 878,+79990000878,user_878@example.com,2026-02-06 17:46:07.073064+00:00
cust_ext_879,Клиент 879,+79990000879,user_879@example.com,2026-02-13 14:15:06.919917+00:00
cust_ext_880,Клиент 880,+79990000880,user_880@example.com,2026-01-08 09:26:48.754964+00:00
cust_ext_881,Клиент 881,+79990000881,user_881@example.com,2026-02-08 23:22:32.269776+00:00
cust_ext_882,Клиент 882,+79990000882,user_882@example.com,2026-01-29 22:46:54.969230+00:00
cust_ext_883,Клиент 883,+79990000883,user_883@example.com,2026-01-16 17:04:20.081389+00:00
cust_ext_884,Клиент 884,+79990000884,user_884@example.com,2026-01-31 08:33:47.447392+00:00
cust_ext_885,Клиент 885,+79990000885,user_885@example.com,2026-01-21 19:32:38.746006+00:00
cust_ext_886,Клиент 886,+79990000886,user_886@example.com,2026-02-10 05:55:19.594814+00:00
cust_ext_887,Клиент 887,+79990000887,user_887@example.com,2026-01-28 10:24:35.626048+00:00
cust_ext_888,Клиент 888,+79990000888,user_888@example.com,2026-01-31 07:09:10.474638+00:00
cust_ext_889,Клиент 889,+79990000889,user_889@example.com,2026-02-14 14:05:39.330458+00:00
cust_ext_890,Клиент 890,+79990000890,user_890@example.com,2026-01-12 18:43:19.386819+00:00
cust_ext_891,Клиент 891,+79990000891,user_891@example.com,2026-01-15 22:17:43.881100+00:00
cust_ext_892,Клиент 892,+79990000892,user_892@example.com,2026-01-25 18:12:43.942164+00:00
cust_ext_893,Клиент 893,+79990000893,user_893@example.com,2026-01-10 17:00:28.901696+00:00
cust_ext_894,Клиент 894,+79990000894,user_894@example.com,2026-02-07 22:12:55.198869+00:00
cust_ext_895,Клиент 895,+79990000895,user_895@example.com,2026-02-10 21:58:07.342318+00:00
cust_ext_896,Клиент 896,+79990000896,user_896@example.com,2026-01-25 19:08:44.169570+00:00
cust_ext_897,Клиент 897,+79990000897,user_897@example.com,2026-01-30 03:16:23.272290+00:00
cust_ext_898,Клиент 898,+79990000898,user_898@example.com,2026-02-11 19:59:32.385299+00:00
cust_ext_899,Клиент 899,+79990000899,user_899@example.com,2026-01-09 11:57:26.773549+00:00
cust_ext_900,Клиент 900,+79990000900,user_900@example.com,2026-01-06 09:01:26.172242+00:00
cust_ext_901,Клиент 901,+79990000901,user_901@example.com,2026-01-17 21:00:34.311564+00:00
cust_ext_902,Клиент 902,+79990000902,user_902@example.com,2026-01-19 14:23:27.934540+00:00
cust_ext_903,Клиент 903,+79990000903,user_903@example.com,2026-02-07 04:28:20.151713+00:00
cust_ext_904,Клиент 904,+79990000904,user_904@example.com,2026-01-13 10:43:24.574095+00:00
cust_ext_905,Клиент 905,+79990000905,user_905@example.com,2026-01-23 23:35:55.335880+00:00
cust_ext_906,Клиент 906,+79990000906,user_906@example.com,2026-02-11 22:33:10.587072+00:00
cust_ext_907,Клиент 907,+79990000907,user_907@example.com,2026-01-26 22:06:32.191312+00:00
cust_ext_908,Клиент 908,+79990000908,user_908@example.com,2026-01-06 06:40:02.953978+00:00
cust_ext_909,Клиент 909,+79990000909,user_909@example.com,2026-01-30 10:37:21.587860+00:00
cust_ext_910,Клиент 910,+79990000910,user_910@example.com,2026-01-29 13:03:23.745933+00:00
cust_ext_911,Клиент 911,+79990000911,user_911@example.com,2026-02-13 19:25:51.152583+00:00
cust_ext_912,Клиент 912,+79990000912,user_912@example.com,2026-01-07 12:12:31.658662+00:00
cust_ext_913,Клиент 913,+79990000913,user_913@example.com,2026-01-05 21:39:18.459208+00:00
cust_ext_914,Клиент 914,+79990000914,user_914@example.com,2026-01-14 09:26:36.014013+00:00
cust_ext_915,Клиент 915,+79990000915,user_915@example.com,2026-01-31 16:11:57.458031+00:00
cust_ext_916,Клиент 916,+79990000916,user_916@example.com,2026-01-26 11:12:46.529708+00:00
cust_ext_917,Клиент 917,+79990000917,user_917@example.com,2026-01-18 16:16:42.068773+00:00
cust_ext_918,Клиент 918,+79990000918,user_918@example.com,2026-01-30 20:27:23.099828+00:00
cust_ext_919,Клиент 919,+79990000919,user_919@example.com,2026-01-20 18:43:56.013317+00:00
cust_ext_920,Клиент 920,+79990000920,user_920@example.com,2026-02-13 12:13:55.838824+00:00
cust_ext_921,Клиент 921,+79990000921,user_921@example.com,2026-02-05 23:20:05.294873+00:00
cust_ext_922,Клиент 922,+79990000922,user_922@example.com,2026-01-16 09:11:18.400878+00:00
cust_ext_923,Клиент 923,+79990000923,user_923@example.com,2026-01-01 00:51:35.362722+00:00
cust_ext_924,Клиент 924,+79990000924,user_924@example.com,2026-01-12 03:37:54.004411+00:00
cust_ext_925,Клиент 925,+79990000925,user_925@example.com,2026-01-16 13:25:35.548447+00:00
cust_ext_926,Клиент 926,+79990000926,user_926@example.com,2026-02-09 19:28:05.831734+00:00
cust_ext_927,Клиент 927,+79990000927,user_927@example.com,2026-01-27 11:59:48.899083+00:00
cust_ext_928,Клиент 928,+79990000928,user_928@example.com,2026-01-17 05:50:32.681702+00:00
cust_ext_929,Клиент 929,+79990000929,user_929@example.com,2026-01-16 13:02:51.334169+00:00
cust_ext_930,Клиент 930,+79990000930,user_930@example.com,2026-02-12 10:31:44.189525+00:00
cust_ext_931,Клиент 931,+79990000931,user_931@example.com,2026-01-03 06:29:18.205190+00:00
cust_ext_932,Клиент 932,+79990000932,user_932@example.com,2026-01-12 11:44:07.010846+00:00
cust_ext_933,Клиент 933,+79990000933,user_933@example.com,2026-01-08 12:26:37.446670+00:00
cust_ext_934,Клиент 934,+79990000934,user_934@example.com,2026-02-03 10:39:04.006649+00:00
cust_ext_935,Клиент 935,+79990000935,user_935@example.com,2026-01-31 18:47:09.155069+00:00
cust_ext_936,Клиент 936,+79990000936,user_936@example.com,2026-01-02 10:24:29.668006+00:00
cust_ext_937,Клиент 937,+79990000937,user_937@example.com,2026-02-11 14:41:31.509888+00:00
cust_ext_938,Клиент 938,+79990000938,user_938@example.com,2026-01-30 17:29:32.747559+00:00
cust_ext_939,Клиент 939,+79990000939,user_939@example.com,2026-01-14 10:03:42.725057+00:00
cust_ext_940,Клиент 940,+79990000940,user_940@example.com,2026-01-25 18:49:53.069038+00:00
cust_ext_941,Клиент 941,+79990000941,user_941@example.com,2026-01-14 06:32:28.088071+00:00
cust_ext_942,Клиент 942,+79990000942,user_942@example.com,2026-01-10 17:15:40.602192+00:00
cust_ext_943,Клиент 943,+79990000943,user_943@example.com,2026-01-10 11:20:29.809213+00:00
cust_ext_944,Клиент 944,+79990000944,user_944@example.com,2026-01-12 20:56:04.415263+00:00
cust_ext_945,Клиент 945,+79990000945,user_945@example.com,2026-02-02 23:09:18.203848+00:00
cust_ext_946,Клиент 946,+79990000946,user_946@example.com,2026-02-10 00:38:09.130381+00:00
cust_ext_947,Клиент 947,+79990000947,user_947@example.com,2026-01-03 17:26:33.462827+00:00
cust_ext_948,Клиент 948,+79990000948,user_948@example.com,2026-02-03 01:12:38.010990+00:00
cust_ext_949,Клиент 949,+79990000949,user_949@example.com,2026-02-02 21:26:47.649471+00:00
cust_ext_950,Клиент 950,+79990000950,user_950@example.com,2026-02-06 12:36:33.402533+00:00
cust_ext_951,Клиент 951,+79990000951,user_951@example.com,2026-01-16 15:34:07.849680+00:00
cust_ext_952,Клиент 952,+79990000952,user_952@example.com,2026-02-05 10:56:52.592585+00:00
cust_ext_953,Клиент 953,+79990000953,user_953@example.com,2026-01-17 14:33:53.821869+00:00
cust_ext_954,Клиент 954,+79990000954,user_954@example.com,2026-01-18 01:16:02.483537+00:00
cust_ext_955,Клиент 955,+79990000955,user_955@example.com,2026-01-19 11:27:07.481862+00:00
cust_ext_956,Клиент 956,+79990000956,user_956@example.com,2026-01-04 16:41:21.074877+00:00
cust_ext_957,Клиент 957,+79990000957,user_957@example.com,2026-01-27 18:01:04.279763+00:00
cust_ext_958,Клиент 958,+79990000958,user_958@example.com,2026-01-06 01:18:27.616466+00:00
cust_ext_959,Клиент 959,+79990000959,user_959@example.com,2026-02-05 11:40:48.015717+00:00
cust_ext_960,Клиент 960,+79990000960,user_960@example.com,2026-02-02 12:56:31.626545+00:00
cust_ext_961,Клиент 961,+79990000961,user_961@example.com,2026-02-14 07:53:53.663905+00:00
cust_ext_962,Клиент 962,+79990000962,user_962@example.com,2026-01-03 19:56:08.649738+00:00
cust_ext_963,Клиент 963,+79990000963,user_963@example.com,2026-01-26 16:03:18.688988+00:00
cust_ext_964,Клиент 964,+79990000964,user_964@example.com,2026-01-19 06:44:25.801788+00:00
cust_ext_965,Клиент 965,+79990000965,user_965@example.com,2026-01-03 16:57:58.795221+00:00
cust_ext_966,Клиент 966,+79990000966,user_966@example.com,2026-01-19 04:47:32.333400+00:00
cust_ext_967,Клиент 967,+79990000967,user_967@example.com,2026-01-29 17:58:39.909025+00:00
cust_ext_968,Клиент 968,+79990000968,user_968@example.com,2026-01-09 23:32:55.894664+00:00
cust_ext_969,Клиент 969,+79990000969,user_969@example.com,2026-01-01 23:03:23.543440+00:00
cust_ext_970,Клиент 970,+79990000970,user_970@example.com,2026-01-10 18:02:59.288716+00:00
cust_ext_971,Клиент 971,+79990000971,user_971@example.com,2026-01-01 04:45:27.081230+00:00
cust_ext_972,Клиент 972,+79990000972,user_972@example.com,2026-01-20 18:46:11.559778+00:00
cust_ext_973,Клиент 973,+79990000973,user_973@example.com,2026-01-18 23:19:37.176866+00:00
cust_ext_974,Клиент 974,+79990000974,user_974@example.com,2026-01-31 11:18:14.805892+00:00
cust_ext_975,Клиент 975,+79990000975,user_975@example.com,2026-01-11 17:27:59.336042+00:00
cust_ext_976,Клиент 976,+79990000976,user_976@example.com,2026-01-20 01:11:39.601971+00:00
cust_ext_977,Клиент 977,+79990000977,user_977@example.com,2026-02-03 06:43:52.314536+00:00
cust_ext_978,Клиент 978,+79990000978,user_978@example.com,2026-02-09 02:26:51.520949+00:00
cust_ext_979,Клиент 979,+79990000979,user_979@example.com,2026-02-02 14:04:27.422947+00:00
cust_ext_980,Клиент 980,+79990000980,user_980@example.com,2026-01-20 16:35:20.962213+00:00
cust_ext_981,Клиент 981,+79990000981,user_981@example.com,2026-01-03 00:45:17.886327+00:00
cust_ext_982,Клиент 982,+79990000982,user_982@example.com,2026-02-03 08:05:55.296050+00:00
cust_ext_983,Клиент 983,+79990000983,user_983@example.com,2026-01-10 23:40:18.246712+00:00
cust_ext_984,Клиент 984,+79990000984,user_984@example.com,2026-01-25 04:05:31.121510+00:00
cust_ext_985,Клиент 985,+79990000985,user_985@example.com,2026-01-25 12:50:56.640899+00:00
cust_ext_986,Клиент 986,+79990000986,user_986@example.com,2026-01-22 09:22:31.481179+00:00
cust_ext_987,Клиент 987,+79990000987,user_987@example.com,2026-02-12 06:19:28.518276+00:00
cust_ext_988,Клиент 988,+79990000988,user_988@example.com,2026-01-14 15:15:56.064850+00:00
cust_ext_989,Клиент 989,+79990000989,user_989@example.com,2026-01-14 04:55:42.384050+00:00
cust_ext_990,Клиент 990,+79990000990,user_990@example.com,2026-01-02 18:34:13.776819+00:00
cust_ext_991,Клиент 991,+79990000991,user_991@example.com,2026-02-01 04:02:58.213566+00:00
cust_ext_992,Клиент 992,+79990000992,user_992@example.com,2026-02-05 00:40:37.046254+00:00
cust_ext_993,Клиент 993,+79990000993,user_993@example.com,2026-01-29 15:16:30.430113+00:00
cust_ext_994,Клиент 994,+79990000994,user_994@example.com,2026-01-06 21:32:48.943973+00:00
cust_ext_995,Клиент 995,+79990000995,user_995@example.com,2026-02-07 18:06:43.200015+00:00
cust_ext_996,Клиент 996,+79990000996,user_996@example.com,2026-01-22 15:50:26.020838+00:00
cust_ext_997,Клиент 997,+79990000997,user_997@example.com,2026-01-30 15:58:06.718856+00:00
cust_ext_998,Клиент 998,+79990000998,user_998@example.com,2026-01-22 02:12:40.985435+00:00
cust_ext_999,Клиент 999,+79990000999,user_999@example.com,2026-02-12 22:48:26.991458+00:00
cust_ext_1000,Клиент 1000,+79990001000,user_1000@example.com,2026-02-05 02:17:55.844011+00:00
cust_ext_1001,Клиент 1001,+79990001001,user_1001@example.com,2026-02-08 11:07:59.144476+00:00
cust_ext_1002,Клиент 1002,+79990001002,user_1002@example.com,2026-01-15 07:47:59.006241+00:00
cust_ext_1003,Клиент 1003,+79990001003,user_1003@example.com,2026-02-10 20:44:56.396534+00:00
cust_ext_1004,Клиент 1004,+79990001004,user_1004@example.com,2026-02-12 12:22:27.757800+00:00
cust_ext_1005,Клиент 1005,+79990001005,user_1005@example.com,2026-02-03 00:04:21.910096+00:00
cust_ext_1006,Клиент 1006,+79990001006,user_1006@example.com,2026-01-26 20:57:21.415832+00:00
cust_ext_1007,Клиент 1007,+79990001007,user_1007@example.com,2026-01-09 20:00:41.443264+00:00
cust_ext_1008,Клиент 1008,+79990001008,user_1008@example.com,2026-01-19 00:53:13.528618+00:00
cust_ext_1009,Клиент 1009,+79990001009,user_1009@example.com,2026-01-28 11:21:59.147059+00:00
cust_ext_1010,Клиент 1010,+79990001010,user_1010@example.com,2026-01-23 12:06:44.164848+00:00
cust_ext_1011,Клиент 1011,+79990001011,user_1011@example.com,2026-01-18 09:24:17.405968+00:00
cust_ext_1012,Клиент 1012,+79990001012,user_1012@example.com,2026-01-23 08:58:47.623003+00:00
cust_ext_1013,Клиент 1013,+79990001013,user_1013@example.com,2026-01-09 21:45:30.588051+00:00
cust_ext_1014,Клиент 1014,+79990001014,user_1014@example.com,2026-01-18 20:37:39.244514+00:00
cust_ext_1015,Клиент 1015,+79990001015,user_1015@example.com,2026-01-24 17:46:39.135894+00:00
cust_ext_1016,Клиент 1016,+79990001016,user_1016@example.com,2026-02-13 18:18:59.558547+00:00
cust_ext_1017,Клиент 1017,+79990001017,user_1017@example.com,2026-01-22 17:55:50.310205+00:00
cust_ext_1018,Клиент 1018,+79990001018,user_1018@example.com,2026-01-06 20:08:11.231493+00:00
cust_ext_1019,Клиент 1019,+79990001019,user_1019@example.com,2026-01-23 14:25:15.956438+00:00
cust_ext_1020,Клиент 1020,+79990001020,user_1020@example.com,2026-01-03 15:04:49.141976+00:00
cust_ext_1021,Клиент 1021,+79990001021,user_1021@example.com,2026-01-17 09:12:56.626283+00:00
cust_ext_1022,Клиент 1022,+79990001022,user_1022@example.com,2026-01-11 03:59:35.995857+00:00
cust_ext_1023,Клиент 1023,+79990001023,user_1023@example.com,2026-01-28 11:16:11.429904+00:00
cust_ext_1024,Клиент 1024,+79990001024,user_1024@example.com,2026-01-29 08:43:02.068151+00:00
cust_ext_1025,Клиент 1025,+79990001025,user_1025@example.com,2026-01-04 22:19:51.206545+00:00
cust_ext_1026,Клиент 1026,+79990001026,user_1026@example.com,2026-01-24 13:35:14.905006+00:00
cust_ext_1027,Клиент 1027,+79990001027,user_1027@example.com,2026-01-30 13:30:35.838198+00:00
cust_ext_1028,Клиент 1028,+79990001028,user_1028@example.com,2026-01-21 08:24:50.426648+00:00
cust_ext_1029,Клиент 1029,+79990001029,user_1029@example.com,2026-01-02 19:24:53.212883+00:00
cust_ext_1030,Клиент 1030,+79990001030,user_1030@example.com,2026-01-09 19:00:38.761138+00:00
cust_ext_1031,Клиент 1031,+79990001031,user_1031@example.com,2026-01-31 18:18:55.674494+00:00
cust_ext_1032,Клиент 1032,+79990001032,user_1032@example.com,2026-01-18 15:29:58.055368+00:00
cust_ext_1033,Клиент 1033,+79990001033,user_1033@example.com,2026-01-26 18:31:50.421860+00:00
cust_ext_1034,Клиент 1034,+79990001034,user_1034@example.com,2026-01-17 15:43:48.294179+00:00
cust_ext_1035,Клиент 1035,+79990001035,user_1035@example.com,2026-01-06 16:05:19.829885+00:00
cust_ext_1036,Клиент 1036,+79990001036,user_1036@example.com,2026-02-01 08:08:27.240322+00:00
cust_ext_1037,Клиент 1037,+79990001037,user_1037@example.com,2026-01-23 22:20:55.803192+00:00
cust_ext_1038,Клиент 1038,+79990001038,user_1038@example.com,2026-01-22 15:56:55.400038+00:00
cust_ext_1039,Клиент 1039,+79990001039,user_1039@example.com,2026-01-13 18:53:59.427231+00:00
cust_ext_1040,Клиент 1040,+79990001040,user_1040@example.com,2026-01-20 17:54:27.546456+00:00
cust_ext_1041,Клиент 1041,+79990001041,user_1041@example.com,2026-01-08 15:18:59.277075+00:00
cust_ext_1042,Клиент 1042,+79990001042,user_1042@example.com,2026-01-24 16:40:09.096420+00:00
cust_ext_1043,Клиент 1043,+79990001043,user_1043@example.com,2026-01-09 14:35:29.698281+00:00
cust_ext_1044,Клиент 1044,+79990001044,user_1044@example.com,2026-01-04 15:45:11.004099+00:00
cust_ext_1045,Клиент 1045,+79990001045,user_1045@example.com,2026-01-02 03:20:48.071214+00:00
cust_ext_1046,Клиент 1046,+79990001046,user_1046@example.com,2026-02-06 12:57:21.557528+00:00
cust_ext_1047,Клиент 1047,+79990001047,user_1047@example.com,2026-01-02 23:31:55.737855+00:00
cust_ext_1048,Клиент 1048,+79990001048,user_1048@example.com,2026-01-21 18:35:06.950866+00:00
cust_ext_1049,Клиент 1049,+79990001049,user_1049@example.com,2026-01-10 22:08:08.078320+00:00
cust_ext_1050,Клиент 1050,+79990001050,user_1050@example.com,2026-01-14 01:26:54.247984+00:00
cust_ext_1051,Клиент 1051,+79990001051,user_1051@example.com,2026-02-04 14:22:44.953574+00:00
cust_ext_1052,Клиент 1052,+79990001052,user_1052@example.com,2026-02-10 00:00:28.908671+00:00
cust_ext_1053,Клиент 1053,+79990001053,user_1053@example.com,2026-02-01 04:26:18.214158+00:00
cust_ext_1054,Клиент 1054,+79990001054,user_1054@example.com,2026-02-04 19:16:02.331048+00:00
cust_ext_1055,Клиент 1055,+79990001055,user_1055@example.com,2026-01-16 18:25:27.745567+00:00
cust_ext_1056,Клиент 1056,+79990001056,user_1056@example.com,2026-01-30 21:38:08.185806+00:00
cust_ext_1057,Клиент 1057,+79990001057,user_1057@example.com,2026-02-10 06:30:50.228291+00:00
cust_ext_1058,Клиент 1058,+79990001058,user_1058@example.com,2026-01-15 04:52:08.227340+00:00
cust_ext_1059,Клиент 1059,+79990001059,user_1059@example.com,2026-01-11 22:38:48.405452+00:00
cust_ext_1060,Клиент 1060,+79990001060,user_1060@example.com,2026-01-15 13:02:39.759829+00:00
cust_ext_1061,Клиент 1061,+79990001061,user_1061@example.com,2026-01-23 20:05:43.833729+00:00
cust_ext_1062,Клиент 1062,+79990001062,user_1062@example.com,2026-01-14 17:17:27.122776+00:00
cust_ext_1063,Клиент 1063,+79990001063,user_1063@example.com,2026-01-09 19:38:34.764919+00:00
cust_ext_1064,Клиент 1064,+79990001064,user_1064@example.com,2026-01-21 08:19:47.605625+00:00
cust_ext_1065,Клиент 1065,+79990001065,user_1065@example.com,2026-01-02 19:42:10.468378+00:00
cust_ext_1066,Клиент 1066,+79990001066,user_1066@example.com,2026-01-21 22:20:36.737662+00:00
cust_ext_1067,Клиент 1067,+79990001067,user_1067@example.com,2026-02-01 23:27:41.453972+00:00
cust_ext_1068,Клиент 1068,+79990001068,user_1068@example.com,2026-02-14 08:29:36.751098+00:00
cust_ext_1069,Клиент 1069,+79990001069,user_1069@example.com,2026-01-22 21:59:36.495219+00:00
cust_ext_1070,Клиент 1070,+79990001070,user_1070@example.com,2026-01-15 13:40:02.525176+00:00
cust_ext_1071,Клиент 1071,+79990001071,user_1071@example.com,2026-01-08 05:02:13.723204+00:00
cust_ext_1072,Клиент 1072,+79990001072,user_1072@example.com,2026-01-29 23:12:52.454112+00:00
cust_ext_1073,Клиент 1073,+79990001073,user_1073@example.com,2026-01-02 16:17:24.061885+00:00
cust_ext_1074,Клиент 1074,+79990001074,user_1074@example.com,2026-02-03 18:59:51.930517+00:00
cust_ext_1075,Клиент 1075,+79990001075,user_1075@example.com,2026-01-03 04:31:48.069802+00:00
cust_ext_1076,Клиент 1076,+79990001076,user_1076@example.com,2026-01-30 00:48:33.527270+00:00
cust_ext_1077,Клиент 1077,+79990001077,user_1077@example.com,2026-02-05 17:08:34.924329+00:00
cust_ext_1078,Клиент 1078,+79990001078,user_1078@example.com,2026-01-28 06:04:13.329768+00:00
cust_ext_1079,Клиент 1079,+79990001079,user_1079@example.com,2026-01-14 22:28:58.145373+00:00
cust_ext_1080,Клиент 1080,+79990001080,user_1080@example.com,2026-01-16 15:33:29.546457+00:00
cust_ext_1081,Клиент 1081,+79990001081,user_1081@example.com,2026-01-28 00:32:21.631892+00:00
cust_ext_1082,Клиент 1082,+79990001082,user_1082@example.com,2026-01-30 12:21:20.172379+00:00
cust_ext_1083,Клиент 1083,+79990001083,user_1083@example.com,2026-01-24 07:41:35.673971+00:00
cust_ext_1084,Клиент 1084,+79990001084,user_1084@example.com,2026-01-07 12:10:55.405323+00:00
cust_ext_1085,Клиент 1085,+79990001085,user_1085@example.com,2026-01-09 18:52:17.449704+00:00
cust_ext_1086,Клиент 1086,+79990001086,user_1086@example.com,2026-01-30 08:22:56.250525+00:00
cust_ext_1087,Клиент 1087,+79990001087,user_1087@example.com,2026-01-16 04:51:27.659359+00:00
cust_ext_1088,Клиент 1088,+79990001088,user_1088@example.com,2026-01-15 16:10:00.703557+00:00
cust_ext_1089,Клиент 1089,+79990001089,user_1089@example.com,2026-01-02 04:28:37.107285+00:00
cust_ext_1090,Клиент 1090,+79990001090,user_1090@example.com,2026-01-05 06:44:49.251024+00:00
cust_ext_1091,Клиент 1091,+79990001091,user_1091@example.com,2026-02-05 05:14:18.161156+00:00
cust_ext_1092,Клиент 1092,+79990001092,user_1092@example.com,2026-02-03 16:29:46.077179+00:00
cust_ext_1093,Клиент 1093,+79990001093,user_1093@example.com,2026-01-04 18:55:49.782037+00:00
cust_ext_1094,Клиент 1094,+79990001094,user_1094@example.com,2026-02-14 06:17:00.113907+00:00
cust_ext_1095,Клиент 1095,+79990001095,user_1095@example.com,2026-01-23 02:33:08.097307+00:00
cust_ext_1096,Клиент 1096,+79990001096,user_1096@example.com,2026-01-25 12:09:54.153425+00:00
cust_ext_1097,Клиент 1097,+79990001097,user_1097@example.com,2026-01-23 19:38:15.605124+00:00
cust_ext_1098,Клиент 1098,+79990001098,user_1098@example.com,2026-01-06 04:34:06.963239+00:00
cust_ext_1099,Клиент 1099,+79990001099,user_1099@example.com,2026-02-13 02:54:37.802091+00:00
cust_ext_1100,Клиент 1100,+79990001100,user_1100@example.com,2026-02-01 15:24:42.873753+00:00
cust_ext_1101,Клиент 1101,+79990001101,user_1101@example.com,2026-01-29 08:59:44.503947+00:00
cust_ext_1102,Клиент 1102,+79990001102,user_1102@example.com,2026-02-04 18:43:07.495318+00:00
cust_ext_1103,Клиент 1103,+79990001103,user_1103@example.com,2026-01-22 03:24:50.927734+00:00
cust_ext_1104,Клиент 1104,+79990001104,user_1104@example.com,2026-01-16 23:07:52.188669+00:00
cust_ext_1105,Клиент 1105,+79990001105,user_1105@example.com,2026-01-22 20:01:10.482336+00:00
cust_ext_1106,Клиент 1106,+79990001106,user_1106@example.com,2026-02-11 00:00:33.985668+00:00
cust_ext_1107,Клиент 1107,+79990001107,user_1107@example.com,2026-02-05 12:55:10.295799+00:00
cust_ext_1108,Клиент 1108,+79990001108,user_1108@example.com,2026-01-18 06:25:54.534245+00:00
cust_ext_1109,Клиент 1109,+79990001109,user_1109@example.com,2026-02-04 07:21:24.756465+00:00
cust_ext_1110,Клиент 1110,+79990001110,user_1110@example.com,2026-02-14 06:23:13.274422+00:00
cust_ext_1111,Клиент 1111,+79990001111,user_1111@example.com,2026-01-11 18:32:10.787232+00:00
cust_ext_1112,Клиент 1112,+79990001112,user_1112@example.com,2026-01-18 20:22:44.098804+00:00
cust_ext_1113,Клиент 1113,+79990001113,user_1113@example.com,2026-01-29 07:24:09.657751+00:00
cust_ext_1114,Клиент 1114,+79990001114,user_1114@example.com,2026-01-24 02:06:40.298057+00:00
cust_ext_1115,Клиент 1115,+79990001115,user_1115@example.com,2026-02-01 21:12:33.655152+00:00
cust_ext_1116,Клиент 1116,+79990001116,user_1116@example.com,2026-01-12 21:37:20.110345+00:00
cust_ext_1117,Клиент 1117,+79990001117,user_1117@example.com,2026-01-05 00:46:28.939412+00:00
cust_ext_1118,Клиент 1118,+79990001118,user_1118@example.com,2026-02-07 23:41:31.298174+00:00
cust_ext_1119,Клиент 1119,+79990001119,user_1119@example.com,2026-01-25 09:08:23.304556+00:00
cust_ext_1120,Клиент 1120,+79990001120,user_1120@example.com,2026-01-02 15:39:41.206088+00:00
cust_ext_1121,Клиент 1121,+79990001121,user_1121@example.com,2026-01-01 08:21:38.873837+00:00
cust_ext_1122,Клиент 1122,+79990001122,user_1122@example.com,2026-01-06 13:38:34.835185+00:00
cust_ext_1123,Клиент 1123,+79990001123,user_1123@example.com,2026-02-10 05:15:40.655855+00:00
cust_ext_1124,Клиент 1124,+79990001124,user_1124@example.com,2026-01-31 22:56:35.461133+00:00
cust_ext_1125,Клиент 1125,+79990001125,user_1125@example.com,2026-02-11 02:48:27.058335+00:00
cust_ext_1126,Клиент 1126,+79990001126,user_1126@example.com,2026-01-14 02:39:13.542783+00:00
cust_ext_1127,Клиент 1127,+79990001127,user_1127@example.com,2026-02-10 05:43:43.183342+00:00
cust_ext_1128,Клиент 1128,+79990001128,user_1128@example.com,2026-02-08 08:24:22.268388+00:00
cust_ext_1129,Клиент 1129,+79990001129,user_1129@example.com,2026-01-17 15:25:49.444447+00:00
cust_ext_1130,Клиент 1130,+79990001130,user_1130@example.com,2026-01-02 18:33:35.899915+00:00
cust_ext_1131,Клиент 1131,+79990001131,user_1131@example.com,2026-01-30 19:13:00.925948+00:00
cust_ext_1132,Клиент 1132,+79990001132,user_1132@example.com,2026-01-24 20:57:35.286277+00:00
cust_ext_1133,Клиент 1133,+79990001133,user_1133@example.com,2026-02-10 20:56:48.695434+00:00
cust_ext_1134,Клиент 1134,+79990001134,user_1134@example.com,2026-02-10 09:27:53.741877+00:00
cust_ext_1135,Клиент 1135,+79990001135,user_1135@example.com,2026-02-12 10:49:33.571766+00:00
cust_ext_1136,Клиент 1136,+79990001136,user_1136@example.com,2026-01-11 06:35:41.239837+00:00
cust_ext_1137,Клиент 1137,+79990001137,user_1137@example.com,2026-01-12 12:49:11.998042+00:00
cust_ext_1138,Клиент 1138,+79990001138,user_1138@example.com,2026-01-14 23:29:43.251375+00:00
cust_ext_1139,Клиент 1139,+79990001139,user_1139@example.com,2026-02-14 06:07:21.827927+00:00
cust_ext_1140,Клиент 1140,+79990001140,user_1140@example.com,2026-01-17 04:05:20.335515+00:00
cust_ext_1141,Клиент 1141,+79990001141,user_1141@example.com,2026-02-08 10:28:41.297432+00:00
cust_ext_1142,Клиент 1142,+79990001142,user_1142@example.com,2026-01-12 18:37:57.725113+00:00
cust_ext_1143,Клиент 1143,+79990001143,user_1143@example.com,2026-02-14 09:18:54.487615+00:00
cust_ext_1144,Клиент 1144,+79990001144,user_1144@example.com,2026-02-02 18:33:30.529709+00:00
cust_ext_1145,Клиент 1145,+79990001145,user_1145@example.com,2026-01-30 01:30:23.206620+00:00
cust_ext_1146,Клиент 1146,+79990001146,user_1146@example.com,2026-01-21 21:53:29.854314+00:00
cust_ext_1147,Клиент 1147,+79990001147,user_1147@example.com,2026-01-26 22:19:50.543919+00:00
cust_ext_1148,Клиент 1148,+79990001148,user_1148@example.com,2026-01-05 08:53:46.222986+00:00
cust_ext_1149,Клиент 1149,+79990001149,user_1149@example.com,2026-01-25 21:16:56.403816+00:00
cust_ext_1150,Клиент 1150,+79990001150,user_1150@example.com,2026-01-29 06:22:50.726384+00:00
cust_ext_1151,Клиент 1151,+79990001151,user_1151@example.com,2026-01-22 01:01:25.918213+00:00
cust_ext_1152,Клиент 1152,+79990001152,user_1152@example.com,2026-02-12 12:54:54.881348+00:00
cust_ext_1153,Клиент 1153,+79990001153,user_1153@example.com,2026-01-27 09:33:59.124052+00:00
cust_ext_1154,Клиент 1154,+79990001154,user_1154@example.com,2026-01-07 15:35:02.748531+00:00
cust_ext_1155,Клиент 1155,+79990001155,user_1155@example.com,2026-01-01 13:37:19.360557+00:00
cust_ext_1156,Клиент 1156,+79990001156,user_1156@example.com,2026-01-31 12:05:02.422917+00:00
cust_ext_1157,Клиент 1157,+79990001157,user_1157@example.com,2026-02-07 16:13:13.974505+00:00
cust_ext_1158,Клиент 1158,+79990001158,user_1158@example.com,2026-01-05 06:13:46.433915+00:00
cust_ext_1159,Клиент 1159,+79990001159,user_1159@example.com,2026-01-31 13:12:03.766248+00:00
cust_ext_1160,Клиент 1160,+79990001160,user_1160@example.com,2026-01-26 00:06:48.952106+00:00
cust_ext_1161,Клиент 1161,+79990001161,user_1161@example.com,2026-02-02 07:32:23.701168+00:00
cust_ext_1162,Клиент 1162,+79990001162,user_1162@example.com,2026-02-02 21:14:33.647025+00:00
cust_ext_1163,Клиент 1163,+79990001163,user_1163@example.com,2026-02-07 23:13:50.094881+00:00
cust_ext_1164,Клиент 1164,+79990001164,user_1164@example.com,2026-02-10 18:02:46.961520+00:00
cust_ext_1165,Клиент 1165,+79990001165,user_1165@example.com,2026-01-19 04:17:58.109268+00:00
cust_ext_1166,Клиент 1166,+79990001166,user_1166@example.com,2026-01-19 11:54:00.192846+00:00
cust_ext_1167,Клиент 1167,+79990001167,user_1167@example.com,2026-01-29 02:20:25.105981+00:00
cust_ext_1168,Клиент 1168,+79990001168,user_1168@example.com,2026-01-27 10:18:29.807643+00:00
cust_ext_1169,Клиент 1169,+79990001169,user_1169@example.com,2026-01-10 12:17:35.895888+00:00
cust_ext_1170,Клиент 1170,+79990001170,user_1170@example.com,2026-01-14 00:13:00.342678+00:00
cust_ext_1171,Клиент 1171,+79990001171,user_1171@example.com,2026-01-17 09:41:31.569847+00:00
cust_ext_1172,Клиент 1172,+79990001172,user_1172@example.com,2026-02-11 06:47:25.298358+00:00
cust_ext_1173,Клиент 1173,+79990001173,user_1173@example.com,2026-01-08 15:53:14.756040+00:00
cust_ext_1174,Клиент 1174,+79990001174,user_1174@example.com,2026-02-01 07:15:20.931615+00:00
cust_ext_1175,Клиент 1175,+79990001175,user_1175@example.com,2026-01-30 09:35:06.297165+00:00
cust_ext_1176,Клиент 1176,+79990001176,user_1176@example.com,2026-02-06 23:50:51.832890+00:00
cust_ext_1177,Клиент 1177,+79990001177,user_1177@example.com,2026-02-11 03:15:58.012045+00:00
cust_ext_1178,Клиент 1178,+79990001178,user_1178@example.com,2026-01-11 08:30:22.034761+00:00
cust_ext_1179,Клиент 1179,+79990001179,user_1179@example.com,2026-02-12 21:25:02.848272+00:00
cust_ext_1180,Клиент 1180,+79990001180,user_1180@example.com,2026-01-04 16:16:44.470851+00:00
cust_ext_1181,Клиент 1181,+79990001181,user_1181@example.com,2026-02-05 14:35:07.722631+00:00
cust_ext_1182,Клиент 1182,+79990001182,user_1182@example.com,2026-01-07 06:07:27.244976+00:00
cust_ext_1183,Клиент 1183,+79990001183,user_1183@example.com,2026-02-07 09:14:11.888895+00:00
cust_ext_1184,Клиент 1184,+79990001184,user_1184@example.com,2026-02-13 18:41:02.651831+00:00
cust_ext_1185,Клиент 1185,+79990001185,user_1185@example.com,2026-01-16 13:24:08.664666+00:00
cust_ext_1186,Клиент 1186,+79990001186,user_1186@example.com,2026-01-26 12:41:30.075006+00:00
cust_ext_1187,Клиент 1187,+79990001187,user_1187@example.com,2026-02-02 05:44:28.581454+00:00
cust_ext_1188,Клиент 1188,+79990001188,user_1188@example.com,2026-01-28 09:34:11.448965+00:00
cust_ext_1189,Клиент 1189,+79990001189,user_1189@example.com,2026-01-03 23:37:49.975414+00:00
cust_ext_1190,Клиент 1190,+79990001190,user_1190@example.com,2026-01-16 23:23:31.382873+00:00
cust_ext_1191,Клиент 1191,+79990001191,user_1191@example.com,2026-01-29 02:07:24.652611+00:00
cust_ext_1192,Клиент 1192,+79990001192,user_1192@example.com,2026-02-07 02:55:35.879102+00:00
cust_ext_1193,Клиент 1193,+79990001193,user_1193@example.com,2026-01-11 10:08:19.785754+00:00
cust_ext_1194,Клиент 1194,+79990001194,user_1194@example.com,2026-01-10 20:48:11.025850+00:00
cust_ext_1195,Клиент 1195,+79990001195,user_1195@example.com,2026-01-12 11:40:33.854603+00:00
cust_ext_1196,Клиент 1196,+79990001196,user_1196@example.com,2026-01-28 10:01:16.666861+00:00
cust_ext_1197,Клиент 1197,+79990001197,user_1197@example.com,2026-01-16 23:49:24.288291+00:00
cust_ext_1198,Клиент 1198,+79990001198,user_1198@example.com,2026-01-11 11:26:21.328049+00:00
cust_ext_1199,Клиент 1199,+79990001199,user_1199@example.com,2026-01-29 17:03:12.689634+00:00
cust_ext_1200,Клиент 1200,+79990001200,user_1200@example.com,2026-01-27 01:02:41.945072+00:00
cust_ext_1201,Клиент 1201,+79990001201,user_1201@example.com,2026-02-14 13:07:17.399401+00:00
cust_ext_1202,Клиент 1202,+79990001202,user_1202@example.com,2026-01-03 10:39:19.073197+00:00
cust_ext_1203,Клиент 1203,+79990001203,user_1203@example.com,2026-02-14 18:35:12.761583+00:00
cust_ext_1204,Клиент 1204,+79990001204,user_1204@example.com,2026-01-22 20:52:25.822934+00:00
cust_ext_1205,Клиент 1205,+79990001205,user_1205@example.com,2026-01-15 14:08:30.159459+00:00
cust_ext_1206,Клиент 1206,+79990001206,user_1206@example.com,2026-02-14 15:59:50.226121+00:00
cust_ext_1207,Клиент 1207,+79990001207,user_1207@example.com,2026-01-06 07:25:31.551802+00:00
cust_ext_1208,Клиент 1208,+79990001208,user_1208@example.com,2026-01-06 08:44:36.192602+00:00
cust_ext_1209,Клиент 1209,+79990001209,user_1209@example.com,2026-02-03 03:25:53.607492+00:00
cust_ext_1210,Клиент 1210,+79990001210,user_1210@example.com,2026-01-19 09:26:18.607354+00:00
cust_ext_1211,Клиент 1211,+79990001211,user_1211@example.com,2026-02-12 22:17:45.010338+00:00
cust_ext_1212,Клиент 1212,+79990001212,user_1212@example.com,2026-02-12 11:57:56.505086+00:00
cust_ext_1213,Клиент 1213,+79990001213,user_1213@example.com,2026-01-01 18:36:50.855885+00:00
cust_ext_1214,Клиент 1214,+79990001214,user_1214@example.com,2026-01-17 16:19:37.309391+00:00
cust_ext_1215,Клиент 1215,+79990001215,user_1215@example.com,2026-01-04 02:39:32.927218+00:00
cust_ext_1216,Клиент 1216,+79990001216,user_1216@example.com,2026-01-15 23:24:35.721696+00:00
cust_ext_1217,Клиент 1217,+79990001217,user_1217@example.com,2026-02-08 15:03:27.502891+00:00
cust_ext_1218,Клиент 1218,+79990001218,user_1218@example.com,2026-01-18 03:47:11.644573+00:00
cust_ext_1219,Клиент 1219,+79990001219,user_1219@example.com,2026-01-15 08:33:22.493136+00:00
cust_ext_1220,Клиент 1220,+79990001220,user_1220@example.com,2026-01-12 06:32:56.065849+00:00
cust_ext_1221,Клиент 1221,+79990001221,user_1221@example.com,2026-01-20 01:04:53.606072+00:00
cust_ext_1222,Клиент 1222,+79990001222,user_1222@example.com,2026-01-14 23:11:33.322690+00:00
cust_ext_1223,Клиент 1223,+79990001223,user_1223@example.com,2026-02-11 04:54:14.857507+00:00
cust_ext_1224,Клиент 1224,+79990001224,user_1224@example.com,2026-01-26 18:57:03.933032+00:00
cust_ext_1225,Клиент 1225,+79990001225,user_1225@example.com,2026-01-06 22:40:06.362400+00:00
cust_ext_1226,Клиент 1226,+79990001226,user_1226@example.com,2026-01-14 12:51:19.898926+00:00
cust_ext_1227,Клиент 1227,+79990001227,user_1227@example.com,2026-01-11 14:30:46.811711+00:00
cust_ext_1228,Клиент 1228,+79990001228,user_1228@example.com,2026-01-01 14:15:11.532329+00:00
cust_ext_1229,Клиент 1229,+79990001229,user_1229@example.com,2026-01-08 05:31:23.243941+00:00
cust_ext_1230,Клиент 1230,+79990001230,user_1230@example.com,2026-01-04 01:57:08.088869+00:00
cust_ext_1231,Клиент 1231,+79990001231,user_1231@example.com,2026-01-12 01:35:17.274346+00:00
cust_ext_1232,Клиент 1232,+79990001232,user_1232@example.com,2026-01-15 05:31:21.723959+00:00
cust_ext_1233,Клиент 1233,+79990001233,user_1233@example.com,2026-01-28 10:25:09.439641+00:00
cust_ext_1234,Клиент 1234,+79990001234,user_1234@example.com,2026-01-26 04:17:43.206619+00:00
cust_ext_1235,Клиент 1235,+79990001235,user_1235@example.com,2026-01-22 20:17:57.178800+00:00
cust_ext_1236,Клиент 1236,+79990001236,user_1236@example.com,2026-01-20 22:04:17.646296+00:00
cust_ext_1237,Клиент 1237,+79990001237,user_1237@example.com,2026-01-01 20:21:45.442171+00:00
cust_ext_1238,Клиент 1238,+79990001238,user_1238@example.com,2026-01-07 01:07:55.183210+00:00
cust_ext_1239,Клиент 1239,+79990001239,user_1239@example.com,2026-01-10 01:04:43.081665+00:00
cust_ext_1240,Клиент 1240,+79990001240,user_1240@example.com,2026-01-16 03:03:58.674099+00:00
cust_ext_1241,Клиент 1241,+79990001241,user_1241@example.com,2026-02-10 21:46:37.286413+00:00
cust_ext_1242,Клиент 1242,+79990001242,user_1242@example.com,2026-01-08 02:43:17.733123+00:00
cust_ext_1243,Клиент 1243,+79990001243,user_1243@example.com,2026-02-02 07:13:28.640474+00:00
cust_ext_1244,Клиент 1244,+79990001244,user_1244@example.com,2026-02-01 14:10:47.709778+00:00
cust_ext_1245,Клиент 1245,+79990001245,user_1245@example.com,2026-01-29 21:55:18.812853+00:00
cust_ext_1246,Клиент 1246,+79990001246,user_1246@example.com,2026-01-07 08:13:05.942793+00:00
cust_ext_1247,Клиент 1247,+79990001247,user_1247@example.com,2026-01-11 19:22:51.978089+00:00
cust_ext_1248,Клиент 1248,+79990001248,user_1248@example.com,2026-01-03 12:15:51.931624+00:00
cust_ext_1249,Клиент 1249,+79990001249,user_1249@example.com,2026-01-02 20:27:57.618860+00:00
cust_ext_1250,Клиент 1250,+79990001250,user_1250@example.com,2026-01-13 15:55:25.904308+00:00
cust_ext_1251,Клиент 1251,+79990001251,user_1251@example.com,2026-01-01 06:44:15.366341+00:00
cust_ext_1252,Клиент 1252,+79990001252,user_1252@example.com,2026-01-23 18:15:36.305040+00:00
cust_ext_1253,Клиент 1253,+79990001253,user_1253@example.com,2026-01-06 05:57:47.092517+00:00
cust_ext_1254,Клиент 1254,+79990001254,user_1254@example.com,2026-02-05 01:30:44.700887+00:00
cust_ext_1255,Клиент 1255,+79990001255,user_1255@example.com,2026-01-08 22:31:26.251712+00:00
cust_ext_1256,Клиент 1256,+79990001256,user_1256@example.com,2026-01-08 00:02:39.431423+00:00
cust_ext_1257,Клиент 1257,+79990001257,user_1257@example.com,2026-01-13 17:37:34.538344+00:00
cust_ext_1258,Клиент 1258,+79990001258,user_1258@example.com,2026-01-09 04:07:05.979634+00:00
cust_ext_1259,Клиент 1259,+79990001259,user_1259@example.com,2026-01-13 07:03:22.059761+00:00
cust_ext_1260,Клиент 1260,+79990001260,user_1260@example.com,2026-01-31 09:55:21.736650+00:00
cust_ext_1261,Клиент 1261,+79990001261,user_1261@example.com,2026-01-03 08:14:08.120151+00:00
cust_ext_1262,Клиент 1262,+79990001262,user_1262@example.com,2026-01-09 23:34:49.436977+00:00
cust_ext_1263,Клиент 1263,+79990001263,user_1263@example.com,2026-01-04 21:48:19.489764+00:00
cust_ext_1264,Клиент 1264,+79990001264,user_1264@example.com,2026-01-23 22:13:09.061039+00:00
cust_ext_1265,Клиент 1265,+79990001265,user_1265@example.com,2026-01-03 19:42:24.246385+00:00
cust_ext_1266,Клиент 1266,+79990001266,user_1266@example.com,2026-02-05 06:48:51.545660+00:00
cust_ext_1267,Клиент 1267,+79990001267,user_1267@example.com,2026-02-08 06:16:00.093978+00:00
cust_ext_1268,Клиент 1268,+79990001268,user_1268@example.com,2026-02-04 23:44:13.881177+00:00
cust_ext_1269,Клиент 1269,+79990001269,user_1269@example.com,2026-01-06 07:25:19.294538+00:00
cust_ext_1270,Клиент 1270,+79990001270,user_1270@example.com,2026-01-16 07:51:29.804755+00:00
cust_ext_1271,Клиент 1271,+79990001271,user_1271@example.com,2026-01-30 13:07:12.229181+00:00
cust_ext_1272,Клиент 1272,+79990001272,user_1272@example.com,2026-01-04 18:36:24.894079+00:00
cust_ext_1273,Клиент 1273,+79990001273,user_1273@example.com,2026-02-13 14:09:58.335080+00:00
cust_ext_1274,Клиент 1274,+79990001274,user_1274@example.com,2026-02-12 09:20:00.784247+00:00
cust_ext_1275,Клиент 1275,+79990001275,user_1275@example.com,2026-02-04 10:04:55.583626+00:00
cust_ext_1276,Клиент 1276,+79990001276,user_1276@example.com,2026-01-23 03:53:52.854580+00:00
cust_ext_1277,Клиент 1277,+79990001277,user_1277@example.com,2026-02-13 12:04:43.957694+00:00
cust_ext_1278,Клиент 1278,+79990001278,user_1278@example.com,2026-01-19 10:49:09.468064+00:00
cust_ext_1279,Клиент 1279,+79990001279,user_1279@example.com,2026-01-16 02:48:53.610980+00:00
cust_ext_1280,Клиент 1280,+79990001280,user_1280@example.com,2026-01-26 08:26:43.319285+00:00
cust_ext_1281,Клиент 1281,+79990001281,user_1281@example.com,2026-01-17 13:30:41.581172+00:00
cust_ext_1282,Клиент 1282,+79990001282,user_1282@example.com,2026-01-11 01:26:30.230344+00:00
cust_ext_1283,Клиент 1283,+79990001283,user_1283@example.com,2026-01-08 16:33:33.992054+00:00
cust_ext_1284,Клиент 1284,+79990001284,user_1284@example.com,2026-01-07 09:20:25.455343+00:00
cust_ext_1285,Клиент 1285,+79990001285,user_1285@example.com,2026-02-03 12:46:07.369605+00:00
cust_ext_1286,Клиент 1286,+79990001286,user_1286@example.com,2026-01-17 22:54:02.954678+00:00
cust_ext_1287,Клиент 1287,+79990001287,user_1287@example.com,2026-01-27 16:22:40.099409+00:00
cust_ext_1288,Клиент 1288,+79990001288,user_1288@example.com,2026-02-02 14:05:35.055196+00:00
cust_ext_1289,Клиент 1289,+79990001289,user_1289@example.com,2026-01-01 12:44:21.366477+00:00
cust_ext_1290,Клиент 1290,+79990001290,user_1290@example.com,2026-01-10 12:33:21.065141+00:00
cust_ext_1291,Клиент 1291,+79990001291,user_1291@example.com,2026-02-13 21:31:07.435670+00:00
cust_ext_1292,Клиент 1292,+79990001292,user_1292@example.com,2026-01-16 21:48:51.008658+00:00
cust_ext_1293,Клиент 1293,+79990001293,user_1293@example.com,2026-02-11 16:07:20.008849+00:00
cust_ext_1294,Клиент 1294,+79990001294,user_1294@example.com,2026-01-04 18:49:11.773110+00:00
cust_ext_1295,Клиент 1295,+79990001295,user_1295@example.com,2026-01-29 08:40:25.890210+00:00
cust_ext_1296,Клиент 1296,+79990001296,user_1296@example.com,2026-02-10 19:12:09.175405+00:00
cust_ext_1297,Клиент 1297,+79990001297,user_1297@example.com,2026-02-01 17:13:09.386246+00:00
cust_ext_1298,Клиент 1298,+79990001298,user_1298@example.com,2026-01-23 20:41:21.072421+00:00
cust_ext_1299,Клиент 1299,+79990001299,user_1299@example.com,2026-01-02 20:01:10.805315+00:00
cust_ext_1300,Клиент 1300,+79990001300,user_1300@example.com,2026-02-10 16:00:50.905153+00:00
cust_ext_1301,Клиент 1301,+79990001301,user_1301@example.com,2026-02-06 12:54:11.067456+00:00
cust_ext_1302,Клиент 1302,+79990001302,user_1302@example.com,2026-01-07 08:12:31.556066+00:00
cust_ext_1303,Клиент 1303,+79990001303,user_1303@example.com,2026-01-11 14:19:24.435782+00:00
cust_ext_1304,Клиент 1304,+79990001304,user_1304@example.com,2026-01-15 04:32:19.710629+00:00
cust_ext_1305,Клиент 1305,+79990001305,user_1305@example.com,2026-01-31 13:24:59.167624+00:00
cust_ext_1306,Клиент 1306,+79990001306,user_1306@example.com,2026-02-12 02:36:56.291129+00:00
cust_ext_1307,Клиент 1307,+79990001307,user_1307@example.com,2026-02-11 12:04:13.626636+00:00
cust_ext_1308,Клиент 1308,+79990001308,user_1308@example.com,2026-01-11 12:47:53.104563+00:00
cust_ext_1309,Клиент 1309,+79990001309,user_1309@example.com,2026-01-23 09:43:45.928814+00:00
cust_ext_1310,Клиент 1310,+79990001310,user_1310@example.com,2026-01-08 03:13:27.126983+00:00
cust_ext_1311,Клиент 1311,+79990001311,user_1311@example.com,2026-01-16 17:27:47.245556+00:00
cust_ext_1312,Клиент 1312,+79990001312,user_1312@example.com,2026-02-12 10:27:12.648674+00:00
cust_ext_1313,Клиент 1313,+79990001313,user_1313@example.com,2026-02-13 00:04:01.689116+00:00
cust_ext_1314,Клиент 1314,+79990001314,user_1314@example.com,2026-01-25 01:08:17.138048+00:00
cust_ext_1315,Клиент 1315,+79990001315,user_1315@example.com,2026-01-13 11:14:34.622446+00:00
cust_ext_1316,Клиент 1316,+79990001316,user_1316@example.com,2026-01-24 09:03:46.300339+00:00
cust_ext_1317,Клиент 1317,+79990001317,user_1317@example.com,2026-02-08 21:44:57.726591+00:00
cust_ext_1318,Клиент 1318,+79990001318,user_1318@example.com,2026-02-03 18:38:34.748272+00:00
cust_ext_1319,Клиент 1319,+79990001319,user_1319@example.com,2026-01-02 10:00:40.355698+00:00
cust_ext_1320,Клиент 1320,+79990001320,user_1320@example.com,2026-02-05 23:53:00.175967+00:00
cust_ext_1321,Клиент 1321,+79990001321,user_1321@example.com,2026-02-03 23:14:07.049177+00:00
cust_ext_1322,Клиент 1322,+79990001322,user_1322@example.com,2026-01-11 07:41:40.563153+00:00
cust_ext_1323,Клиент 1323,+79990001323,user_1323@example.com,2026-01-10 20:48:03.007801+00:00
cust_ext_1324,Клиент 1324,+79990001324,user_1324@example.com,2026-01-03 15:56:26.956246+00:00
cust_ext_1325,Клиент 1325,+79990001325,user_1325@example.com,2026-01-28 03:04:14.175151+00:00
cust_ext_1326,Клиент 1326,+79990001326,user_1326@example.com,2026-01-21 14:22:29.815260+00:00
cust_ext_1327,Клиент 1327,+79990001327,user_1327@example.com,2026-02-13 04:16:22.954686+00:00
cust_ext_1328,Клиент 1328,+79990001328,user_1328@example.com,2026-01-23 20:40:21.781972+00:00
cust_ext_1329,Клиент 1329,+79990001329,user_1329@example.com,2026-01-16 07:31:07.740900+00:00
cust_ext_1330,Клиент 1330,+79990001330,user_1330@example.com,2026-02-13 12:41:27.797078+00:00
cust_ext_1331,Клиент 1331,+79990001331,user_1331@example.com,2026-02-12 19:31:39.523709+00:00
cust_ext_1332,Клиент 1332,+79990001332,user_1332@example.com,2026-01-03 17:18:50.803266+00:00
cust_ext_1333,Клиент 1333,+79990001333,user_1333@example.com,2026-01-22 17:16:35.501182+00:00
cust_ext_1334,Клиент 1334,+79990001334,user_1334@example.com,2026-01-27 12:55:03.434992+00:00
cust_ext_1335,Клиент 1335,+79990001335,user_1335@example.com,2026-01-31 23:45:07.065847+00:00
cust_ext_1336,Клиент 1336,+79990001336,user_1336@example.com,2026-02-14 01:15:15.450640+00:00
cust_ext_1337,Клиент 1337,+79990001337,user_1337@example.com,2026-02-04 13:27:51.530712+00:00
cust_ext_1338,Клиент 1338,+79990001338,user_1338@example.com,2026-01-06 23:06:41.759057+00:00
cust_ext_1339,Клиент 1339,+79990001339,user_1339@example.com,2026-01-07 17:59:07.037775+00:00
cust_ext_1340,Клиент 1340,+79990001340,user_1340@example.com,2026-01-28 04:04:17.121276+00:00
cust_ext_1341,Клиент 1341,+79990001341,user_1341@example.com,2026-01-02 23:43:32.936364+00:00
cust_ext_1342,Клиент 1342,+79990001342,user_1342@example.com,2026-01-21 03:05:58.910989+00:00
cust_ext_1343,Клиент 1343,+79990001343,user_1343@example.com,2026-01-06 06:37:06.082467+00:00
cust_ext_1344,Клиент 1344,+79990001344,user_1344@example.com,2026-01-31 04:40:16.137199+00:00
cust_ext_1345,Клиент 1345,+79990001345,user_1345@example.com,2026-01-12 20:52:14.790821+00:00
cust_ext_1346,Клиент 1346,+79990001346,user_1346@example.com,2026-01-17 17:55:44.479591+00:00
cust_ext_1347,Клиент 1347,+79990001347,user_1347@example.com,2026-02-05 13:23:00.523399+00:00
cust_ext_1348,Клиент 1348,+79990001348,user_1348@example.com,2026-01-22 14:53:19.439848+00:00
cust_ext_1349,Клиент 1349,+79990001349,user_1349@example.com,2026-01-04 13:10:19.979842+00:00
cust_ext_1350,Клиент 1350,+79990001350,user_1350@example.com,2026-01-12 09:20:49.569489+00:00
cust_ext_1351,Клиент 1351,+79990001351,user_1351@example.com,2026-01-07 22:47:47.471896+00:00
cust_ext_1352,Клиент 1352,+79990001352,user_1352@example.com,2026-02-14 07:59:42.196995+00:00
cust_ext_1353,Клиент 1353,+79990001353,user_1353@example.com,2026-02-13 14:14:21.979195+00:00
cust_ext_1354,Клиент 1354,+79990001354,user_1354@example.com,2026-01-13 15:08:56.723597+00:00
cust_ext_1355,Клиент 1355,+79990001355,user_1355@example.com,2026-01-19 12:25:17.490497+00:00
cust_ext_1356,Клиент 1356,+79990001356,user_1356@example.com,2026-02-04 22:31:26.073801+00:00
cust_ext_1357,Клиент 1357,+79990001357,user_1357@example.com,2026-02-02 04:38:47.279412+00:00
cust_ext_1358,Клиент 1358,+79990001358,user_1358@example.com,2026-02-05 17:24:14.499367+00:00
cust_ext_1359,Клиент 1359,+79990001359,user_1359@example.com,2026-01-09 08:09:54.952400+00:00
cust_ext_1360,Клиент 1360,+79990001360,user_1360@example.com,2026-02-14 00:05:59.541927+00:00
cust_ext_1361,Клиент 1361,+79990001361,user_1361@example.com,2026-01-09 09:49:19.955764+00:00
cust_ext_1362,Клиент 1362,+79990001362,user_1362@example.com,2026-02-04 12:59:50.808411+00:00
cust_ext_1363,Клиент 1363,+79990001363,user_1363@example.com,2026-01-15 07:51:00.392712+00:00
cust_ext_1364,Клиент 1364,+79990001364,user_1364@example.com,2026-01-24 14:33:30.310398+00:00
cust_ext_1365,Клиент 1365,+79990001365,user_1365@example.com,2026-01-15 23:05:55.116890+00:00
cust_ext_1366,Клиент 1366,+79990001366,user_1366@example.com,2026-01-01 04:01:18.008953+00:00
cust_ext_1367,Клиент 1367,+79990001367,user_1367@example.com,2026-01-05 13:39:25.205433+00:00
cust_ext_1368,Клиент 1368,+79990001368,user_1368@example.com,2026-02-10 08:30:40.580212+00:00
cust_ext_1369,Клиент 1369,+79990001369,user_1369@example.com,2026-01-17 10:16:56.260799+00:00
cust_ext_1370,Клиент 1370,+79990001370,user_1370@example.com,2026-01-21 04:15:14.995238+00:00
cust_ext_1371,Клиент 1371,+79990001371,user_1371@example.com,2026-02-11 08:32:35.423476+00:00
cust_ext_1372,Клиент 1372,+79990001372,user_1372@example.com,2026-02-13 23:15:25.693700+00:00
cust_ext_1373,Клиент 1373,+79990001373,user_1373@example.com,2026-01-30 10:47:49.746729+00:00
cust_ext_1374,Клиент 1374,+79990001374,user_1374@example.com,2026-01-07 09:11:41.152672+00:00
cust_ext_1375,Клиент 1375,+79990001375,user_1375@example.com,2026-01-18 20:25:00.703779+00:00
cust_ext_1376,Клиент 1376,+79990001376,user_1376@example.com,2026-02-09 19:01:32.391023+00:00
cust_ext_1377,Клиент 1377,+79990001377,user_1377@example.com,2026-01-24 19:19:49.328046+00:00
cust_ext_1378,Клиент 1378,+79990001378,user_1378@example.com,2026-01-11 08:05:09.792848+00:00
cust_ext_1379,Клиент 1379,+79990001379,user_1379@example.com,2026-01-10 06:20:06.837651+00:00
cust_ext_1380,Клиент 1380,+79990001380,user_1380@example.com,2026-01-13 14:18:57.344541+00:00
cust_ext_1381,Клиент 1381,+79990001381,user_1381@example.com,2026-01-29 07:03:23.342395+00:00
cust_ext_1382,Клиент 1382,+79990001382,user_1382@example.com,2026-02-04 10:30:32.531954+00:00
cust_ext_1383,Клиент 1383,+79990001383,user_1383@example.com,2026-01-23 11:18:00.521534+00:00
cust_ext_1384,Клиент 1384,+79990001384,user_1384@example.com,2026-01-27 21:27:52.187984+00:00
cust_ext_1385,Клиент 1385,+79990001385,user_1385@example.com,2026-01-01 17:46:26.295066+00:00
cust_ext_1386,Клиент 1386,+79990001386,user_1386@example.com,2026-01-17 01:24:48.189081+00:00
cust_ext_1387,Клиент 1387,+79990001387,user_1387@example.com,2026-02-09 06:53:22.695842+00:00
cust_ext_1388,Клиент 1388,+79990001388,user_1388@example.com,2026-01-21 00:05:44.575594+00:00
cust_ext_1389,Клиент 1389,+79990001389,user_1389@example.com,2026-02-14 11:18:44.683994+00:00
cust_ext_1390,Клиент 1390,+79990001390,user_1390@example.com,2026-01-10 07:55:36.294225+00:00
cust_ext_1391,Клиент 1391,+79990001391,user_1391@example.com,2026-01-20 04:17:55.395273+00:00
cust_ext_1392,Клиент 1392,+79990001392,user_1392@example.com,2026-01-22 04:54:45.836161+00:00
cust_ext_1393,Клиент 1393,+79990001393,user_1393@example.com,2026-01-03 16:16:03.313276+00:00
cust_ext_1394,Клиент 1394,+79990001394,user_1394@example.com,2026-02-05 08:39:10.769927+00:00
cust_ext_1395,Клиент 1395,+79990001395,user_1395@example.com,2026-01-17 09:19:53.071374+00:00
cust_ext_1396,Клиент 1396,+79990001396,user_1396@example.com,2026-02-01 18:52:15.940224+00:00
cust_ext_1397,Клиент 1397,+79990001397,user_1397@example.com,2026-02-07 03:42:01.057801+00:00
cust_ext_1398,Клиент 1398,+79990001398,user_1398@example.com,2026-01-02 16:09:44.016898+00:00
cust_ext_1399,Клиент 1399,+79990001399,user_1399@example.com,2026-01-23 00:32:41.616392+00:00
cust_ext_1400,Клиент 1400,+79990001400,user_1400@example.com,2026-02-04 19:21:44.330517+00:00
cust_ext_1401,Клиент 1401,+79990001401,user_1401@example.com,2026-01-12 00:54:56.092307+00:00
cust_ext_1402,Клиент 1402,+79990001402,user_1402@example.com,2026-01-21 15:59:34.369617+00:00
cust_ext_1403,Клиент 1403,+79990001403,user_1403@example.com,2026-01-05 10:48:20.033462+00:00
cust_ext_1404,Клиент 1404,+79990001404,user_1404@example.com,2026-02-13 09:39:57.765147+00:00
cust_ext_1405,Клиент 1405,+79990001405,user_1405@example.com,2026-01-07 03:42:55.343289+00:00
cust_ext_1406,Клиент 1406,+79990001406,user_1406@example.com,2026-01-15 02:11:47.085148+00:00
cust_ext_1407,Клиент 1407,+79990001407,user_1407@example.com,2026-02-04 19:08:16.619978+00:00
cust_ext_1408,Клиент 1408,+79990001408,user_1408@example.com,2026-02-07 12:07:48.988164+00:00
cust_ext_1409,Клиент 1409,+79990001409,user_1409@example.com,2026-01-15 14:59:25.432966+00:00
cust_ext_1410,Клиент 1410,+79990001410,user_1410@example.com,2026-01-22 18:48:53.718331+00:00
cust_ext_1411,Клиент 1411,+79990001411,user_1411@example.com,2026-02-14 01:03:41.128511+00:00
cust_ext_1412,Клиент 1412,+79990001412,user_1412@example.com,2026-01-29 04:24:48.779241+00:00
cust_ext_1413,Клиент 1413,+79990001413,user_1413@example.com,2026-02-12 03:42:01.046743+00:00
cust_ext_1414,Клиент 1414,+79990001414,user_1414@example.com,2026-02-13 16:30:29.530378+00:00
cust_ext_1415,Клиент 1415,+79990001415,user_1415@example.com,2026-01-27 07:39:05.678175+00:00
cust_ext_1416,Клиент 1416,+79990001416,user_1416@example.com,2026-01-25 18:02:46.813168+00:00
cust_ext_1417,Клиент 1417,+79990001417,user_1417@example.com,2026-01-31 15:09:33.931430+00:00
cust_ext_1418,Клиент 1418,+79990001418,user_1418@example.com,2026-01-29 20:45:18.571785+00:00
cust_ext_1419,Клиент 1419,+79990001419,user_1419@example.com,2026-01-11 14:51:55.881334+00:00
cust_ext_1420,Клиент 1420,+79990001420,user_1420@example.com,2026-02-05 10:44:43.124340+00:00
cust_ext_1421,Клиент 1421,+79990001421,user_1421@example.com,2026-02-14 11:57:09.906675+00:00
cust_ext_1422,Клиент 1422,+79990001422,user_1422@example.com,2026-01-29 21:37:50.375011+00:00
cust_ext_1423,Клиент 1423,+79990001423,user_1423@example.com,2026-01-07 20:04:08.689401+00:00
cust_ext_1424,Клиент 1424,+79990001424,user_1424@example.com,2026-01-30 06:51:46.207926+00:00
cust_ext_1425,Клиент 1425,+79990001425,user_1425@example.com,2026-01-01 19:36:19.823728+00:00
cust_ext_1426,Клиент 1426,+79990001426,user_1426@example.com,2026-01-15 17:08:38.032256+00:00
cust_ext_1427,Клиент 1427,+79990001427,user_1427@example.com,2026-02-07 13:22:34.724775+00:00
cust_ext_1428,Клиент 1428,+79990001428,user_1428@example.com,2026-01-03 16:16:51.885426+00:00
cust_ext_1429,Клиент 1429,+79990001429,user_1429@example.com,2026-01-15 18:34:30.959307+00:00
cust_ext_1430,Клиент 1430,+79990001430,user_1430@example.com,2026-02-13 09:55:06.640421+00:00
cust_ext_1431,Клиент 1431,+79990001431,user_1431@example.com,2026-02-02 11:35:37.382793+00:00
cust_ext_1432,Клиент 1432,+79990001432,user_1432@example.com,2026-02-08 07:54:40.908814+00:00
cust_ext_1433,Клиент 1433,+79990001433,user_1433@example.com,2026-02-05 16:03:10.798237+00:00
cust_ext_1434,Клиент 1434,+79990001434,user_1434@example.com,2026-01-18 07:39:10.430221+00:00
cust_ext_1435,Клиент 1435,+79990001435,user_1435@example.com,2026-02-04 22:57:29.197142+00:00
cust_ext_1436,Клиент 1436,+79990001436,user_1436@example.com,2026-01-25 02:48:28.666666+00:00
cust_ext_1437,Клиент 1437,+79990001437,user_1437@example.com,2026-01-20 04:05:57.099329+00:00
cust_ext_1438,Клиент 1438,+79990001438,user_1438@example.com,2026-02-02 06:10:52.308636+00:00
cust_ext_1439,Клиент 1439,+79990001439,user_1439@example.com,2026-01-28 13:32:39.379856+00:00
cust_ext_1440,Клиент 1440,+79990001440,user_1440@example.com,2026-01-28 10:16:17.169630+00:00
cust_ext_1441,Клиент 1441,+79990001441,user_1441@example.com,2026-01-29 21:06:06.038229+00:00
cust_ext_1442,Клиент 1442,+79990001442,user_1442@example.com,2026-02-10 11:45:25.218854+00:00
cust_ext_1443,Клиент 1443,+79990001443,user_1443@example.com,2026-01-10 05:32:18.471301+00:00
cust_ext_1444,Клиент 1444,+79990001444,user_1444@example.com,2026-01-26 23:30:06.415893+00:00
cust_ext_1445,Клиент 1445,+79990001445,user_1445@example.com,2026-01-01 10:18:02.841687+00:00
cust_ext_1446,Клиент 1446,+79990001446,user_1446@example.com,2026-01-03 20:17:51.893751+00:00
cust_ext_1447,Клиент 1447,+79990001447,user_1447@example.com,2026-02-10 00:26:57.740923+00:00
cust_ext_1448,Клиент 1448,+79990001448,user_1448@example.com,2026-01-27 04:48:51.122209+00:00
cust_ext_1449,Клиент 1449,+79990001449,user_1449@example.com,2026-01-08 00:13:57.617733+00:00
cust_ext_1450,Клиент 1450,+79990001450,user_1450@example.com,2026-02-09 05:52:07.500478+00:00
cust_ext_1451,Клиент 1451,+79990001451,user_1451@example.com,2026-01-03 12:53:27.258908+00:00
cust_ext_1452,Клиент 1452,+79990001452,user_1452@example.com,2026-01-13 15:57:20.842838+00:00
cust_ext_1453,Клиент 1453,+79990001453,user_1453@example.com,2026-01-02 05:46:20.584908+00:00
cust_ext_1454,Клиент 1454,+79990001454,user_1454@example.com,2026-01-10 00:16:22.754294+00:00
cust_ext_1455,Клиент 1455,+79990001455,user_1455@example.com,2026-01-20 23:08:35.910244+00:00
cust_ext_1456,Клиент 1456,+79990001456,user_1456@example.com,2026-01-28 07:39:23.134921+00:00
cust_ext_1457,Клиент 1457,+79990001457,user_1457@example.com,2026-01-03 09:41:29.217255+00:00
cust_ext_1458,Клиент 1458,+79990001458,user_1458@example.com,2026-01-11 10:14:48.254370+00:00
cust_ext_1459,Клиент 1459,+79990001459,user_1459@example.com,2026-01-14 05:29:54.895600+00:00
cust_ext_1460,Клиент 1460,+79990001460,user_1460@example.com,2026-01-19 03:35:43.316752+00:00
cust_ext_1461,Клиент 1461,+79990001461,user_1461@example.com,2026-02-08 11:47:56.010933+00:00
cust_ext_1462,Клиент 1462,+79990001462,user_1462@example.com,2026-01-24 01:48:35.868146+00:00
cust_ext_1463,Клиент 1463,+79990001463,user_1463@example.com,2026-01-08 10:24:07.877430+00:00
cust_ext_1464,Клиент 1464,+79990001464,user_1464@example.com,2026-01-12 23:53:12.239152+00:00
cust_ext_1465,Клиент 1465,+79990001465,user_1465@example.com,2026-01-08 12:38:55.669580+00:00
cust_ext_1466,Клиент 1466,+79990001466,user_1466@example.com,2026-01-23 20:16:52.343633+00:00
cust_ext_1467,Клиент 1467,+79990001467,user_1467@example.com,2026-02-10 06:34:00.358573+00:00
cust_ext_1468,Клиент 1468,+79990001468,user_1468@example.com,2026-01-25 22:16:56.520341+00:00
cust_ext_1469,Клиент 1469,+79990001469,user_1469@example.com,2026-02-04 02:26:29.930500+00:00
cust_ext_1470,Клиент 1470,+79990001470,user_1470@example.com,2026-01-31 13:46:46.927910+00:00
cust_ext_1471,Клиент 1471,+79990001471,user_1471@example.com,2026-01-01 07:18:17.309897+00:00
cust_ext_1472,Клиент 1472,+79990001472,user_1472@example.com,2026-01-28 17:22:43.530737+00:00
cust_ext_1473,Клиент 1473,+79990001473,user_1473@example.com,2026-01-28 09:52:42.458305+00:00
cust_ext_1474,Клиент 1474,+79990001474,user_1474@example.com,2026-02-14 19:58:46.730979+00:00
cust_ext_1475,Клиент 1475,+79990001475,user_1475@example.com,2026-01-24 09:31:00.451385+00:00
cust_ext_1476,Клиент 1476,+79990001476,user_1476@example.com,2026-01-27 06:06:29.342112+00:00
cust_ext_1477,Клиент 1477,+79990001477,user_1477@example.com,2026-01-18 13:02:15.841054+00:00
cust_ext_1478,Клиент 1478,+79990001478,user_1478@example.com,2026-01-14 22:43:42.101996+00:00
cust_ext_1479,Клиент 1479,+79990001479,user_1479@example.com,2026-01-05 21:55:38.898175+00:00
cust_ext_1480,Клиент 1480,+79990001480,user_1480@example.com,2026-01-04 21:46:17.659453+00:00
cust_ext_1481,Клиент 1481,+79990001481,user_1481@example.com,2026-01-20 09:01:09.015492+00:00
cust_ext_1482,Клиент 1482,+79990001482,user_1482@example.com,2026-02-11 00:19:38.731532+00:00
cust_ext_1483,Клиент 1483,+79990001483,user_1483@example.com,2026-02-02 23:19:50.598221+00:00
cust_ext_1484,Клиент 1484,+79990001484,user_1484@example.com,2026-02-11 08:01:05.587611+00:00
cust_ext_1485,Клиент 1485,+79990001485,user_1485@example.com,2026-02-10 00:03:01.858998+00:00
cust_ext_1486,Клиент 1486,+79990001486,user_1486@example.com,2026-01-29 02:14:53.476432+00:00
cust_ext_1487,Клиент 1487,+79990001487,user_1487@example.com,2026-02-14 03:21:38.244116+00:00
cust_ext_1488,Клиент 1488,+79990001488,user_1488@example.com,2026-02-04 14:41:18.820273+00:00
cust_ext_1489,Клиент 1489,+79990001489,user_1489@example.com,2026-01-13 11:07:14.993836+00:00
cust_ext_1490,Клиент 1490,+79990001490,user_1490@example.com,2026-01-12 11:44:12.225611+00:00
cust_ext_1491,Клиент 1491,+79990001491,user_1491@example.com,2026-02-02 18:50:11.557728+00:00
cust_ext_1492,Клиент 1492,+79990001492,user_1492@example.com,2026-02-05 00:01:13.681386+00:00
cust_ext_1493,Клиент 1493,+79990001493,user_1493@example.com,2026-02-05 07:58:56.149389+00:00
cust_ext_1494,Клиент 1494,+79990001494,user_1494@example.com,2026-01-15 13:55:46.610497+00:00
cust_ext_1495,Клиент 1495,+79990001495,user_1495@example.com,2026-01-20 04:18:09.958582+00:00
cust_ext_1496,Клиент 1496,+79990001496,user_1496@example.com,2026-02-05 10:16:51.589840+00:00
cust_ext_1497,Клиент 1497,+79990001497,user_1497@example.com,2026-01-05 03:46:55.505663+00:00
cust_ext_1498,Клиент 1498,+79990001498,user_1498@example.com,2026-02-04 09:09:22.438266+00:00
cust_ext_1499,Клиент 1499,+79990001499,user_1499@example.com,2026-02-12 20:57:10.379466+00:00
cust_ext_1500,Клиент 1500,+79990001500,user_1500@example.com,2026-01-09 01:52:36.154283+00:00
cust_ext_1501,Клиент 1501,+79990001501,user_1501@example.com,2026-01-26 19:11:50.076406+00:00
cust_ext_1502,Клиент 1502,+79990001502,user_1502@example.com,2026-01-09 20:49:07.531937+00:00
cust_ext_1503,Клиент 1503,+79990001503,user_1503@example.com,2026-01-08 06:02:32.343075+00:00
cust_ext_1504,Клиент 1504,+79990001504,user_1504@example.com,2026-01-01 09:13:26.060894+00:00
cust_ext_1505,Клиент 1505,+79990001505,user_1505@example.com,2026-02-12 08:10:46.926777+00:00
cust_ext_1506,Клиент 1506,+79990001506,user_1506@example.com,2026-01-04 01:36:25.048944+00:00
cust_ext_1507,Клиент 1507,+79990001507,user_1507@example.com,2026-02-06 04:58:45.272321+00:00
cust_ext_1508,Клиент 1508,+79990001508,user_1508@example.com,2026-01-26 06:46:24.583099+00:00
cust_ext_1509,Клиент 1509,+79990001509,user_1509@example.com,2026-01-02 06:46:19.646960+00:00
cust_ext_1510,Клиент 1510,+79990001510,user_1510@example.com,2026-02-10 03:22:51.311619+00:00
cust_ext_1511,Клиент 1511,+79990001511,user_1511@example.com,2026-01-12 05:56:25.835660+00:00
cust_ext_1512,Клиент 1512,+79990001512,user_1512@example.com,2026-02-08 19:16:47.348191+00:00
cust_ext_1513,Клиент 1513,+79990001513,user_1513@example.com,2026-02-08 00:20:34.939589+00:00
cust_ext_1514,Клиент 1514,+79990001514,user_1514@example.com,2026-01-21 07:57:39.053714+00:00
cust_ext_1515,Клиент 1515,+79990001515,user_1515@example.com,2026-02-02 15:52:31.378228+00:00
cust_ext_1516,Клиент 1516,+79990001516,user_1516@example.com,2026-01-07 18:00:43.102779+00:00
cust_ext_1517,Клиент 1517,+79990001517,user_1517@example.com,2026-02-07 15:31:43.207892+00:00
cust_ext_1518,Клиент 1518,+79990001518,user_1518@example.com,2026-01-25 17:03:14.145399+00:00
cust_ext_1519,Клиент 1519,+79990001519,user_1519@example.com,2026-01-18 23:39:07.931615+00:00
cust_ext_1520,Клиент 1520,+79990001520,user_1520@example.com,2026-01-17 13:08:52.408527+00:00
cust_ext_1521,Клиент 1521,+79990001521,user_1521@example.com,2026-01-24 05:45:29.082997+00:00
cust_ext_1522,Клиент 1522,+79990001522,user_1522@example.com,2026-01-20 16:03:27.704397+00:00
cust_ext_1523,Клиент 1523,+79990001523,user_1523@example.com,2026-01-20 13:03:26.302858+00:00
cust_ext_1524,Клиент 1524,+79990001524,user_1524@example.com,2026-02-06 01:52:01.718356+00:00
cust_ext_1525,Клиент 1525,+79990001525,user_1525@example.com,2026-02-06 05:02:44.598802+00:00
cust_ext_1526,Клиент 1526,+79990001526,user_1526@example.com,2026-02-14 20:39:50.815097+00:00
cust_ext_1527,Клиент 1527,+79990001527,user_1527@example.com,2026-02-11 01:14:40.863690+00:00
cust_ext_1528,Клиент 1528,+79990001528,user_1528@example.com,2026-01-27 10:39:53.271835+00:00
cust_ext_1529,Клиент 1529,+79990001529,user_1529@example.com,2026-01-02 07:29:58.245699+00:00
cust_ext_1530,Клиент 1530,+79990001530,user_1530@example.com,2026-02-05 22:42:20.778733+00:00
cust_ext_1531,Клиент 1531,+79990001531,user_1531@example.com,2026-01-15 22:36:36.130804+00:00
cust_ext_1532,Клиент 1532,+79990001532,user_1532@example.com,2026-01-31 19:27:27.669769+00:00
cust_ext_1533,Клиент 1533,+79990001533,user_1533@example.com,2026-02-11 17:26:00.875038+00:00
cust_ext_1534,Клиент 1534,+79990001534,user_1534@example.com,2026-02-11 06:23:03.116100+00:00
cust_ext_1535,Клиент 1535,+79990001535,user_1535@example.com,2026-02-02 09:09:58.079702+00:00
cust_ext_1536,Клиент 1536,+79990001536,user_1536@example.com,2026-02-14 23:11:43.940368+00:00
cust_ext_1537,Клиент 1537,+79990001537,user_1537@example.com,2026-01-05 21:06:58.126550+00:00
cust_ext_1538,Клиент 1538,+79990001538,user_1538@example.com,2026-01-10 21:51:42.860915+00:00
cust_ext_1539,Клиент 1539,+79990001539,user_1539@example.com,2026-02-13 08:25:56.825335+00:00
cust_ext_1540,Клиент 1540,+79990001540,user_1540@example.com,2026-01-14 01:47:52.005205+00:00
cust_ext_1541,Клиент 1541,+79990001541,user_1541@example.com,2026-01-29 22:37:10.705179+00:00
cust_ext_1542,Клиент 1542,+79990001542,user_1542@example.com,2026-01-20 22:59:18.329862+00:00
cust_ext_1543,Клиент 1543,+79990001543,user_1543@example.com,2026-01-10 09:02:40.601877+00:00
cust_ext_1544,Клиент 1544,+79990001544,user_1544@example.com,2026-01-01 23:09:50.769040+00:00
cust_ext_1545,Клиент 1545,+79990001545,user_1545@example.com,2026-01-29 14:15:31.166652+00:00
cust_ext_1546,Клиент 1546,+79990001546,user_1546@example.com,2026-01-13 22:57:52.330554+00:00
cust_ext_1547,Клиент 1547,+79990001547,user_1547@example.com,2026-02-04 06:47:23.792547+00:00
cust_ext_1548,Клиент 1548,+79990001548,user_1548@example.com,2026-01-30 07:29:24.830262+00:00
cust_ext_1549,Клиент 1549,+79990001549,user_1549@example.com,2026-01-11 12:53:47.438724+00:00
cust_ext_1550,Клиент 1550,+79990001550,user_1550@example.com,2026-02-05 00:28:18.234366+00:00
cust_ext_1551,Клиент 1551,+79990001551,user_1551@example.com,2026-01-30 04:55:43.860835+00:00
cust_ext_1552,Клиент 1552,+79990001552,user_1552@example.com,2026-01-12 06:42:11.848991+00:00
cust_ext_1553,Клиент 1553,+79990001553,user_1553@example.com,2026-01-26 05:09:57.602334+00:00
cust_ext_1554,Клиент 1554,+79990001554,user_1554@example.com,2026-02-08 07:20:46.548063+00:00
cust_ext_1555,Клиент 1555,+79990001555,user_1555@example.com,2026-01-13 22:20:26.602184+00:00
cust_ext_1556,Клиент 1556,+79990001556,user_1556@example.com,2026-02-02 22:29:39.172338+00:00
cust_ext_1557,Клиент 1557,+79990001557,user_1557@example.com,2026-01-18 09:47:10.586332+00:00
cust_ext_1558,Клиент 1558,+79990001558,user_1558@example.com,2026-01-24 11:05:18.105202+00:00
cust_ext_1559,Клиент 1559,+79990001559,user_1559@example.com,2026-01-01 15:32:24.417748+00:00
cust_ext_1560,Клиент 1560,+79990001560,user_1560@example.com,2026-02-11 20:46:19.193815+00:00
cust_ext_1561,Клиент 1561,+79990001561,user_1561@example.com,2026-02-13 05:53:51.579326+00:00
cust_ext_1562,Клиент 1562,+79990001562,user_1562@example.com,2026-01-10 06:54:32.730828+00:00
cust_ext_1563,Клиент 1563,+79990001563,user_1563@example.com,2026-01-16 10:18:51.079273+00:00
cust_ext_1564,Клиент 1564,+79990001564,user_1564@example.com,2026-02-01 20:26:42.025949+00:00
cust_ext_1565,Клиент 1565,+79990001565,user_1565@example.com,2026-02-09 17:18:06.305030+00:00
cust_ext_1566,Клиент 1566,+79990001566,user_1566@example.com,2026-01-11 19:13:14.241905+00:00
cust_ext_1567,Клиент 1567,+79990001567,user_1567@example.com,2026-01-31 17:04:41.507449+00:00
cust_ext_1568,Клиент 1568,+79990001568,user_1568@example.com,2026-02-09 17:16:23.439189+00:00
cust_ext_1569,Клиент 1569,+79990001569,user_1569@example.com,2026-02-01 15:58:29.107265+00:00
cust_ext_1570,Клиент 1570,+79990001570,user_1570@example.com,2026-02-10 14:39:48.983147+00:00
cust_ext_1571,Клиент 1571,+79990001571,user_1571@example.com,2026-02-08 02:06:32.625455+00:00
cust_ext_1572,Клиент 1572,+79990001572,user_1572@example.com,2026-02-03 19:16:10.158539+00:00
cust_ext_1573,Клиент 1573,+79990001573,user_1573@example.com,2026-01-30 08:15:46.736312+00:00
cust_ext_1574,Клиент 1574,+79990001574,user_1574@example.com,2026-01-15 23:58:15.869729+00:00
cust_ext_1575,Клиент 1575,+79990001575,user_1575@example.com,2026-02-13 00:15:25.268850+00:00
cust_ext_1576,Клиент 1576,+79990001576,user_1576@example.com,2026-01-14 18:49:39.201851+00:00
cust_ext_1577,Клиент 1577,+79990001577,user_1577@example.com,2026-02-13 17:13:06.128692+00:00
cust_ext_1578,Клиент 1578,+79990001578,user_1578@example.com,2026-01-07 12:33:47.296830+00:00
cust_ext_1579,Клиент 1579,+79990001579,user_1579@example.com,2026-02-04 12:12:03.501722+00:00
cust_ext_1580,Клиент 1580,+79990001580,user_1580@example.com,2026-01-11 16:57:44.038537+00:00
cust_ext_1581,Клиент 1581,+79990001581,user_1581@example.com,2026-01-24 01:47:35.055992+00:00
cust_ext_1582,Клиент 1582,+79990001582,user_1582@example.com,2026-01-15 15:13:01.619758+00:00
cust_ext_1583,Клиент 1583,+79990001583,user_1583@example.com,2026-01-23 03:50:58.611873+00:00
cust_ext_1584,Клиент 1584,+79990001584,user_1584@example.com,2026-01-23 14:55:30.106840+00:00
cust_ext_1585,Клиент 1585,+79990001585,user_1585@example.com,2026-02-09 06:38:34.592320+00:00
cust_ext_1586,Клиент 1586,+79990001586,user_1586@example.com,2026-02-11 11:28:27.254321+00:00
cust_ext_1587,Клиент 1587,+79990001587,user_1587@example.com,2026-01-01 01:14:53.333152+00:00
cust_ext_1588,Клиент 1588,+79990001588,user_1588@example.com,2026-01-22 01:47:16.283671+00:00
cust_ext_1589,Клиент 1589,+79990001589,user_1589@example.com,2026-02-05 00:02:15.726802+00:00
cust_ext_1590,Клиент 1590,+79990001590,user_1590@example.com,2026-01-29 17:42:02.174923+00:00
cust_ext_1591,Клиент 1591,+79990001591,user_1591@example.com,2026-02-14 09:55:48.143458+00:00
cust_ext_1592,Клиент 1592,+79990001592,user_1592@example.com,2026-01-01 04:38:26.202872+00:00
cust_ext_1593,Клиент 1593,+79990001593,user_1593@example.com,2026-01-17 05:56:20.236540+00:00
cust_ext_1594,Клиент 1594,+79990001594,user_1594@example.com,2026-01-25 06:23:23.795400+00:00
cust_ext_1595,Клиент 1595,+79990001595,user_1595@example.com,2026-01-06 02:01:50.362034+00:00
cust_ext_1596,Клиент 1596,+79990001596,user_1596@example.com,2026-02-09 08:55:51.998005+00:00
cust_ext_1597,Клиент 1597,+79990001597,user_1597@example.com,2026-01-05 06:00:41.982729+00:00
cust_ext_1598,Клиент 1598,+79990001598,user_1598@example.com,2026-02-06 00:22:05.868810+00:00
cust_ext_1599,Клиент 1599,+79990001599,user_1599@example.com,2026-02-01 04:06:42.532800+00:00
cust_ext_1600,Клиент 1600,+79990001600,user_1600@example.com,2026-02-06 09:21:17.749275+00:00
cust_ext_1601,Клиент 1601,+79990001601,user_1601@example.com,2026-02-07 04:15:49.274073+00:00
cust_ext_1602,Клиент 1602,+79990001602,user_1602@example.com,2026-01-08 08:50:22.737594+00:00
cust_ext_1603,Клиент 1603,+79990001603,user_1603@example.com,2026-01-18 03:51:07.569449+00:00
cust_ext_1604,Клиент 1604,+79990001604,user_1604@example.com,2026-02-12 01:49:21.993397+00:00
cust_ext_1605,Клиент 1605,+79990001605,user_1605@example.com,2026-01-29 20:33:21.728777+00:00
cust_ext_1606,Клиент 1606,+79990001606,user_1606@example.com,2026-02-07 12:56:02.769561+00:00
cust_ext_1607,Клиент 1607,+79990001607,user_1607@example.com,2026-01-09 21:03:31.833586+00:00
cust_ext_1608,Клиент 1608,+79990001608,user_1608@example.com,2026-02-03 22:20:24.802680+00:00
cust_ext_1609,Клиент 1609,+79990001609,user_1609@example.com,2026-01-17 04:34:06.637100+00:00
cust_ext_1610,Клиент 1610,+79990001610,user_1610@example.com,2026-01-03 14:36:07.374002+00:00
cust_ext_1611,Клиент 1611,+79990001611,user_1611@example.com,2026-01-05 05:57:06.983913+00:00
cust_ext_1612,Клиент 1612,+79990001612,user_1612@example.com,2026-02-10 03:42:43.576109+00:00
cust_ext_1613,Клиент 1613,+79990001613,user_1613@example.com,2026-01-27 19:55:32.305178+00:00
cust_ext_1614,Клиент 1614,+79990001614,user_1614@example.com,2026-02-04 17:55:12.386380+00:00
cust_ext_1615,Клиент 1615,+79990001615,user_1615@example.com,2026-01-23 00:36:18.232670+00:00
cust_ext_1616,Клиент 1616,+79990001616,user_1616@example.com,2026-01-31 09:49:06.759170+00:00
cust_ext_1617,Клиент 1617,+79990001617,user_1617@example.com,2026-01-17 08:06:00.207917+00:00
cust_ext_1618,Клиент 1618,+79990001618,user_1618@example.com,2026-01-01 12:51:16.073468+00:00
cust_ext_1619,Клиент 1619,+79990001619,user_1619@example.com,2026-01-19 08:34:13.903120+00:00
cust_ext_1620,Клиент 1620,+79990001620,user_1620@example.com,2026-01-31 21:48:37.844952+00:00
cust_ext_1621,Клиент 1621,+79990001621,user_1621@example.com,2026-02-12 17:06:38.854646+00:00
cust_ext_1622,Клиент 1622,+79990001622,user_1622@example.com,2026-01-13 11:51:52.102745+00:00
cust_ext_1623,Клиент 1623,+79990001623,user_1623@example.com,2026-01-11 03:54:28.293469+00:00
cust_ext_1624,Клиент 1624,+79990001624,user_1624@example.com,2026-01-11 09:56:54.286973+00:00
cust_ext_1625,Клиент 1625,+79990001625,user_1625@example.com,2026-02-06 04:00:13.416190+00:00
cust_ext_1626,Клиент 1626,+79990001626,user_1626@example.com,2026-01-13 10:36:22.730607+00:00
cust_ext_1627,Клиент 1627,+79990001627,user_1627@example.com,2026-02-11 08:53:28.200313+00:00
cust_ext_1628,Клиент 1628,+79990001628,user_1628@example.com,2026-01-30 18:08:30.903145+00:00
cust_ext_1629,Клиент 1629,+79990001629,user_1629@example.com,2026-01-10 18:11:11.009343+00:00
cust_ext_1630,Клиент 1630,+79990001630,user_1630@example.com,2026-01-02 06:17:03.007724+00:00
cust_ext_1631,Клиент 1631,+79990001631,user_1631@example.com,2026-01-05 10:18:30.158942+00:00
cust_ext_1632,Клиент 1632,+79990001632,user_1632@example.com,2026-02-03 05:17:35.334873+00:00
cust_ext_1633,Клиент 1633,+79990001633,user_1633@example.com,2026-02-03 06:58:29.699662+00:00
cust_ext_1634,Клиент 1634,+79990001634,user_1634@example.com,2026-01-25 00:16:33.477951+00:00
cust_ext_1635,Клиент 1635,+79990001635,user_1635@example.com,2026-01-27 16:56:31.130147+00:00
cust_ext_1636,Клиент 1636,+79990001636,user_1636@example.com,2026-01-23 14:55:45.348010+00:00
cust_ext_1637,Клиент 1637,+79990001637,user_1637@example.com,2026-01-01 08:27:47.548455+00:00
cust_ext_1638,Клиент 1638,+79990001638,user_1638@example.com,2026-01-28 20:47:31.073704+00:00
cust_ext_1639,Клиент 1639,+79990001639,user_1639@example.com,2026-01-26 16:14:59.050445+00:00
cust_ext_1640,Клиент 1640,+79990001640,user_1640@example.com,2026-02-11 04:48:29.218731+00:00
cust_ext_1641,Клиент 1641,+79990001641,user_1641@example.com,2026-02-02 22:54:25.027844+00:00
cust_ext_1642,Клиент 1642,+79990001642,user_1642@example.com,2026-01-04 11:40:11.294602+00:00
cust_ext_1643,Клиент 1643,+79990001643,user_1643@example.com,2026-01-06 18:53:26.297626+00:00
cust_ext_1644,Клиент 1644,+79990001644,user_1644@example.com,2026-02-10 04:32:35.395915+00:00
cust_ext_1645,Клиент 1645,+79990001645,user_1645@example.com,2026-01-25 17:43:39.837577+00:00
cust_ext_1646,Клиент 1646,+79990001646,user_1646@example.com,2026-01-06 08:29:52.983752+00:00
cust_ext_1647,Клиент 1647,+79990001647,user_1647@example.com,2026-01-09 21:59:35.896268+00:00
cust_ext_1648,Клиент 1648,+79990001648,user_1648@example.com,2026-01-15 09:42:45.536241+00:00
cust_ext_1649,Клиент 1649,+79990001649,user_1649@example.com,2026-02-14 03:46:14.111359+00:00
cust_ext_1650,Клиент 1650,+79990001650,user_1650@example.com,2026-01-17 20:44:50.235716+00:00
cust_ext_1651,Клиент 1651,+79990001651,user_1651@example.com,2026-01-06 18:06:58.024063+00:00
cust_ext_1652,Клиент 1652,+79990001652,user_1652@example.com,2026-01-26 22:17:58.658673+00:00
cust_ext_1653,Клиент 1653,+79990001653,user_1653@example.com,2026-01-01 20:43:14.089162+00:00
cust_ext_1654,Клиент 1654,+79990001654,user_1654@example.com,2026-02-09 04:24:09.228636+00:00
cust_ext_1655,Клиент 1655,+79990001655,user_1655@example.com,2026-01-01 06:40:23.661951+00:00
cust_ext_1656,Клиент 1656,+79990001656,user_1656@example.com,2026-02-08 14:27:37.820085+00:00
cust_ext_1657,Клиент 1657,+79990001657,user_1657@example.com,2026-01-09 10:38:44.366630+00:00
cust_ext_1658,Клиент 1658,+79990001658,user_1658@example.com,2026-01-04 14:49:40.865057+00:00
cust_ext_1659,Клиент 1659,+79990001659,user_1659@example.com,2026-01-07 20:32:19.645155+00:00
cust_ext_1660,Клиент 1660,+79990001660,user_1660@example.com,2026-01-01 21:19:18.757235+00:00
cust_ext_1661,Клиент 1661,+79990001661,user_1661@example.com,2026-01-28 05:06:56.079972+00:00
cust_ext_1662,Клиент 1662,+79990001662,user_1662@example.com,2026-01-08 03:30:32.300236+00:00
cust_ext_1663,Клиент 1663,+79990001663,user_1663@example.com,2026-02-13 05:06:48.852069+00:00
cust_ext_1664,Клиент 1664,+79990001664,user_1664@example.com,2026-01-29 02:22:39.532119+00:00
cust_ext_1665,Клиент 1665,+79990001665,user_1665@example.com,2026-01-11 21:12:17.924686+00:00
cust_ext_1666,Клиент 1666,+79990001666,user_1666@example.com,2026-02-11 23:12:09.238440+00:00
cust_ext_1667,Клиент 1667,+79990001667,user_1667@example.com,2026-02-11 18:42:43.087017+00:00
cust_ext_1668,Клиент 1668,+79990001668,user_1668@example.com,2026-01-26 04:42:51.563706+00:00
cust_ext_1669,Клиент 1669,+79990001669,user_1669@example.com,2026-01-05 10:18:19.616799+00:00
cust_ext_1670,Клиент 1670,+79990001670,user_1670@example.com,2026-02-01 15:31:06.571754+00:00
cust_ext_1671,Клиент 1671,+79990001671,user_1671@example.com,2026-01-09 21:10:30.236001+00:00
cust_ext_1672,Клиент 1672,+79990001672,user_1672@example.com,2026-02-05 01:25:14.548759+00:00
cust_ext_1673,Клиент 1673,+79990001673,user_1673@example.com,2026-01-13 02:47:47.907225+00:00
cust_ext_1674,Клиент 1674,+79990001674,user_1674@example.com,2026-02-12 10:45:05.476706+00:00
cust_ext_1675,Клиент 1675,+79990001675,user_1675@example.com,2026-02-07 06:47:25.257683+00:00
cust_ext_1676,Клиент 1676,+79990001676,user_1676@example.com,2026-01-04 16:49:16.067322+00:00
cust_ext_1677,Клиент 1677,+79990001677,user_1677@example.com,2026-01-20 08:22:40.625455+00:00
cust_ext_1678,Клиент 1678,+79990001678,user_1678@example.com,2026-01-04 05:45:38.576283+00:00
cust_ext_1679,Клиент 1679,+79990001679,user_1679@example.com,2026-01-16 20:14:46.287146+00:00
cust_ext_1680,Клиент 1680,+79990001680,user_1680@example.com,2026-01-22 18:26:02.100400+00:00
cust_ext_1681,Клиент 1681,+79990001681,user_1681@example.com,2026-01-27 18:01:45.773224+00:00
cust_ext_1682,Клиент 1682,+79990001682,user_1682@example.com,2026-01-08 03:17:00.386481+00:00
cust_ext_1683,Клиент 1683,+79990001683,user_1683@example.com,2026-01-02 01:47:01.595417+00:00
cust_ext_1684,Клиент 1684,+79990001684,user_1684@example.com,2026-02-08 16:16:32.679620+00:00
cust_ext_1685,Клиент 1685,+79990001685,user_1685@example.com,2026-01-19 08:19:36.972809+00:00
cust_ext_1686,Клиент 1686,+79990001686,user_1686@example.com,2026-02-02 05:56:07.091912+00:00
cust_ext_1687,Клиент 1687,+79990001687,user_1687@example.com,2026-01-20 16:37:00.771513+00:00
cust_ext_1688,Клиент 1688,+79990001688,user_1688@example.com,2026-01-03 04:21:58.511412+00:00
cust_ext_1689,Клиент 1689,+79990001689,user_1689@example.com,2026-02-12 11:08:04.966050+00:00
cust_ext_1690,Клиент 1690,+79990001690,user_1690@example.com,2026-01-17 07:52:24.705754+00:00
cust_ext_1691,Клиент 1691,+79990001691,user_1691@example.com,2026-02-09 20:35:32.442968+00:00
cust_ext_1692,Клиент 1692,+79990001692,user_1692@example.com,2026-01-18 10:27:08.585137+00:00
cust_ext_1693,Клиент 1693,+79990001693,user_1693@example.com,2026-02-01 18:13:57.323334+00:00
cust_ext_1694,Клиент 1694,+79990001694,user_1694@example.com,2026-01-28 07:43:51.957843+00:00
cust_ext_1695,Клиент 1695,+79990001695,user_1695@example.com,2026-02-04 12:18:03.145118+00:00
cust_ext_1696,Клиент 1696,+79990001696,user_1696@example.com,2026-01-18 09:03:30.224717+00:00
cust_ext_1697,Клиент 1697,+79990001697,user_1697@example.com,2026-01-07 09:10:19.944724+00:00
cust_ext_1698,Клиент 1698,+79990001698,user_1698@example.com,2026-01-12 18:46:06.316476+00:00
cust_ext_1699,Клиент 1699,+79990001699,user_1699@example.com,2026-01-30 17:46:42.489710+00:00
cust_ext_1700,Клиент 1700,+79990001700,user_1700@example.com,2026-01-01 14:47:47.333433+00:00
cust_ext_1701,Клиент 1701,+79990001701,user_1701@example.com,2026-02-07 00:53:30.862817+00:00
cust_ext_1702,Клиент 1702,+79990001702,user_1702@example.com,2026-01-13 23:42:22.422831+00:00
cust_ext_1703,Клиент 1703,+79990001703,user_1703@example.com,2026-02-01 03:50:02.826130+00:00
cust_ext_1704,Клиент 1704,+79990001704,user_1704@example.com,2026-02-09 12:28:17.968023+00:00
cust_ext_1705,Клиент 1705,+79990001705,user_1705@example.com,2026-01-01 08:52:16.775690+00:00
cust_ext_1706,Клиент 1706,+79990001706,user_1706@example.com,2026-01-04 07:38:33.330386+00:00
cust_ext_1707,Клиент 1707,+79990001707,user_1707@example.com,2026-01-08 12:58:48.428702+00:00
cust_ext_1708,Клиент 1708,+79990001708,user_1708@example.com,2026-01-27 23:17:58.950402+00:00
cust_ext_1709,Клиент 1709,+79990001709,user_1709@example.com,2026-01-20 13:33:01.089701+00:00
cust_ext_1710,Клиент 1710,+79990001710,user_1710@example.com,2026-01-15 11:58:34.897189+00:00
cust_ext_1711,Клиент 1711,+79990001711,user_1711@example.com,2026-01-31 13:20:37.694424+00:00
cust_ext_1712,Клиент 1712,+79990001712,user_1712@example.com,2026-01-25 00:48:27.591696+00:00
cust_ext_1713,Клиент 1713,+79990001713,user_1713@example.com,2026-01-01 11:54:55.704560+00:00
cust_ext_1714,Клиент 1714,+79990001714,user_1714@example.com,2026-02-12 17:08:05.103052+00:00
cust_ext_1715,Клиент 1715,+79990001715,user_1715@example.com,2026-01-31 18:22:06.040361+00:00
cust_ext_1716,Клиент 1716,+79990001716,user_1716@example.com,2026-02-07 01:01:59.523614+00:00
cust_ext_1717,Клиент 1717,+79990001717,user_1717@example.com,2026-01-23 00:36:26.086502+00:00
cust_ext_1718,Клиент 1718,+79990001718,user_1718@example.com,2026-01-26 21:16:33.158518+00:00
cust_ext_1719,Клиент 1719,+79990001719,user_1719@example.com,2026-02-03 20:13:56.423809+00:00
cust_ext_1720,Клиент 1720,+79990001720,user_1720@example.com,2026-02-09 15:49:49.320865+00:00
cust_ext_1721,Клиент 1721,+79990001721,user_1721@example.com,2026-01-13 04:41:07.800955+00:00
cust_ext_1722,Клиент 1722,+79990001722,user_1722@example.com,2026-02-10 01:52:04.233831+00:00
cust_ext_1723,Клиент 1723,+79990001723,user_1723@example.com,2026-01-03 07:00:47.865642+00:00
cust_ext_1724,Клиент 1724,+79990001724,user_1724@example.com,2026-01-21 04:36:40.330699+00:00
cust_ext_1725,Клиент 1725,+79990001725,user_1725@example.com,2026-02-05 03:03:33.502995+00:00
cust_ext_1726,Клиент 1726,+79990001726,user_1726@example.com,2026-02-09 00:18:39.465213+00:00
cust_ext_1727,Клиент 1727,+79990001727,user_1727@example.com,2026-01-29 09:05:39.038845+00:00
cust_ext_1728,Клиент 1728,+79990001728,user_1728@example.com,2026-02-14 21:57:56.757699+00:00
cust_ext_1729,Клиент 1729,+79990001729,user_1729@example.com,2026-02-05 20:58:15.184209+00:00
cust_ext_1730,Клиент 1730,+79990001730,user_1730@example.com,2026-01-19 19:24:39.640551+00:00
cust_ext_1731,Клиент 1731,+79990001731,user_1731@example.com,2026-02-13 14:23:17.954071+00:00
cust_ext_1732,Клиент 1732,+79990001732,user_1732@example.com,2026-01-20 18:49:27.191582+00:00
cust_ext_1733,Клиент 1733,+79990001733,user_1733@example.com,2026-01-18 07:46:07.508470+00:00
cust_ext_1734,Клиент 1734,+79990001734,user_1734@example.com,2026-02-03 00:58:26.446204+00:00
cust_ext_1735,Клиент 1735,+79990001735,user_1735@example.com,2026-02-10 13:55:32.117100+00:00
cust_ext_1736,Клиент 1736,+79990001736,user_1736@example.com,2026-01-06 07:47:20.297395+00:00
cust_ext_1737,Клиент 1737,+79990001737,user_1737@example.com,2026-01-08 04:59:13.866629+00:00
cust_ext_1738,Клиент 1738,+79990001738,user_1738@example.com,2026-01-08 10:46:49.176442+00:00
cust_ext_1739,Клиент 1739,+79990001739,user_1739@example.com,2026-01-02 07:53:33.767306+00:00
cust_ext_1740,Клиент 1740,+79990001740,user_1740@example.com,2026-02-13 06:52:18.900138+00:00
cust_ext_1741,Клиент 1741,+79990001741,user_1741@example.com,2026-02-14 07:30:51.699033+00:00
cust_ext_1742,Клиент 1742,+79990001742,user_1742@example.com,2026-01-28 06:47:45.391912+00:00
cust_ext_1743,Клиент 1743,+79990001743,user_1743@example.com,2026-01-23 16:59:58.852380+00:00
cust_ext_1744,Клиент 1744,+79990001744,user_1744@example.com,2026-01-23 00:52:45.892262+00:00
cust_ext_1745,Клиент 1745,+79990001745,user_1745@example.com,2026-02-08 09:59:07.015019+00:00
cust_ext_1746,Клиент 1746,+79990001746,user_1746@example.com,2026-01-16 12:33:34.458108+00:00
cust_ext_1747,Клиент 1747,+79990001747,user_1747@example.com,2026-01-29 13:41:07.332757+00:00
cust_ext_1748,Клиент 1748,+79990001748,user_1748@example.com,2026-01-20 16:53:10.584874+00:00
cust_ext_1749,Клиент 1749,+79990001749,user_1749@example.com,2026-02-11 19:17:14.742915+00:00
cust_ext_1750,Клиент 1750,+79990001750,user_1750@example.com,2026-01-21 03:34:05.666694+00:00
cust_ext_1751,Клиент 1751,+79990001751,user_1751@example.com,2026-01-27 03:55:46.513154+00:00
cust_ext_1752,Клиент 1752,+79990001752,user_1752@example.com,2026-02-02 12:10:00.118459+00:00
cust_ext_1753,Клиент 1753,+79990001753,user_1753@example.com,2026-01-24 07:06:21.574460+00:00
cust_ext_1754,Клиент 1754,+79990001754,user_1754@example.com,2026-02-12 14:23:28.548421+00:00
cust_ext_1755,Клиент 1755,+79990001755,user_1755@example.com,2026-02-06 15:10:29.706528+00:00
cust_ext_1756,Клиент 1756,+79990001756,user_1756@example.com,2026-01-15 15:15:29.343712+00:00
cust_ext_1757,Клиент 1757,+79990001757,user_1757@example.com,2026-02-06 11:22:20.037107+00:00
cust_ext_1758,Клиент 1758,+79990001758,user_1758@example.com,2026-02-07 19:00:14.791242+00:00
cust_ext_1759,Клиент 1759,+79990001759,user_1759@example.com,2026-02-04 07:28:00.938733+00:00
cust_ext_1760,Клиент 1760,+79990001760,user_1760@example.com,2026-02-08 22:29:41.581153+00:00
cust_ext_1761,Клиент 1761,+79990001761,user_1761@example.com,2026-02-08 01:38:52.277464+00:00
cust_ext_1762,Клиент 1762,+79990001762,user_1762@example.com,2026-01-29 13:07:29.894501+00:00
cust_ext_1763,Клиент 1763,+79990001763,user_1763@example.com,2026-01-08 05:45:26.264027+00:00
cust_ext_1764,Клиент 1764,+79990001764,user_1764@example.com,2026-01-26 17:45:04.165717+00:00
cust_ext_1765,Клиент 1765,+79990001765,user_1765@example.com,2026-02-11 19:35:23.620115+00:00
cust_ext_1766,Клиент 1766,+79990001766,user_1766@example.com,2026-02-11 12:55:24.472062+00:00
cust_ext_1767,Клиент 1767,+79990001767,user_1767@example.com,2026-01-08 14:27:52.123410+00:00
cust_ext_1768,Клиент 1768,+79990001768,user_1768@example.com,2026-01-28 14:52:20.994992+00:00
cust_ext_1769,Клиент 1769,+79990001769,user_1769@example.com,2026-01-06 17:13:42.922745+00:00
cust_ext_1770,Клиент 1770,+79990001770,user_1770@example.com,2026-01-09 07:17:59.154472+00:00
cust_ext_1771,Клиент 1771,+79990001771,user_1771@example.com,2026-01-17 18:23:18.676949+00:00
cust_ext_1772,Клиент 1772,+79990001772,user_1772@example.com,2026-02-06 19:04:55.562836+00:00
cust_ext_1773,Клиент 1773,+79990001773,user_1773@example.com,2026-01-30 12:43:36.116049+00:00
cust_ext_1774,Клиент 1774,+79990001774,user_1774@example.com,2026-01-23 20:37:17.288899+00:00
cust_ext_1775,Клиент 1775,+79990001775,user_1775@example.com,2026-01-09 18:06:20.320158+00:00
cust_ext_1776,Клиент 1776,+79990001776,user_1776@example.com,2026-02-09 16:10:22.990791+00:00
cust_ext_1777,Клиент 1777,+79990001777,user_1777@example.com,2026-02-02 03:18:51.995508+00:00
cust_ext_1778,Клиент 1778,+79990001778,user_1778@example.com,2026-01-01 23:38:35.716244+00:00
cust_ext_1779,Клиент 1779,+79990001779,user_1779@example.com,2026-02-02 12:10:03.721915+00:00
cust_ext_1780,Клиент 1780,+79990001780,user_1780@example.com,2026-01-18 05:03:03.404816+00:00
cust_ext_1781,Клиент 1781,+79990001781,user_1781@example.com,2026-01-30 21:27:50.484717+00:00
cust_ext_1782,Клиент 1782,+79990001782,user_1782@example.com,2026-01-12 05:46:02.704324+00:00
cust_ext_1783,Клиент 1783,+79990001783,user_1783@example.com,2026-01-20 13:16:59.472175+00:00
cust_ext_1784,Клиент 1784,+79990001784,user_1784@example.com,2026-02-11 04:56:33.260497+00:00
cust_ext_1785,Клиент 1785,+79990001785,user_1785@example.com,2026-02-12 20:21:39.828487+00:00
cust_ext_1786,Клиент 1786,+79990001786,user_1786@example.com,2026-02-11 19:21:52.664667+00:00
cust_ext_1787,Клиент 1787,+79990001787,user_1787@example.com,2026-01-26 04:04:38.802064+00:00
cust_ext_1788,Клиент 1788,+79990001788,user_1788@example.com,2026-01-05 16:08:34.694306+00:00
cust_ext_1789,Клиент 1789,+79990001789,user_1789@example.com,2026-01-24 22:45:56.697462+00:00
cust_ext_1790,Клиент 1790,+79990001790,user_1790@example.com,2026-01-26 04:14:12.046048+00:00
cust_ext_1791,Клиент 1791,+79990001791,user_1791@example.com,2026-01-27 01:12:39.887878+00:00
cust_ext_1792,Клиент 1792,+79990001792,user_1792@example.com,2026-01-15 21:05:17.394213+00:00
cust_ext_1793,Клиент 1793,+79990001793,user_1793@example.com,2026-02-09 23:32:57.540774+00:00
cust_ext_1794,Клиент 1794,+79990001794,user_1794@example.com,2026-02-05 14:06:55.454717+00:00
cust_ext_1795,Клиент 1795,+79990001795,user_1795@example.com,2026-01-28 06:30:36.700934+00:00
cust_ext_1796,Клиент 1796,+79990001796,user_1796@example.com,2026-02-13 09:45:16.470876+00:00
cust_ext_1797,Клиент 1797,+79990001797,user_1797@example.com,2026-01-24 23:52:34.256488+00:00
cust_ext_1798,Клиент 1798,+79990001798,user_1798@example.com,2026-02-14 11:37:15.403608+00:00
cust_ext_1799,Клиент 1799,+79990001799,user_1799@example.com,2026-01-24 16:32:36.179612+00:00
cust_ext_1800,Клиент 1800,+79990001800,user_1800@example.com,2026-02-14 04:38:40.355913+00:00
cust_ext_1801,Клиент 1801,+79990001801,user_1801@example.com,2026-02-08 00:40:45.088929+00:00
cust_ext_1802,Клиент 1802,+79990001802,user_1802@example.com,2026-01-14 23:31:32.344952+00:00
cust_ext_1803,Клиент 1803,+79990001803,user_1803@example.com,2026-02-04 21:34:57.929181+00:00
cust_ext_1804,Клиент 1804,+79990001804,user_1804@example.com,2026-01-17 13:07:17.888339+00:00
cust_ext_1805,Клиент 1805,+79990001805,user_1805@example.com,2026-02-14 13:03:24.570322+00:00
cust_ext_1806,Клиент 1806,+79990001806,user_1806@example.com,2026-02-10 03:08:02.082335+00:00
cust_ext_1807,Клиент 1807,+79990001807,user_1807@example.com,2026-01-16 16:21:27.026628+00:00
cust_ext_1808,Клиент 1808,+79990001808,user_1808@example.com,2026-01-13 12:20:12.802231+00:00
cust_ext_1809,Клиент 1809,+79990001809,user_1809@example.com,2026-02-01 16:35:56.268269+00:00
cust_ext_1810,Клиент 1810,+79990001810,user_1810@example.com,2026-01-20 11:31:35.474566+00:00
cust_ext_1811,Клиент 1811,+79990001811,user_1811@example.com,2026-01-21 11:45:23.868939+00:00
cust_ext_1812,Клиент 1812,+79990001812,user_1812@example.com,2026-01-17 11:34:02.423150+00:00
cust_ext_1813,Клиент 1813,+79990001813,user_1813@example.com,2026-01-19 18:05:28.046488+00:00
cust_ext_1814,Клиент 1814,+79990001814,user_1814@example.com,2026-01-20 14:20:29.594984+00:00
cust_ext_1815,Клиент 1815,+79990001815,user_1815@example.com,2026-01-02 03:34:53.983807+00:00
cust_ext_1816,Клиент 1816,+79990001816,user_1816@example.com,2026-01-04 15:14:31.719911+00:00
cust_ext_1817,Клиент 1817,+79990001817,user_1817@example.com,2026-01-08 04:55:03.485346+00:00
cust_ext_1818,Клиент 1818,+79990001818,user_1818@example.com,2026-01-12 21:45:58.214205+00:00
cust_ext_1819,Клиент 1819,+79990001819,user_1819@example.com,2026-01-10 08:24:56.289637+00:00
cust_ext_1820,Клиент 1820,+79990001820,user_1820@example.com,2026-01-01 20:22:48.770468+00:00
cust_ext_1821,Клиент 1821,+79990001821,user_1821@example.com,2026-01-11 23:50:57.362724+00:00
cust_ext_1822,Клиент 1822,+79990001822,user_1822@example.com,2026-01-02 21:52:59.892682+00:00
cust_ext_1823,Клиент 1823,+79990001823,user_1823@example.com,2026-01-04 07:01:03.593331+00:00
cust_ext_1824,Клиент 1824,+79990001824,user_1824@example.com,2026-01-13 20:18:24.903204+00:00
cust_ext_1825,Клиент 1825,+79990001825,user_1825@example.com,2026-01-14 08:45:38.160836+00:00
cust_ext_1826,Клиент 1826,+79990001826,user_1826@example.com,2026-02-08 04:29:32.807953+00:00
cust_ext_1827,Клиент 1827,+79990001827,user_1827@example.com,2026-02-13 04:06:28.577435+00:00
cust_ext_1828,Клиент 1828,+79990001828,user_1828@example.com,2026-01-31 00:53:06.298754+00:00
cust_ext_1829,Клиент 1829,+79990001829,user_1829@example.com,2026-01-26 06:36:52.321606+00:00
cust_ext_1830,Клиент 1830,+79990001830,user_1830@example.com,2026-01-10 11:50:19.324785+00:00
cust_ext_1831,Клиент 1831,+79990001831,user_1831@example.com,2026-01-21 13:31:04.704640+00:00
cust_ext_1832,Клиент 1832,+79990001832,user_1832@example.com,2026-01-03 01:29:03.863261+00:00
cust_ext_1833,Клиент 1833,+79990001833,user_1833@example.com,2026-02-06 01:49:54.267817+00:00
cust_ext_1834,Клиент 1834,+79990001834,user_1834@example.com,2026-01-12 02:45:19.669081+00:00
cust_ext_1835,Клиент 1835,+79990001835,user_1835@example.com,2026-02-08 17:58:31.567374+00:00
cust_ext_1836,Клиент 1836,+79990001836,user_1836@example.com,2026-01-06 16:20:16.938667+00:00
cust_ext_1837,Клиент 1837,+79990001837,user_1837@example.com,2026-01-01 19:26:51.602214+00:00
cust_ext_1838,Клиент 1838,+79990001838,user_1838@example.com,2026-01-30 09:11:29.343860+00:00
cust_ext_1839,Клиент 1839,+79990001839,user_1839@example.com,2026-01-13 19:03:10.027110+00:00
cust_ext_1840,Клиент 1840,+79990001840,user_1840@example.com,2026-01-17 12:34:56.279402+00:00
cust_ext_1841,Клиент 1841,+79990001841,user_1841@example.com,2026-01-04 20:19:40.188591+00:00
cust_ext_1842,Клиент 1842,+79990001842,user_1842@example.com,2026-01-09 14:26:17.443517+00:00
cust_ext_1843,Клиент 1843,+79990001843,user_1843@example.com,2026-01-09 11:31:53.996859+00:00
cust_ext_1844,Клиент 1844,+79990001844,user_1844@example.com,2026-01-01 11:14:41.921041+00:00
cust_ext_1845,Клиент 1845,+79990001845,user_1845@example.com,2026-01-02 12:00:39.889225+00:00
cust_ext_1846,Клиент 1846,+79990001846,user_1846@example.com,2026-02-05 01:51:29.440896+00:00
cust_ext_1847,Клиент 1847,+79990001847,user_1847@example.com,2026-02-06 04:52:13.210355+00:00
cust_ext_1848,Клиент 1848,+79990001848,user_1848@example.com,2026-01-13 11:28:21.315063+00:00
cust_ext_1849,Клиент 1849,+79990001849,user_1849@example.com,2026-02-10 06:49:23.095627+00:00
cust_ext_1850,Клиент 1850,+79990001850,user_1850@example.com,2026-01-11 11:03:18.368184+00:00
cust_ext_1851,Клиент 1851,+79990001851,user_1851@example.com,2026-01-18 01:37:49.543126+00:00
cust_ext_1852,Клиент 1852,+79990001852,user_1852@example.com,2026-01-06 02:05:51.516322+00:00
cust_ext_1853,Клиент 1853,+79990001853,user_1853@example.com,2026-02-12 02:39:47.262673+00:00
cust_ext_1854,Клиент 1854,+79990001854,user_1854@example.com,2026-01-10 20:32:30.706635+00:00
cust_ext_1855,Клиент 1855,+79990001855,user_1855@example.com,2026-01-24 14:33:30.722171+00:00
cust_ext_1856,Клиент 1856,+79990001856,user_1856@example.com,2026-01-07 21:23:33.505311+00:00
cust_ext_1857,Клиент 1857,+79990001857,user_1857@example.com,2026-01-02 11:34:24.517625+00:00
cust_ext_1858,Клиент 1858,+79990001858,user_1858@example.com,2026-01-29 07:55:50.829813+00:00
cust_ext_1859,Клиент 1859,+79990001859,user_1859@example.com,2026-01-08 07:35:22.118797+00:00
cust_ext_1860,Клиент 1860,+79990001860,user_1860@example.com,2026-01-02 01:11:58.477125+00:00
cust_ext_1861,Клиент 1861,+79990001861,user_1861@example.com,2026-01-30 16:47:34.081579+00:00
cust_ext_1862,Клиент 1862,+79990001862,user_1862@example.com,2026-02-06 03:10:00.431075+00:00
cust_ext_1863,Клиент 1863,+79990001863,user_1863@example.com,2026-01-17 20:10:54.691283+00:00
cust_ext_1864,Клиент 1864,+79990001864,user_1864@example.com,2026-01-24 13:15:57.294031+00:00
cust_ext_1865,Клиент 1865,+79990001865,user_1865@example.com,2026-01-28 19:39:18.273914+00:00
cust_ext_1866,Клиент 1866,+79990001866,user_1866@example.com,2026-02-10 06:42:57.118772+00:00
cust_ext_1867,Клиент 1867,+79990001867,user_1867@example.com,2026-01-18 15:44:22.290235+00:00
cust_ext_1868,Клиент 1868,+79990001868,user_1868@example.com,2026-01-10 19:03:54.905526+00:00
cust_ext_1869,Клиент 1869,+79990001869,user_1869@example.com,2026-01-03 02:25:23.664179+00:00
cust_ext_1870,Клиент 1870,+79990001870,user_1870@example.com,2026-02-11 10:17:03.729564+00:00
cust_ext_1871,Клиент 1871,+79990001871,user_1871@example.com,2026-01-25 16:15:20.819551+00:00
cust_ext_1872,Клиент 1872,+79990001872,user_1872@example.com,2026-02-12 11:35:17.475448+00:00
cust_ext_1873,Клиент 1873,+79990001873,user_1873@example.com,2026-02-01 06:33:04.070501+00:00
cust_ext_1874,Клиент 1874,+79990001874,user_1874@example.com,2026-01-19 04:14:24.322184+00:00
cust_ext_1875,Клиент 1875,+79990001875,user_1875@example.com,2026-01-21 05:08:17.495287+00:00
cust_ext_1876,Клиент 1876,+79990001876,user_1876@example.com,2026-02-10 15:59:08.749804+00:00
cust_ext_1877,Клиент 1877,+79990001877,user_1877@example.com,2026-01-28 02:06:24.695432+00:00
cust_ext_1878,Клиент 1878,+79990001878,user_1878@example.com,2026-01-03 20:23:17.436675+00:00
cust_ext_1879,Клиент 1879,+79990001879,user_1879@example.com,2026-01-24 06:10:11.143444+00:00
cust_ext_1880,Клиент 1880,+79990001880,user_1880@example.com,2026-02-08 20:30:28.922713+00:00
cust_ext_1881,Клиент 1881,+79990001881,user_1881@example.com,2026-01-05 08:26:49.245745+00:00
cust_ext_1882,Клиент 1882,+79990001882,user_1882@example.com,2026-02-12 17:48:16.462424+00:00
cust_ext_1883,Клиент 1883,+79990001883,user_1883@example.com,2026-01-21 23:33:36.254394+00:00
cust_ext_1884,Клиент 1884,+79990001884,user_1884@example.com,2026-01-11 23:44:43.333511+00:00
cust_ext_1885,Клиент 1885,+79990001885,user_1885@example.com,2026-02-14 19:17:19.120591+00:00
cust_ext_1886,Клиент 1886,+79990001886,user_1886@example.com,2026-02-07 13:44:50.448193+00:00
cust_ext_1887,Клиент 1887,+79990001887,user_1887@example.com,2026-01-26 15:38:48.452509+00:00
cust_ext_1888,Клиент 1888,+79990001888,user_1888@example.com,2026-02-03 21:10:42.159576+00:00
cust_ext_1889,Клиент 1889,+79990001889,user_1889@example.com,2026-01-13 11:46:47.494341+00:00
cust_ext_1890,Клиент 1890,+79990001890,user_1890@example.com,2026-02-03 15:51:19.407195+00:00
cust_ext_1891,Клиент 1891,+79990001891,user_1891@example.com,2026-01-20 10:43:25.592546+00:00
cust_ext_1892,Клиент 1892,+79990001892,user_1892@example.com,2026-01-07 07:56:06.147639+00:00
cust_ext_1893,Клиент 1893,+79990001893,user_1893@example.com,2026-01-29 07:31:01.307283+00:00
cust_ext_1894,Клиент 1894,+79990001894,user_1894@example.com,2026-01-07 13:28:02.005116+00:00
cust_ext_1895,Клиент 1895,+79990001895,user_1895@example.com,2026-01-06 01:34:57.136389+00:00
cust_ext_1896,Клиент 1896,+79990001896,user_1896@example.com,2026-01-18 22:12:40.360354+00:00
cust_ext_1897,Клиент 1897,+79990001897,user_1897@example.com,2026-02-11 10:05:31.108659+00:00
cust_ext_1898,Клиент 1898,+79990001898,user_1898@example.com,2026-01-04 06:22:46.549673+00:00
cust_ext_1899,Клиент 1899,+79990001899,user_1899@example.com,2026-02-05 01:49:03.883331+00:00
cust_ext_1900,Клиент 1900,+79990001900,user_1900@example.com,2026-01-16 03:26:32.163190+00:00
cust_ext_1901,Клиент 1901,+79990001901,user_1901@example.com,2026-01-21 07:55:03.258676+00:00
cust_ext_1902,Клиент 1902,+79990001902,user_1902@example.com,2026-01-26 05:18:48.795314+00:00
cust_ext_1903,Клиент 1903,+79990001903,user_1903@example.com,2026-01-11 10:21:10.510857+00:00
cust_ext_1904,Клиент 1904,+79990001904,user_1904@example.com,2026-01-30 00:19:51.032575+00:00
cust_ext_1905,Клиент 1905,+79990001905,user_1905@example.com,2026-02-06 15:39:15.819813+00:00
cust_ext_1906,Клиент 1906,+79990001906,user_1906@example.com,2026-01-22 16:09:26.052886+00:00
cust_ext_1907,Клиент 1907,+79990001907,user_1907@example.com,2026-02-07 09:42:40.202302+00:00
cust_ext_1908,Клиент 1908,+79990001908,user_1908@example.com,2026-01-25 11:45:11.502163+00:00
cust_ext_1909,Клиент 1909,+79990001909,user_1909@example.com,2026-02-04 03:38:23.684037+00:00
cust_ext_1910,Клиент 1910,+79990001910,user_1910@example.com,2026-01-22 07:17:05.037064+00:00
cust_ext_1911,Клиент 1911,+79990001911,user_1911@example.com,2026-01-16 01:13:31.462437+00:00
cust_ext_1912,Клиент 1912,+79990001912,user_1912@example.com,2026-01-03 12:34:03.418281+00:00
cust_ext_1913,Клиент 1913,+79990001913,user_1913@example.com,2026-01-30 10:15:31.224244+00:00
cust_ext_1914,Клиент 1914,+79990001914,user_1914@example.com,2026-02-09 16:19:57.128079+00:00
cust_ext_1915,Клиент 1915,+79990001915,user_1915@example.com,2026-01-22 01:26:25.581527+00:00
cust_ext_1916,Клиент 1916,+79990001916,user_1916@example.com,2026-02-01 17:30:51.850938+00:00
cust_ext_1917,Клиент 1917,+79990001917,user_1917@example.com,2026-01-30 04:49:43.019677+00:00
cust_ext_1918,Клиент 1918,+79990001918,user_1918@example.com,2026-02-07 06:57:15.993615+00:00
cust_ext_1919,Клиент 1919,+79990001919,user_1919@example.com,2026-01-04 23:08:10.119103+00:00
cust_ext_1920,Клиент 1920,+79990001920,user_1920@example.com,2026-02-05 23:02:05.144485+00:00
cust_ext_1921,Клиент 1921,+79990001921,user_1921@example.com,2026-01-30 07:44:54.985273+00:00
cust_ext_1922,Клиент 1922,+79990001922,user_1922@example.com,2026-01-07 11:06:05.174059+00:00
cust_ext_1923,Клиент 1923,+79990001923,user_1923@example.com,2026-01-06 13:35:54.309165+00:00
cust_ext_1924,Клиент 1924,+79990001924,user_1924@example.com,2026-02-03 11:44:17.219741+00:00
cust_ext_1925,Клиент 1925,+79990001925,user_1925@example.com,2026-01-11 17:00:19.153829+00:00
cust_ext_1926,Клиент 1926,+79990001926,user_1926@example.com,2026-02-10 08:15:11.814444+00:00
cust_ext_1927,Клиент 1927,+79990001927,user_1927@example.com,2026-01-18 09:40:24.152372+00:00
cust_ext_1928,Клиент 1928,+79990001928,user_1928@example.com,2026-02-08 19:20:20.081554+00:00
cust_ext_1929,Клиент 1929,+79990001929,user_1929@example.com,2026-02-10 13:05:38.312689+00:00
cust_ext_1930,Клиент 1930,+79990001930,user_1930@example.com,2026-02-14 17:40:24.551423+00:00
cust_ext_1931,Клиент 1931,+79990001931,user_1931@example.com,2026-02-02 07:47:47.536465+00:00
cust_ext_1932,Клиент 1932,+79990001932,user_1932@example.com,2026-01-11 19:03:07.888858+00:00
cust_ext_1933,Клиент 1933,+79990001933,user_1933@example.com,2026-01-29 18:08:27.277286+00:00
cust_ext_1934,Клиент 1934,+79990001934,user_1934@example.com,2026-01-23 21:22:04.274470+00:00
cust_ext_1935,Клиент 1935,+79990001935,user_1935@example.com,2026-01-31 03:20:19.068857+00:00
cust_ext_1936,Клиент 1936,+79990001936,user_1936@example.com,2026-01-31 10:25:38.722156+00:00
cust_ext_1937,Клиент 1937,+79990001937,user_1937@example.com,2026-01-14 11:26:56.850196+00:00
cust_ext_1938,Клиент 1938,+79990001938,user_1938@example.com,2026-01-17 12:13:57.187343+00:00
cust_ext_1939,Клиент 1939,+79990001939,user_1939@example.com,2026-01-23 17:51:20.271951+00:00
cust_ext_1940,Клиент 1940,+79990001940,user_1940@example.com,2026-01-04 20:39:00.690141+00:00
cust_ext_1941,Клиент 1941,+79990001941,user_1941@example.com,2026-01-24 01:51:49.876031+00:00
cust_ext_1942,Клиент 1942,+79990001942,user_1942@example.com,2026-01-27 17:43:21.045914+00:00
cust_ext_1943,Клиент 1943,+79990001943,user_1943@example.com,2026-01-30 12:10:12.403959+00:00
cust_ext_1944,Клиент 1944,+79990001944,user_1944@example.com,2026-01-18 06:48:34.472093+00:00
cust_ext_1945,Клиент 1945,+79990001945,user_1945@example.com,2026-01-15 18:04:29.688160+00:00
cust_ext_1946,Клиент 1946,+79990001946,user_1946@example.com,2026-02-11 00:02:13.155300+00:00
cust_ext_1947,Клиент 1947,+79990001947,user_1947@example.com,2026-01-08 22:06:59.535875+00:00
cust_ext_1948,Клиент 1948,+79990001948,user_1948@example.com,2026-01-22 10:26:27.852168+00:00
cust_ext_1949,Клиент 1949,+79990001949,user_1949@example.com,2026-02-03 05:19:17.721423+00:00
cust_ext_1950,Клиент 1950,+79990001950,user_1950@example.com,2026-01-30 06:19:51.452514+00:00
cust_ext_1951,Клиент 1951,+79990001951,user_1951@example.com,2026-01-21 18:40:24.816681+00:00
cust_ext_1952,Клиент 1952,+79990001952,user_1952@example.com,2026-02-08 18:39:41.715303+00:00
cust_ext_1953,Клиент 1953,+79990001953,user_1953@example.com,2026-01-20 06:50:04.123021+00:00
cust_ext_1954,Клиент 1954,+79990001954,user_1954@example.com,2026-01-10 13:24:16.520822+00:00
cust_ext_1955,Клиент 1955,+79990001955,user_1955@example.com,2026-01-16 21:01:49.762485+00:00
cust_ext_1956,Клиент 1956,+79990001956,user_1956@example.com,2026-01-24 05:18:08.728190+00:00
cust_ext_1957,Клиент 1957,+79990001957,user_1957@example.com,2026-01-27 02:18:34.292561+00:00
cust_ext_1958,Клиент 1958,+79990001958,user_1958@example.com,2026-01-01 16:24:41.408562+00:00
cust_ext_1959,Клиент 1959,+79990001959,user_1959@example.com,2026-01-14 11:13:49.051058+00:00
cust_ext_1960,Клиент 1960,+79990001960,user_1960@example.com,2026-02-04 08:30:02.133333+00:00
cust_ext_1961,Клиент 1961,+79990001961,user_1961@example.com,2026-01-22 05:30:23.651120+00:00
cust_ext_1962,Клиент 1962,+79990001962,user_1962@example.com,2026-01-23 11:01:29.233775+00:00
cust_ext_1963,Клиент 1963,+79990001963,user_1963@example.com,2026-01-03 07:11:08.621859+00:00
cust_ext_1964,Клиент 1964,+79990001964,user_1964@example.com,2026-01-31 00:59:40.437287+00:00
cust_ext_1965,Клиент 1965,+79990001965,user_1965@example.com,2026-02-01 12:59:07.298051+00:00
cust_ext_1966,Клиент 1966,+79990001966,user_1966@example.com,2026-01-08 16:46:06.328129+00:00
cust_ext_1967,Клиент 1967,+79990001967,user_1967@example.com,2026-02-02 17:48:12.012230+00:00
cust_ext_1968,Клиент 1968,+79990001968,user_1968@example.com,2026-02-03 10:50:14.201769+00:00
cust_ext_1969,Клиент 1969,+79990001969,user_1969@example.com,2026-01-06 23:28:27.005830+00:00
cust_ext_1970,Клиент 1970,+79990001970,user_1970@example.com,2026-01-03 22:46:27.294647+00:00
cust_ext_1971,Клиент 1971,+79990001971,user_1971@example.com,2026-01-16 21:47:04.815600+00:00
cust_ext_1972,Клиент 1972,+79990001972,user_1972@example.com,2026-01-04 06:57:46.146551+00:00
cust_ext_1973,Клиент 1973,+79990001973,user_1973@example.com,2026-01-31 19:55:21.717762+00:00
cust_ext_1974,Клиент 1974,+79990001974,user_1974@example.com,2026-01-12 11:32:17.475650+00:00
cust_ext_1975,Клиент 1975,+79990001975,user_1975@example.com,2026-01-07 21:40:11.953499+00:00
cust_ext_1976,Клиент 1976,+79990001976,user_1976@example.com,2026-01-17 22:52:31.441473+00:00
cust_ext_1977,Клиент 1977,+79990001977,user_1977@example.com,2026-01-18 03:56:39.873155+00:00
cust_ext_1978,Клиент 1978,+79990001978,user_1978@example.com,2026-01-23 01:17:19.153451+00:00
cust_ext_1979,Клиент 1979,+79990001979,user_1979@example.com,2026-01-01 06:19:58.330951+00:00
cust_ext_1980,Клиент 1980,+79990001980,user_1980@example.com,2026-01-29 16:56:29.021577+00:00
cust_ext_1981,Клиент 1981,+79990001981,user_1981@example.com,2026-02-04 08:59:38.094250+00:00
cust_ext_1982,Клиент 1982,+79990001982,user_1982@example.com,2026-01-13 23:36:58.476665+00:00
cust_ext_1983,Клиент 1983,+79990001983,user_1983@example.com,2026-01-31 13:25:47.763312+00:00
cust_ext_1984,Клиент 1984,+79990001984,user_1984@example.com,2026-01-18 16:36:41.755744+00:00
cust_ext_1985,Клиент 1985,+79990001985,user_1985@example.com,2026-01-09 21:32:54.811489+00:00
cust_ext_1986,Клиент 1986,+79990001986,user_1986@example.com,2026-01-24 15:54:03.888552+00:00
cust_ext_1987,Клиент 1987,+79990001987,user_1987@example.com,2026-02-04 17:03:23.366028+00:00
cust_ext_1988,Клиент 1988,+79990001988,user_1988@example.com,2026-01-14 09:36:26.462167+00:00
cust_ext_1989,Клиент 1989,+79990001989,user_1989@example.com,2026-02-01 15:17:18.155533+00:00
cust_ext_1990,Клиент 1990,+79990001990,user_1990@example.com,2026-02-03 18:21:21.003413+00:00
cust_ext_1991,Клиент 1991,+79990001991,user_1991@example.com,2026-01-07 02:46:57.133341+00:00
cust_ext_1992,Клиент 1992,+79990001992,user_1992@example.com,2026-01-10 02:03:51.519989+00:00
cust_ext_1993,Клиент 1993,+79990001993,user_1993@example.com,2026-01-28 16:50:38.413698+00:00
cust_ext_1994,Клиент 1994,+79990001994,user_1994@example.com,2026-02-09 04:48:03.776257+00:00
cust_ext_1995,Клиент 1995,+79990001995,user_1995@example.com,2026-01-02 04:30:05.499164+00:00
cust_ext_1996,Клиент 1996,+79990001996,user_1996@example.com,2026-01-01 13:43:02.842355+00:00
cust_ext_1997,Клиент 1997,+79990001997,user_1997@example.com,2026-01-26 04:51:26.096795+00:00
cust_ext_1998,Клиент 1998,+79990001998,user_1998@example.com,2026-01-25 00:27:45.259732+00:00
cust_ext_1999,Клиент 1999,+79990001999,user_1999@example.com,2026-02-06 19:16:34.312647+00:00
cust_ext_2000,Клиент 2000,+79990002000,user_2000@example.com,2026-01-19 21:47:38.865109+00:00
cust_ext_2001,Клиент 2001,+79990002001,user_2001@example.com,2026-01-04 08:42:21.674383+00:00
cust_ext_2002,Клиент 2002,+79990002002,user_2002@example.com,2026-01-01 07:04:42.707972+00:00
cust_ext_2003,Клиент 2003,+79990002003,user_2003@example.com,2026-02-07 01:00:44.015765+00:00
cust_ext_2004,Клиент 2004,+79990002004,user_2004@example.com,2026-01-06 19:14:46.490857+00:00
cust_ext_2005,Клиент 2005,+79990002005,user_2005@example.com,2026-02-12 08:58:55.792196+00:00
cust_ext_2006,Клиент 2006,+79990002006,user_2006@example.com,2026-01-10 15:12:37.770971+00:00
cust_ext_2007,Клиент 2007,+79990002007,user_2007@example.com,2026-02-07 22:10:14.284244+00:00
cust_ext_2008,Клиент 2008,+79990002008,user_2008@example.com,2026-01-23 15:08:44.210900+00:00
cust_ext_2009,Клиент 2009,+79990002009,user_2009@example.com,2026-02-10 17:07:14.523740+00:00
cust_ext_2010,Клиент 2010,+79990002010,user_2010@example.com,2026-02-01 19:33:39.573428+00:00
cust_ext_2011,Клиент 2011,+79990002011,user_2011@example.com,2026-01-29 06:10:21.003051+00:00
cust_ext_2012,Клиент 2012,+79990002012,user_2012@example.com,2026-02-10 09:48:52.335634+00:00
cust_ext_2013,Клиент 2013,+79990002013,user_2013@example.com,2026-01-29 01:37:57.526924+00:00
cust_ext_2014,Клиент 2014,+79990002014,user_2014@example.com,2026-02-12 06:25:14.217153+00:00
cust_ext_2015,Клиент 2015,+79990002015,user_2015@example.com,2026-02-07 11:07:51.072100+00:00
cust_ext_2016,Клиент 2016,+79990002016,user_2016@example.com,2026-01-20 03:05:50.437300+00:00
cust_ext_2017,Клиент 2017,+79990002017,user_2017@example.com,2026-01-14 04:31:57.741182+00:00
cust_ext_2018,Клиент 2018,+79990002018,user_2018@example.com,2026-02-02 12:28:56.247840+00:00
cust_ext_2019,Клиент 2019,+79990002019,user_2019@example.com,2026-01-01 21:03:31.784542+00:00
cust_ext_2020,Клиент 2020,+79990002020,user_2020@example.com,2026-01-10 18:00:49.492231+00:00
cust_ext_2021,Клиент 2021,+79990002021,user_2021@example.com,2026-01-31 15:28:00.761387+00:00
cust_ext_2022,Клиент 2022,+79990002022,user_2022@example.com,2026-01-17 21:12:55.132384+00:00
cust_ext_2023,Клиент 2023,+79990002023,user_2023@example.com,2026-02-10 15:48:18.926340+00:00
cust_ext_2024,Клиент 2024,+79990002024,user_2024@example.com,2026-01-21 09:19:18.088523+00:00
cust_ext_2025,Клиент 2025,+79990002025,user_2025@example.com,2026-01-13 14:07:29.424870+00:00
cust_ext_2026,Клиент 2026,+79990002026,user_2026@example.com,2026-01-08 06:20:58.149140+00:00
cust_ext_2027,Клиент 2027,+79990002027,user_2027@example.com,2026-01-25 15:19:26.488885+00:00
cust_ext_2028,Клиент 2028,+79990002028,user_2028@example.com,2026-01-22 18:03:37.272746+00:00
cust_ext_2029,Клиент 2029,+79990002029,user_2029@example.com,2026-01-03 08:29:54.932041+00:00
cust_ext_2030,Клиент 2030,+79990002030,user_2030@example.com,2026-01-31 12:20:29.508014+00:00
cust_ext_2031,Клиент 2031,+79990002031,user_2031@example.com,2026-02-07 22:39:04.672834+00:00
cust_ext_2032,Клиент 2032,+79990002032,user_2032@example.com,2026-01-26 15:16:34.283314+00:00
cust_ext_2033,Клиент 2033,+79990002033,user_2033@example.com,2026-02-04 07:31:29.629690+00:00
cust_ext_2034,Клиент 2034,+79990002034,user_2034@example.com,2026-01-27 17:07:40.817312+00:00
cust_ext_2035,Клиент 2035,+79990002035,user_2035@example.com,2026-02-08 23:54:57.303825+00:00
cust_ext_2036,Клиент 2036,+79990002036,user_2036@example.com,2026-01-05 23:25:25.394777+00:00
cust_ext_2037,Клиент 2037,+79990002037,user_2037@example.com,2026-01-07 17:42:34.043317+00:00
cust_ext_2038,Клиент 2038,+79990002038,user_2038@example.com,2026-02-01 15:46:01.695206+00:00
cust_ext_2039,Клиент 2039,+79990002039,user_2039@example.com,2026-02-03 15:31:54.034872+00:00
cust_ext_2040,Клиент 2040,+79990002040,user_2040@example.com,2026-01-18 09:40:36.532788+00:00
cust_ext_2041,Клиент 2041,+79990002041,user_2041@example.com,2026-01-15 21:26:07.043747+00:00
cust_ext_2042,Клиент 2042,+79990002042,user_2042@example.com,2026-02-03 01:09:55.445283+00:00
cust_ext_2043,Клиент 2043,+79990002043,user_2043@example.com,2026-02-12 08:32:50.900250+00:00
cust_ext_2044,Клиент 2044,+79990002044,user_2044@example.com,2026-02-04 16:12:15.238832+00:00
cust_ext_2045,Клиент 2045,+79990002045,user_2045@example.com,2026-02-09 15:51:43.938843+00:00
cust_ext_2046,Клиент 2046,+79990002046,user_2046@example.com,2026-01-01 15:54:47.201143+00:00
cust_ext_2047,Клиент 2047,+79990002047,user_2047@example.com,2026-01-15 07:40:45.192442+00:00
cust_ext_2048,Клиент 2048,+79990002048,user_2048@example.com,2026-02-07 16:34:38.046740+00:00
cust_ext_2049,Клиент 2049,+79990002049,user_2049@example.com,2026-01-27 19:37:54.591328+00:00
cust_ext_2050,Клиент 2050,+79990002050,user_2050@example.com,2026-01-27 00:44:12.701197+00:00
cust_ext_2051,Клиент 2051,+79990002051,user_2051@example.com,2026-01-26 05:36:24.928105+00:00
cust_ext_2052,Клиент 2052,+79990002052,user_2052@example.com,2026-01-16 17:20:20.376352+00:00
cust_ext_2053,Клиент 2053,+79990002053,user_2053@example.com,2026-02-12 17:31:58.587624+00:00
cust_ext_2054,Клиент 2054,+79990002054,user_2054@example.com,2026-01-31 23:49:21.115914+00:00
cust_ext_2055,Клиент 2055,+79990002055,user_2055@example.com,2026-02-14 22:47:36.342063+00:00
cust_ext_2056,Клиент 2056,+79990002056,user_2056@example.com,2026-01-03 23:11:37.868457+00:00
cust_ext_2057,Клиент 2057,+79990002057,user_2057@example.com,2026-02-02 05:02:13.251435+00:00
cust_ext_2058,Клиент 2058,+79990002058,user_2058@example.com,2026-02-02 08:00:27.889997+00:00
cust_ext_2059,Клиент 2059,+79990002059,user_2059@example.com,2026-02-09 08:47:22.812347+00:00
cust_ext_2060,Клиент 2060,+79990002060,user_2060@example.com,2026-01-09 21:11:39.926742+00:00
cust_ext_2061,Клиент 2061,+79990002061,user_2061@example.com,2026-01-23 16:35:43.828569+00:00
cust_ext_2062,Клиент 2062,+79990002062,user_2062@example.com,2026-02-05 22:31:37.179118+00:00
cust_ext_2063,Клиент 2063,+79990002063,user_2063@example.com,2026-01-07 23:41:21.203468+00:00
cust_ext_2064,Клиент 2064,+79990002064,user_2064@example.com,2026-01-28 14:15:01.873857+00:00
cust_ext_2065,Клиент 2065,+79990002065,user_2065@example.com,2026-02-10 20:50:00.787364+00:00
cust_ext_2066,Клиент 2066,+79990002066,user_2066@example.com,2026-01-05 11:27:44.836355+00:00
cust_ext_2067,Клиент 2067,+79990002067,user_2067@example.com,2026-01-16 23:10:16.193003+00:00
cust_ext_2068,Клиент 2068,+79990002068,user_2068@example.com,2026-02-12 23:57:35.184658+00:00
cust_ext_2069,Клиент 2069,+79990002069,user_2069@example.com,2026-01-04 18:48:10.438289+00:00
cust_ext_2070,Клиент 2070,+79990002070,user_2070@example.com,2026-01-12 17:57:48.775282+00:00
cust_ext_2071,Клиент 2071,+79990002071,user_2071@example.com,2026-01-23 01:50:32.675028+00:00
cust_ext_2072,Клиент 2072,+79990002072,user_2072@example.com,2026-02-09 07:12:11.947436+00:00
cust_ext_2073,Клиент 2073,+79990002073,user_2073@example.com,2026-01-15 07:03:02.238936+00:00
cust_ext_2074,Клиент 2074,+79990002074,user_2074@example.com,2026-01-23 03:51:53.968208+00:00
cust_ext_2075,Клиент 2075,+79990002075,user_2075@example.com,2026-01-24 19:17:51.223964+00:00
cust_ext_2076,Клиент 2076,+79990002076,user_2076@example.com,2026-02-14 01:04:35.549712+00:00
cust_ext_2077,Клиент 2077,+79990002077,user_2077@example.com,2026-01-18 13:43:23.558072+00:00
cust_ext_2078,Клиент 2078,+79990002078,user_2078@example.com,2026-01-03 09:10:12.807349+00:00
cust_ext_2079,Клиент 2079,+79990002079,user_2079@example.com,2026-01-25 03:23:04.129449+00:00
cust_ext_2080,Клиент 2080,+79990002080,user_2080@example.com,2026-02-10 17:51:44.531059+00:00
cust_ext_2081,Клиент 2081,+79990002081,user_2081@example.com,2026-01-30 04:45:43.441280+00:00
cust_ext_2082,Клиент 2082,+79990002082,user_2082@example.com,2026-01-30 15:18:57.465077+00:00
cust_ext_2083,Клиент 2083,+79990002083,user_2083@example.com,2026-02-09 12:54:52.470336+00:00
cust_ext_2084,Клиент 2084,+79990002084,user_2084@example.com,2026-01-04 17:48:01.985248+00:00
cust_ext_2085,Клиент 2085,+79990002085,user_2085@example.com,2026-02-10 11:38:31.864212+00:00
cust_ext_2086,Клиент 2086,+79990002086,user_2086@example.com,2026-01-15 06:30:42.291259+00:00
cust_ext_2087,Клиент 2087,+79990002087,user_2087@example.com,2026-01-14 14:05:48.575782+00:00
cust_ext_2088,Клиент 2088,+79990002088,user_2088@example.com,2026-01-09 23:05:35.854094+00:00
cust_ext_2089,Клиент 2089,+79990002089,user_2089@example.com,2026-02-11 02:56:22.621346+00:00
cust_ext_2090,Клиент 2090,+79990002090,user_2090@example.com,2026-01-24 06:22:58.027122+00:00
cust_ext_2091,Клиент 2091,+79990002091,user_2091@example.com,2026-01-24 23:54:31.449306+00:00
cust_ext_2092,Клиент 2092,+79990002092,user_2092@example.com,2026-01-23 11:45:37.654924+00:00
cust_ext_2093,Клиент 2093,+79990002093,user_2093@example.com,2026-01-19 15:47:04.069685+00:00
cust_ext_2094,Клиент 2094,+79990002094,user_2094@example.com,2026-01-06 20:09:01.483872+00:00
cust_ext_2095,Клиент 2095,+79990002095,user_2095@example.com,2026-01-26 09:26:22.872474+00:00
cust_ext_2096,Клиент 2096,+79990002096,user_2096@example.com,2026-01-29 05:44:26.350969+00:00
cust_ext_2097,Клиент 2097,+79990002097,user_2097@example.com,2026-01-05 05:15:41.855596+00:00
cust_ext_2098,Клиент 2098,+79990002098,user_2098@example.com,2026-01-27 18:04:40.628042+00:00
cust_ext_2099,Клиент 2099,+79990002099,user_2099@example.com,2026-02-13 10:09:36.712742+00:00
cust_ext_2100,Клиент 2100,+79990002100,user_2100@example.com,2026-02-10 13:52:58.156679+00:00
cust_ext_2101,Клиент 2101,+79990002101,user_2101@example.com,2026-01-13 22:05:22.510263+00:00
cust_ext_2102,Клиент 2102,+79990002102,user_2102@example.com,2026-01-11 20:48:42.970061+00:00
cust_ext_2103,Клиент 2103,+79990002103,user_2103@example.com,2026-02-14 03:36:52.356428+00:00
cust_ext_2104,Клиент 2104,+79990002104,user_2104@example.com,2026-01-26 12:47:54.439227+00:00
cust_ext_2105,Клиент 2105,+79990002105,user_2105@example.com,2026-02-05 23:08:24.479254+00:00
cust_ext_2106,Клиент 2106,+79990002106,user_2106@example.com,2026-02-11 23:58:14.965804+00:00
cust_ext_2107,Клиент 2107,+79990002107,user_2107@example.com,2026-01-14 06:37:10.381929+00:00
cust_ext_2108,Клиент 2108,+79990002108,user_2108@example.com,2026-02-05 16:12:27.003305+00:00
cust_ext_2109,Клиент 2109,+79990002109,user_2109@example.com,2026-01-10 19:06:16.524505+00:00
cust_ext_2110,Клиент 2110,+79990002110,user_2110@example.com,2026-02-11 01:55:33.930319+00:00
cust_ext_2111,Клиент 2111,+79990002111,user_2111@example.com,2026-01-27 15:20:08.651340+00:00
cust_ext_2112,Клиент 2112,+79990002112,user_2112@example.com,2026-01-23 14:03:48.211375+00:00
cust_ext_2113,Клиент 2113,+79990002113,user_2113@example.com,2026-01-12 04:27:20.299897+00:00
cust_ext_2114,Клиент 2114,+79990002114,user_2114@example.com,2026-01-19 20:23:32.743741+00:00
cust_ext_2115,Клиент 2115,+79990002115,user_2115@example.com,2026-01-24 10:43:27.494635+00:00
cust_ext_2116,Клиент 2116,+79990002116,user_2116@example.com,2026-01-02 20:28:56.441157+00:00
cust_ext_2117,Клиент 2117,+79990002117,user_2117@example.com,2026-02-07 19:57:32.611920+00:00
cust_ext_2118,Клиент 2118,+79990002118,user_2118@example.com,2026-01-15 12:43:03.634427+00:00
cust_ext_2119,Клиент 2119,+79990002119,user_2119@example.com,2026-01-08 01:10:39.044369+00:00
cust_ext_2120,Клиент 2120,+79990002120,user_2120@example.com,2026-01-02 13:59:40.453300+00:00
cust_ext_2121,Клиент 2121,+79990002121,user_2121@example.com,2026-01-19 00:22:55.743415+00:00
cust_ext_2122,Клиент 2122,+79990002122,user_2122@example.com,2026-01-14 06:29:44.765484+00:00
cust_ext_2123,Клиент 2123,+79990002123,user_2123@example.com,2026-01-15 19:20:24.273182+00:00
cust_ext_2124,Клиент 2124,+79990002124,user_2124@example.com,2026-02-08 17:02:42.266555+00:00
cust_ext_2125,Клиент 2125,+79990002125,user_2125@example.com,2026-01-06 03:12:10.931455+00:00
cust_ext_2126,Клиент 2126,+79990002126,user_2126@example.com,2026-02-09 19:53:28.981005+00:00
cust_ext_2127,Клиент 2127,+79990002127,user_2127@example.com,2026-01-25 19:54:24.581172+00:00
cust_ext_2128,Клиент 2128,+79990002128,user_2128@example.com,2026-01-29 12:34:29.635078+00:00
cust_ext_2129,Клиент 2129,+79990002129,user_2129@example.com,2026-01-31 00:16:20.035683+00:00
cust_ext_2130,Клиент 2130,+79990002130,user_2130@example.com,2026-02-08 06:27:48.871375+00:00
cust_ext_2131,Клиент 2131,+79990002131,user_2131@example.com,2026-01-30 14:41:48.056068+00:00
cust_ext_2132,Клиент 2132,+79990002132,user_2132@example.com,2026-02-04 19:35:15.793109+00:00
cust_ext_2133,Клиент 2133,+79990002133,user_2133@example.com,2026-02-14 11:00:07.288461+00:00
cust_ext_2134,Клиент 2134,+79990002134,user_2134@example.com,2026-01-14 00:38:49.260627+00:00
cust_ext_2135,Клиент 2135,+79990002135,user_2135@example.com,2026-01-04 22:19:21.609117+00:00
cust_ext_2136,Клиент 2136,+79990002136,user_2136@example.com,2026-02-03 05:34:20.188717+00:00
cust_ext_2137,Клиент 2137,+79990002137,user_2137@example.com,2026-01-10 10:58:10.114313+00:00
cust_ext_2138,Клиент 2138,+79990002138,user_2138@example.com,2026-01-12 21:23:55.921612+00:00
cust_ext_2139,Клиент 2139,+79990002139,user_2139@example.com,2026-02-06 20:52:03.807800+00:00
cust_ext_2140,Клиент 2140,+79990002140,user_2140@example.com,2026-01-21 08:54:28.383468+00:00
cust_ext_2141,Клиент 2141,+79990002141,user_2141@example.com,2026-01-25 03:33:57.725005+00:00
cust_ext_2142,Клиент 2142,+79990002142,user_2142@example.com,2026-01-24 19:43:39.777055+00:00
cust_ext_2143,Клиент 2143,+79990002143,user_2143@example.com,2026-02-13 10:21:56.958736+00:00
cust_ext_2144,Клиент 2144,+79990002144,user_2144@example.com,2026-02-10 11:47:54.043663+00:00
cust_ext_2145,Клиент 2145,+79990002145,user_2145@example.com,2026-01-27 09:36:04.635941+00:00
cust_ext_2146,Клиент 2146,+79990002146,user_2146@example.com,2026-01-09 05:36:50.647188+00:00
cust_ext_2147,Клиент 2147,+79990002147,user_2147@example.com,2026-01-31 01:34:07.964668+00:00
cust_ext_2148,Клиент 2148,+79990002148,user_2148@example.com,2026-01-23 09:36:21.995727+00:00
cust_ext_2149,Клиент 2149,+79990002149,user_2149@example.com,2026-02-12 05:00:06.635309+00:00
cust_ext_2150,Клиент 2150,+79990002150,user_2150@example.com,2026-01-01 23:39:36.309186+00:00
cust_ext_2151,Клиент 2151,+79990002151,user_2151@example.com,2026-01-21 05:54:20.953492+00:00
cust_ext_2152,Клиент 2152,+79990002152,user_2152@example.com,2026-01-14 09:36:04.875908+00:00
cust_ext_2153,Клиент 2153,+79990002153,user_2153@example.com,2026-01-17 18:58:15.602322+00:00
cust_ext_2154,Клиент 2154,+79990002154,user_2154@example.com,2026-02-12 01:01:42.915416+00:00
cust_ext_2155,Клиент 2155,+79990002155,user_2155@example.com,2026-01-19 15:22:55.007712+00:00
cust_ext_2156,Клиент 2156,+79990002156,user_2156@example.com,2026-01-29 08:37:55.538016+00:00
cust_ext_2157,Клиент 2157,+79990002157,user_2157@example.com,2026-01-19 12:22:35.440166+00:00
cust_ext_2158,Клиент 2158,+79990002158,user_2158@example.com,2026-01-27 22:42:10.010658+00:00
cust_ext_2159,Клиент 2159,+79990002159,user_2159@example.com,2026-02-11 12:35:14.094923+00:00
cust_ext_2160,Клиент 2160,+79990002160,user_2160@example.com,2026-01-15 03:48:55.055268+00:00
cust_ext_2161,Клиент 2161,+79990002161,user_2161@example.com,2026-01-17 14:15:20.450010+00:00
cust_ext_2162,Клиент 2162,+79990002162,user_2162@example.com,2026-02-10 02:33:43.812048+00:00
cust_ext_2163,Клиент 2163,+79990002163,user_2163@example.com,2026-02-12 23:27:42.943105+00:00
cust_ext_2164,Клиент 2164,+79990002164,user_2164@example.com,2026-01-06 04:44:18.924497+00:00
cust_ext_2165,Клиент 2165,+79990002165,user_2165@example.com,2026-01-15 17:22:12.697114+00:00
cust_ext_2166,Клиент 2166,+79990002166,user_2166@example.com,2026-01-26 21:41:04.558727+00:00
cust_ext_2167,Клиент 2167,+79990002167,user_2167@example.com,2026-01-19 00:09:50.217624+00:00
cust_ext_2168,Клиент 2168,+79990002168,user_2168@example.com,2026-01-11 15:01:00.964378+00:00
cust_ext_2169,Клиент 2169,+79990002169,user_2169@example.com,2026-02-01 12:51:10.634873+00:00
cust_ext_2170,Клиент 2170,+79990002170,user_2170@example.com,2026-02-05 21:16:17.045486+00:00
cust_ext_2171,Клиент 2171,+79990002171,user_2171@example.com,2026-01-23 11:26:02.475439+00:00
cust_ext_2172,Клиент 2172,+79990002172,user_2172@example.com,2026-02-02 02:17:32.096121+00:00
cust_ext_2173,Клиент 2173,+79990002173,user_2173@example.com,2026-01-29 17:51:46.318281+00:00
cust_ext_2174,Клиент 2174,+79990002174,user_2174@example.com,2026-01-09 08:49:21.020588+00:00
cust_ext_2175,Клиент 2175,+79990002175,user_2175@example.com,2026-01-29 18:59:02.677622+00:00
cust_ext_2176,Клиент 2176,+79990002176,user_2176@example.com,2026-01-21 10:04:48.442196+00:00
cust_ext_2177,Клиент 2177,+79990002177,user_2177@example.com,2026-01-08 19:06:41.130947+00:00
cust_ext_2178,Клиент 2178,+79990002178,user_2178@example.com,2026-01-03 22:10:06.554549+00:00
cust_ext_2179,Клиент 2179,+79990002179,user_2179@example.com,2026-01-07 04:21:25.105934+00:00
cust_ext_2180,Клиент 2180,+79990002180,user_2180@example.com,2026-01-27 09:12:22.152628+00:00
cust_ext_2181,Клиент 2181,+79990002181,user_2181@example.com,2026-01-08 17:11:18.179089+00:00
cust_ext_2182,Клиент 2182,+79990002182,user_2182@example.com,2026-01-09 23:08:59.605935+00:00
cust_ext_2183,Клиент 2183,+79990002183,user_2183@example.com,2026-01-17 13:13:21.923791+00:00
cust_ext_2184,Клиент 2184,+79990002184,user_2184@example.com,2026-01-16 09:51:43.460421+00:00
cust_ext_2185,Клиент 2185,+79990002185,user_2185@example.com,2026-01-29 02:53:04.115545+00:00
cust_ext_2186,Клиент 2186,+79990002186,user_2186@example.com,2026-01-29 07:31:53.783364+00:00
cust_ext_2187,Клиент 2187,+79990002187,user_2187@example.com,2026-01-28 11:29:41.379072+00:00
cust_ext_2188,Клиент 2188,+79990002188,user_2188@example.com,2026-01-19 15:52:18.273684+00:00
cust_ext_2189,Клиент 2189,+79990002189,user_2189@example.com,2026-01-08 18:59:20.253482+00:00
cust_ext_2190,Клиент 2190,+79990002190,user_2190@example.com,2026-01-12 20:24:45.922088+00:00
cust_ext_2191,Клиент 2191,+79990002191,user_2191@example.com,2026-02-13 20:26:12.433279+00:00
cust_ext_2192,Клиент 2192,+79990002192,user_2192@example.com,2026-01-17 04:56:08.178568+00:00
cust_ext_2193,Клиент 2193,+79990002193,user_2193@example.com,2026-01-25 19:04:42.829285+00:00
cust_ext_2194,Клиент 2194,+79990002194,user_2194@example.com,2026-01-29 13:36:08.616711+00:00
cust_ext_2195,Клиент 2195,+79990002195,user_2195@example.com,2026-01-31 08:22:48.508996+00:00
cust_ext_2196,Клиент 2196,+79990002196,user_2196@example.com,2026-01-09 23:54:03.353792+00:00
cust_ext_2197,Клиент 2197,+79990002197,user_2197@example.com,2026-01-27 01:57:49.700860+00:00
cust_ext_2198,Клиент 2198,+79990002198,user_2198@example.com,2026-01-01 07:33:45.726016+00:00
cust_ext_2199,Клиент 2199,+79990002199,user_2199@example.com,2026-01-06 12:52:49.250862+00:00
cust_ext_2200,Клиент 2200,+79990002200,user_2200@example.com,2026-01-29 13:03:47.602662+00:00
cust_ext_2201,Клиент 2201,+79990002201,user_2201@example.com,2026-02-08 11:42:13.519408+00:00
cust_ext_2202,Клиент 2202,+79990002202,user_2202@example.com,2026-02-03 06:04:23.124664+00:00
cust_ext_2203,Клиент 2203,+79990002203,user_2203@example.com,2026-01-28 20:57:50.780920+00:00
cust_ext_2204,Клиент 2204,+79990002204,user_2204@example.com,2026-01-16 13:50:35.948116+00:00
cust_ext_2205,Клиент 2205,+79990002205,user_2205@example.com,2026-01-23 06:43:30.464262+00:00
cust_ext_2206,Клиент 2206,+79990002206,user_2206@example.com,2026-01-24 07:18:25.270046+00:00
cust_ext_2207,Клиент 2207,+79990002207,user_2207@example.com,2026-01-04 08:08:26.898160+00:00
cust_ext_2208,Клиент 2208,+79990002208,user_2208@example.com,2026-02-13 11:54:00.753881+00:00
cust_ext_2209,Клиент 2209,+79990002209,user_2209@example.com,2026-01-23 12:05:33.136969+00:00
cust_ext_2210,Клиент 2210,+79990002210,user_2210@example.com,2026-01-06 17:36:06.030019+00:00
cust_ext_2211,Клиент 2211,+79990002211,user_2211@example.com,2026-01-14 06:56:20.044081+00:00
cust_ext_2212,Клиент 2212,+79990002212,user_2212@example.com,2026-01-14 12:19:38.169397+00:00
cust_ext_2213,Клиент 2213,+79990002213,user_2213@example.com,2026-01-14 17:28:17.198433+00:00
cust_ext_2214,Клиент 2214,+79990002214,user_2214@example.com,2026-01-05 22:20:23.313939+00:00
cust_ext_2215,Клиент 2215,+79990002215,user_2215@example.com,2026-01-03 20:10:18.697687+00:00
cust_ext_2216,Клиент 2216,+79990002216,user_2216@example.com,2026-01-04 06:03:52.034285+00:00
cust_ext_2217,Клиент 2217,+79990002217,user_2217@example.com,2026-02-14 17:47:51.345756+00:00
cust_ext_2218,Клиент 2218,+79990002218,user_2218@example.com,2026-01-01 12:13:14.326276+00:00
cust_ext_2219,Клиент 2219,+79990002219,user_2219@example.com,2026-02-12 19:21:57.187487+00:00
cust_ext_2220,Клиент 2220,+79990002220,user_2220@example.com,2026-01-09 17:10:41.459547+00:00
cust_ext_2221,Клиент 2221,+79990002221,user_2221@example.com,2026-01-29 22:12:51.636267+00:00
cust_ext_2222,Клиент 2222,+79990002222,user_2222@example.com,2026-01-26 11:17:21.955281+00:00
cust_ext_2223,Клиент 2223,+79990002223,user_2223@example.com,2026-01-19 23:19:44.487729+00:00
cust_ext_2224,Клиент 2224,+79990002224,user_2224@example.com,2026-01-08 01:44:19.072920+00:00
cust_ext_2225,Клиент 2225,+79990002225,user_2225@example.com,2026-02-02 09:31:53.044508+00:00
cust_ext_2226,Клиент 2226,+79990002226,user_2226@example.com,2026-01-23 06:35:40.777585+00:00
cust_ext_2227,Клиент 2227,+79990002227,user_2227@example.com,2026-01-10 03:06:22.546729+00:00
cust_ext_2228,Клиент 2228,+79990002228,user_2228@example.com,2026-01-27 20:21:07.288724+00:00
cust_ext_2229,Клиент 2229,+79990002229,user_2229@example.com,2026-02-10 00:05:09.260451+00:00
cust_ext_2230,Клиент 2230,+79990002230,user_2230@example.com,2026-02-08 05:55:48.429961+00:00
cust_ext_2231,Клиент 2231,+79990002231,user_2231@example.com,2026-02-07 16:04:22.423972+00:00
cust_ext_2232,Клиент 2232,+79990002232,user_2232@example.com,2026-02-01 01:40:19.456799+00:00
cust_ext_2233,Клиент 2233,+79990002233,user_2233@example.com,2026-02-07 10:16:00.699477+00:00
cust_ext_2234,Клиент 2234,+79990002234,user_2234@example.com,2026-01-19 15:39:45.281252+00:00
cust_ext_2235,Клиент 2235,+79990002235,user_2235@example.com,2026-01-08 18:35:39.775374+00:00
cust_ext_2236,Клиент 2236,+79990002236,user_2236@example.com,2026-02-12 15:01:34.287849+00:00
cust_ext_2237,Клиент 2237,+79990002237,user_2237@example.com,2026-02-04 14:55:30.293106+00:00
cust_ext_2238,Клиент 2238,+79990002238,user_2238@example.com,2026-01-11 09:40:02.483030+00:00
cust_ext_2239,Клиент 2239,+79990002239,user_2239@example.com,2026-02-10 11:03:39.349588+00:00
cust_ext_2240,Клиент 2240,+79990002240,user_2240@example.com,2026-02-09 16:22:59.805898+00:00
cust_ext_2241,Клиент 2241,+79990002241,user_2241@example.com,2026-02-08 23:44:11.035424+00:00
cust_ext_2242,Клиент 2242,+79990002242,user_2242@example.com,2026-01-05 09:15:42.986009+00:00
cust_ext_2243,Клиент 2243,+79990002243,user_2243@example.com,2026-01-17 21:38:45.491350+00:00
cust_ext_2244,Клиент 2244,+79990002244,user_2244@example.com,2026-01-27 22:01:28.943525+00:00
cust_ext_2245,Клиент 2245,+79990002245,user_2245@example.com,2026-01-02 04:10:54.994989+00:00
cust_ext_2246,Клиент 2246,+79990002246,user_2246@example.com,2026-01-22 18:50:20.230789+00:00
cust_ext_2247,Клиент 2247,+79990002247,user_2247@example.com,2026-01-15 09:01:56.661116+00:00
cust_ext_2248,Клиент 2248,+79990002248,user_2248@example.com,2026-01-17 20:15:18.153458+00:00
cust_ext_2249,Клиент 2249,+79990002249,user_2249@example.com,2026-01-19 07:58:21.745407+00:00
cust_ext_2250,Клиент 2250,+79990002250,user_2250@example.com,2026-01-08 19:02:58.775745+00:00
cust_ext_2251,Клиент 2251,+79990002251,user_2251@example.com,2026-02-14 03:18:55.205176+00:00
cust_ext_2252,Клиент 2252,+79990002252,user_2252@example.com,2026-01-18 10:19:49.123407+00:00
cust_ext_2253,Клиент 2253,+79990002253,user_2253@example.com,2026-01-02 04:25:47.232130+00:00
cust_ext_2254,Клиент 2254,+79990002254,user_2254@example.com,2026-01-09 15:23:48.438212+00:00
cust_ext_2255,Клиент 2255,+79990002255,user_2255@example.com,2026-01-14 22:45:49.179204+00:00
cust_ext_2256,Клиент 2256,+79990002256,user_2256@example.com,2026-01-02 06:15:26.032906+00:00
cust_ext_2257,Клиент 2257,+79990002257,user_2257@example.com,2026-01-08 06:46:38.277549+00:00
cust_ext_2258,Клиент 2258,+79990002258,user_2258@example.com,2026-01-13 18:03:51.841437+00:00
cust_ext_2259,Клиент 2259,+79990002259,user_2259@example.com,2026-01-11 01:01:56.579757+00:00
cust_ext_2260,Клиент 2260,+79990002260,user_2260@example.com,2026-02-06 22:22:50.782073+00:00
cust_ext_2261,Клиент 2261,+79990002261,user_2261@example.com,2026-01-06 09:45:59.726760+00:00
cust_ext_2262,Клиент 2262,+79990002262,user_2262@example.com,2026-01-04 10:06:01.254362+00:00
cust_ext_2263,Клиент 2263,+79990002263,user_2263@example.com,2026-01-16 02:16:12.209031+00:00
cust_ext_2264,Клиент 2264,+79990002264,user_2264@example.com,2026-02-10 01:13:36.395742+00:00
cust_ext_2265,Клиент 2265,+79990002265,user_2265@example.com,2026-01-11 01:24:08.574894+00:00
cust_ext_2266,Клиент 2266,+79990002266,user_2266@example.com,2026-01-05 15:05:31.066871+00:00
cust_ext_2267,Клиент 2267,+79990002267,user_2267@example.com,2026-02-11 16:52:13.580936+00:00
cust_ext_2268,Клиент 2268,+79990002268,user_2268@example.com,2026-01-06 17:04:10.121269+00:00
cust_ext_2269,Клиент 2269,+79990002269,user_2269@example.com,2026-01-02 23:13:30.813339+00:00
cust_ext_2270,Клиент 2270,+79990002270,user_2270@example.com,2026-01-16 06:44:40.639353+00:00
cust_ext_2271,Клиент 2271,+79990002271,user_2271@example.com,2026-01-31 02:15:45.894780+00:00
cust_ext_2272,Клиент 2272,+79990002272,user_2272@example.com,2026-02-01 10:44:48.439828+00:00
cust_ext_2273,Клиент 2273,+79990002273,user_2273@example.com,2026-01-18 13:48:25.028200+00:00
cust_ext_2274,Клиент 2274,+79990002274,user_2274@example.com,2026-01-22 08:08:23.035534+00:00
cust_ext_2275,Клиент 2275,+79990002275,user_2275@example.com,2026-01-28 05:33:39.672093+00:00
cust_ext_2276,Клиент 2276,+79990002276,user_2276@example.com,2026-01-31 21:41:28.968183+00:00
cust_ext_2277,Клиент 2277,+79990002277,user_2277@example.com,2026-01-14 07:04:26.671155+00:00
cust_ext_2278,Клиент 2278,+79990002278,user_2278@example.com,2026-02-04 11:19:53.272108+00:00
cust_ext_2279,Клиент 2279,+79990002279,user_2279@example.com,2026-01-31 08:41:05.107210+00:00
cust_ext_2280,Клиент 2280,+79990002280,user_2280@example.com,2026-01-08 20:01:14.409677+00:00
cust_ext_2281,Клиент 2281,+79990002281,user_2281@example.com,2026-02-11 09:14:19.577182+00:00
cust_ext_2282,Клиент 2282,+79990002282,user_2282@example.com,2026-01-09 01:32:18.447237+00:00
cust_ext_2283,Клиент 2283,+79990002283,user_2283@example.com,2026-01-24 12:04:32.406948+00:00
cust_ext_2284,Клиент 2284,+79990002284,user_2284@example.com,2026-01-01 21:35:18.945198+00:00
cust_ext_2285,Клиент 2285,+79990002285,user_2285@example.com,2026-01-06 23:46:03.258801+00:00
cust_ext_2286,Клиент 2286,+79990002286,user_2286@example.com,2026-01-06 01:32:33.808314+00:00
cust_ext_2287,Клиент 2287,+79990002287,user_2287@example.com,2026-01-10 00:14:33.017168+00:00
cust_ext_2288,Клиент 2288,+79990002288,user_2288@example.com,2026-02-03 19:42:32.172231+00:00
cust_ext_2289,Клиент 2289,+79990002289,user_2289@example.com,2026-01-09 15:14:01.689158+00:00
cust_ext_2290,Клиент 2290,+79990002290,user_2290@example.com,2026-01-05 03:08:18.675535+00:00
cust_ext_2291,Клиент 2291,+79990002291,user_2291@example.com,2026-01-01 18:48:29.505420+00:00
cust_ext_2292,Клиент 2292,+79990002292,user_2292@example.com,2026-01-01 06:43:21.358824+00:00
cust_ext_2293,Клиент 2293,+79990002293,user_2293@example.com,2026-01-27 19:59:05.835839+00:00
cust_ext_2294,Клиент 2294,+79990002294,user_2294@example.com,2026-01-24 17:23:56.987578+00:00
cust_ext_2295,Клиент 2295,+79990002295,user_2295@example.com,2026-02-07 13:45:34.382456+00:00
cust_ext_2296,Клиент 2296,+79990002296,user_2296@example.com,2026-01-09 23:34:23.837398+00:00
cust_ext_2297,Клиент 2297,+79990002297,user_2297@example.com,2026-01-04 14:53:36.366915+00:00
cust_ext_2298,Клиент 2298,+79990002298,user_2298@example.com,2026-02-03 06:03:34.726116+00:00
cust_ext_2299,Клиент 2299,+79990002299,user_2299@example.com,2026-01-11 21:47:32.467242+00:00
cust_ext_2300,Клиент 2300,+79990002300,user_2300@example.com,2026-01-08 18:29:07.004642+00:00
cust_ext_2301,Клиент 2301,+79990002301,user_2301@example.com,2026-02-14 06:19:40.068781+00:00
cust_ext_2302,Клиент 2302,+79990002302,user_2302@example.com,2026-01-15 10:03:49.164758+00:00
cust_ext_2303,Клиент 2303,+79990002303,user_2303@example.com,2026-01-20 17:38:36.967435+00:00
cust_ext_2304,Клиент 2304,+79990002304,user_2304@example.com,2026-02-12 19:34:39.999594+00:00
cust_ext_2305,Клиент 2305,+79990002305,user_2305@example.com,2026-01-27 20:55:33.723609+00:00
cust_ext_2306,Клиент 2306,+79990002306,user_2306@example.com,2026-02-13 00:17:01.779925+00:00
cust_ext_2307,Клиент 2307,+79990002307,user_2307@example.com,2026-01-29 08:24:45.134463+00:00
cust_ext_2308,Клиент 2308,+79990002308,user_2308@example.com,2026-01-04 21:47:30.851937+00:00
cust_ext_2309,Клиент 2309,+79990002309,user_2309@example.com,2026-01-05 17:58:37.720240+00:00
cust_ext_2310,Клиент 2310,+79990002310,user_2310@example.com,2026-01-24 09:06:12.286595+00:00
cust_ext_2311,Клиент 2311,+79990002311,user_2311@example.com,2026-01-08 13:10:13.654569+00:00
cust_ext_2312,Клиент 2312,+79990002312,user_2312@example.com,2026-02-02 14:42:14.778232+00:00
cust_ext_2313,Клиент 2313,+79990002313,user_2313@example.com,2026-02-09 10:18:23.530081+00:00
cust_ext_2314,Клиент 2314,+79990002314,user_2314@example.com,2026-02-13 01:18:14.656884+00:00
cust_ext_2315,Клиент 2315,+79990002315,user_2315@example.com,2026-02-05 10:54:31.484151+00:00
cust_ext_2316,Клиент 2316,+79990002316,user_2316@example.com,2026-01-24 02:23:51.060792+00:00
cust_ext_2317,Клиент 2317,+79990002317,user_2317@example.com,2026-01-29 10:47:38.040035+00:00
cust_ext_2318,Клиент 2318,+79990002318,user_2318@example.com,2026-01-22 19:01:41.619343+00:00
cust_ext_2319,Клиент 2319,+79990002319,user_2319@example.com,2026-01-02 06:57:39.458063+00:00
cust_ext_2320,Клиент 2320,+79990002320,user_2320@example.com,2026-01-06 19:17:39.354928+00:00
cust_ext_2321,Клиент 2321,+79990002321,user_2321@example.com,2026-01-14 13:14:22.949576+00:00
cust_ext_2322,Клиент 2322,+79990002322,user_2322@example.com,2026-02-08 01:04:39.813854+00:00
cust_ext_2323,Клиент 2323,+79990002323,user_2323@example.com,2026-02-11 17:48:05.915020+00:00
cust_ext_2324,Клиент 2324,+79990002324,user_2324@example.com,2026-02-11 07:28:41.665875+00:00
cust_ext_2325,Клиент 2325,+79990002325,user_2325@example.com,2026-02-10 20:12:39.839593+00:00
cust_ext_2326,Клиент 2326,+79990002326,user_2326@example.com,2026-01-26 04:48:43.850912+00:00
cust_ext_2327,Клиент 2327,+79990002327,user_2327@example.com,2026-01-14 17:10:00.199411+00:00
cust_ext_2328,Клиент 2328,+79990002328,user_2328@example.com,2026-02-08 04:41:20.990152+00:00
cust_ext_2329,Клиент 2329,+79990002329,user_2329@example.com,2026-01-18 16:45:52.304178+00:00
cust_ext_2330,Клиент 2330,+79990002330,user_2330@example.com,2026-02-14 21:45:06.003353+00:00
cust_ext_2331,Клиент 2331,+79990002331,user_2331@example.com,2026-01-11 06:14:35.239472+00:00
cust_ext_2332,Клиент 2332,+79990002332,user_2332@example.com,2026-01-19 10:16:42.078089+00:00
cust_ext_2333,Клиент 2333,+79990002333,user_2333@example.com,2026-01-16 00:55:44.014489+00:00
cust_ext_2334,Клиент 2334,+79990002334,user_2334@example.com,2026-01-10 11:20:37.109110+00:00
cust_ext_2335,Клиент 2335,+79990002335,user_2335@example.com,2026-01-06 17:15:28.420535+00:00
cust_ext_2336,Клиент 2336,+79990002336,user_2336@example.com,2026-01-16 08:41:26.028878+00:00
cust_ext_2337,Клиент 2337,+79990002337,user_2337@example.com,2026-01-04 12:52:40.195472+00:00
cust_ext_2338,Клиент 2338,+79990002338,user_2338@example.com,2026-01-14 13:27:00.495063+00:00
cust_ext_2339,Клиент 2339,+79990002339,user_2339@example.com,2026-01-23 00:07:51.143809+00:00
cust_ext_2340,Клиент 2340,+79990002340,user_2340@example.com,2026-02-10 12:45:04.100056+00:00
cust_ext_2341,Клиент 2341,+79990002341,user_2341@example.com,2026-01-24 06:03:52.076710+00:00
cust_ext_2342,Клиент 2342,+79990002342,user_2342@example.com,2026-02-13 12:31:03.753032+00:00
cust_ext_2343,Клиент 2343,+79990002343,user_2343@example.com,2026-01-20 05:21:31.128134+00:00
cust_ext_2344,Клиент 2344,+79990002344,user_2344@example.com,2026-02-01 06:52:57.404843+00:00
cust_ext_2345,Клиент 2345,+79990002345,user_2345@example.com,2026-01-16 07:06:10.355132+00:00
cust_ext_2346,Клиент 2346,+79990002346,user_2346@example.com,2026-01-01 09:51:49.511330+00:00
cust_ext_2347,Клиент 2347,+79990002347,user_2347@example.com,2026-01-27 09:04:28.128392+00:00
cust_ext_2348,Клиент 2348,+79990002348,user_2348@example.com,2026-01-16 20:41:50.029923+00:00
cust_ext_2349,Клиент 2349,+79990002349,user_2349@example.com,2026-01-08 08:50:51.705279+00:00
cust_ext_2350,Клиент 2350,+79990002350,user_2350@example.com,2026-01-18 11:58:20.660445+00:00
cust_ext_2351,Клиент 2351,+79990002351,user_2351@example.com,2026-01-12 08:33:40.302368+00:00
cust_ext_2352,Клиент 2352,+79990002352,user_2352@example.com,2026-01-12 21:26:59.945216+00:00
cust_ext_2353,Клиент 2353,+79990002353,user_2353@example.com,2026-02-07 22:05:25.461433+00:00
cust_ext_2354,Клиент 2354,+79990002354,user_2354@example.com,2026-01-21 16:30:40.696670+00:00
cust_ext_2355,Клиент 2355,+79990002355,user_2355@example.com,2026-01-27 19:00:38.864321+00:00
cust_ext_2356,Клиент 2356,+79990002356,user_2356@example.com,2026-02-14 04:24:31.910644+00:00
cust_ext_2357,Клиент 2357,+79990002357,user_2357@example.com,2026-01-10 10:28:56.535310+00:00
cust_ext_2358,Клиент 2358,+79990002358,user_2358@example.com,2026-01-31 05:15:28.673094+00:00
cust_ext_2359,Клиент 2359,+79990002359,user_2359@example.com,2026-01-08 19:09:48.163974+00:00
cust_ext_2360,Клиент 2360,+79990002360,user_2360@example.com,2026-02-12 11:20:32.710888+00:00
cust_ext_2361,Клиент 2361,+79990002361,user_2361@example.com,2026-01-30 21:33:28.680084+00:00
cust_ext_2362,Клиент 2362,+79990002362,user_2362@example.com,2026-01-10 17:13:09.094173+00:00
cust_ext_2363,Клиент 2363,+79990002363,user_2363@example.com,2026-02-13 18:30:10.648795+00:00
cust_ext_2364,Клиент 2364,+79990002364,user_2364@example.com,2026-02-11 02:08:57.333255+00:00
cust_ext_2365,Клиент 2365,+79990002365,user_2365@example.com,2026-01-26 04:02:28.177609+00:00
cust_ext_2366,Клиент 2366,+79990002366,user_2366@example.com,2026-01-26 05:58:31.259224+00:00
cust_ext_2367,Клиент 2367,+79990002367,user_2367@example.com,2026-02-11 10:51:59.402972+00:00
cust_ext_2368,Клиент 2368,+79990002368,user_2368@example.com,2026-01-19 14:59:28.918426+00:00
cust_ext_2369,Клиент 2369,+79990002369,user_2369@example.com,2026-01-29 07:44:40.137836+00:00
cust_ext_2370,Клиент 2370,+79990002370,user_2370@example.com,2026-01-30 23:17:01.805729+00:00
cust_ext_2371,Клиент 2371,+79990002371,user_2371@example.com,2026-01-27 07:52:49.956961+00:00
cust_ext_2372,Клиент 2372,+79990002372,user_2372@example.com,2026-01-19 17:15:13.243838+00:00
cust_ext_2373,Клиент 2373,+79990002373,user_2373@example.com,2026-01-26 13:57:57.313850+00:00
cust_ext_2374,Клиент 2374,+79990002374,user_2374@example.com,2026-01-10 22:57:47.502182+00:00
cust_ext_2375,Клиент 2375,+79990002375,user_2375@example.com,2026-01-27 11:54:33.814202+00:00
cust_ext_2376,Клиент 2376,+79990002376,user_2376@example.com,2026-01-18 05:39:29.795094+00:00
cust_ext_2377,Клиент 2377,+79990002377,user_2377@example.com,2026-02-11 20:39:17.472800+00:00
cust_ext_2378,Клиент 2378,+79990002378,user_2378@example.com,2026-01-25 02:16:20.289397+00:00
cust_ext_2379,Клиент 2379,+79990002379,user_2379@example.com,2026-01-04 11:50:56.281784+00:00
cust_ext_2380,Клиент 2380,+79990002380,user_2380@example.com,2026-01-06 15:19:23.305770+00:00
cust_ext_2381,Клиент 2381,+79990002381,user_2381@example.com,2026-02-12 04:38:57.954009+00:00
cust_ext_2382,Клиент 2382,+79990002382,user_2382@example.com,2026-01-20 10:11:10.379743+00:00
cust_ext_2383,Клиент 2383,+79990002383,user_2383@example.com,2026-01-16 01:59:33.465118+00:00
cust_ext_2384,Клиент 2384,+79990002384,user_2384@example.com,2026-02-10 00:49:34.382322+00:00
cust_ext_2385,Клиент 2385,+79990002385,user_2385@example.com,2026-01-23 16:10:03.668357+00:00
cust_ext_2386,Клиент 2386,+79990002386,user_2386@example.com,2026-02-01 14:35:55.948195+00:00
cust_ext_2387,Клиент 2387,+79990002387,user_2387@example.com,2026-01-20 07:59:18.568023+00:00
cust_ext_2388,Клиент 2388,+79990002388,user_2388@example.com,2026-01-17 14:22:11.116432+00:00
cust_ext_2389,Клиент 2389,+79990002389,user_2389@example.com,2026-01-09 08:01:10.350177+00:00
cust_ext_2390,Клиент 2390,+79990002390,user_2390@example.com,2026-01-08 06:23:51.342945+00:00
cust_ext_2391,Клиент 2391,+79990002391,user_2391@example.com,2026-01-16 08:16:09.381206+00:00
cust_ext_2392,Клиент 2392,+79990002392,user_2392@example.com,2026-01-10 05:57:17.171844+00:00
cust_ext_2393,Клиент 2393,+79990002393,user_2393@example.com,2026-02-01 13:06:11.680089+00:00
cust_ext_2394,Клиент 2394,+79990002394,user_2394@example.com,2026-01-13 23:06:32.244931+00:00
cust_ext_2395,Клиент 2395,+79990002395,user_2395@example.com,2026-02-07 13:42:45.679748+00:00
cust_ext_2396,Клиент 2396,+79990002396,user_2396@example.com,2026-01-20 20:52:31.578899+00:00
cust_ext_2397,Клиент 2397,+79990002397,user_2397@example.com,2026-02-03 23:31:20.091796+00:00
cust_ext_2398,Клиент 2398,+79990002398,user_2398@example.com,2026-01-11 16:16:42.685709+00:00
cust_ext_2399,Клиент 2399,+79990002399,user_2399@example.com,2026-01-14 23:14:23.989561+00:00
cust_ext_2400,Клиент 2400,+79990002400,user_2400@example.com,2026-01-27 19:23:06.240572+00:00
cust_ext_2401,Клиент 2401,+79990002401,user_2401@example.com,2026-01-22 02:57:04.015200+00:00
cust_ext_2402,Клиент 2402,+79990002402,user_2402@example.com,2026-02-03 17:10:14.347060+00:00
cust_ext_2403,Клиент 2403,+79990002403,user_2403@example.com,2026-01-25 20:30:43.271215+00:00
cust_ext_2404,Клиент 2404,+79990002404,user_2404@example.com,2026-01-16 16:01:19.511976+00:00
cust_ext_2405,Клиент 2405,+79990002405,user_2405@example.com,2026-01-30 11:04:12.963703+00:00
cust_ext_2406,Клиент 2406,+79990002406,user_2406@example.com,2026-02-08 03:59:20.576956+00:00
cust_ext_2407,Клиент 2407,+79990002407,user_2407@example.com,2026-01-30 16:29:38.649510+00:00
cust_ext_2408,Клиент 2408,+79990002408,user_2408@example.com,2026-02-11 22:37:44.242266+00:00
cust_ext_2409,Клиент 2409,+79990002409,user_2409@example.com,2026-02-12 14:34:25.048347+00:00
cust_ext_2410,Клиент 2410,+79990002410,user_2410@example.com,2026-01-15 08:48:48.085679+00:00
cust_ext_2411,Клиент 2411,+79990002411,user_2411@example.com,2026-02-07 12:37:56.680612+00:00
cust_ext_2412,Клиент 2412,+79990002412,user_2412@example.com,2026-02-14 20:10:12.591010+00:00
cust_ext_2413,Клиент 2413,+79990002413,user_2413@example.com,2026-02-01 22:24:55.790848+00:00
cust_ext_2414,Клиент 2414,+79990002414,user_2414@example.com,2026-01-17 02:05:44.840927+00:00
cust_ext_2415,Клиент 2415,+79990002415,user_2415@example.com,2026-02-03 16:15:00.782040+00:00
cust_ext_2416,Клиент 2416,+79990002416,user_2416@example.com,2026-01-27 15:20:11.838046+00:00
cust_ext_2417,Клиент 2417,+79990002417,user_2417@example.com,2026-02-05 04:28:28.075304+00:00
cust_ext_2418,Клиент 2418,+79990002418,user_2418@example.com,2026-01-15 09:17:08.705665+00:00
cust_ext_2419,Клиент 2419,+79990002419,user_2419@example.com,2026-02-14 03:15:37.870163+00:00
cust_ext_2420,Клиент 2420,+79990002420,user_2420@example.com,2026-01-23 17:06:24.092801+00:00
cust_ext_2421,Клиент 2421,+79990002421,user_2421@example.com,2026-01-01 19:27:03.012289+00:00
cust_ext_2422,Клиент 2422,+79990002422,user_2422@example.com,2026-01-08 08:27:19.936454+00:00
cust_ext_2423,Клиент 2423,+79990002423,user_2423@example.com,2026-01-26 09:33:17.919091+00:00
cust_ext_2424,Клиент 2424,+79990002424,user_2424@example.com,2026-01-28 15:18:02.613440+00:00
cust_ext_2425,Клиент 2425,+79990002425,user_2425@example.com,2026-01-11 13:33:25.790413+00:00
cust_ext_2426,Клиент 2426,+79990002426,user_2426@example.com,2026-02-10 13:11:34.545928+00:00
cust_ext_2427,Клиент 2427,+79990002427,user_2427@example.com,2026-01-13 03:28:47.150821+00:00
cust_ext_2428,Клиент 2428,+79990002428,user_2428@example.com,2026-01-20 12:31:15.787659+00:00
cust_ext_2429,Клиент 2429,+79990002429,user_2429@example.com,2026-01-28 08:12:21.520783+00:00
cust_ext_2430,Клиент 2430,+79990002430,user_2430@example.com,2026-02-01 01:23:50.161232+00:00
cust_ext_2431,Клиент 2431,+79990002431,user_2431@example.com,2026-01-30 03:37:59.903035+00:00
cust_ext_2432,Клиент 2432,+79990002432,user_2432@example.com,2026-01-22 16:07:10.274375+00:00
cust_ext_2433,Клиент 2433,+79990002433,user_2433@example.com,2026-02-05 20:45:26.325026+00:00
cust_ext_2434,Клиент 2434,+79990002434,user_2434@example.com,2026-01-26 23:45:43.133804+00:00
cust_ext_2435,Клиент 2435,+79990002435,user_2435@example.com,2026-01-04 08:57:20.990399+00:00
cust_ext_2436,Клиент 2436,+79990002436,user_2436@example.com,2026-01-16 17:28:31.161727+00:00
cust_ext_2437,Клиент 2437,+79990002437,user_2437@example.com,2026-02-09 10:03:22.813764+00:00
cust_ext_2438,Клиент 2438,+79990002438,user_2438@example.com,2026-01-22 23:24:34.218327+00:00
cust_ext_2439,Клиент 2439,+79990002439,user_2439@example.com,2026-02-01 22:16:28.262947+00:00
cust_ext_2440,Клиент 2440,+79990002440,user_2440@example.com,2026-01-02 07:16:29.684467+00:00
cust_ext_2441,Клиент 2441,+79990002441,user_2441@example.com,2026-01-12 15:42:16.663975+00:00
cust_ext_2442,Клиент 2442,+79990002442,user_2442@example.com,2026-01-02 15:30:26.284731+00:00
cust_ext_2443,Клиент 2443,+79990002443,user_2443@example.com,2026-01-04 15:39:27.117982+00:00
cust_ext_2444,Клиент 2444,+79990002444,user_2444@example.com,2026-02-06 06:31:27.198235+00:00
cust_ext_2445,Клиент 2445,+79990002445,user_2445@example.com,2026-02-10 20:03:47.857316+00:00
cust_ext_2446,Клиент 2446,+79990002446,user_2446@example.com,2026-01-25 02:29:16.284337+00:00
cust_ext_2447,Клиент 2447,+79990002447,user_2447@example.com,2026-02-03 11:03:11.658172+00:00
cust_ext_2448,Клиент 2448,+79990002448,user_2448@example.com,2026-01-12 23:20:57.371685+00:00
cust_ext_2449,Клиент 2449,+79990002449,user_2449@example.com,2026-01-23 23:15:27.259680+00:00
cust_ext_2450,Клиент 2450,+79990002450,user_2450@example.com,2026-01-18 05:15:45.679794+00:00
cust_ext_2451,Клиент 2451,+79990002451,user_2451@example.com,2026-01-16 14:29:05.143472+00:00
cust_ext_2452,Клиент 2452,+79990002452,user_2452@example.com,2026-02-02 02:59:24.720040+00:00
cust_ext_2453,Клиент 2453,+79990002453,user_2453@example.com,2026-01-03 07:59:29.438005+00:00
cust_ext_2454,Клиент 2454,+79990002454,user_2454@example.com,2026-02-02 19:21:27.978372+00:00
cust_ext_2455,Клиент 2455,+79990002455,user_2455@example.com,2026-01-14 08:50:54.840401+00:00
cust_ext_2456,Клиент 2456,+79990002456,user_2456@example.com,2026-01-08 04:29:07.977162+00:00
cust_ext_2457,Клиент 2457,+79990002457,user_2457@example.com,2026-02-03 13:28:33.601537+00:00
cust_ext_2458,Клиент 2458,+79990002458,user_2458@example.com,2026-01-24 13:14:54.361883+00:00
cust_ext_2459,Клиент 2459,+79990002459,user_2459@example.com,2026-01-01 15:25:30.386047+00:00
cust_ext_2460,Клиент 2460,+79990002460,user_2460@example.com,2026-01-07 01:48:09.122523+00:00
cust_ext_2461,Клиент 2461,+79990002461,user_2461@example.com,2026-01-27 07:47:16.817267+00:00
cust_ext_2462,Клиент 2462,+79990002462,user_2462@example.com,2026-02-07 20:02:27.589671+00:00
cust_ext_2463,Клиент 2463,+79990002463,user_2463@example.com,2026-02-11 20:36:53.990973+00:00
cust_ext_2464,Клиент 2464,+79990002464,user_2464@example.com,2026-01-26 11:08:39.528583+00:00
cust_ext_2465,Клиент 2465,+79990002465,user_2465@example.com,2026-02-13 14:15:47.409885+00:00
cust_ext_2466,Клиент 2466,+79990002466,user_2466@example.com,2026-02-04 20:57:16.414318+00:00
cust_ext_2467,Клиент 2467,+79990002467,user_2467@example.com,2026-01-17 10:14:43.203387+00:00
cust_ext_2468,Клиент 2468,+79990002468,user_2468@example.com,2026-01-19 14:06:53.981508+00:00
cust_ext_2469,Клиент 2469,+79990002469,user_2469@example.com,2026-01-02 07:36:49.119408+00:00
cust_ext_2470,Клиент 2470,+79990002470,user_2470@example.com,2026-02-08 11:16:02.886465+00:00
cust_ext_2471,Клиент 2471,+79990002471,user_2471@example.com,2026-02-14 04:58:28.214898+00:00
cust_ext_2472,Клиент 2472,+79990002472,user_2472@example.com,2026-01-17 20:20:05.155600+00:00
cust_ext_2473,Клиент 2473,+79990002473,user_2473@example.com,2026-01-09 21:55:32.758261+00:00
cust_ext_2474,Клиент 2474,+79990002474,user_2474@example.com,2026-01-04 12:23:19.249019+00:00
cust_ext_2475,Клиент 2475,+79990002475,user_2475@example.com,2026-02-05 14:11:45.295165+00:00
cust_ext_2476,Клиент 2476,+79990002476,user_2476@example.com,2026-02-01 06:54:03.715514+00:00
cust_ext_2477,Клиент 2477,+79990002477,user_2477@example.com,2026-01-12 20:43:35.648234+00:00
cust_ext_2478,Клиент 2478,+79990002478,user_2478@example.com,2026-01-20 06:43:42.255464+00:00
cust_ext_2479,Клиент 2479,+79990002479,user_2479@example.com,2026-01-13 01:26:26.014288+00:00
cust_ext_2480,Клиент 2480,+79990002480,user_2480@example.com,2026-01-03 09:05:07.615424+00:00
cust_ext_2481,Клиент 2481,+79990002481,user_2481@example.com,2026-02-10 16:44:00.460871+00:00
cust_ext_2482,Клиент 2482,+79990002482,user_2482@example.com,2026-01-18 03:45:24.099146+00:00
cust_ext_2483,Клиент 2483,+79990002483,user_2483@example.com,2026-01-03 00:26:52.242989+00:00
cust_ext_2484,Клиент 2484,+79990002484,user_2484@example.com,2026-02-03 22:22:38.679399+00:00
cust_ext_2485,Клиент 2485,+79990002485,user_2485@example.com,2026-01-08 23:22:04.562050+00:00
cust_ext_2486,Клиент 2486,+79990002486,user_2486@example.com,2026-01-03 06:26:09.915202+00:00
cust_ext_2487,Клиент 2487,+79990002487,user_2487@example.com,2026-02-06 23:53:53.433589+00:00
cust_ext_2488,Клиент 2488,+79990002488,user_2488@example.com,2026-02-06 15:55:59.379142+00:00
cust_ext_2489,Клиент 2489,+79990002489,user_2489@example.com,2026-02-07 16:47:03.737703+00:00
cust_ext_2490,Клиент 2490,+79990002490,user_2490@example.com,2026-01-05 09:26:04.547903+00:00
cust_ext_2491,Клиент 2491,+79990002491,user_2491@example.com,2026-01-04 07:25:40.807144+00:00
cust_ext_2492,Клиент 2492,+79990002492,user_2492@example.com,2026-01-03 18:30:38.497269+00:00
cust_ext_2493,Клиент 2493,+79990002493,user_2493@example.com,2026-02-01 19:54:10.808848+00:00
cust_ext_2494,Клиент 2494,+79990002494,user_2494@example.com,2026-01-22 05:32:40.085496+00:00
cust_ext_2495,Клиент 2495,+79990002495,user_2495@example.com,2026-01-18 05:10:03.386166+00:00
cust_ext_2496,Клиент 2496,+79990002496,user_2496@example.com,2026-01-15 11:52:37.287559+00:00
cust_ext_2497,Клиент 2497,+79990002497,user_2497@example.com,2026-02-01 08:03:20.459646+00:00
cust_ext_2498,Клиент 2498,+79990002498,user_2498@example.com,2026-01-07 05:58:41.269714+00:00
cust_ext_2499,Клиент 2499,+79990002499,user_2499@example.com,2026-01-03 11:28:18.585436+00:00
cust_ext_2500,Клиент 2500,+79990002500,user_2500@example.com,2026-02-01 07:21:20.684426+00:00
cust_ext_2501,Клиент 2501,+79990002501,user_2501@example.com,2026-01-12 14:50:00.173236+00:00
cust_ext_2502,Клиент 2502,+79990002502,user_2502@example.com,2026-01-02 12:37:28.272602+00:00
cust_ext_2503,Клиент 2503,+79990002503,user_2503@example.com,2026-02-03 22:28:19.407759+00:00
cust_ext_2504,Клиент 2504,+79990002504,user_2504@example.com,2026-02-01 10:46:25.079722+00:00
cust_ext_2505,Клиент 2505,+79990002505,user_2505@example.com,2026-02-01 07:51:15.338766+00:00
cust_ext_2506,Клиент 2506,+79990002506,user_2506@example.com,2026-01-14 21:29:02.405310+00:00
cust_ext_2507,Клиент 2507,+79990002507,user_2507@example.com,2026-02-06 09:01:31.898673+00:00
cust_ext_2508,Клиент 2508,+79990002508,user_2508@example.com,2026-01-16 18:04:16.192249+00:00
cust_ext_2509,Клиент 2509,+79990002509,user_2509@example.com,2026-02-09 08:06:38.949840+00:00
cust_ext_2510,Клиент 2510,+79990002510,user_2510@example.com,2026-02-13 11:36:21.854865+00:00
cust_ext_2511,Клиент 2511,+79990002511,user_2511@example.com,2026-01-14 13:23:45.475328+00:00
cust_ext_2512,Клиент 2512,+79990002512,user_2512@example.com,2026-01-11 08:12:10.044513+00:00
cust_ext_2513,Клиент 2513,+79990002513,user_2513@example.com,2026-01-27 15:39:06.503452+00:00
cust_ext_2514,Клиент 2514,+79990002514,user_2514@example.com,2026-02-01 16:17:21.813178+00:00
cust_ext_2515,Клиент 2515,+79990002515,user_2515@example.com,2026-01-07 03:35:50.198081+00:00
cust_ext_2516,Клиент 2516,+79990002516,user_2516@example.com,2026-01-31 17:24:44.666858+00:00
cust_ext_2517,Клиент 2517,+79990002517,user_2517@example.com,2026-01-18 10:10:46.474727+00:00
cust_ext_2518,Клиент 2518,+79990002518,user_2518@example.com,2026-01-28 19:26:27.585470+00:00
cust_ext_2519,Клиент 2519,+79990002519,user_2519@example.com,2026-02-07 15:03:59.843272+00:00
cust_ext_2520,Клиент 2520,+79990002520,user_2520@example.com,2026-01-22 04:46:24.590584+00:00
cust_ext_2521,Клиент 2521,+79990002521,user_2521@example.com,2026-01-28 14:06:24.980939+00:00
cust_ext_2522,Клиент 2522,+79990002522,user_2522@example.com,2026-01-24 02:10:18.287654+00:00
cust_ext_2523,Клиент 2523,+79990002523,user_2523@example.com,2026-02-11 02:17:12.577548+00:00
cust_ext_2524,Клиент 2524,+79990002524,user_2524@example.com,2026-01-02 16:20:25.639455+00:00
cust_ext_2525,Клиент 2525,+79990002525,user_2525@example.com,2026-01-15 22:43:40.602969+00:00
cust_ext_2526,Клиент 2526,+79990002526,user_2526@example.com,2026-02-02 17:17:23.557146+00:00
cust_ext_2527,Клиент 2527,+79990002527,user_2527@example.com,2026-01-26 13:10:24.019871+00:00
cust_ext_2528,Клиент 2528,+79990002528,user_2528@example.com,2026-01-01 17:15:06.903306+00:00
cust_ext_2529,Клиент 2529,+79990002529,user_2529@example.com,2026-02-01 13:43:37.763968+00:00
cust_ext_2530,Клиент 2530,+79990002530,user_2530@example.com,2026-01-24 05:09:51.161542+00:00
cust_ext_2531,Клиент 2531,+79990002531,user_2531@example.com,2026-01-07 17:21:18.358100+00:00
cust_ext_2532,Клиент 2532,+79990002532,user_2532@example.com,2026-02-02 02:31:29.572204+00:00
cust_ext_2533,Клиент 2533,+79990002533,user_2533@example.com,2026-01-12 18:47:13.156308+00:00
cust_ext_2534,Клиент 2534,+79990002534,user_2534@example.com,2026-01-06 00:59:43.713683+00:00
cust_ext_2535,Клиент 2535,+79990002535,user_2535@example.com,2026-02-02 13:39:59.317550+00:00
cust_ext_2536,Клиент 2536,+79990002536,user_2536@example.com,2026-01-28 00:39:35.287550+00:00
cust_ext_2537,Клиент 2537,+79990002537,user_2537@example.com,2026-02-04 14:30:01.875864+00:00
cust_ext_2538,Клиент 2538,+79990002538,user_2538@example.com,2026-01-05 23:41:14.722011+00:00
cust_ext_2539,Клиент 2539,+79990002539,user_2539@example.com,2026-02-14 20:02:55.666451+00:00
cust_ext_2540,Клиент 2540,+79990002540,user_2540@example.com,2026-01-13 21:51:24.198659+00:00
cust_ext_2541,Клиент 2541,+79990002541,user_2541@example.com,2026-02-06 00:24:18.683995+00:00
cust_ext_2542,Клиент 2542,+79990002542,user_2542@example.com,2026-01-30 01:18:39.986257+00:00
cust_ext_2543,Клиент 2543,+79990002543,user_2543@example.com,2026-01-11 01:43:40.808053+00:00
cust_ext_2544,Клиент 2544,+79990002544,user_2544@example.com,2026-01-11 13:19:14.324283+00:00
cust_ext_2545,Клиент 2545,+79990002545,user_2545@example.com,2026-01-01 21:05:00.672207+00:00
cust_ext_2546,Клиент 2546,+79990002546,user_2546@example.com,2026-01-01 21:59:32.453156+00:00
cust_ext_2547,Клиент 2547,+79990002547,user_2547@example.com,2026-01-05 02:46:47.950980+00:00
cust_ext_2548,Клиент 2548,+79990002548,user_2548@example.com,2026-02-08 22:52:09.535810+00:00
cust_ext_2549,Клиент 2549,+79990002549,user_2549@example.com,2026-01-19 22:39:56.891607+00:00
cust_ext_2550,Клиент 2550,+79990002550,user_2550@example.com,2026-01-03 15:52:32.287077+00:00
cust_ext_2551,Клиент 2551,+79990002551,user_2551@example.com,2026-01-14 13:35:12.818474+00:00
cust_ext_2552,Клиент 2552,+79990002552,user_2552@example.com,2026-01-17 13:41:20.291646+00:00
cust_ext_2553,Клиент 2553,+79990002553,user_2553@example.com,2026-01-13 05:07:32.234552+00:00
cust_ext_2554,Клиент 2554,+79990002554,user_2554@example.com,2026-01-10 03:32:51.886948+00:00
cust_ext_2555,Клиент 2555,+79990002555,user_2555@example.com,2026-01-13 04:37:52.350926+00:00
cust_ext_2556,Клиент 2556,+79990002556,user_2556@example.com,2026-01-07 12:36:36.788386+00:00
cust_ext_2557,Клиент 2557,+79990002557,user_2557@example.com,2026-01-02 21:40:23.207778+00:00
cust_ext_2558,Клиент 2558,+79990002558,user_2558@example.com,2026-02-08 11:02:05.363777+00:00
cust_ext_2559,Клиент 2559,+79990002559,user_2559@example.com,2026-01-05 07:42:52.458246+00:00
cust_ext_2560,Клиент 2560,+79990002560,user_2560@example.com,2026-02-13 13:11:10.408997+00:00
cust_ext_2561,Клиент 2561,+79990002561,user_2561@example.com,2026-01-28 03:07:50.136500+00:00
cust_ext_2562,Клиент 2562,+79990002562,user_2562@example.com,2026-01-19 19:04:55.395053+00:00
cust_ext_2563,Клиент 2563,+79990002563,user_2563@example.com,2026-01-14 02:22:44.957020+00:00
cust_ext_2564,Клиент 2564,+79990002564,user_2564@example.com,2026-02-07 19:24:55.644195+00:00
cust_ext_2565,Клиент 2565,+79990002565,user_2565@example.com,2026-02-05 08:55:24.968288+00:00
cust_ext_2566,Клиент 2566,+79990002566,user_2566@example.com,2026-02-14 23:52:09.962825+00:00
cust_ext_2567,Клиент 2567,+79990002567,user_2567@example.com,2026-01-11 07:40:29.311917+00:00
cust_ext_2568,Клиент 2568,+79990002568,user_2568@example.com,2026-01-25 00:17:48.286949+00:00
cust_ext_2569,Клиент 2569,+79990002569,user_2569@example.com,2026-01-15 14:07:22.371237+00:00
cust_ext_2570,Клиент 2570,+79990002570,user_2570@example.com,2026-02-06 02:45:14.358620+00:00
cust_ext_2571,Клиент 2571,+79990002571,user_2571@example.com,2026-02-01 18:51:48.003244+00:00
cust_ext_2572,Клиент 2572,+79990002572,user_2572@example.com,2026-01-10 23:11:36.991252+00:00
cust_ext_2573,Клиент 2573,+79990002573,user_2573@example.com,2026-01-16 20:55:18.238935+00:00
cust_ext_2574,Клиент 2574,+79990002574,user_2574@example.com,2026-01-10 13:59:10.792246+00:00
cust_ext_2575,Клиент 2575,+79990002575,user_2575@example.com,2026-01-15 22:49:19.299461+00:00
cust_ext_2576,Клиент 2576,+79990002576,user_2576@example.com,2026-02-09 19:29:22.122238+00:00
cust_ext_2577,Клиент 2577,+79990002577,user_2577@example.com,2026-01-07 06:48:45.593388+00:00
cust_ext_2578,Клиент 2578,+79990002578,user_2578@example.com,2026-02-14 23:36:18.009929+00:00
cust_ext_2579,Клиент 2579,+79990002579,user_2579@example.com,2026-01-02 04:13:15.793920+00:00
cust_ext_2580,Клиент 2580,+79990002580,user_2580@example.com,2026-01-04 01:36:58.872067+00:00
cust_ext_2581,Клиент 2581,+79990002581,user_2581@example.com,2026-01-19 14:40:45.627998+00:00
cust_ext_2582,Клиент 2582,+79990002582,user_2582@example.com,2026-02-09 18:17:08.127911+00:00
cust_ext_2583,Клиент 2583,+79990002583,user_2583@example.com,2026-01-20 22:40:56.852510+00:00
cust_ext_2584,Клиент 2584,+79990002584,user_2584@example.com,2026-01-02 23:35:23.598203+00:00
cust_ext_2585,Клиент 2585,+79990002585,user_2585@example.com,2026-01-31 05:25:16.585002+00:00
cust_ext_2586,Клиент 2586,+79990002586,user_2586@example.com,2026-02-12 14:49:35.623480+00:00
cust_ext_2587,Клиент 2587,+79990002587,user_2587@example.com,2026-01-30 12:06:07.188004+00:00
cust_ext_2588,Клиент 2588,+79990002588,user_2588@example.com,2026-01-31 00:53:19.402350+00:00
cust_ext_2589,Клиент 2589,+79990002589,user_2589@example.com,2026-01-13 04:39:33.723594+00:00
cust_ext_2590,Клиент 2590,+79990002590,user_2590@example.com,2026-02-11 12:50:07.072866+00:00
cust_ext_2591,Клиент 2591,+79990002591,user_2591@example.com,2026-01-18 02:41:50.044821+00:00
cust_ext_2592,Клиент 2592,+79990002592,user_2592@example.com,2026-01-06 11:34:29.996351+00:00
cust_ext_2593,Клиент 2593,+79990002593,user_2593@example.com,2026-01-30 13:37:30.524087+00:00
cust_ext_2594,Клиент 2594,+79990002594,user_2594@example.com,2026-01-30 16:29:43.641401+00:00
cust_ext_2595,Клиент 2595,+79990002595,user_2595@example.com,2026-02-14 16:36:14.785754+00:00
cust_ext_2596,Клиент 2596,+79990002596,user_2596@example.com,2026-01-21 07:00:23.332893+00:00
cust_ext_2597,Клиент 2597,+79990002597,user_2597@example.com,2026-01-20 02:00:05.785128+00:00
cust_ext_2598,Клиент 2598,+79990002598,user_2598@example.com,2026-02-11 21:33:07.412514+00:00
cust_ext_2599,Клиент 2599,+79990002599,user_2599@example.com,2026-01-26 07:56:49.114540+00:00
cust_ext_2600,Клиент 2600,+79990002600,user_2600@example.com,2026-02-07 07:46:33.215227+00:00
cust_ext_2601,Клиент 2601,+79990002601,user_2601@example.com,2026-01-09 20:02:46.629223+00:00
cust_ext_2602,Клиент 2602,+79990002602,user_2602@example.com,2026-02-05 09:43:37.970268+00:00
cust_ext_2603,Клиент 2603,+79990002603,user_2603@example.com,2026-01-16 21:11:50.018085+00:00
cust_ext_2604,Клиент 2604,+79990002604,user_2604@example.com,2026-01-03 06:55:06.370095+00:00
cust_ext_2605,Клиент 2605,+79990002605,user_2605@example.com,2026-01-05 09:14:26.052161+00:00
cust_ext_2606,Клиент 2606,+79990002606,user_2606@example.com,2026-02-08 21:09:01.778292+00:00
cust_ext_2607,Клиент 2607,+79990002607,user_2607@example.com,2026-01-22 14:23:35.926409+00:00
cust_ext_2608,Клиент 2608,+79990002608,user_2608@example.com,2026-01-25 20:53:24.103550+00:00
cust_ext_2609,Клиент 2609,+79990002609,user_2609@example.com,2026-02-04 12:28:58.613953+00:00
cust_ext_2610,Клиент 2610,+79990002610,user_2610@example.com,2026-01-23 09:03:49.408091+00:00
cust_ext_2611,Клиент 2611,+79990002611,user_2611@example.com,2026-01-09 05:27:44.328565+00:00
cust_ext_2612,Клиент 2612,+79990002612,user_2612@example.com,2026-01-12 04:09:37.263161+00:00
cust_ext_2613,Клиент 2613,+79990002613,user_2613@example.com,2026-02-10 18:40:28.690925+00:00
cust_ext_2614,Клиент 2614,+79990002614,user_2614@example.com,2026-01-30 23:33:41.312907+00:00
cust_ext_2615,Клиент 2615,+79990002615,user_2615@example.com,2026-01-05 20:12:12.992546+00:00
cust_ext_2616,Клиент 2616,+79990002616,user_2616@example.com,2026-01-28 15:04:25.675414+00:00
cust_ext_2617,Клиент 2617,+79990002617,user_2617@example.com,2026-01-28 05:58:37.822620+00:00
cust_ext_2618,Клиент 2618,+79990002618,user_2618@example.com,2026-01-27 07:48:29.430861+00:00
cust_ext_2619,Клиент 2619,+79990002619,user_2619@example.com,2026-01-31 09:23:26.600034+00:00
cust_ext_2620,Клиент 2620,+79990002620,user_2620@example.com,2026-01-27 12:05:32.319326+00:00
cust_ext_2621,Клиент 2621,+79990002621,user_2621@example.com,2026-02-03 03:14:06.454036+00:00
cust_ext_2622,Клиент 2622,+79990002622,user_2622@example.com,2026-01-13 14:43:32.427404+00:00
cust_ext_2623,Клиент 2623,+79990002623,user_2623@example.com,2026-02-05 12:27:34.462024+00:00
cust_ext_2624,Клиент 2624,+79990002624,user_2624@example.com,2026-01-14 10:45:35.131566+00:00
cust_ext_2625,Клиент 2625,+79990002625,user_2625@example.com,2026-01-09 21:01:30.636719+00:00
cust_ext_2626,Клиент 2626,+79990002626,user_2626@example.com,2026-01-30 15:27:54.733790+00:00
cust_ext_2627,Клиент 2627,+79990002627,user_2627@example.com,2026-01-26 19:53:00.539398+00:00
cust_ext_2628,Клиент 2628,+79990002628,user_2628@example.com,2026-01-16 07:46:32.560269+00:00
cust_ext_2629,Клиент 2629,+79990002629,user_2629@example.com,2026-01-27 03:50:42.314373+00:00
cust_ext_2630,Клиент 2630,+79990002630,user_2630@example.com,2026-01-11 15:18:12.193196+00:00
cust_ext_2631,Клиент 2631,+79990002631,user_2631@example.com,2026-01-18 11:26:04.147129+00:00
cust_ext_2632,Клиент 2632,+79990002632,user_2632@example.com,2026-01-27 18:06:47.869766+00:00
cust_ext_2633,Клиент 2633,+79990002633,user_2633@example.com,2026-02-11 06:52:25.118311+00:00
cust_ext_2634,Клиент 2634,+79990002634,user_2634@example.com,2026-01-05 17:49:24.182111+00:00
cust_ext_2635,Клиент 2635,+79990002635,user_2635@example.com,2026-01-03 06:06:00.755330+00:00
cust_ext_2636,Клиент 2636,+79990002636,user_2636@example.com,2026-01-02 01:43:25.092026+00:00
cust_ext_2637,Клиент 2637,+79990002637,user_2637@example.com,2026-02-11 21:04:16.371747+00:00
cust_ext_2638,Клиент 2638,+79990002638,user_2638@example.com,2026-01-20 21:52:56.966333+00:00
cust_ext_2639,Клиент 2639,+79990002639,user_2639@example.com,2026-02-04 15:08:26.624287+00:00
cust_ext_2640,Клиент 2640,+79990002640,user_2640@example.com,2026-01-31 17:21:25.549570+00:00
cust_ext_2641,Клиент 2641,+79990002641,user_2641@example.com,2026-01-06 03:24:59.364107+00:00
cust_ext_2642,Клиент 2642,+79990002642,user_2642@example.com,2026-02-08 17:38:30.388290+00:00
cust_ext_2643,Клиент 2643,+79990002643,user_2643@example.com,2026-01-03 12:52:55.822730+00:00
cust_ext_2644,Клиент 2644,+79990002644,user_2644@example.com,2026-01-02 14:11:35.038312+00:00
cust_ext_2645,Клиент 2645,+79990002645,user_2645@example.com,2026-02-09 09:57:15.016373+00:00
cust_ext_2646,Клиент 2646,+79990002646,user_2646@example.com,2026-02-02 23:01:37.709092+00:00
cust_ext_2647,Клиент 2647,+79990002647,user_2647@example.com,2026-01-06 16:02:49.161473+00:00
cust_ext_2648,Клиент 2648,+79990002648,user_2648@example.com,2026-02-14 22:35:05.282553+00:00
cust_ext_2649,Клиент 2649,+79990002649,user_2649@example.com,2026-01-06 16:11:08.381076+00:00
cust_ext_2650,Клиент 2650,+79990002650,user_2650@example.com,2026-02-09 02:24:06.260603+00:00
cust_ext_2651,Клиент 2651,+79990002651,user_2651@example.com,2026-02-06 08:33:10.416454+00:00
cust_ext_2652,Клиент 2652,+79990002652,user_2652@example.com,2026-02-04 03:13:06.818951+00:00
cust_ext_2653,Клиент 2653,+79990002653,user_2653@example.com,2026-01-14 23:21:08.211514+00:00
cust_ext_2654,Клиент 2654,+79990002654,user_2654@example.com,2026-02-13 01:12:30.656900+00:00
cust_ext_2655,Клиент 2655,+79990002655,user_2655@example.com,2026-01-02 01:37:50.628873+00:00
cust_ext_2656,Клиент 2656,+79990002656,user_2656@example.com,2026-01-07 10:39:09.250633+00:00
cust_ext_2657,Клиент 2657,+79990002657,user_2657@example.com,2026-01-31 07:56:42.564836+00:00
cust_ext_2658,Клиент 2658,+79990002658,user_2658@example.com,2026-02-11 17:57:39.147883+00:00
cust_ext_2659,Клиент 2659,+79990002659,user_2659@example.com,2026-02-12 14:35:45.570977+00:00
cust_ext_2660,Клиент 2660,+79990002660,user_2660@example.com,2026-01-15 21:29:45.882582+00:00
cust_ext_2661,Клиент 2661,+79990002661,user_2661@example.com,2026-02-02 20:48:59.875725+00:00
cust_ext_2662,Клиент 2662,+79990002662,user_2662@example.com,2026-02-03 17:41:37.305726+00:00
cust_ext_2663,Клиент 2663,+79990002663,user_2663@example.com,2026-02-13 04:02:16.843975+00:00
cust_ext_2664,Клиент 2664,+79990002664,user_2664@example.com,2026-01-25 12:13:59.571267+00:00
cust_ext_2665,Клиент 2665,+79990002665,user_2665@example.com,2026-01-06 06:45:07.656628+00:00
cust_ext_2666,Клиент 2666,+79990002666,user_2666@example.com,2026-01-11 06:29:22.277568+00:00
cust_ext_2667,Клиент 2667,+79990002667,user_2667@example.com,2026-01-19 09:59:23.859265+00:00
cust_ext_2668,Клиент 2668,+79990002668,user_2668@example.com,2026-01-22 23:54:38.633507+00:00
cust_ext_2669,Клиент 2669,+79990002669,user_2669@example.com,2026-01-06 23:37:25.602796+00:00
cust_ext_2670,Клиент 2670,+79990002670,user_2670@example.com,2026-01-31 16:15:06.433788+00:00
cust_ext_2671,Клиент 2671,+79990002671,user_2671@example.com,2026-02-04 21:52:59.201826+00:00
cust_ext_2672,Клиент 2672,+79990002672,user_2672@example.com,2026-01-03 13:31:17.165822+00:00
cust_ext_2673,Клиент 2673,+79990002673,user_2673@example.com,2026-02-14 10:12:45.167566+00:00
cust_ext_2674,Клиент 2674,+79990002674,user_2674@example.com,2026-01-10 08:03:28.083027+00:00
cust_ext_2675,Клиент 2675,+79990002675,user_2675@example.com,2026-02-07 22:14:06.067187+00:00
cust_ext_2676,Клиент 2676,+79990002676,user_2676@example.com,2026-01-28 14:34:31.155001+00:00
cust_ext_2677,Клиент 2677,+79990002677,user_2677@example.com,2026-01-17 04:51:12.630414+00:00
cust_ext_2678,Клиент 2678,+79990002678,user_2678@example.com,2026-02-12 23:51:21.680705+00:00
cust_ext_2679,Клиент 2679,+79990002679,user_2679@example.com,2026-01-12 10:33:44.305786+00:00
cust_ext_2680,Клиент 2680,+79990002680,user_2680@example.com,2026-02-04 23:53:14.215329+00:00
cust_ext_2681,Клиент 2681,+79990002681,user_2681@example.com,2026-01-01 09:22:19.905686+00:00
cust_ext_2682,Клиент 2682,+79990002682,user_2682@example.com,2026-01-07 13:31:04.626473+00:00
cust_ext_2683,Клиент 2683,+79990002683,user_2683@example.com,2026-01-27 03:32:31.198338+00:00
cust_ext_2684,Клиент 2684,+79990002684,user_2684@example.com,2026-01-24 06:29:43.130640+00:00
cust_ext_2685,Клиент 2685,+79990002685,user_2685@example.com,2026-01-22 23:56:48.227584+00:00
cust_ext_2686,Клиент 2686,+79990002686,user_2686@example.com,2026-01-31 02:32:21.084488+00:00
cust_ext_2687,Клиент 2687,+79990002687,user_2687@example.com,2026-01-24 07:10:41.909585+00:00
cust_ext_2688,Клиент 2688,+79990002688,user_2688@example.com,2026-02-02 21:20:03.499813+00:00
cust_ext_2689,Клиент 2689,+79990002689,user_2689@example.com,2026-02-04 06:15:13.706197+00:00
cust_ext_2690,Клиент 2690,+79990002690,user_2690@example.com,2026-02-11 23:53:46.462010+00:00
cust_ext_2691,Клиент 2691,+79990002691,user_2691@example.com,2026-01-22 06:37:56.251822+00:00
cust_ext_2692,Клиент 2692,+79990002692,user_2692@example.com,2026-01-20 02:18:00.400556+00:00
cust_ext_2693,Клиент 2693,+79990002693,user_2693@example.com,2026-01-06 05:06:55.902210+00:00
cust_ext_2694,Клиент 2694,+79990002694,user_2694@example.com,2026-01-30 04:49:35.181858+00:00
cust_ext_2695,Клиент 2695,+79990002695,user_2695@example.com,2026-02-09 22:00:28.166749+00:00
cust_ext_2696,Клиент 2696,+79990002696,user_2696@example.com,2026-01-16 17:29:11.380637+00:00
cust_ext_2697,Клиент 2697,+79990002697,user_2697@example.com,2026-01-15 06:26:52.036540+00:00
cust_ext_2698,Клиент 2698,+79990002698,user_2698@example.com,2026-01-15 21:15:09.572660+00:00
cust_ext_2699,Клиент 2699,+79990002699,user_2699@example.com,2026-01-21 11:48:35.674975+00:00
cust_ext_2700,Клиент 2700,+79990002700,user_2700@example.com,2026-01-27 18:49:48.008331+00:00
cust_ext_2701,Клиент 2701,+79990002701,user_2701@example.com,2026-01-05 13:44:33.642932+00:00
cust_ext_2702,Клиент 2702,+79990002702,user_2702@example.com,2026-02-02 10:27:53.542712+00:00
cust_ext_2703,Клиент 2703,+79990002703,user_2703@example.com,2026-01-24 19:07:25.677147+00:00
cust_ext_2704,Клиент 2704,+79990002704,user_2704@example.com,2026-01-18 19:05:54.328922+00:00
cust_ext_2705,Клиент 2705,+79990002705,user_2705@example.com,2026-02-01 06:45:16.786857+00:00
cust_ext_2706,Клиент 2706,+79990002706,user_2706@example.com,2026-01-29 12:03:03.891061+00:00
cust_ext_2707,Клиент 2707,+79990002707,user_2707@example.com,2026-01-22 16:34:31.002096+00:00
cust_ext_2708,Клиент 2708,+79990002708,user_2708@example.com,2026-01-23 21:37:09.590125+00:00
cust_ext_2709,Клиент 2709,+79990002709,user_2709@example.com,2026-01-03 04:17:43.859457+00:00
cust_ext_2710,Клиент 2710,+79990002710,user_2710@example.com,2026-01-12 02:36:08.619990+00:00
cust_ext_2711,Клиент 2711,+79990002711,user_2711@example.com,2026-01-04 08:16:27.274335+00:00
cust_ext_2712,Клиент 2712,+79990002712,user_2712@example.com,2026-02-12 15:02:58.963631+00:00
cust_ext_2713,Клиент 2713,+79990002713,user_2713@example.com,2026-02-03 16:53:32.711128+00:00
cust_ext_2714,Клиент 2714,+79990002714,user_2714@example.com,2026-01-29 22:51:48.120139+00:00
cust_ext_2715,Клиент 2715,+79990002715,user_2715@example.com,2026-01-04 19:11:05.135229+00:00
cust_ext_2716,Клиент 2716,+79990002716,user_2716@example.com,2026-01-18 21:08:26.011326+00:00
cust_ext_2717,Клиент 2717,+79990002717,user_2717@example.com,2026-01-28 00:22:23.878180+00:00
cust_ext_2718,Клиент 2718,+79990002718,user_2718@example.com,2026-01-05 10:21:58.751207+00:00
cust_ext_2719,Клиент 2719,+79990002719,user_2719@example.com,2026-01-23 06:58:29.151701+00:00
cust_ext_2720,Клиент 2720,+79990002720,user_2720@example.com,2026-01-29 18:21:30.812487+00:00
cust_ext_2721,Клиент 2721,+79990002721,user_2721@example.com,2026-01-07 00:17:56.434234+00:00
cust_ext_2722,Клиент 2722,+79990002722,user_2722@example.com,2026-02-14 23:25:11.714239+00:00
cust_ext_2723,Клиент 2723,+79990002723,user_2723@example.com,2026-01-20 06:05:39.268520+00:00
cust_ext_2724,Клиент 2724,+79990002724,user_2724@example.com,2026-01-25 15:29:44.347839+00:00
cust_ext_2725,Клиент 2725,+79990002725,user_2725@example.com,2026-01-01 07:42:25.418000+00:00
cust_ext_2726,Клиент 2726,+79990002726,user_2726@example.com,2026-02-03 07:31:07.452160+00:00
cust_ext_2727,Клиент 2727,+79990002727,user_2727@example.com,2026-01-18 21:22:11.635685+00:00
cust_ext_2728,Клиент 2728,+79990002728,user_2728@example.com,2026-02-12 01:01:38.081549+00:00
cust_ext_2729,Клиент 2729,+79990002729,user_2729@example.com,2026-01-25 13:07:46.636845+00:00
cust_ext_2730,Клиент 2730,+79990002730,user_2730@example.com,2026-01-17 04:13:15.943604+00:00
cust_ext_2731,Клиент 2731,+79990002731,user_2731@example.com,2026-01-19 06:42:13.223210+00:00
cust_ext_2732,Клиент 2732,+79990002732,user_2732@example.com,2026-01-18 23:46:04.096691+00:00
cust_ext_2733,Клиент 2733,+79990002733,user_2733@example.com,2026-02-14 14:16:18.797062+00:00
cust_ext_2734,Клиент 2734,+79990002734,user_2734@example.com,2026-01-14 07:28:35.712933+00:00
cust_ext_2735,Клиент 2735,+79990002735,user_2735@example.com,2026-02-06 08:41:22.663503+00:00
cust_ext_2736,Клиент 2736,+79990002736,user_2736@example.com,2026-01-13 05:10:16.421392+00:00
cust_ext_2737,Клиент 2737,+79990002737,user_2737@example.com,2026-02-01 02:32:22.204468+00:00
cust_ext_2738,Клиент 2738,+79990002738,user_2738@example.com,2026-01-05 13:11:39.018475+00:00
cust_ext_2739,Клиент 2739,+79990002739,user_2739@example.com,2026-01-09 01:25:56.433334+00:00
cust_ext_2740,Клиент 2740,+79990002740,user_2740@example.com,2026-02-05 13:07:49.502046+00:00
cust_ext_2741,Клиент 2741,+79990002741,user_2741@example.com,2026-01-15 21:14:28.618199+00:00
cust_ext_2742,Клиент 2742,+79990002742,user_2742@example.com,2026-01-15 19:32:06.175727+00:00
cust_ext_2743,Клиент 2743,+79990002743,user_2743@example.com,2026-01-21 00:49:15.900225+00:00
cust_ext_2744,Клиент 2744,+79990002744,user_2744@example.com,2026-01-02 00:37:44.752277+00:00
cust_ext_2745,Клиент 2745,+79990002745,user_2745@example.com,2026-01-05 16:30:10.511756+00:00
cust_ext_2746,Клиент 2746,+79990002746,user_2746@example.com,2026-01-12 01:23:34.953781+00:00
cust_ext_2747,Клиент 2747,+79990002747,user_2747@example.com,2026-02-07 09:42:21.665596+00:00
cust_ext_2748,Клиент 2748,+79990002748,user_2748@example.com,2026-01-18 13:48:26.592715+00:00
cust_ext_2749,Клиент 2749,+79990002749,user_2749@example.com,2026-01-02 13:52:47.920274+00:00
cust_ext_2750,Клиент 2750,+79990002750,user_2750@example.com,2026-01-24 12:18:51.894173+00:00
cust_ext_2751,Клиент 2751,+79990002751,user_2751@example.com,2026-02-04 23:27:06.680988+00:00
cust_ext_2752,Клиент 2752,+79990002752,user_2752@example.com,2026-01-02 07:35:19.455376+00:00
cust_ext_2753,Клиент 2753,+79990002753,user_2753@example.com,2026-01-03 01:40:01.801297+00:00
cust_ext_2754,Клиент 2754,+79990002754,user_2754@example.com,2026-01-31 23:40:48.990476+00:00
cust_ext_2755,Клиент 2755,+79990002755,user_2755@example.com,2026-01-28 05:03:37.896317+00:00
cust_ext_2756,Клиент 2756,+79990002756,user_2756@example.com,2026-01-01 18:52:41.499506+00:00
cust_ext_2757,Клиент 2757,+79990002757,user_2757@example.com,2026-01-23 07:49:32.972931+00:00
cust_ext_2758,Клиент 2758,+79990002758,user_2758@example.com,2026-01-20 23:57:53.072056+00:00
cust_ext_2759,Клиент 2759,+79990002759,user_2759@example.com,2026-01-07 12:20:55.508952+00:00
cust_ext_2760,Клиент 2760,+79990002760,user_2760@example.com,2026-01-03 04:33:00.866498+00:00
cust_ext_2761,Клиент 2761,+79990002761,user_2761@example.com,2026-01-31 09:00:10.202618+00:00
cust_ext_2762,Клиент 2762,+79990002762,user_2762@example.com,2026-01-02 11:37:30.944693+00:00
cust_ext_2763,Клиент 2763,+79990002763,user_2763@example.com,2026-01-07 04:52:11.891597+00:00
cust_ext_2764,Клиент 2764,+79990002764,user_2764@example.com,2026-01-04 03:00:48.377318+00:00
cust_ext_2765,Клиент 2765,+79990002765,user_2765@example.com,2026-01-21 00:58:30.571459+00:00
cust_ext_2766,Клиент 2766,+79990002766,user_2766@example.com,2026-01-09 16:13:52.761086+00:00
cust_ext_2767,Клиент 2767,+79990002767,user_2767@example.com,2026-02-03 04:17:17.548067+00:00
cust_ext_2768,Клиент 2768,+79990002768,user_2768@example.com,2026-01-13 21:46:41.418287+00:00
cust_ext_2769,Клиент 2769,+79990002769,user_2769@example.com,2026-02-09 04:35:46.281007+00:00
cust_ext_2770,Клиент 2770,+79990002770,user_2770@example.com,2026-02-14 01:41:59.335586+00:00
cust_ext_2771,Клиент 2771,+79990002771,user_2771@example.com,2026-02-10 08:12:11.784291+00:00
cust_ext_2772,Клиент 2772,+79990002772,user_2772@example.com,2026-02-02 10:26:18.251427+00:00
cust_ext_2773,Клиент 2773,+79990002773,user_2773@example.com,2026-02-12 17:12:45.418181+00:00
cust_ext_2774,Клиент 2774,+79990002774,user_2774@example.com,2026-01-15 15:57:43.132252+00:00
cust_ext_2775,Клиент 2775,+79990002775,user_2775@example.com,2026-02-09 03:29:08.971552+00:00
cust_ext_2776,Клиент 2776,+79990002776,user_2776@example.com,2026-02-12 22:58:37.743731+00:00
cust_ext_2777,Клиент 2777,+79990002777,user_2777@example.com,2026-01-21 22:41:48.640500+00:00
cust_ext_2778,Клиент 2778,+79990002778,user_2778@example.com,2026-01-10 07:04:20.294915+00:00
cust_ext_2779,Клиент 2779,+79990002779,user_2779@example.com,2026-02-10 23:06:46.994402+00:00
cust_ext_2780,Клиент 2780,+79990002780,user_2780@example.com,2026-01-28 12:57:36.896179+00:00
cust_ext_2781,Клиент 2781,+79990002781,user_2781@example.com,2026-01-24 14:33:43.886587+00:00
cust_ext_2782,Клиент 2782,+79990002782,user_2782@example.com,2026-01-05 00:32:00.602233+00:00
cust_ext_2783,Клиент 2783,+79990002783,user_2783@example.com,2026-02-06 00:26:13.014713+00:00
cust_ext_2784,Клиент 2784,+79990002784,user_2784@example.com,2026-02-03 01:03:07.810178+00:00
cust_ext_2785,Клиент 2785,+79990002785,user_2785@example.com,2026-01-18 22:03:30.396199+00:00
cust_ext_2786,Клиент 2786,+79990002786,user_2786@example.com,2026-02-06 07:25:00.766428+00:00
cust_ext_2787,Клиент 2787,+79990002787,user_2787@example.com,2026-02-05 23:51:52.369872+00:00
cust_ext_2788,Клиент 2788,+79990002788,user_2788@example.com,2026-01-29 20:02:12.570887+00:00
cust_ext_2789,Клиент 2789,+79990002789,user_2789@example.com,2026-01-14 11:38:37.515690+00:00
cust_ext_2790,Клиент 2790,+79990002790,user_2790@example.com,2026-02-08 00:18:03.989965+00:00
cust_ext_2791,Клиент 2791,+79990002791,user_2791@example.com,2026-01-11 10:24:04.110543+00:00
cust_ext_2792,Клиент 2792,+79990002792,user_2792@example.com,2026-02-01 15:26:51.863899+00:00
cust_ext_2793,Клиент 2793,+79990002793,user_2793@example.com,2026-01-16 08:22:08.252987+00:00
cust_ext_2794,Клиент 2794,+79990002794,user_2794@example.com,2026-01-08 20:18:12.443276+00:00
cust_ext_2795,Клиент 2795,+79990002795,user_2795@example.com,2026-02-08 18:34:58.840523+00:00
cust_ext_2796,Клиент 2796,+79990002796,user_2796@example.com,2026-01-10 12:43:15.155086+00:00
cust_ext_2797,Клиент 2797,+79990002797,user_2797@example.com,2026-01-14 12:48:28.241186+00:00
cust_ext_2798,Клиент 2798,+79990002798,user_2798@example.com,2026-01-03 04:18:52.552909+00:00
cust_ext_2799,Клиент 2799,+79990002799,user_2799@example.com,2026-01-24 19:09:30.128003+00:00
cust_ext_2800,Клиент 2800,+79990002800,user_2800@example.com,2026-02-07 22:15:28.745406+00:00
cust_ext_2801,Клиент 2801,+79990002801,user_2801@example.com,2026-01-17 07:42:48.399607+00:00
cust_ext_2802,Клиент 2802,+79990002802,user_2802@example.com,2026-01-17 07:10:56.255632+00:00
cust_ext_2803,Клиент 2803,+79990002803,user_2803@example.com,2026-01-23 10:36:28.604933+00:00
cust_ext_2804,Клиент 2804,+79990002804,user_2804@example.com,2026-02-06 10:31:58.798232+00:00
cust_ext_2805,Клиент 2805,+79990002805,user_2805@example.com,2026-01-01 00:12:36.908905+00:00
cust_ext_2806,Клиент 2806,+79990002806,user_2806@example.com,2026-01-17 07:51:10.294008+00:00
cust_ext_2807,Клиент 2807,+79990002807,user_2807@example.com,2026-01-13 19:57:19.991821+00:00
cust_ext_2808,Клиент 2808,+79990002808,user_2808@example.com,2026-02-05 09:28:40.911993+00:00
cust_ext_2809,Клиент 2809,+79990002809,user_2809@example.com,2026-01-16 22:20:07.758309+00:00
cust_ext_2810,Клиент 2810,+79990002810,user_2810@example.com,2026-02-12 23:58:43.110666+00:00
cust_ext_2811,Клиент 2811,+79990002811,user_2811@example.com,2026-01-24 19:46:35.163697+00:00
cust_ext_2812,Клиент 2812,+79990002812,user_2812@example.com,2026-01-21 08:02:57.620783+00:00
cust_ext_2813,Клиент 2813,+79990002813,user_2813@example.com,2026-02-13 23:53:30.745003+00:00
cust_ext_2814,Клиент 2814,+79990002814,user_2814@example.com,2026-01-03 16:48:12.097894+00:00
cust_ext_2815,Клиент 2815,+79990002815,user_2815@example.com,2026-01-30 14:40:48.404524+00:00
cust_ext_2816,Клиент 2816,+79990002816,user_2816@example.com,2026-01-07 06:10:44.020798+00:00
cust_ext_2817,Клиент 2817,+79990002817,user_2817@example.com,2026-01-17 05:15:59.221704+00:00
cust_ext_2818,Клиент 2818,+79990002818,user_2818@example.com,2026-01-16 22:37:49.951160+00:00
cust_ext_2819,Клиент 2819,+79990002819,user_2819@example.com,2026-02-12 17:40:23.647887+00:00
cust_ext_2820,Клиент 2820,+79990002820,user_2820@example.com,2026-01-26 10:22:34.312179+00:00
cust_ext_2821,Клиент 2821,+79990002821,user_2821@example.com,2026-01-02 03:41:07.627990+00:00
cust_ext_2822,Клиент 2822,+79990002822,user_2822@example.com,2026-01-23 05:34:30.235194+00:00
cust_ext_2823,Клиент 2823,+79990002823,user_2823@example.com,2026-01-16 20:40:45.094950+00:00
cust_ext_2824,Клиент 2824,+79990002824,user_2824@example.com,2026-01-26 13:48:26.774744+00:00
cust_ext_2825,Клиент 2825,+79990002825,user_2825@example.com,2026-01-22 10:43:45.570507+00:00
cust_ext_2826,Клиент 2826,+79990002826,user_2826@example.com,2026-01-27 02:00:45.316761+00:00
cust_ext_2827,Клиент 2827,+79990002827,user_2827@example.com,2026-02-01 15:29:45.162832+00:00
cust_ext_2828,Клиент 2828,+79990002828,user_2828@example.com,2026-01-04 04:57:56.595353+00:00
cust_ext_2829,Клиент 2829,+79990002829,user_2829@example.com,2026-01-02 09:35:35.576901+00:00
cust_ext_2830,Клиент 2830,+79990002830,user_2830@example.com,2026-01-04 01:42:06.828189+00:00
cust_ext_2831,Клиент 2831,+79990002831,user_2831@example.com,2026-01-08 01:51:26.978103+00:00
cust_ext_2832,Клиент 2832,+79990002832,user_2832@example.com,2026-01-20 12:20:00.943915+00:00
cust_ext_2833,Клиент 2833,+79990002833,user_2833@example.com,2026-01-21 07:43:02.563765+00:00
cust_ext_2834,Клиент 2834,+79990002834,user_2834@example.com,2026-02-14 22:05:56.841576+00:00
cust_ext_2835,Клиент 2835,+79990002835,user_2835@example.com,2026-01-28 10:13:38.278671+00:00
cust_ext_2836,Клиент 2836,+79990002836,user_2836@example.com,2026-01-11 15:56:12.038570+00:00
cust_ext_2837,Клиент 2837,+79990002837,user_2837@example.com,2026-01-06 12:27:28.106540+00:00
cust_ext_2838,Клиент 2838,+79990002838,user_2838@example.com,2026-02-12 10:31:58.757504+00:00
cust_ext_2839,Клиент 2839,+79990002839,user_2839@example.com,2026-01-14 21:01:37.157706+00:00
cust_ext_2840,Клиент 2840,+79990002840,user_2840@example.com,2026-01-05 16:22:56.325650+00:00
cust_ext_2841,Клиент 2841,+79990002841,user_2841@example.com,2026-01-10 15:03:48.247813+00:00
cust_ext_2842,Клиент 2842,+79990002842,user_2842@example.com,2026-01-12 15:02:59.123142+00:00
cust_ext_2843,Клиент 2843,+79990002843,user_2843@example.com,2026-01-10 15:20:04.647991+00:00
cust_ext_2844,Клиент 2844,+79990002844,user_2844@example.com,2026-01-15 03:09:15.533614+00:00
cust_ext_2845,Клиент 2845,+79990002845,user_2845@example.com,2026-01-16 06:28:50.475578+00:00
cust_ext_2846,Клиент 2846,+79990002846,user_2846@example.com,2026-01-07 02:23:23.954810+00:00
cust_ext_2847,Клиент 2847,+79990002847,user_2847@example.com,2026-01-12 21:55:47.632417+00:00
cust_ext_2848,Клиент 2848,+79990002848,user_2848@example.com,2026-01-19 12:07:56.339406+00:00
cust_ext_2849,Клиент 2849,+79990002849,user_2849@example.com,2026-01-12 10:01:59.862238+00:00
cust_ext_2850,Клиент 2850,+79990002850,user_2850@example.com,2026-01-04 10:58:27.287595+00:00
cust_ext_2851,Клиент 2851,+79990002851,user_2851@example.com,2026-02-12 22:36:43.864585+00:00
cust_ext_2852,Клиент 2852,+79990002852,user_2852@example.com,2026-01-05 13:16:32.061507+00:00
cust_ext_2853,Клиент 2853,+79990002853,user_2853@example.com,2026-01-19 03:40:42.795587+00:00
cust_ext_2854,Клиент 2854,+79990002854,user_2854@example.com,2026-01-17 09:00:01.942834+00:00
cust_ext_2855,Клиент 2855,+79990002855,user_2855@example.com,2026-01-10 05:42:15.455016+00:00
cust_ext_2856,Клиент 2856,+79990002856,user_2856@example.com,2026-01-31 05:32:43.968190+00:00
cust_ext_2857,Клиент 2857,+79990002857,user_2857@example.com,2026-02-10 00:25:50.912131+00:00
cust_ext_2858,Клиент 2858,+79990002858,user_2858@example.com,2026-02-01 19:37:38.418893+00:00
cust_ext_2859,Клиент 2859,+79990002859,user_2859@example.com,2026-02-07 02:59:47.842689+00:00
cust_ext_2860,Клиент 2860,+79990002860,user_2860@example.com,2026-01-31 20:51:08.885414+00:00
cust_ext_2861,Клиент 2861,+79990002861,user_2861@example.com,2026-02-13 20:38:09.997392+00:00
cust_ext_2862,Клиент 2862,+79990002862,user_2862@example.com,2026-01-13 02:38:03.387948+00:00
cust_ext_2863,Клиент 2863,+79990002863,user_2863@example.com,2026-02-02 01:21:10.323328+00:00
cust_ext_2864,Клиент 2864,+79990002864,user_2864@example.com,2026-01-23 03:00:49.080021+00:00
cust_ext_2865,Клиент 2865,+79990002865,user_2865@example.com,2026-01-08 23:43:40.614361+00:00
cust_ext_2866,Клиент 2866,+79990002866,user_2866@example.com,2026-01-06 04:13:20.215456+00:00
cust_ext_2867,Клиент 2867,+79990002867,user_2867@example.com,2026-01-16 17:44:46.613988+00:00
cust_ext_2868,Клиент 2868,+79990002868,user_2868@example.com,2026-01-30 20:09:53.446262+00:00
cust_ext_2869,Клиент 2869,+79990002869,user_2869@example.com,2026-02-13 02:32:22.559553+00:00
cust_ext_2870,Клиент 2870,+79990002870,user_2870@example.com,2026-01-26 15:40:47.132958+00:00
cust_ext_2871,Клиент 2871,+79990002871,user_2871@example.com,2026-01-14 01:00:01.863999+00:00
cust_ext_2872,Клиент 2872,+79990002872,user_2872@example.com,2026-02-02 00:13:08.712425+00:00
cust_ext_2873,Клиент 2873,+79990002873,user_2873@example.com,2026-01-25 07:20:34.848552+00:00
cust_ext_2874,Клиент 2874,+79990002874,user_2874@example.com,2026-02-09 17:35:19.490869+00:00
cust_ext_2875,Клиент 2875,+79990002875,user_2875@example.com,2026-02-05 06:33:51.428046+00:00
cust_ext_2876,Клиент 2876,+79990002876,user_2876@example.com,2026-01-09 03:04:34.189487+00:00
cust_ext_2877,Клиент 2877,+79990002877,user_2877@example.com,2026-02-10 00:01:16.178694+00:00
cust_ext_2878,Клиент 2878,+79990002878,user_2878@example.com,2026-01-25 13:30:55.535325+00:00
cust_ext_2879,Клиент 2879,+79990002879,user_2879@example.com,2026-01-28 08:55:37.396084+00:00
cust_ext_2880,Клиент 2880,+79990002880,user_2880@example.com,2026-01-02 12:36:17.689436+00:00
cust_ext_2881,Клиент 2881,+79990002881,user_2881@example.com,2026-01-27 18:28:22.476894+00:00
cust_ext_2882,Клиент 2882,+79990002882,user_2882@example.com,2026-01-03 02:17:59.648470+00:00
cust_ext_2883,Клиент 2883,+79990002883,user_2883@example.com,2026-01-11 00:54:32.419298+00:00
cust_ext_2884,Клиент 2884,+79990002884,user_2884@example.com,2026-01-05 07:37:53.195981+00:00
cust_ext_2885,Клиент 2885,+79990002885,user_2885@example.com,2026-01-25 19:34:10.564220+00:00
cust_ext_2886,Клиент 2886,+79990002886,user_2886@example.com,2026-01-26 13:57:36.943369+00:00
cust_ext_2887,Клиент 2887,+79990002887,user_2887@example.com,2026-01-12 01:56:56.187500+00:00
cust_ext_2888,Клиент 2888,+79990002888,user_2888@example.com,2026-01-22 03:15:45.901058+00:00
cust_ext_2889,Клиент 2889,+79990002889,user_2889@example.com,2026-01-22 03:59:34.610416+00:00
cust_ext_2890,Клиент 2890,+79990002890,user_2890@example.com,2026-02-09 04:20:38.282403+00:00
cust_ext_2891,Клиент 2891,+79990002891,user_2891@example.com,2026-01-11 04:16:28.479973+00:00
cust_ext_2892,Клиент 2892,+79990002892,user_2892@example.com,2026-01-11 15:27:32.806910+00:00
cust_ext_2893,Клиент 2893,+79990002893,user_2893@example.com,2026-01-12 14:21:00.629033+00:00
cust_ext_2894,Клиент 2894,+79990002894,user_2894@example.com,2026-02-11 05:41:46.077687+00:00
cust_ext_2895,Клиент 2895,+79990002895,user_2895@example.com,2026-01-14 19:51:17.214560+00:00
cust_ext_2896,Клиент 2896,+79990002896,user_2896@example.com,2026-01-16 09:58:36.857234+00:00
cust_ext_2897,Клиент 2897,+79990002897,user_2897@example.com,2026-02-07 12:20:32.727184+00:00
cust_ext_2898,Клиент 2898,+79990002898,user_2898@example.com,2026-01-31 08:03:43.840561+00:00
cust_ext_2899,Клиент 2899,+79990002899,user_2899@example.com,2026-02-07 16:20:46.384349+00:00
cust_ext_2900,Клиент 2900,+79990002900,user_2900@example.com,2026-01-12 08:38:48.165507+00:00
cust_ext_2901,Клиент 2901,+79990002901,user_2901@example.com,2026-01-11 06:29:40.251627+00:00
cust_ext_2902,Клиент 2902,+79990002902,user_2902@example.com,2026-01-24 06:17:20.588019+00:00
cust_ext_2903,Клиент 2903,+79990002903,user_2903@example.com,2026-01-02 05:02:14.273956+00:00
cust_ext_2904,Клиент 2904,+79990002904,user_2904@example.com,2026-01-21 00:48:06.158584+00:00
cust_ext_2905,Клиент 2905,+79990002905,user_2905@example.com,2026-02-09 19:48:03.406079+00:00
cust_ext_2906,Клиент 2906,+79990002906,user_2906@example.com,2026-02-07 17:47:43.574446+00:00
cust_ext_2907,Клиент 2907,+79990002907,user_2907@example.com,2026-02-05 13:37:14.108136+00:00
cust_ext_2908,Клиент 2908,+79990002908,user_2908@example.com,2026-02-11 13:46:22.695544+00:00
cust_ext_2909,Клиент 2909,+79990002909,user_2909@example.com,2026-01-12 11:32:52.652341+00:00
cust_ext_2910,Клиент 2910,+79990002910,user_2910@example.com,2026-02-03 19:14:36.454428+00:00
cust_ext_2911,Клиент 2911,+79990002911,user_2911@example.com,2026-01-08 00:56:44.872769+00:00
cust_ext_2912,Клиент 2912,+79990002912,user_2912@example.com,2026-01-19 08:38:43.348296+00:00
cust_ext_2913,Клиент 2913,+79990002913,user_2913@example.com,2026-02-10 13:16:07.396179+00:00
cust_ext_2914,Клиент 2914,+79990002914,user_2914@example.com,2026-01-28 18:06:54.040519+00:00
cust_ext_2915,Клиент 2915,+79990002915,user_2915@example.com,2026-01-18 01:01:19.087905+00:00
cust_ext_2916,Клиент 2916,+79990002916,user_2916@example.com,2026-01-05 07:56:21.119744+00:00
cust_ext_2917,Клиент 2917,+79990002917,user_2917@example.com,2026-01-18 14:47:35.202505+00:00
cust_ext_2918,Клиент 2918,+79990002918,user_2918@example.com,2026-02-01 03:53:06.660715+00:00
cust_ext_2919,Клиент 2919,+79990002919,user_2919@example.com,2026-02-08 19:53:50.645323+00:00
cust_ext_2920,Клиент 2920,+79990002920,user_2920@example.com,2026-02-10 04:27:12.339371+00:00
cust_ext_2921,Клиент 2921,+79990002921,user_2921@example.com,2026-02-11 21:02:47.130339+00:00
cust_ext_2922,Клиент 2922,+79990002922,user_2922@example.com,2026-01-03 18:33:06.116402+00:00
cust_ext_2923,Клиент 2923,+79990002923,user_2923@example.com,2026-01-30 10:10:56.731072+00:00
cust_ext_2924,Клиент 2924,+79990002924,user_2924@example.com,2026-01-08 19:09:49.072405+00:00
cust_ext_2925,Клиент 2925,+79990002925,user_2925@example.com,2026-02-07 09:20:06.063586+00:00
cust_ext_2926,Клиент 2926,+79990002926,user_2926@example.com,2026-02-08 18:32:34.798709+00:00
cust_ext_2927,Клиент 2927,+79990002927,user_2927@example.com,2026-01-05 14:58:47.561020+00:00
cust_ext_2928,Клиент 2928,+79990002928,user_2928@example.com,2026-01-18 18:46:51.471761+00:00
cust_ext_2929,Клиент 2929,+79990002929,user_2929@example.com,2026-02-13 21:21:03.595480+00:00
cust_ext_2930,Клиент 2930,+79990002930,user_2930@example.com,2026-01-11 16:55:50.671599+00:00
cust_ext_2931,Клиент 2931,+79990002931,user_2931@example.com,2026-01-09 16:42:58.384148+00:00
cust_ext_2932,Клиент 2932,+79990002932,user_2932@example.com,2026-01-14 07:39:34.729665+00:00
cust_ext_2933,Клиент 2933,+79990002933,user_2933@example.com,2026-01-03 01:47:39.604152+00:00
cust_ext_2934,Клиент 2934,+79990002934,user_2934@example.com,2026-01-07 01:55:15.465217+00:00
cust_ext_2935,Клиент 2935,+79990002935,user_2935@example.com,2026-01-27 20:13:22.686385+00:00
cust_ext_2936,Клиент 2936,+79990002936,user_2936@example.com,2026-01-25 00:32:06.351066+00:00
cust_ext_2937,Клиент 2937,+79990002937,user_2937@example.com,2026-01-22 09:43:42.963370+00:00
cust_ext_2938,Клиент 2938,+79990002938,user_2938@example.com,2026-01-08 05:40:04.650764+00:00
cust_ext_2939,Клиент 2939,+79990002939,user_2939@example.com,2026-01-13 10:41:19.356945+00:00
cust_ext_2940,Клиент 2940,+79990002940,user_2940@example.com,2026-01-06 12:44:48.808022+00:00
cust_ext_2941,Клиент 2941,+79990002941,user_2941@example.com,2026-01-20 16:07:52.609446+00:00
cust_ext_2942,Клиент 2942,+79990002942,user_2942@example.com,2026-01-29 05:29:30.974238+00:00
cust_ext_2943,Клиент 2943,+79990002943,user_2943@example.com,2026-01-03 05:22:19.368076+00:00
cust_ext_2944,Клиент 2944,+79990002944,user_2944@example.com,2026-01-20 02:04:30.470692+00:00
cust_ext_2945,Клиент 2945,+79990002945,user_2945@example.com,2026-02-12 09:26:01.229217+00:00
cust_ext_2946,Клиент 2946,+79990002946,user_2946@example.com,2026-01-01 03:27:26.125635+00:00
cust_ext_2947,Клиент 2947,+79990002947,user_2947@example.com,2026-02-13 21:51:44.276307+00:00
cust_ext_2948,Клиент 2948,+79990002948,user_2948@example.com,2026-02-13 00:02:02.995488+00:00
cust_ext_2949,Клиент 2949,+79990002949,user_2949@example.com,2026-01-08 02:40:56.522470+00:00
cust_ext_2950,Клиент 2950,+79990002950,user_2950@example.com,2026-01-29 20:07:26.741553+00:00
cust_ext_2951,Клиент 2951,+79990002951,user_2951@example.com,2026-02-07 15:07:18.615338+00:00
cust_ext_2952,Клиент 2952,+79990002952,user_2952@example.com,2026-01-10 15:01:03.761429+00:00
cust_ext_2953,Клиент 2953,+79990002953,user_2953@example.com,2026-01-31 04:50:29.547766+00:00
cust_ext_2954,Клиент 2954,+79990002954,user_2954@example.com,2026-01-17 12:45:35.132548+00:00
cust_ext_2955,Клиент 2955,+79990002955,user_2955@example.com,2026-01-19 19:36:24.221654+00:00
cust_ext_2956,Клиент 2956,+79990002956,user_2956@example.com,2026-01-31 06:42:04.922177+00:00
cust_ext_2957,Клиент 2957,+79990002957,user_2957@example.com,2026-02-01 15:10:54.298676+00:00
cust_ext_2958,Клиент 2958,+79990002958,user_2958@example.com,2026-02-07 07:10:47.416113+00:00
cust_ext_2959,Клиент 2959,+79990002959,user_2959@example.com,2026-01-21 12:01:25.643569+00:00
cust_ext_2960,Клиент 2960,+79990002960,user_2960@example.com,2026-02-05 17:02:28.680252+00:00
cust_ext_2961,Клиент 2961,+79990002961,user_2961@example.com,2026-02-03 16:43:24.541957+00:00
cust_ext_2962,Клиент 2962,+79990002962,user_2962@example.com,2026-01-19 15:56:20.032722+00:00
cust_ext_2963,Клиент 2963,+79990002963,user_2963@example.com,2026-01-08 14:12:56.475505+00:00
cust_ext_2964,Клиент 2964,+79990002964,user_2964@example.com,2026-01-29 17:31:12.137458+00:00
cust_ext_2965,Клиент 2965,+79990002965,user_2965@example.com,2026-01-01 23:26:54.021449+00:00
cust_ext_2966,Клиент 2966,+79990002966,user_2966@example.com,2026-01-17 18:56:28.952668+00:00
cust_ext_2967,Клиент 2967,+79990002967,user_2967@example.com,2026-02-06 12:28:25.623046+00:00
cust_ext_2968,Клиент 2968,+79990002968,user_2968@example.com,2026-02-06 01:49:32.433075+00:00
cust_ext_2969,Клиент 2969,+79990002969,user_2969@example.com,2026-01-30 09:56:11.342947+00:00
cust_ext_2970,Клиент 2970,+79990002970,user_2970@example.com,2026-02-14 17:30:33.139542+00:00
cust_ext_2971,Клиент 2971,+79990002971,user_2971@example.com,2026-01-17 09:49:40.477184+00:00
cust_ext_2972,Клиент 2972,+79990002972,user_2972@example.com,2026-01-01 15:01:59.444522+00:00
cust_ext_2973,Клиент 2973,+79990002973,user_2973@example.com,2026-02-07 20:11:17.327743+00:00
cust_ext_2974,Клиент 2974,+79990002974,user_2974@example.com,2026-02-07 11:18:08.126591+00:00
cust_ext_2975,Клиент 2975,+79990002975,user_2975@example.com,2026-01-02 16:50:27.761879+00:00
cust_ext_2976,Клиент 2976,+79990002976,user_2976@example.com,2026-01-12 06:51:13.326275+00:00
cust_ext_2977,Клиент 2977,+79990002977,user_2977@example.com,2026-01-13 01:40:30.203350+00:00
cust_ext_2978,Клиент 2978,+79990002978,user_2978@example.com,2026-01-25 12:23:23.638170+00:00
cust_ext_2979,Клиент 2979,+79990002979,user_2979@example.com,2026-02-14 20:35:42.792344+00:00
cust_ext_2980,Клиент 2980,+79990002980,user_2980@example.com,2026-02-02 15:15:26.968124+00:00
cust_ext_2981,Клиент 2981,+79990002981,user_2981@example.com,2026-01-19 06:15:57.260900+00:00
cust_ext_2982,Клиент 2982,+79990002982,user_2982@example.com,2026-02-12 15:43:34.289635+00:00
cust_ext_2983,Клиент 2983,+79990002983,user_2983@example.com,2026-01-28 15:20:16.696786+00:00
cust_ext_2984,Клиент 2984,+79990002984,user_2984@example.com,2026-01-12 21:56:07.981258+00:00
cust_ext_2985,Клиент 2985,+79990002985,user_2985@example.com,2026-01-27 13:12:07.146529+00:00
cust_ext_2986,Клиент 2986,+79990002986,user_2986@example.com,2026-01-01 11:50:40.872089+00:00
cust_ext_2987,Клиент 2987,+79990002987,user_2987@example.com,2026-01-19 09:55:09.467019+00:00
cust_ext_2988,Клиент 2988,+79990002988,user_2988@example.com,2026-01-13 21:54:59.331156+00:00
cust_ext_2989,Клиент 2989,+79990002989,user_2989@example.com,2026-01-31 00:21:26.281043+00:00
cust_ext_2990,Клиент 2990,+79990002990,user_2990@example.com,2026-01-09 08:43:42.059256+00:00
cust_ext_2991,Клиент 2991,+79990002991,user_2991@example.com,2026-01-15 23:08:51.745207+00:00
cust_ext_2992,Клиент 2992,+79990002992,user_2992@example.com,2026-01-19 11:00:19.156704+00:00
cust_ext_2993,Клиент 2993,+79990002993,user_2993@example.com,2026-01-02 01:28:19.033870+00:00
cust_ext_2994,Клиент 2994,+79990002994,user_2994@example.com,2026-01-23 23:49:44.762480+00:00
cust_ext_2995,Клиент 2995,+79990002995,user_2995@example.com,2026-02-10 08:49:50.369339+00:00
cust_ext_2996,Клиент 2996,+79990002996,user_2996@example.com,2026-02-14 09:08:53.532448+00:00
cust_ext_2997,Клиент 2997,+79990002997,user_2997@example.com,2026-01-03 04:36:19.480202+00:00
cust_ext_2998,Клиент 2998,+79990002998,user_2998@example.com,2026-02-08 00:42:13.045189+00:00
cust_ext_2999,Клиент 2999,+79990002999,user_2999@example.com,2026-01-09 15:37:39.208134+00:00
cust_ext_3000,Клиент 3000,+79990003000,user_3000@example.com,2026-01-19 02:16:07.764040+00:00
cust_ext_3001,Клиент 3001,+79990003001,user_3001@example.com,2026-01-26 13:26:41.580890+00:00
cust_ext_3002,Клиент 3002,+79990003002,user_3002@example.com,2026-01-22 07:54:15.473476+00:00
cust_ext_3003,Клиент 3003,+79990003003,user_3003@example.com,2026-01-22 00:02:06.205005+00:00
cust_ext_3004,Клиент 3004,+79990003004,user_3004@example.com,2026-01-26 14:04:37.739429+00:00
cust_ext_3005,Клиент 3005,+79990003005,user_3005@example.com,2026-02-13 04:48:52.552561+00:00
cust_ext_3006,Клиент 3006,+79990003006,user_3006@example.com,2026-01-14 11:12:22.974566+00:00
cust_ext_3007,Клиент 3007,+79990003007,user_3007@example.com,2026-01-28 01:18:22.989748+00:00
cust_ext_3008,Клиент 3008,+79990003008,user_3008@example.com,2026-01-07 12:50:41.680719+00:00
cust_ext_3009,Клиент 3009,+79990003009,user_3009@example.com,2026-01-21 00:58:45.792744+00:00
cust_ext_3010,Клиент 3010,+79990003010,user_3010@example.com,2026-02-12 11:55:40.319169+00:00
cust_ext_3011,Клиент 3011,+79990003011,user_3011@example.com,2026-02-09 21:02:49.784057+00:00
cust_ext_3012,Клиент 3012,+79990003012,user_3012@example.com,2026-01-23 06:06:28.870249+00:00
cust_ext_3013,Клиент 3013,+79990003013,user_3013@example.com,2026-01-17 08:57:57.819111+00:00
cust_ext_3014,Клиент 3014,+79990003014,user_3014@example.com,2026-01-17 07:45:02.216192+00:00
cust_ext_3015,Клиент 3015,+79990003015,user_3015@example.com,2026-01-06 05:53:29.491257+00:00
cust_ext_3016,Клиент 3016,+79990003016,user_3016@example.com,2026-01-08 12:20:35.742749+00:00
cust_ext_3017,Клиент 3017,+79990003017,user_3017@example.com,2026-02-13 02:30:17.324728+00:00
cust_ext_3018,Клиент 3018,+79990003018,user_3018@example.com,2026-01-09 21:01:55.351199+00:00
cust_ext_3019,Клиент 3019,+79990003019,user_3019@example.com,2026-01-24 01:49:21.030375+00:00
cust_ext_3020,Клиент 3020,+79990003020,user_3020@example.com,2026-01-11 22:36:06.647145+00:00
cust_ext_3021,Клиент 3021,+79990003021,user_3021@example.com,2026-01-27 18:16:48.681294+00:00
cust_ext_3022,Клиент 3022,+79990003022,user_3022@example.com,2026-01-02 07:15:28.769137+00:00
cust_ext_3023,Клиент 3023,+79990003023,user_3023@example.com,2026-01-25 15:22:31.791789+00:00
cust_ext_3024,Клиент 3024,+79990003024,user_3024@example.com,2026-01-30 10:23:16.594737+00:00
cust_ext_3025,Клиент 3025,+79990003025,user_3025@example.com,2026-01-22 05:28:39.210858+00:00
cust_ext_3026,Клиент 3026,+79990003026,user_3026@example.com,2026-01-10 12:41:07.603219+00:00
cust_ext_3027,Клиент 3027,+79990003027,user_3027@example.com,2026-02-14 08:44:40.210673+00:00
cust_ext_3028,Клиент 3028,+79990003028,user_3028@example.com,2026-01-31 11:43:14.772378+00:00
cust_ext_3029,Клиент 3029,+79990003029,user_3029@example.com,2026-01-18 11:30:10.684061+00:00
cust_ext_3030,Клиент 3030,+79990003030,user_3030@example.com,2026-02-10 17:29:22.451232+00:00
cust_ext_3031,Клиент 3031,+79990003031,user_3031@example.com,2026-01-01 09:11:58.842595+00:00
cust_ext_3032,Клиент 3032,+79990003032,user_3032@example.com,2026-01-20 12:51:11.313606+00:00
cust_ext_3033,Клиент 3033,+79990003033,user_3033@example.com,2026-01-02 10:26:23.134878+00:00
cust_ext_3034,Клиент 3034,+79990003034,user_3034@example.com,2026-02-06 17:51:00.749463+00:00
cust_ext_3035,Клиент 3035,+79990003035,user_3035@example.com,2026-01-12 14:51:56.833402+00:00
cust_ext_3036,Клиент 3036,+79990003036,user_3036@example.com,2026-01-19 21:29:39.655214+00:00
cust_ext_3037,Клиент 3037,+79990003037,user_3037@example.com,2026-02-12 10:55:09.827888+00:00
cust_ext_3038,Клиент 3038,+79990003038,user_3038@example.com,2026-02-02 22:03:56.098894+00:00
cust_ext_3039,Клиент 3039,+79990003039,user_3039@example.com,2026-01-24 11:21:19.103587+00:00
cust_ext_3040,Клиент 3040,+79990003040,user_3040@example.com,2026-01-09 18:24:36.401360+00:00
cust_ext_3041,Клиент 3041,+79990003041,user_3041@example.com,2026-02-13 23:40:18.845309+00:00
cust_ext_3042,Клиент 3042,+79990003042,user_3042@example.com,2026-02-04 16:20:22.084695+00:00
cust_ext_3043,Клиент 3043,+79990003043,user_3043@example.com,2026-01-10 08:14:00.124817+00:00
cust_ext_3044,Клиент 3044,+79990003044,user_3044@example.com,2026-01-20 03:18:17.747125+00:00
cust_ext_3045,Клиент 3045,+79990003045,user_3045@example.com,2026-01-05 18:20:19.370401+00:00
cust_ext_3046,Клиент 3046,+79990003046,user_3046@example.com,2026-01-01 17:47:34.213031+00:00
cust_ext_3047,Клиент 3047,+79990003047,user_3047@example.com,2026-01-10 00:28:39.255343+00:00
cust_ext_3048,Клиент 3048,+79990003048,user_3048@example.com,2026-02-11 22:42:32.446770+00:00
cust_ext_3049,Клиент 3049,+79990003049,user_3049@example.com,2026-01-08 21:38:23.087898+00:00
cust_ext_3050,Клиент 3050,+79990003050,user_3050@example.com,2026-01-04 04:20:58.476230+00:00
cust_ext_3051,Клиент 3051,+79990003051,user_3051@example.com,2026-01-30 18:32:47.126271+00:00
cust_ext_3052,Клиент 3052,+79990003052,user_3052@example.com,2026-01-21 10:16:29.850362+00:00
cust_ext_3053,Клиент 3053,+79990003053,user_3053@example.com,2026-01-21 19:59:03.016687+00:00
cust_ext_3054,Клиент 3054,+79990003054,user_3054@example.com,2026-01-10 11:53:13.585413+00:00
cust_ext_3055,Клиент 3055,+79990003055,user_3055@example.com,2026-01-30 08:29:44.268041+00:00
cust_ext_3056,Клиент 3056,+79990003056,user_3056@example.com,2026-01-03 00:39:55.232923+00:00
cust_ext_3057,Клиент 3057,+79990003057,user_3057@example.com,2026-01-06 01:25:57.337279+00:00
cust_ext_3058,Клиент 3058,+79990003058,user_3058@example.com,2026-02-08 10:58:34.606126+00:00
cust_ext_3059,Клиент 3059,+79990003059,user_3059@example.com,2026-01-03 07:20:43.877038+00:00
cust_ext_3060,Клиент 3060,+79990003060,user_3060@example.com,2026-01-23 20:18:02.440101+00:00
cust_ext_3061,Клиент 3061,+79990003061,user_3061@example.com,2026-01-16 14:19:38.182824+00:00
cust_ext_3062,Клиент 3062,+79990003062,user_3062@example.com,2026-01-24 22:39:51.021957+00:00
cust_ext_3063,Клиент 3063,+79990003063,user_3063@example.com,2026-01-19 07:11:43.931426+00:00
cust_ext_3064,Клиент 3064,+79990003064,user_3064@example.com,2026-01-08 14:08:48.208755+00:00
cust_ext_3065,Клиент 3065,+79990003065,user_3065@example.com,2026-01-24 12:32:55.508474+00:00
cust_ext_3066,Клиент 3066,+79990003066,user_3066@example.com,2026-01-09 08:16:00.753122+00:00
cust_ext_3067,Клиент 3067,+79990003067,user_3067@example.com,2026-02-13 05:50:07.551175+00:00
cust_ext_3068,Клиент 3068,+79990003068,user_3068@example.com,2026-02-10 20:06:23.704230+00:00
cust_ext_3069,Клиент 3069,+79990003069,user_3069@example.com,2026-01-05 12:36:05.557798+00:00
cust_ext_3070,Клиент 3070,+79990003070,user_3070@example.com,2026-01-24 16:48:12.727984+00:00
cust_ext_3071,Клиент 3071,+79990003071,user_3071@example.com,2026-01-17 04:58:10.653339+00:00
cust_ext_3072,Клиент 3072,+79990003072,user_3072@example.com,2026-01-23 10:01:50.711471+00:00
cust_ext_3073,Клиент 3073,+79990003073,user_3073@example.com,2026-01-30 21:18:18.069592+00:00
cust_ext_3074,Клиент 3074,+79990003074,user_3074@example.com,2026-02-08 13:00:34.388458+00:00
cust_ext_3075,Клиент 3075,+79990003075,user_3075@example.com,2026-01-11 01:15:24.970531+00:00
cust_ext_3076,Клиент 3076,+79990003076,user_3076@example.com,2026-01-18 01:54:17.193943+00:00
cust_ext_3077,Клиент 3077,+79990003077,user_3077@example.com,2026-01-23 10:53:58.290127+00:00
cust_ext_3078,Клиент 3078,+79990003078,user_3078@example.com,2026-02-01 02:27:26.799813+00:00
cust_ext_3079,Клиент 3079,+79990003079,user_3079@example.com,2026-01-28 02:54:01.353306+00:00
cust_ext_3080,Клиент 3080,+79990003080,user_3080@example.com,2026-01-21 11:24:59.128663+00:00
cust_ext_3081,Клиент 3081,+79990003081,user_3081@example.com,2026-01-15 09:18:52.325366+00:00
cust_ext_3082,Клиент 3082,+79990003082,user_3082@example.com,2026-01-23 20:41:37.282653+00:00
cust_ext_3083,Клиент 3083,+79990003083,user_3083@example.com,2026-01-04 23:02:04.094273+00:00
cust_ext_3084,Клиент 3084,+79990003084,user_3084@example.com,2026-01-09 19:40:35.614517+00:00
cust_ext_3085,Клиент 3085,+79990003085,user_3085@example.com,2026-01-31 20:15:19.875335+00:00
cust_ext_3086,Клиент 3086,+79990003086,user_3086@example.com,2026-02-09 08:19:38.255938+00:00
cust_ext_3087,Клиент 3087,+79990003087,user_3087@example.com,2026-01-31 19:05:41.109399+00:00
cust_ext_3088,Клиент 3088,+79990003088,user_3088@example.com,2026-01-28 06:30:36.732660+00:00
cust_ext_3089,Клиент 3089,+79990003089,user_3089@example.com,2026-01-30 13:02:32.499958+00:00
cust_ext_3090,Клиент 3090,+79990003090,user_3090@example.com,2026-02-02 07:18:49.077321+00:00
cust_ext_3091,Клиент 3091,+79990003091,user_3091@example.com,2026-02-13 15:41:53.617233+00:00
cust_ext_3092,Клиент 3092,+79990003092,user_3092@example.com,2026-01-20 18:10:24.632606+00:00
cust_ext_3093,Клиент 3093,+79990003093,user_3093@example.com,2026-01-16 02:13:03.188663+00:00
cust_ext_3094,Клиент 3094,+79990003094,user_3094@example.com,2026-01-17 13:53:24.533977+00:00
cust_ext_3095,Клиент 3095,+79990003095,user_3095@example.com,2026-02-14 20:15:07.356455+00:00
cust_ext_3096,Клиент 3096,+79990003096,user_3096@example.com,2026-02-02 11:58:33.547835+00:00
cust_ext_3097,Клиент 3097,+79990003097,user_3097@example.com,2026-01-29 04:59:15.961273+00:00
cust_ext_3098,Клиент 3098,+79990003098,user_3098@example.com,2026-01-29 18:00:14.048276+00:00
cust_ext_3099,Клиент 3099,+79990003099,user_3099@example.com,2026-01-17 10:21:47.547605+00:00
cust_ext_3100,Клиент 3100,+79990003100,user_3100@example.com,2026-01-02 00:07:41.020881+00:00
cust_ext_3101,Клиент 3101,+79990003101,user_3101@example.com,2026-01-27 20:25:01.162521+00:00
cust_ext_3102,Клиент 3102,+79990003102,user_3102@example.com,2026-01-12 02:51:28.967288+00:00
cust_ext_3103,Клиент 3103,+79990003103,user_3103@example.com,2026-02-06 03:52:27.844225+00:00
cust_ext_3104,Клиент 3104,+79990003104,user_3104@example.com,2026-01-21 21:35:40.639765+00:00
cust_ext_3105,Клиент 3105,+79990003105,user_3105@example.com,2026-02-06 15:03:44.716582+00:00
cust_ext_3106,Клиент 3106,+79990003106,user_3106@example.com,2026-02-01 10:23:59.851530+00:00
cust_ext_3107,Клиент 3107,+79990003107,user_3107@example.com,2026-02-09 03:14:09.390248+00:00
cust_ext_3108,Клиент 3108,+79990003108,user_3108@example.com,2026-01-03 12:02:59.923974+00:00
cust_ext_3109,Клиент 3109,+79990003109,user_3109@example.com,2026-01-05 13:08:33.649361+00:00
cust_ext_3110,Клиент 3110,+79990003110,user_3110@example.com,2026-02-04 13:34:44.601374+00:00
cust_ext_3111,Клиент 3111,+79990003111,user_3111@example.com,2026-01-28 16:25:12.812863+00:00
cust_ext_3112,Клиент 3112,+79990003112,user_3112@example.com,2026-01-28 01:14:25.371599+00:00
cust_ext_3113,Клиент 3113,+79990003113,user_3113@example.com,2026-02-06 13:52:34.995716+00:00
cust_ext_3114,Клиент 3114,+79990003114,user_3114@example.com,2026-01-11 03:30:46.999239+00:00
cust_ext_3115,Клиент 3115,+79990003115,user_3115@example.com,2026-01-01 05:03:31.670317+00:00
cust_ext_3116,Клиент 3116,+79990003116,user_3116@example.com,2026-02-08 00:09:39.777754+00:00
cust_ext_3117,Клиент 3117,+79990003117,user_3117@example.com,2026-02-04 18:24:29.328363+00:00
cust_ext_3118,Клиент 3118,+79990003118,user_3118@example.com,2026-01-06 04:26:26.555831+00:00
cust_ext_3119,Клиент 3119,+79990003119,user_3119@example.com,2026-01-05 11:23:02.002685+00:00
cust_ext_3120,Клиент 3120,+79990003120,user_3120@example.com,2026-01-12 19:53:10.455557+00:00
cust_ext_3121,Клиент 3121,+79990003121,user_3121@example.com,2026-01-28 02:45:53.588118+00:00
cust_ext_3122,Клиент 3122,+79990003122,user_3122@example.com,2026-01-23 06:09:14.650644+00:00
cust_ext_3123,Клиент 3123,+79990003123,user_3123@example.com,2026-01-24 11:33:23.628364+00:00
cust_ext_3124,Клиент 3124,+79990003124,user_3124@example.com,2026-01-25 00:09:21.771032+00:00
cust_ext_3125,Клиент 3125,+79990003125,user_3125@example.com,2026-01-12 20:24:11.247669+00:00
cust_ext_3126,Клиент 3126,+79990003126,user_3126@example.com,2026-02-01 13:44:03.621055+00:00
cust_ext_3127,Клиент 3127,+79990003127,user_3127@example.com,2026-01-11 11:07:04.397676+00:00
cust_ext_3128,Клиент 3128,+79990003128,user_3128@example.com,2026-02-07 00:14:22.777729+00:00
cust_ext_3129,Клиент 3129,+79990003129,user_3129@example.com,2026-01-23 06:34:19.762252+00:00
cust_ext_3130,Клиент 3130,+79990003130,user_3130@example.com,2026-02-07 02:35:16.557200+00:00
cust_ext_3131,Клиент 3131,+79990003131,user_3131@example.com,2026-02-09 12:02:06.844901+00:00
cust_ext_3132,Клиент 3132,+79990003132,user_3132@example.com,2026-01-18 17:06:12.347364+00:00
cust_ext_3133,Клиент 3133,+79990003133,user_3133@example.com,2026-01-28 04:55:23.092305+00:00
cust_ext_3134,Клиент 3134,+79990003134,user_3134@example.com,2026-02-01 04:12:27.252493+00:00
cust_ext_3135,Клиент 3135,+79990003135,user_3135@example.com,2026-01-04 08:18:09.764461+00:00
cust_ext_3136,Клиент 3136,+79990003136,user_3136@example.com,2026-01-13 22:31:00.566973+00:00
cust_ext_3137,Клиент 3137,+79990003137,user_3137@example.com,2026-01-23 09:40:26.111425+00:00
cust_ext_3138,Клиент 3138,+79990003138,user_3138@example.com,2026-01-16 06:25:59.442416+00:00
cust_ext_3139,Клиент 3139,+79990003139,user_3139@example.com,2026-02-03 05:10:30.222776+00:00
cust_ext_3140,Клиент 3140,+79990003140,user_3140@example.com,2026-02-02 21:41:38.737675+00:00
cust_ext_3141,Клиент 3141,+79990003141,user_3141@example.com,2026-01-08 00:54:18.963452+00:00
cust_ext_3142,Клиент 3142,+79990003142,user_3142@example.com,2026-01-16 08:11:04.182037+00:00
cust_ext_3143,Клиент 3143,+79990003143,user_3143@example.com,2026-01-25 12:03:17.320265+00:00
cust_ext_3144,Клиент 3144,+79990003144,user_3144@example.com,2026-01-08 15:09:14.636755+00:00
cust_ext_3145,Клиент 3145,+79990003145,user_3145@example.com,2026-02-10 17:20:14.092986+00:00
cust_ext_3146,Клиент 3146,+79990003146,user_3146@example.com,2026-02-03 14:21:04.988871+00:00
cust_ext_3147,Клиент 3147,+79990003147,user_3147@example.com,2026-01-07 20:35:51.300289+00:00
cust_ext_3148,Клиент 3148,+79990003148,user_3148@example.com,2026-01-31 21:20:34.546218+00:00
cust_ext_3149,Клиент 3149,+79990003149,user_3149@example.com,2026-01-15 18:29:56.359105+00:00
cust_ext_3150,Клиент 3150,+79990003150,user_3150@example.com,2026-01-06 00:22:11.647800+00:00
cust_ext_3151,Клиент 3151,+79990003151,user_3151@example.com,2026-02-14 12:05:09.130422+00:00
cust_ext_3152,Клиент 3152,+79990003152,user_3152@example.com,2026-01-11 00:38:18.648948+00:00
cust_ext_3153,Клиент 3153,+79990003153,user_3153@example.com,2026-01-07 13:56:56.669958+00:00
cust_ext_3154,Клиент 3154,+79990003154,user_3154@example.com,2026-02-14 19:52:50.954855+00:00
cust_ext_3155,Клиент 3155,+79990003155,user_3155@example.com,2026-01-31 11:25:08.847880+00:00
cust_ext_3156,Клиент 3156,+79990003156,user_3156@example.com,2026-02-11 04:36:06.666274+00:00
cust_ext_3157,Клиент 3157,+79990003157,user_3157@example.com,2026-01-28 14:37:10.586823+00:00
cust_ext_3158,Клиент 3158,+79990003158,user_3158@example.com,2026-01-01 20:46:54.091595+00:00
cust_ext_3159,Клиент 3159,+79990003159,user_3159@example.com,2026-02-09 07:19:09.346941+00:00
cust_ext_3160,Клиент 3160,+79990003160,user_3160@example.com,2026-02-03 09:44:05.289730+00:00
cust_ext_3161,Клиент 3161,+79990003161,user_3161@example.com,2026-01-25 16:35:36.177181+00:00
cust_ext_3162,Клиент 3162,+79990003162,user_3162@example.com,2026-01-04 12:55:51.329325+00:00
cust_ext_3163,Клиент 3163,+79990003163,user_3163@example.com,2026-01-23 16:51:23.250933+00:00
cust_ext_3164,Клиент 3164,+79990003164,user_3164@example.com,2026-01-27 00:52:09.436024+00:00
cust_ext_3165,Клиент 3165,+79990003165,user_3165@example.com,2026-01-21 00:41:19.847992+00:00
cust_ext_3166,Клиент 3166,+79990003166,user_3166@example.com,2026-01-19 14:54:26.368716+00:00
cust_ext_3167,Клиент 3167,+79990003167,user_3167@example.com,2026-01-29 19:32:21.326373+00:00
cust_ext_3168,Клиент 3168,+79990003168,user_3168@example.com,2026-02-02 20:02:34.355771+00:00
cust_ext_3169,Клиент 3169,+79990003169,user_3169@example.com,2026-02-12 00:55:14.589416+00:00
cust_ext_3170,Клиент 3170,+79990003170,user_3170@example.com,2026-02-10 07:29:14.963255+00:00
cust_ext_3171,Клиент 3171,+79990003171,user_3171@example.com,2026-01-07 20:47:51.040574+00:00
cust_ext_3172,Клиент 3172,+79990003172,user_3172@example.com,2026-01-05 05:44:12.491157+00:00
cust_ext_3173,Клиент 3173,+79990003173,user_3173@example.com,2026-01-03 02:49:55.649178+00:00
cust_ext_3174,Клиент 3174,+79990003174,user_3174@example.com,2026-01-19 17:16:45.530764+00:00
cust_ext_3175,Клиент 3175,+79990003175,user_3175@example.com,2026-02-10 18:57:13.108157+00:00
cust_ext_3176,Клиент 3176,+79990003176,user_3176@example.com,2026-01-31 03:20:14.577686+00:00
cust_ext_3177,Клиент 3177,+79990003177,user_3177@example.com,2026-01-06 03:23:01.145555+00:00
cust_ext_3178,Клиент 3178,+79990003178,user_3178@example.com,2026-01-18 12:04:37.568378+00:00
cust_ext_3179,Клиент 3179,+79990003179,user_3179@example.com,2026-01-09 14:25:06.376033+00:00
cust_ext_3180,Клиент 3180,+79990003180,user_3180@example.com,2026-01-16 10:21:25.092843+00:00
cust_ext_3181,Клиент 3181,+79990003181,user_3181@example.com,2026-02-07 15:56:58.506148+00:00
cust_ext_3182,Клиент 3182,+79990003182,user_3182@example.com,2026-01-01 10:51:09.929708+00:00
cust_ext_3183,Клиент 3183,+79990003183,user_3183@example.com,2026-01-15 18:25:52.556695+00:00
cust_ext_3184,Клиент 3184,+79990003184,user_3184@example.com,2026-01-07 19:18:27.637852+00:00
cust_ext_3185,Клиент 3185,+79990003185,user_3185@example.com,2026-02-07 21:50:19.968793+00:00
cust_ext_3186,Клиент 3186,+79990003186,user_3186@example.com,2026-02-12 12:33:08.662106+00:00
cust_ext_3187,Клиент 3187,+79990003187,user_3187@example.com,2026-01-03 05:23:36.286055+00:00
cust_ext_3188,Клиент 3188,+79990003188,user_3188@example.com,2026-02-14 01:02:50.781325+00:00
cust_ext_3189,Клиент 3189,+79990003189,user_3189@example.com,2026-01-18 00:03:48.556545+00:00
cust_ext_3190,Клиент 3190,+79990003190,user_3190@example.com,2026-01-22 08:50:55.695019+00:00
cust_ext_3191,Клиент 3191,+79990003191,user_3191@example.com,2026-02-02 13:40:47.187648+00:00
cust_ext_3192,Клиент 3192,+79990003192,user_3192@example.com,2026-01-20 06:00:54.052515+00:00
cust_ext_3193,Клиент 3193,+79990003193,user_3193@example.com,2026-01-22 03:20:48.640977+00:00
cust_ext_3194,Клиент 3194,+79990003194,user_3194@example.com,2026-01-04 03:09:59.734537+00:00
cust_ext_3195,Клиент 3195,+79990003195,user_3195@example.com,2026-02-02 00:22:26.500189+00:00
cust_ext_3196,Клиент 3196,+79990003196,user_3196@example.com,2026-02-14 06:29:19.398303+00:00
cust_ext_3197,Клиент 3197,+79990003197,user_3197@example.com,2026-01-30 19:32:56.000204+00:00
cust_ext_3198,Клиент 3198,+79990003198,user_3198@example.com,2026-01-02 10:37:39.952994+00:00
cust_ext_3199,Клиент 3199,+79990003199,user_3199@example.com,2026-01-18 17:23:10.099440+00:00
cust_ext_3200,Клиент 3200,+79990003200,user_3200@example.com,2026-02-13 21:14:28.004689+00:00
cust_ext_3201,Клиент 3201,+79990003201,user_3201@example.com,2026-02-14 10:32:18.868377+00:00
cust_ext_3202,Клиент 3202,+79990003202,user_3202@example.com,2026-01-05 21:52:48.836128+00:00
cust_ext_3203,Клиент 3203,+79990003203,user_3203@example.com,2026-02-02 16:08:31.436034+00:00
cust_ext_3204,Клиент 3204,+79990003204,user_3204@example.com,2026-01-06 15:34:24.384867+00:00
cust_ext_3205,Клиент 3205,+79990003205,user_3205@example.com,2026-02-06 23:56:10.371670+00:00
cust_ext_3206,Клиент 3206,+79990003206,user_3206@example.com,2026-01-21 15:44:16.667292+00:00
cust_ext_3207,Клиент 3207,+79990003207,user_3207@example.com,2026-02-06 16:27:50.311137+00:00
cust_ext_3208,Клиент 3208,+79990003208,user_3208@example.com,2026-02-02 16:47:46.712633+00:00
cust_ext_3209,Клиент 3209,+79990003209,user_3209@example.com,2026-01-10 23:35:43.354626+00:00
cust_ext_3210,Клиент 3210,+79990003210,user_3210@example.com,2026-02-11 20:46:13.938547+00:00
cust_ext_3211,Клиент 3211,+79990003211,user_3211@example.com,2026-01-13 03:54:37.376939+00:00
cust_ext_3212,Клиент 3212,+79990003212,user_3212@example.com,2026-01-01 15:08:27.832980+00:00
cust_ext_3213,Клиент 3213,+79990003213,user_3213@example.com,2026-01-09 01:58:15.581001+00:00
cust_ext_3214,Клиент 3214,+79990003214,user_3214@example.com,2026-01-23 12:14:39.078833+00:00
cust_ext_3215,Клиент 3215,+79990003215,user_3215@example.com,2026-01-31 05:56:08.271885+00:00
cust_ext_3216,Клиент 3216,+79990003216,user_3216@example.com,2026-02-09 13:54:09.949785+00:00
cust_ext_3217,Клиент 3217,+79990003217,user_3217@example.com,2026-01-15 07:26:12.273992+00:00
cust_ext_3218,Клиент 3218,+79990003218,user_3218@example.com,2026-01-12 01:54:48.480457+00:00
cust_ext_3219,Клиент 3219,+79990003219,user_3219@example.com,2026-01-08 09:49:23.074195+00:00
cust_ext_3220,Клиент 3220,+79990003220,user_3220@example.com,2026-01-12 02:58:02.674205+00:00
cust_ext_3221,Клиент 3221,+79990003221,user_3221@example.com,2026-01-08 03:35:42.248255+00:00
cust_ext_3222,Клиент 3222,+79990003222,user_3222@example.com,2026-01-12 02:46:45.437341+00:00
cust_ext_3223,Клиент 3223,+79990003223,user_3223@example.com,2026-01-25 14:57:59.436482+00:00
cust_ext_3224,Клиент 3224,+79990003224,user_3224@example.com,2026-01-06 07:49:38.198690+00:00
cust_ext_3225,Клиент 3225,+79990003225,user_3225@example.com,2026-01-02 07:00:55.379695+00:00
cust_ext_3226,Клиент 3226,+79990003226,user_3226@example.com,2026-01-03 00:13:21.026191+00:00
cust_ext_3227,Клиент 3227,+79990003227,user_3227@example.com,2026-01-25 02:46:53.804803+00:00
cust_ext_3228,Клиент 3228,+79990003228,user_3228@example.com,2026-01-26 15:13:54.143017+00:00
cust_ext_3229,Клиент 3229,+79990003229,user_3229@example.com,2026-01-31 05:36:28.487344+00:00
cust_ext_3230,Клиент 3230,+79990003230,user_3230@example.com,2026-01-01 01:39:02.863766+00:00
cust_ext_3231,Клиент 3231,+79990003231,user_3231@example.com,2026-02-01 03:25:36.981162+00:00
cust_ext_3232,Клиент 3232,+79990003232,user_3232@example.com,2026-01-10 18:48:32.176017+00:00
cust_ext_3233,Клиент 3233,+79990003233,user_3233@example.com,2026-01-14 16:43:22.552119+00:00
cust_ext_3234,Клиент 3234,+79990003234,user_3234@example.com,2026-02-07 23:05:23.691006+00:00
cust_ext_3235,Клиент 3235,+79990003235,user_3235@example.com,2026-01-18 09:55:15.856739+00:00
cust_ext_3236,Клиент 3236,+79990003236,user_3236@example.com,2026-01-03 01:08:40.584910+00:00
cust_ext_3237,Клиент 3237,+79990003237,user_3237@example.com,2026-01-06 05:38:45.826810+00:00
cust_ext_3238,Клиент 3238,+79990003238,user_3238@example.com,2026-02-14 14:47:45.484934+00:00
cust_ext_3239,Клиент 3239,+79990003239,user_3239@example.com,2026-02-10 07:01:16.365034+00:00
cust_ext_3240,Клиент 3240,+79990003240,user_3240@example.com,2026-01-14 17:37:48.028503+00:00
cust_ext_3241,Клиент 3241,+79990003241,user_3241@example.com,2026-01-21 15:55:40.860649+00:00
cust_ext_3242,Клиент 3242,+79990003242,user_3242@example.com,2026-01-30 23:47:35.325308+00:00
cust_ext_3243,Клиент 3243,+79990003243,user_3243@example.com,2026-02-03 11:27:41.352759+00:00
cust_ext_3244,Клиент 3244,+79990003244,user_3244@example.com,2026-01-08 13:13:12.105193+00:00
cust_ext_3245,Клиент 3245,+79990003245,user_3245@example.com,2026-01-11 23:33:14.668551+00:00
cust_ext_3246,Клиент 3246,+79990003246,user_3246@example.com,2026-02-05 20:25:11.378532+00:00
cust_ext_3247,Клиент 3247,+79990003247,user_3247@example.com,2026-01-06 21:30:24.445280+00:00
cust_ext_3248,Клиент 3248,+79990003248,user_3248@example.com,2026-01-02 10:50:17.427753+00:00
cust_ext_3249,Клиент 3249,+79990003249,user_3249@example.com,2026-02-08 11:14:05.383787+00:00
cust_ext_3250,Клиент 3250,+79990003250,user_3250@example.com,2026-01-02 19:03:14.875273+00:00
cust_ext_3251,Клиент 3251,+79990003251,user_3251@example.com,2026-02-14 11:10:13.153462+00:00
cust_ext_3252,Клиент 3252,+79990003252,user_3252@example.com,2026-01-10 06:30:08.554518+00:00
cust_ext_3253,Клиент 3253,+79990003253,user_3253@example.com,2026-01-09 18:55:59.149067+00:00
cust_ext_3254,Клиент 3254,+79990003254,user_3254@example.com,2026-01-12 06:52:13.566397+00:00
cust_ext_3255,Клиент 3255,+79990003255,user_3255@example.com,2026-02-06 02:10:22.696617+00:00
cust_ext_3256,Клиент 3256,+79990003256,user_3256@example.com,2026-01-23 15:17:15.370226+00:00
cust_ext_3257,Клиент 3257,+79990003257,user_3257@example.com,2026-01-01 18:17:51.828361+00:00
cust_ext_3258,Клиент 3258,+79990003258,user_3258@example.com,2026-02-13 03:10:39.727833+00:00
cust_ext_3259,Клиент 3259,+79990003259,user_3259@example.com,2026-02-08 23:44:49.500694+00:00
cust_ext_3260,Клиент 3260,+79990003260,user_3260@example.com,2026-01-03 22:42:36.243482+00:00
cust_ext_3261,Клиент 3261,+79990003261,user_3261@example.com,2026-02-14 03:04:33.074444+00:00
cust_ext_3262,Клиент 3262,+79990003262,user_3262@example.com,2026-01-16 15:45:12.061741+00:00
cust_ext_3263,Клиент 3263,+79990003263,user_3263@example.com,2026-01-25 10:42:38.518432+00:00
cust_ext_3264,Клиент 3264,+79990003264,user_3264@example.com,2026-02-03 13:18:52.234178+00:00
cust_ext_3265,Клиент 3265,+79990003265,user_3265@example.com,2026-01-01 01:35:34.824286+00:00
cust_ext_3266,Клиент 3266,+79990003266,user_3266@example.com,2026-02-05 19:15:03.549898+00:00
cust_ext_3267,Клиент 3267,+79990003267,user_3267@example.com,2026-01-18 21:37:16.991161+00:00
cust_ext_3268,Клиент 3268,+79990003268,user_3268@example.com,2026-01-03 17:11:54.847740+00:00
cust_ext_3269,Клиент 3269,+79990003269,user_3269@example.com,2026-01-21 18:35:41.779302+00:00
cust_ext_3270,Клиент 3270,+79990003270,user_3270@example.com,2026-01-13 23:41:07.564681+00:00
cust_ext_3271,Клиент 3271,+79990003271,user_3271@example.com,2026-02-07 16:01:29.905680+00:00
cust_ext_3272,Клиент 3272,+79990003272,user_3272@example.com,2026-01-29 22:41:40.783650+00:00
cust_ext_3273,Клиент 3273,+79990003273,user_3273@example.com,2026-02-10 18:14:59.335378+00:00
cust_ext_3274,Клиент 3274,+79990003274,user_3274@example.com,2026-01-26 20:06:03.652304+00:00
cust_ext_3275,Клиент 3275,+79990003275,user_3275@example.com,2026-01-28 22:27:51.231554+00:00
cust_ext_3276,Клиент 3276,+79990003276,user_3276@example.com,2026-01-29 11:04:00.902828+00:00
cust_ext_3277,Клиент 3277,+79990003277,user_3277@example.com,2026-01-26 14:32:02.374428+00:00
cust_ext_3278,Клиент 3278,+79990003278,user_3278@example.com,2026-02-09 21:39:00.844091+00:00
cust_ext_3279,Клиент 3279,+79990003279,user_3279@example.com,2026-01-28 21:14:21.993470+00:00
cust_ext_3280,Клиент 3280,+79990003280,user_3280@example.com,2026-01-09 13:06:17.476361+00:00
cust_ext_3281,Клиент 3281,+79990003281,user_3281@example.com,2026-02-07 13:52:38.059801+00:00
cust_ext_3282,Клиент 3282,+79990003282,user_3282@example.com,2026-01-19 03:55:25.218047+00:00
cust_ext_3283,Клиент 3283,+79990003283,user_3283@example.com,2026-01-18 02:08:11.752728+00:00
cust_ext_3284,Клиент 3284,+79990003284,user_3284@example.com,2026-02-08 01:35:20.980774+00:00
cust_ext_3285,Клиент 3285,+79990003285,user_3285@example.com,2026-01-23 17:41:06.033338+00:00
cust_ext_3286,Клиент 3286,+79990003286,user_3286@example.com,2026-01-26 07:37:08.932223+00:00
cust_ext_3287,Клиент 3287,+79990003287,user_3287@example.com,2026-01-19 22:05:16.700450+00:00
cust_ext_3288,Клиент 3288,+79990003288,user_3288@example.com,2026-01-30 10:54:26.439326+00:00
cust_ext_3289,Клиент 3289,+79990003289,user_3289@example.com,2026-01-12 10:51:56.853305+00:00
cust_ext_3290,Клиент 3290,+79990003290,user_3290@example.com,2026-01-11 14:39:07.093319+00:00
cust_ext_3291,Клиент 3291,+79990003291,user_3291@example.com,2026-01-08 06:05:55.951538+00:00
cust_ext_3292,Клиент 3292,+79990003292,user_3292@example.com,2026-01-22 19:35:51.569511+00:00
cust_ext_3293,Клиент 3293,+79990003293,user_3293@example.com,2026-01-19 17:14:01.846041+00:00
cust_ext_3294,Клиент 3294,+79990003294,user_3294@example.com,2026-01-10 16:52:19.176923+00:00
cust_ext_3295,Клиент 3295,+79990003295,user_3295@example.com,2026-01-09 23:00:41.694161+00:00
cust_ext_3296,Клиент 3296,+79990003296,user_3296@example.com,2026-02-10 06:20:03.479639+00:00
cust_ext_3297,Клиент 3297,+79990003297,user_3297@example.com,2026-02-03 05:09:07.818239+00:00
cust_ext_3298,Клиент 3298,+79990003298,user_3298@example.com,2026-02-11 18:13:25.385959+00:00
cust_ext_3299,Клиент 3299,+79990003299,user_3299@example.com,2026-01-27 07:50:01.070800+00:00
cust_ext_3300,Клиент 3300,+79990003300,user_3300@example.com,2026-01-11 12:51:38.709756+00:00
cust_ext_3301,Клиент 3301,+79990003301,user_3301@example.com,2026-01-22 18:21:41.739217+00:00
cust_ext_3302,Клиент 3302,+79990003302,user_3302@example.com,2026-01-16 12:43:20.909955+00:00
cust_ext_3303,Клиент 3303,+79990003303,user_3303@example.com,2026-01-08 13:03:05.315004+00:00
cust_ext_3304,Клиент 3304,+79990003304,user_3304@example.com,2026-01-20 23:53:27.233714+00:00
cust_ext_3305,Клиент 3305,+79990003305,user_3305@example.com,2026-02-14 02:33:10.684160+00:00
cust_ext_3306,Клиент 3306,+79990003306,user_3306@example.com,2026-02-07 02:01:58.522465+00:00
cust_ext_3307,Клиент 3307,+79990003307,user_3307@example.com,2026-02-07 15:43:09.006251+00:00
cust_ext_3308,Клиент 3308,+79990003308,user_3308@example.com,2026-01-20 13:02:37.097022+00:00
cust_ext_3309,Клиент 3309,+79990003309,user_3309@example.com,2026-01-21 12:43:03.909426+00:00
cust_ext_3310,Клиент 3310,+79990003310,user_3310@example.com,2026-01-12 08:13:51.638955+00:00
cust_ext_3311,Клиент 3311,+79990003311,user_3311@example.com,2026-01-06 06:34:34.716438+00:00
cust_ext_3312,Клиент 3312,+79990003312,user_3312@example.com,2026-02-06 07:47:57.210811+00:00
cust_ext_3313,Клиент 3313,+79990003313,user_3313@example.com,2026-01-25 13:31:41.552310+00:00
cust_ext_3314,Клиент 3314,+79990003314,user_3314@example.com,2026-01-16 17:35:10.440794+00:00
cust_ext_3315,Клиент 3315,+79990003315,user_3315@example.com,2026-02-02 04:28:23.543567+00:00
cust_ext_3316,Клиент 3316,+79990003316,user_3316@example.com,2026-01-19 06:34:10.663865+00:00
cust_ext_3317,Клиент 3317,+79990003317,user_3317@example.com,2026-01-09 02:29:13.421012+00:00
cust_ext_3318,Клиент 3318,+79990003318,user_3318@example.com,2026-02-10 08:51:09.164974+00:00
cust_ext_3319,Клиент 3319,+79990003319,user_3319@example.com,2026-02-11 20:41:33.410216+00:00
cust_ext_3320,Клиент 3320,+79990003320,user_3320@example.com,2026-02-12 12:33:05.930512+00:00
cust_ext_3321,Клиент 3321,+79990003321,user_3321@example.com,2026-02-01 19:06:05.291579+00:00
cust_ext_3322,Клиент 3322,+79990003322,user_3322@example.com,2026-01-11 20:19:03.317904+00:00
cust_ext_3323,Клиент 3323,+79990003323,user_3323@example.com,2026-02-12 01:53:56.964549+00:00
cust_ext_3324,Клиент 3324,+79990003324,user_3324@example.com,2026-02-13 22:27:21.171891+00:00
cust_ext_3325,Клиент 3325,+79990003325,user_3325@example.com,2026-01-20 10:43:13.173249+00:00
cust_ext_3326,Клиент 3326,+79990003326,user_3326@example.com,2026-02-02 01:40:51.912683+00:00
cust_ext_3327,Клиент 3327,+79990003327,user_3327@example.com,2026-02-14 10:01:49.777048+00:00
cust_ext_3328,Клиент 3328,+79990003328,user_3328@example.com,2026-01-29 00:37:24.527714+00:00
cust_ext_3329,Клиент 3329,+79990003329,user_3329@example.com,2026-01-08 16:19:46.075371+00:00
cust_ext_3330,Клиент 3330,+79990003330,user_3330@example.com,2026-02-10 04:56:07.257569+00:00
cust_ext_3331,Клиент 3331,+79990003331,user_3331@example.com,2026-02-10 22:34:51.568381+00:00
cust_ext_3332,Клиент 3332,+79990003332,user_3332@example.com,2026-01-28 21:36:09.467255+00:00
cust_ext_3333,Клиент 3333,+79990003333,user_3333@example.com,2026-01-31 05:36:52.288356+00:00
cust_ext_3334,Клиент 3334,+79990003334,user_3334@example.com,2026-01-26 00:59:09.940660+00:00
cust_ext_3335,Клиент 3335,+79990003335,user_3335@example.com,2026-01-21 22:02:28.601271+00:00
cust_ext_3336,Клиент 3336,+79990003336,user_3336@example.com,2026-02-02 09:11:50.188788+00:00
cust_ext_3337,Клиент 3337,+79990003337,user_3337@example.com,2026-01-19 11:45:54.068150+00:00
cust_ext_3338,Клиент 3338,+79990003338,user_3338@example.com,2026-01-15 23:10:17.100009+00:00
cust_ext_3339,Клиент 3339,+79990003339,user_3339@example.com,2026-01-25 06:31:53.132768+00:00
cust_ext_3340,Клиент 3340,+79990003340,user_3340@example.com,2026-02-04 00:01:42.793367+00:00
cust_ext_3341,Клиент 3341,+79990003341,user_3341@example.com,2026-02-12 01:31:02.491735+00:00
cust_ext_3342,Клиент 3342,+79990003342,user_3342@example.com,2026-01-04 05:19:46.426454+00:00
cust_ext_3343,Клиент 3343,+79990003343,user_3343@example.com,2026-02-08 15:28:55.045195+00:00
cust_ext_3344,Клиент 3344,+79990003344,user_3344@example.com,2026-01-25 05:09:08.722650+00:00
cust_ext_3345,Клиент 3345,+79990003345,user_3345@example.com,2026-01-15 00:15:48.168722+00:00
cust_ext_3346,Клиент 3346,+79990003346,user_3346@example.com,2026-02-10 18:43:27.429434+00:00
cust_ext_3347,Клиент 3347,+79990003347,user_3347@example.com,2026-01-28 18:13:11.840519+00:00
cust_ext_3348,Клиент 3348,+79990003348,user_3348@example.com,2026-02-08 20:44:22.764802+00:00
cust_ext_3349,Клиент 3349,+79990003349,user_3349@example.com,2026-02-14 16:08:44.071439+00:00
cust_ext_3350,Клиент 3350,+79990003350,user_3350@example.com,2026-01-22 04:34:11.188482+00:00
cust_ext_3351,Клиент 3351,+79990003351,user_3351@example.com,2026-01-16 14:05:15.525776+00:00
cust_ext_3352,Клиент 3352,+79990003352,user_3352@example.com,2026-01-06 00:32:23.330820+00:00
cust_ext_3353,Клиент 3353,+79990003353,user_3353@example.com,2026-01-31 19:38:50.906359+00:00
cust_ext_3354,Клиент 3354,+79990003354,user_3354@example.com,2026-01-26 14:03:51.265824+00:00
cust_ext_3355,Клиент 3355,+79990003355,user_3355@example.com,2026-01-27 10:23:28.100720+00:00
cust_ext_3356,Клиент 3356,+79990003356,user_3356@example.com,2026-02-14 00:09:02.535972+00:00
cust_ext_3357,Клиент 3357,+79990003357,user_3357@example.com,2026-02-07 05:02:35.654347+00:00
cust_ext_3358,Клиент 3358,+79990003358,user_3358@example.com,2026-01-24 12:08:27.568670+00:00
cust_ext_3359,Клиент 3359,+79990003359,user_3359@example.com,2026-01-12 03:20:30.896642+00:00
cust_ext_3360,Клиент 3360,+79990003360,user_3360@example.com,2026-01-30 10:09:23.595732+00:00
cust_ext_3361,Клиент 3361,+79990003361,user_3361@example.com,2026-01-17 22:11:25.448260+00:00
cust_ext_3362,Клиент 3362,+79990003362,user_3362@example.com,2026-01-07 05:58:44.322077+00:00
cust_ext_3363,Клиент 3363,+79990003363,user_3363@example.com,2026-01-08 00:41:08.189684+00:00
cust_ext_3364,Клиент 3364,+79990003364,user_3364@example.com,2026-01-25 07:47:12.833963+00:00
cust_ext_3365,Клиент 3365,+79990003365,user_3365@example.com,2026-02-09 05:32:59.520274+00:00
cust_ext_3366,Клиент 3366,+79990003366,user_3366@example.com,2026-01-23 10:51:57.438137+00:00
cust_ext_3367,Клиент 3367,+79990003367,user_3367@example.com,2026-02-04 15:46:51.992620+00:00
cust_ext_3368,Клиент 3368,+79990003368,user_3368@example.com,2026-01-26 11:45:47.307859+00:00
cust_ext_3369,Клиент 3369,+79990003369,user_3369@example.com,2026-01-11 15:26:07.831269+00:00
cust_ext_3370,Клиент 3370,+79990003370,user_3370@example.com,2026-01-12 05:24:23.633443+00:00
cust_ext_3371,Клиент 3371,+79990003371,user_3371@example.com,2026-01-01 23:30:59.322905+00:00
cust_ext_3372,Клиент 3372,+79990003372,user_3372@example.com,2026-02-09 16:25:02.261006+00:00
cust_ext_3373,Клиент 3373,+79990003373,user_3373@example.com,2026-01-22 23:04:15.827713+00:00
cust_ext_3374,Клиент 3374,+79990003374,user_3374@example.com,2026-02-01 03:12:08.308496+00:00
cust_ext_3375,Клиент 3375,+79990003375,user_3375@example.com,2026-01-28 01:40:32.033116+00:00
cust_ext_3376,Клиент 3376,+79990003376,user_3376@example.com,2026-01-27 10:32:36.526914+00:00
cust_ext_3377,Клиент 3377,+79990003377,user_3377@example.com,2026-01-20 19:30:50.988754+00:00
cust_ext_3378,Клиент 3378,+79990003378,user_3378@example.com,2026-01-26 01:42:04.145918+00:00
cust_ext_3379,Клиент 3379,+79990003379,user_3379@example.com,2026-01-04 23:26:18.870592+00:00
cust_ext_3380,Клиент 3380,+79990003380,user_3380@example.com,2026-01-28 08:21:33.581815+00:00
cust_ext_3381,Клиент 3381,+79990003381,user_3381@example.com,2026-01-16 06:27:29.083538+00:00
cust_ext_3382,Клиент 3382,+79990003382,user_3382@example.com,2026-01-04 20:21:44.862178+00:00
cust_ext_3383,Клиент 3383,+79990003383,user_3383@example.com,2026-02-02 19:47:34.213812+00:00
cust_ext_3384,Клиент 3384,+79990003384,user_3384@example.com,2026-01-15 19:09:57.237978+00:00
cust_ext_3385,Клиент 3385,+79990003385,user_3385@example.com,2026-02-14 16:48:53.621939+00:00
cust_ext_3386,Клиент 3386,+79990003386,user_3386@example.com,2026-01-09 19:18:00.310728+00:00
cust_ext_3387,Клиент 3387,+79990003387,user_3387@example.com,2026-02-13 20:04:27.614548+00:00
cust_ext_3388,Клиент 3388,+79990003388,user_3388@example.com,2026-02-10 20:47:26.526251+00:00
cust_ext_3389,Клиент 3389,+79990003389,user_3389@example.com,2026-01-29 23:35:53.686216+00:00
cust_ext_3390,Клиент 3390,+79990003390,user_3390@example.com,2026-01-21 12:29:10.050567+00:00
cust_ext_3391,Клиент 3391,+79990003391,user_3391@example.com,2026-01-27 07:29:37.533080+00:00
cust_ext_3392,Клиент 3392,+79990003392,user_3392@example.com,2026-02-01 11:03:28.870679+00:00
cust_ext_3393,Клиент 3393,+79990003393,user_3393@example.com,2026-01-11 06:14:47.594632+00:00
cust_ext_3394,Клиент 3394,+79990003394,user_3394@example.com,2026-01-04 21:09:29.623276+00:00
cust_ext_3395,Клиент 3395,+79990003395,user_3395@example.com,2026-02-03 18:29:03.216698+00:00
cust_ext_3396,Клиент 3396,+79990003396,user_3396@example.com,2026-01-21 05:06:25.167223+00:00
cust_ext_3397,Клиент 3397,+79990003397,user_3397@example.com,2026-01-02 04:45:09.322827+00:00
cust_ext_3398,Клиент 3398,+79990003398,user_3398@example.com,2026-01-30 12:30:46.818232+00:00
cust_ext_3399,Клиент 3399,+79990003399,user_3399@example.com,2026-01-26 04:17:54.169872+00:00
cust_ext_3400,Клиент 3400,+79990003400,user_3400@example.com,2026-01-23 23:57:17.857805+00:00
cust_ext_3401,Клиент 3401,+79990003401,user_3401@example.com,2026-01-02 20:44:26.019684+00:00
cust_ext_3402,Клиент 3402,+79990003402,user_3402@example.com,2026-01-05 09:42:30.993824+00:00
cust_ext_3403,Клиент 3403,+79990003403,user_3403@example.com,2026-01-31 21:58:20.417605+00:00
cust_ext_3404,Клиент 3404,+79990003404,user_3404@example.com,2026-01-17 11:22:03.989092+00:00
cust_ext_3405,Клиент 3405,+79990003405,user_3405@example.com,2026-01-28 13:16:40.778769+00:00
cust_ext_3406,Клиент 3406,+79990003406,user_3406@example.com,2026-01-05 06:55:20.170220+00:00
cust_ext_3407,Клиент 3407,+79990003407,user_3407@example.com,2026-02-03 07:31:23.953149+00:00
cust_ext_3408,Клиент 3408,+79990003408,user_3408@example.com,2026-01-01 10:40:57.052366+00:00
cust_ext_3409,Клиент 3409,+79990003409,user_3409@example.com,2026-01-05 13:06:51.492659+00:00
cust_ext_3410,Клиент 3410,+79990003410,user_3410@example.com,2026-01-19 15:38:07.082643+00:00
cust_ext_3411,Клиент 3411,+79990003411,user_3411@example.com,2026-01-28 13:49:12.067939+00:00
cust_ext_3412,Клиент 3412,+79990003412,user_3412@example.com,2026-01-28 11:12:36.775962+00:00
cust_ext_3413,Клиент 3413,+79990003413,user_3413@example.com,2026-02-14 07:23:37.810985+00:00
cust_ext_3414,Клиент 3414,+79990003414,user_3414@example.com,2026-01-18 08:40:35.956794+00:00
cust_ext_3415,Клиент 3415,+79990003415,user_3415@example.com,2026-01-03 12:17:05.028084+00:00
cust_ext_3416,Клиент 3416,+79990003416,user_3416@example.com,2026-02-09 11:33:38.428358+00:00
cust_ext_3417,Клиент 3417,+79990003417,user_3417@example.com,2026-01-12 05:32:11.061911+00:00
cust_ext_3418,Клиент 3418,+79990003418,user_3418@example.com,2026-01-23 16:23:48.887827+00:00
cust_ext_3419,Клиент 3419,+79990003419,user_3419@example.com,2026-01-22 12:17:43.979870+00:00
cust_ext_3420,Клиент 3420,+79990003420,user_3420@example.com,2026-01-28 17:02:29.744310+00:00
cust_ext_3421,Клиент 3421,+79990003421,user_3421@example.com,2026-01-13 21:24:42.397140+00:00
cust_ext_3422,Клиент 3422,+79990003422,user_3422@example.com,2026-01-13 23:21:40.598635+00:00
cust_ext_3423,Клиент 3423,+79990003423,user_3423@example.com,2026-01-03 05:05:24.296423+00:00
cust_ext_3424,Клиент 3424,+79990003424,user_3424@example.com,2026-01-26 07:08:11.308484+00:00
cust_ext_3425,Клиент 3425,+79990003425,user_3425@example.com,2026-02-11 19:19:03.190306+00:00
cust_ext_3426,Клиент 3426,+79990003426,user_3426@example.com,2026-01-27 07:12:55.584067+00:00
cust_ext_3427,Клиент 3427,+79990003427,user_3427@example.com,2026-02-12 16:12:07.796150+00:00
cust_ext_3428,Клиент 3428,+79990003428,user_3428@example.com,2026-01-17 11:42:20.101827+00:00
cust_ext_3429,Клиент 3429,+79990003429,user_3429@example.com,2026-01-10 11:43:21.587212+00:00
cust_ext_3430,Клиент 3430,+79990003430,user_3430@example.com,2026-01-04 18:17:10.185726+00:00
cust_ext_3431,Клиент 3431,+79990003431,user_3431@example.com,2026-02-13 00:47:20.861273+00:00
cust_ext_3432,Клиент 3432,+79990003432,user_3432@example.com,2026-01-24 14:26:40.991755+00:00
cust_ext_3433,Клиент 3433,+79990003433,user_3433@example.com,2026-01-08 18:39:44.628832+00:00
cust_ext_3434,Клиент 3434,+79990003434,user_3434@example.com,2026-01-31 23:52:24.451750+00:00
cust_ext_3435,Клиент 3435,+79990003435,user_3435@example.com,2026-01-14 13:20:33.175935+00:00
cust_ext_3436,Клиент 3436,+79990003436,user_3436@example.com,2026-01-31 00:02:52.612306+00:00
cust_ext_3437,Клиент 3437,+79990003437,user_3437@example.com,2026-02-10 19:02:01.131612+00:00
cust_ext_3438,Клиент 3438,+79990003438,user_3438@example.com,2026-01-01 05:46:35.733035+00:00
cust_ext_3439,Клиент 3439,+79990003439,user_3439@example.com,2026-01-13 23:36:10.704733+00:00
cust_ext_3440,Клиент 3440,+79990003440,user_3440@example.com,2026-01-09 23:45:23.216559+00:00
cust_ext_3441,Клиент 3441,+79990003441,user_3441@example.com,2026-02-10 20:57:47.470830+00:00
cust_ext_3442,Клиент 3442,+79990003442,user_3442@example.com,2026-01-15 04:48:42.704403+00:00
cust_ext_3443,Клиент 3443,+79990003443,user_3443@example.com,2026-01-12 07:40:39.028669+00:00
cust_ext_3444,Клиент 3444,+79990003444,user_3444@example.com,2026-02-02 15:57:47.844331+00:00
cust_ext_3445,Клиент 3445,+79990003445,user_3445@example.com,2026-02-04 01:45:26.280554+00:00
cust_ext_3446,Клиент 3446,+79990003446,user_3446@example.com,2026-01-02 17:36:16.614216+00:00
cust_ext_3447,Клиент 3447,+79990003447,user_3447@example.com,2026-01-30 02:42:49.283667+00:00
cust_ext_3448,Клиент 3448,+79990003448,user_3448@example.com,2026-01-21 15:48:22.636946+00:00
cust_ext_3449,Клиент 3449,+79990003449,user_3449@example.com,2026-02-08 11:50:40.213343+00:00
cust_ext_3450,Клиент 3450,+79990003450,user_3450@example.com,2026-01-22 10:46:34.379943+00:00
cust_ext_3451,Клиент 3451,+79990003451,user_3451@example.com,2026-02-03 18:52:04.638710+00:00
cust_ext_3452,Клиент 3452,+79990003452,user_3452@example.com,2026-01-03 13:42:42.959636+00:00
cust_ext_3453,Клиент 3453,+79990003453,user_3453@example.com,2026-02-04 16:12:23.407095+00:00
cust_ext_3454,Клиент 3454,+79990003454,user_3454@example.com,2026-02-02 21:48:39.975194+00:00
cust_ext_3455,Клиент 3455,+79990003455,user_3455@example.com,2026-02-07 23:02:31.938045+00:00
cust_ext_3456,Клиент 3456,+79990003456,user_3456@example.com,2026-01-08 12:47:07.662338+00:00
cust_ext_3457,Клиент 3457,+79990003457,user_3457@example.com,2026-02-11 15:47:06.322231+00:00
cust_ext_3458,Клиент 3458,+79990003458,user_3458@example.com,2026-02-14 12:23:43.919759+00:00
cust_ext_3459,Клиент 3459,+79990003459,user_3459@example.com,2026-01-31 08:45:44.203247+00:00
cust_ext_3460,Клиент 3460,+79990003460,user_3460@example.com,2026-02-03 01:08:52.674416+00:00
cust_ext_3461,Клиент 3461,+79990003461,user_3461@example.com,2026-01-19 02:36:31.334942+00:00
cust_ext_3462,Клиент 3462,+79990003462,user_3462@example.com,2026-01-21 23:15:40.068021+00:00
cust_ext_3463,Клиент 3463,+79990003463,user_3463@example.com,2026-02-05 02:26:59.610555+00:00
cust_ext_3464,Клиент 3464,+79990003464,user_3464@example.com,2026-02-09 07:41:53.002173+00:00
cust_ext_3465,Клиент 3465,+79990003465,user_3465@example.com,2026-01-22 15:19:23.419236+00:00
cust_ext_3466,Клиент 3466,+79990003466,user_3466@example.com,2026-02-04 05:12:54.882090+00:00
cust_ext_3467,Клиент 3467,+79990003467,user_3467@example.com,2026-01-01 18:34:56.304083+00:00
cust_ext_3468,Клиент 3468,+79990003468,user_3468@example.com,2026-01-13 19:36:02.299129+00:00
cust_ext_3469,Клиент 3469,+79990003469,user_3469@example.com,2026-01-17 03:31:20.465621+00:00
cust_ext_3470,Клиент 3470,+79990003470,user_3470@example.com,2026-01-22 08:31:47.662763+00:00
cust_ext_3471,Клиент 3471,+79990003471,user_3471@example.com,2026-01-28 13:03:08.508117+00:00
cust_ext_3472,Клиент 3472,+79990003472,user_3472@example.com,2026-01-29 10:52:51.645627+00:00
cust_ext_3473,Клиент 3473,+79990003473,user_3473@example.com,2026-01-12 11:33:06.160910+00:00
cust_ext_3474,Клиент 3474,+79990003474,user_3474@example.com,2026-01-21 12:10:08.913005+00:00
cust_ext_3475,Клиент 3475,+79990003475,user_3475@example.com,2026-01-08 01:18:15.231629+00:00
cust_ext_3476,Клиент 3476,+79990003476,user_3476@example.com,2026-01-18 13:25:22.619580+00:00
cust_ext_3477,Клиент 3477,+79990003477,user_3477@example.com,2026-02-13 00:50:31.495401+00:00
cust_ext_3478,Клиент 3478,+79990003478,user_3478@example.com,2026-01-28 19:00:10.676518+00:00
cust_ext_3479,Клиент 3479,+79990003479,user_3479@example.com,2026-01-03 23:32:37.375368+00:00
cust_ext_3480,Клиент 3480,+79990003480,user_3480@example.com,2026-01-09 22:01:37.532273+00:00
cust_ext_3481,Клиент 3481,+79990003481,user_3481@example.com,2026-01-01 15:57:50.381386+00:00
cust_ext_3482,Клиент 3482,+79990003482,user_3482@example.com,2026-02-12 13:14:15.654241+00:00
cust_ext_3483,Клиент 3483,+79990003483,user_3483@example.com,2026-01-22 22:43:55.667557+00:00
cust_ext_3484,Клиент 3484,+79990003484,user_3484@example.com,2026-01-14 22:07:27.815727+00:00
cust_ext_3485,Клиент 3485,+79990003485,user_3485@example.com,2026-01-27 13:34:24.904816+00:00
cust_ext_3486,Клиент 3486,+79990003486,user_3486@example.com,2026-01-22 10:44:37.576819+00:00
cust_ext_3487,Клиент 3487,+79990003487,user_3487@example.com,2026-01-17 18:44:16.261348+00:00
cust_ext_3488,Клиент 3488,+79990003488,user_3488@example.com,2026-02-04 15:34:05.810520+00:00
cust_ext_3489,Клиент 3489,+79990003489,user_3489@example.com,2026-02-07 14:24:02.511262+00:00
cust_ext_3490,Клиент 3490,+79990003490,user_3490@example.com,2026-01-17 22:06:44.110668+00:00
cust_ext_3491,Клиент 3491,+79990003491,user_3491@example.com,2026-01-10 21:32:05.216802+00:00
cust_ext_3492,Клиент 3492,+79990003492,user_3492@example.com,2026-01-10 04:01:10.359886+00:00
cust_ext_3493,Клиент 3493,+79990003493,user_3493@example.com,2026-02-01 03:37:01.787698+00:00
cust_ext_3494,Клиент 3494,+79990003494,user_3494@example.com,2026-01-27 09:58:04.789417+00:00
cust_ext_3495,Клиент 3495,+79990003495,user_3495@example.com,2026-01-09 15:03:16.225191+00:00
cust_ext_3496,Клиент 3496,+79990003496,user_3496@example.com,2026-01-07 03:02:38.700841+00:00
cust_ext_3497,Клиент 3497,+79990003497,user_3497@example.com,2026-01-30 21:44:59.727895+00:00
cust_ext_3498,Клиент 3498,+79990003498,user_3498@example.com,2026-01-12 14:42:17.048712+00:00
cust_ext_3499,Клиент 3499,+79990003499,user_3499@example.com,2026-02-10 02:28:39.807626+00:00
cust_ext_3500,Клиент 3500,+79990003500,user_3500@example.com,2026-01-22 23:24:32.890530+00:00
cust_ext_3501,Клиент 3501,+79990003501,user_3501@example.com,2026-01-09 18:17:47.801680+00:00
cust_ext_3502,Клиент 3502,+79990003502,user_3502@example.com,2026-02-01 23:03:23.776894+00:00
cust_ext_3503,Клиент 3503,+79990003503,user_3503@example.com,2026-01-10 08:56:55.370998+00:00
cust_ext_3504,Клиент 3504,+79990003504,user_3504@example.com,2026-01-08 07:32:01.002965+00:00
cust_ext_3505,Клиент 3505,+79990003505,user_3505@example.com,2026-02-09 17:03:06.267449+00:00
cust_ext_3506,Клиент 3506,+79990003506,user_3506@example.com,2026-01-22 17:34:39.570924+00:00
cust_ext_3507,Клиент 3507,+79990003507,user_3507@example.com,2026-01-10 00:30:02.821880+00:00
cust_ext_3508,Клиент 3508,+79990003508,user_3508@example.com,2026-01-27 23:49:47.583538+00:00
cust_ext_3509,Клиент 3509,+79990003509,user_3509@example.com,2026-01-22 07:12:13.418359+00:00
cust_ext_3510,Клиент 3510,+79990003510,user_3510@example.com,2026-02-06 18:03:51.333238+00:00
cust_ext_3511,Клиент 3511,+79990003511,user_3511@example.com,2026-02-08 19:43:58.598406+00:00
cust_ext_3512,Клиент 3512,+79990003512,user_3512@example.com,2026-02-03 09:07:21.602029+00:00
cust_ext_3513,Клиент 3513,+79990003513,user_3513@example.com,2026-02-04 00:49:46.653282+00:00
cust_ext_3514,Клиент 3514,+79990003514,user_3514@example.com,2026-01-13 10:16:20.733640+00:00
cust_ext_3515,Клиент 3515,+79990003515,user_3515@example.com,2026-01-29 00:55:23.671614+00:00
cust_ext_3516,Клиент 3516,+79990003516,user_3516@example.com,2026-01-13 22:17:01.159876+00:00
cust_ext_3517,Клиент 3517,+79990003517,user_3517@example.com,2026-01-09 01:43:26.441513+00:00
cust_ext_3518,Клиент 3518,+79990003518,user_3518@example.com,2026-01-01 18:56:55.959351+00:00
cust_ext_3519,Клиент 3519,+79990003519,user_3519@example.com,2026-01-15 02:52:01.889204+00:00
cust_ext_3520,Клиент 3520,+79990003520,user_3520@example.com,2026-01-22 09:31:27.265362+00:00
cust_ext_3521,Клиент 3521,+79990003521,user_3521@example.com,2026-02-14 06:14:23.563330+00:00
cust_ext_3522,Клиент 3522,+79990003522,user_3522@example.com,2026-01-03 09:33:50.761516+00:00
cust_ext_3523,Клиент 3523,+79990003523,user_3523@example.com,2026-01-03 04:06:58.239217+00:00
cust_ext_3524,Клиент 3524,+79990003524,user_3524@example.com,2026-01-12 20:35:36.256463+00:00
cust_ext_3525,Клиент 3525,+79990003525,user_3525@example.com,2026-01-23 17:24:00.285569+00:00
cust_ext_3526,Клиент 3526,+79990003526,user_3526@example.com,2026-01-09 02:23:22.683228+00:00
cust_ext_3527,Клиент 3527,+79990003527,user_3527@example.com,2026-01-05 22:08:20.319443+00:00
cust_ext_3528,Клиент 3528,+79990003528,user_3528@example.com,2026-02-07 10:09:54.835632+00:00
cust_ext_3529,Клиент 3529,+79990003529,user_3529@example.com,2026-02-06 02:45:51.848333+00:00
cust_ext_3530,Клиент 3530,+79990003530,user_3530@example.com,2026-02-10 07:10:56.452418+00:00
cust_ext_3531,Клиент 3531,+79990003531,user_3531@example.com,2026-01-01 05:13:56.461421+00:00
cust_ext_3532,Клиент 3532,+79990003532,user_3532@example.com,2026-02-07 00:32:35.234843+00:00
cust_ext_3533,Клиент 3533,+79990003533,user_3533@example.com,2026-01-08 02:46:18.897613+00:00
cust_ext_3534,Клиент 3534,+79990003534,user_3534@example.com,2026-01-23 16:43:08.923387+00:00
cust_ext_3535,Клиент 3535,+79990003535,user_3535@example.com,2026-01-27 14:15:38.137696+00:00
cust_ext_3536,Клиент 3536,+79990003536,user_3536@example.com,2026-02-02 03:09:34.040400+00:00
cust_ext_3537,Клиент 3537,+79990003537,user_3537@example.com,2026-01-20 23:05:25.943207+00:00
cust_ext_3538,Клиент 3538,+79990003538,user_3538@example.com,2026-02-11 13:54:05.694370+00:00
cust_ext_3539,Клиент 3539,+79990003539,user_3539@example.com,2026-01-15 18:34:28.990490+00:00
cust_ext_3540,Клиент 3540,+79990003540,user_3540@example.com,2026-01-18 04:25:17.675858+00:00
cust_ext_3541,Клиент 3541,+79990003541,user_3541@example.com,2026-02-11 02:33:39.699092+00:00
cust_ext_3542,Клиент 3542,+79990003542,user_3542@example.com,2026-02-08 21:09:35.139638+00:00
cust_ext_3543,Клиент 3543,+79990003543,user_3543@example.com,2026-01-17 05:50:32.481368+00:00
cust_ext_3544,Клиент 3544,+79990003544,user_3544@example.com,2026-01-04 16:38:24.430239+00:00
cust_ext_3545,Клиент 3545,+79990003545,user_3545@example.com,2026-02-11 12:36:31.316187+00:00
cust_ext_3546,Клиент 3546,+79990003546,user_3546@example.com,2026-01-09 08:42:14.256114+00:00
cust_ext_3547,Клиент 3547,+79990003547,user_3547@example.com,2026-02-02 23:18:53.093873+00:00
cust_ext_3548,Клиент 3548,+79990003548,user_3548@example.com,2026-01-28 01:09:54.064390+00:00
cust_ext_3549,Клиент 3549,+79990003549,user_3549@example.com,2026-01-10 16:48:22.242787+00:00
cust_ext_3550,Клиент 3550,+79990003550,user_3550@example.com,2026-02-11 21:25:14.508143+00:00
cust_ext_3551,Клиент 3551,+79990003551,user_3551@example.com,2026-01-03 07:40:32.298314+00:00
cust_ext_3552,Клиент 3552,+79990003552,user_3552@example.com,2026-01-29 10:20:35.973102+00:00
cust_ext_3553,Клиент 3553,+79990003553,user_3553@example.com,2026-01-27 00:16:55.847318+00:00
cust_ext_3554,Клиент 3554,+79990003554,user_3554@example.com,2026-01-09 17:02:00.903833+00:00
cust_ext_3555,Клиент 3555,+79990003555,user_3555@example.com,2026-01-21 15:28:26.901325+00:00
cust_ext_3556,Клиент 3556,+79990003556,user_3556@example.com,2026-01-26 11:10:35.353116+00:00
cust_ext_3557,Клиент 3557,+79990003557,user_3557@example.com,2026-01-14 20:54:09.562302+00:00
cust_ext_3558,Клиент 3558,+79990003558,user_3558@example.com,2026-01-19 11:54:30.972651+00:00
cust_ext_3559,Клиент 3559,+79990003559,user_3559@example.com,2026-01-20 14:16:34.652908+00:00
cust_ext_3560,Клиент 3560,+79990003560,user_3560@example.com,2026-01-04 07:32:59.027679+00:00
cust_ext_3561,Клиент 3561,+79990003561,user_3561@example.com,2026-01-13 16:54:23.574724+00:00
cust_ext_3562,Клиент 3562,+79990003562,user_3562@example.com,2026-01-30 04:00:07.419505+00:00
cust_ext_3563,Клиент 3563,+79990003563,user_3563@example.com,2026-01-09 18:10:05.249728+00:00
cust_ext_3564,Клиент 3564,+79990003564,user_3564@example.com,2026-01-29 11:22:49.771581+00:00
cust_ext_3565,Клиент 3565,+79990003565,user_3565@example.com,2026-01-06 13:37:30.932984+00:00
cust_ext_3566,Клиент 3566,+79990003566,user_3566@example.com,2026-01-29 19:34:51.844836+00:00
cust_ext_3567,Клиент 3567,+79990003567,user_3567@example.com,2026-01-17 13:48:03.710736+00:00
cust_ext_3568,Клиент 3568,+79990003568,user_3568@example.com,2026-02-13 05:28:26.411227+00:00
cust_ext_3569,Клиент 3569,+79990003569,user_3569@example.com,2026-02-05 02:15:06.096575+00:00
cust_ext_3570,Клиент 3570,+79990003570,user_3570@example.com,2026-01-24 11:36:36.640754+00:00
cust_ext_3571,Клиент 3571,+79990003571,user_3571@example.com,2026-02-03 18:28:11.921717+00:00
cust_ext_3572,Клиент 3572,+79990003572,user_3572@example.com,2026-02-05 03:01:07.080892+00:00
cust_ext_3573,Клиент 3573,+79990003573,user_3573@example.com,2026-01-16 05:43:53.837661+00:00
cust_ext_3574,Клиент 3574,+79990003574,user_3574@example.com,2026-01-01 08:20:06.347228+00:00
cust_ext_3575,Клиент 3575,+79990003575,user_3575@example.com,2026-01-18 18:58:52.528634+00:00
cust_ext_3576,Клиент 3576,+79990003576,user_3576@example.com,2026-02-12 22:23:24.783361+00:00
cust_ext_3577,Клиент 3577,+79990003577,user_3577@example.com,2026-02-09 04:06:00.758126+00:00
cust_ext_3578,Клиент 3578,+79990003578,user_3578@example.com,2026-01-08 10:42:34.115458+00:00
cust_ext_3579,Клиент 3579,+79990003579,user_3579@example.com,2026-01-02 18:15:54.408707+00:00
cust_ext_3580,Клиент 3580,+79990003580,user_3580@example.com,2026-01-12 17:13:15.941283+00:00
cust_ext_3581,Клиент 3581,+79990003581,user_3581@example.com,2026-01-29 12:57:35.143647+00:00
cust_ext_3582,Клиент 3582,+79990003582,user_3582@example.com,2026-01-10 09:29:15.898466+00:00
cust_ext_3583,Клиент 3583,+79990003583,user_3583@example.com,2026-01-07 13:28:54.018107+00:00
cust_ext_3584,Клиент 3584,+79990003584,user_3584@example.com,2026-01-29 02:34:57.655756+00:00
cust_ext_3585,Клиент 3585,+79990003585,user_3585@example.com,2026-01-27 21:11:17.775382+00:00
cust_ext_3586,Клиент 3586,+79990003586,user_3586@example.com,2026-01-10 03:58:07.918996+00:00
cust_ext_3587,Клиент 3587,+79990003587,user_3587@example.com,2026-01-06 15:21:22.131765+00:00
cust_ext_3588,Клиент 3588,+79990003588,user_3588@example.com,2026-02-06 17:30:56.513794+00:00
cust_ext_3589,Клиент 3589,+79990003589,user_3589@example.com,2026-01-02 04:57:51.968426+00:00
cust_ext_3590,Клиент 3590,+79990003590,user_3590@example.com,2026-01-06 01:50:47.417405+00:00
cust_ext_3591,Клиент 3591,+79990003591,user_3591@example.com,2026-02-11 08:19:28.045055+00:00
cust_ext_3592,Клиент 3592,+79990003592,user_3592@example.com,2026-01-22 11:36:59.435040+00:00
cust_ext_3593,Клиент 3593,+79990003593,user_3593@example.com,2026-01-03 20:03:58.535659+00:00
cust_ext_3594,Клиент 3594,+79990003594,user_3594@example.com,2026-02-09 10:37:44.401090+00:00
cust_ext_3595,Клиент 3595,+79990003595,user_3595@example.com,2026-02-12 03:52:59.314817+00:00
cust_ext_3596,Клиент 3596,+79990003596,user_3596@example.com,2026-01-21 19:35:41.490374+00:00
cust_ext_3597,Клиент 3597,+79990003597,user_3597@example.com,2026-01-26 15:32:32.883888+00:00
cust_ext_3598,Клиент 3598,+79990003598,user_3598@example.com,2026-01-21 21:44:39.372838+00:00
cust_ext_3599,Клиент 3599,+79990003599,user_3599@example.com,2026-02-08 06:42:09.838178+00:00
cust_ext_3600,Клиент 3600,+79990003600,user_3600@example.com,2026-02-14 18:30:44.354202+00:00
cust_ext_3601,Клиент 3601,+79990003601,user_3601@example.com,2026-01-12 08:00:49.175795+00:00
cust_ext_3602,Клиент 3602,+79990003602,user_3602@example.com,2026-02-03 02:57:52.950848+00:00
cust_ext_3603,Клиент 3603,+79990003603,user_3603@example.com,2026-02-02 10:42:13.211724+00:00
cust_ext_3604,Клиент 3604,+79990003604,user_3604@example.com,2026-01-06 05:44:20.827850+00:00
cust_ext_3605,Клиент 3605,+79990003605,user_3605@example.com,2026-02-01 19:43:16.515106+00:00
cust_ext_3606,Клиент 3606,+79990003606,user_3606@example.com,2026-02-09 05:00:26.935202+00:00
cust_ext_3607,Клиент 3607,+79990003607,user_3607@example.com,2026-01-05 03:02:07.540748+00:00
cust_ext_3608,Клиент 3608,+79990003608,user_3608@example.com,2026-01-16 20:08:21.418504+00:00
cust_ext_3609,Клиент 3609,+79990003609,user_3609@example.com,2026-01-10 18:59:26.077659+00:00
cust_ext_3610,Клиент 3610,+79990003610,user_3610@example.com,2026-01-24 02:43:31.222694+00:00
cust_ext_3611,Клиент 3611,+79990003611,user_3611@example.com,2026-01-25 22:44:44.402789+00:00
cust_ext_3612,Клиент 3612,+79990003612,user_3612@example.com,2026-02-14 02:45:02.964946+00:00
cust_ext_3613,Клиент 3613,+79990003613,user_3613@example.com,2026-01-27 20:13:03.928825+00:00
cust_ext_3614,Клиент 3614,+79990003614,user_3614@example.com,2026-01-24 09:16:46.889226+00:00
cust_ext_3615,Клиент 3615,+79990003615,user_3615@example.com,2026-01-20 21:40:42.591519+00:00
cust_ext_3616,Клиент 3616,+79990003616,user_3616@example.com,2026-02-02 13:17:20.407660+00:00
cust_ext_3617,Клиент 3617,+79990003617,user_3617@example.com,2026-01-02 08:12:18.011400+00:00
cust_ext_3618,Клиент 3618,+79990003618,user_3618@example.com,2026-01-23 11:47:22.844093+00:00
cust_ext_3619,Клиент 3619,+79990003619,user_3619@example.com,2026-01-28 01:59:10.044867+00:00
cust_ext_3620,Клиент 3620,+79990003620,user_3620@example.com,2026-01-11 10:46:59.810141+00:00
cust_ext_3621,Клиент 3621,+79990003621,user_3621@example.com,2026-01-22 07:58:25.031493+00:00
cust_ext_3622,Клиент 3622,+79990003622,user_3622@example.com,2026-01-04 12:51:57.106428+00:00
cust_ext_3623,Клиент 3623,+79990003623,user_3623@example.com,2026-01-23 16:40:51.936839+00:00
cust_ext_3624,Клиент 3624,+79990003624,user_3624@example.com,2026-02-11 21:14:20.276983+00:00
cust_ext_3625,Клиент 3625,+79990003625,user_3625@example.com,2026-01-18 21:37:36.535461+00:00
cust_ext_3626,Клиент 3626,+79990003626,user_3626@example.com,2026-01-01 18:58:46.492364+00:00
cust_ext_3627,Клиент 3627,+79990003627,user_3627@example.com,2026-01-31 14:25:18.029190+00:00
cust_ext_3628,Клиент 3628,+79990003628,user_3628@example.com,2026-02-05 13:47:55.837922+00:00
cust_ext_3629,Клиент 3629,+79990003629,user_3629@example.com,2026-01-26 13:55:47.689810+00:00
cust_ext_3630,Клиент 3630,+79990003630,user_3630@example.com,2026-01-20 09:13:00.485677+00:00
cust_ext_3631,Клиент 3631,+79990003631,user_3631@example.com,2026-01-08 00:03:01.894431+00:00
cust_ext_3632,Клиент 3632,+79990003632,user_3632@example.com,2026-01-17 09:23:37.518560+00:00
cust_ext_3633,Клиент 3633,+79990003633,user_3633@example.com,2026-01-13 04:32:16.423531+00:00
cust_ext_3634,Клиент 3634,+79990003634,user_3634@example.com,2026-02-07 14:02:57.436747+00:00
cust_ext_3635,Клиент 3635,+79990003635,user_3635@example.com,2026-02-06 13:08:18.948601+00:00
cust_ext_3636,Клиент 3636,+79990003636,user_3636@example.com,2026-01-23 08:42:24.319017+00:00
cust_ext_3637,Клиент 3637,+79990003637,user_3637@example.com,2026-02-10 14:15:32.985245+00:00
cust_ext_3638,Клиент 3638,+79990003638,user_3638@example.com,2026-01-09 21:39:50.803331+00:00
cust_ext_3639,Клиент 3639,+79990003639,user_3639@example.com,2026-01-03 13:29:33.249196+00:00
cust_ext_3640,Клиент 3640,+79990003640,user_3640@example.com,2026-01-01 15:31:25.444620+00:00
cust_ext_3641,Клиент 3641,+79990003641,user_3641@example.com,2026-01-27 17:47:31.187416+00:00
cust_ext_3642,Клиент 3642,+79990003642,user_3642@example.com,2026-02-11 00:13:34.515963+00:00
cust_ext_3643,Клиент 3643,+79990003643,user_3643@example.com,2026-01-14 01:50:58.349425+00:00
cust_ext_3644,Клиент 3644,+79990003644,user_3644@example.com,2026-02-10 19:08:27.433637+00:00
cust_ext_3645,Клиент 3645,+79990003645,user_3645@example.com,2026-01-18 08:14:19.647550+00:00
cust_ext_3646,Клиент 3646,+79990003646,user_3646@example.com,2026-01-01 03:36:35.408937+00:00
cust_ext_3647,Клиент 3647,+79990003647,user_3647@example.com,2026-01-27 00:43:09.234049+00:00
cust_ext_3648,Клиент 3648,+79990003648,user_3648@example.com,2026-01-20 08:02:33.207557+00:00
cust_ext_3649,Клиент 3649,+79990003649,user_3649@example.com,2026-01-06 04:16:21.545564+00:00
cust_ext_3650,Клиент 3650,+79990003650,user_3650@example.com,2026-02-03 14:13:55.442901+00:00
cust_ext_3651,Клиент 3651,+79990003651,user_3651@example.com,2026-02-10 11:41:17.537811+00:00
cust_ext_3652,Клиент 3652,+79990003652,user_3652@example.com,2026-01-05 22:24:33.635084+00:00
cust_ext_3653,Клиент 3653,+79990003653,user_3653@example.com,2026-01-10 08:03:52.397120+00:00
cust_ext_3654,Клиент 3654,+79990003654,user_3654@example.com,2026-02-06 18:54:19.992177+00:00
cust_ext_3655,Клиент 3655,+79990003655,user_3655@example.com,2026-01-25 14:02:08.096112+00:00
cust_ext_3656,Клиент 3656,+79990003656,user_3656@example.com,2026-01-07 17:58:40.379210+00:00
cust_ext_3657,Клиент 3657,+79990003657,user_3657@example.com,2026-01-17 14:16:49.752184+00:00
cust_ext_3658,Клиент 3658,+79990003658,user_3658@example.com,2026-01-20 08:52:42.921533+00:00
cust_ext_3659,Клиент 3659,+79990003659,user_3659@example.com,2026-01-18 20:44:08.579416+00:00
cust_ext_3660,Клиент 3660,+79990003660,user_3660@example.com,2026-02-03 01:15:39.340470+00:00
cust_ext_3661,Клиент 3661,+79990003661,user_3661@example.com,2026-02-06 15:59:08.371824+00:00
cust_ext_3662,Клиент 3662,+79990003662,user_3662@example.com,2026-02-02 03:51:12.673494+00:00
cust_ext_3663,Клиент 3663,+79990003663,user_3663@example.com,2026-01-17 19:06:41.625333+00:00
cust_ext_3664,Клиент 3664,+79990003664,user_3664@example.com,2026-02-07 06:00:34.913803+00:00
cust_ext_3665,Клиент 3665,+79990003665,user_3665@example.com,2026-01-13 01:53:40.571169+00:00
cust_ext_3666,Клиент 3666,+79990003666,user_3666@example.com,2026-01-18 01:02:57.523798+00:00
cust_ext_3667,Клиент 3667,+79990003667,user_3667@example.com,2026-01-17 19:34:29.207631+00:00
cust_ext_3668,Клиент 3668,+79990003668,user_3668@example.com,2026-01-29 10:00:09.590016+00:00
cust_ext_3669,Клиент 3669,+79990003669,user_3669@example.com,2026-02-12 17:46:20.695773+00:00
cust_ext_3670,Клиент 3670,+79990003670,user_3670@example.com,2026-01-05 11:27:59.810882+00:00
cust_ext_3671,Клиент 3671,+79990003671,user_3671@example.com,2026-01-23 09:44:26.556017+00:00
cust_ext_3672,Клиент 3672,+79990003672,user_3672@example.com,2026-01-16 11:01:54.181769+00:00
cust_ext_3673,Клиент 3673,+79990003673,user_3673@example.com,2026-02-04 06:07:07.675895+00:00
cust_ext_3674,Клиент 3674,+79990003674,user_3674@example.com,2026-02-13 19:47:00.069113+00:00
cust_ext_3675,Клиент 3675,+79990003675,user_3675@example.com,2026-02-01 06:13:09.971905+00:00
cust_ext_3676,Клиент 3676,+79990003676,user_3676@example.com,2026-01-25 05:12:36.359910+00:00
cust_ext_3677,Клиент 3677,+79990003677,user_3677@example.com,2026-01-04 13:20:01.024708+00:00
cust_ext_3678,Клиент 3678,+79990003678,user_3678@example.com,2026-01-07 17:57:05.457596+00:00
cust_ext_3679,Клиент 3679,+79990003679,user_3679@example.com,2026-01-04 17:39:49.602334+00:00
cust_ext_3680,Клиент 3680,+79990003680,user_3680@example.com,2026-01-04 10:01:01.959394+00:00
cust_ext_3681,Клиент 3681,+79990003681,user_3681@example.com,2026-01-25 14:47:54.311895+00:00
cust_ext_3682,Клиент 3682,+79990003682,user_3682@example.com,2026-02-06 14:28:00.339242+00:00
cust_ext_3683,Клиент 3683,+79990003683,user_3683@example.com,2026-02-14 10:46:09.531147+00:00
cust_ext_3684,Клиент 3684,+79990003684,user_3684@example.com,2026-01-16 05:13:22.553615+00:00
cust_ext_3685,Клиент 3685,+79990003685,user_3685@example.com,2026-01-12 15:38:16.872752+00:00
cust_ext_3686,Клиент 3686,+79990003686,user_3686@example.com,2026-01-01 12:50:15.634817+00:00
cust_ext_3687,Клиент 3687,+79990003687,user_3687@example.com,2026-01-05 14:37:30.833496+00:00
cust_ext_3688,Клиент 3688,+79990003688,user_3688@example.com,2026-02-01 06:39:20.696491+00:00
cust_ext_3689,Клиент 3689,+79990003689,user_3689@example.com,2026-01-03 21:41:41.365625+00:00
cust_ext_3690,Клиент 3690,+79990003690,user_3690@example.com,2026-01-30 05:43:48.973612+00:00
cust_ext_3691,Клиент 3691,+79990003691,user_3691@example.com,2026-01-17 20:16:01.825845+00:00
cust_ext_3692,Клиент 3692,+79990003692,user_3692@example.com,2026-02-07 01:33:29.874887+00:00
cust_ext_3693,Клиент 3693,+79990003693,user_3693@example.com,2026-01-12 11:28:28.774066+00:00
cust_ext_3694,Клиент 3694,+79990003694,user_3694@example.com,2026-01-07 00:35:34.075892+00:00
cust_ext_3695,Клиент 3695,+79990003695,user_3695@example.com,2026-02-11 15:26:50.461424+00:00
cust_ext_3696,Клиент 3696,+79990003696,user_3696@example.com,2026-01-05 10:07:46.617156+00:00
cust_ext_3697,Клиент 3697,+79990003697,user_3697@example.com,2026-01-27 12:05:13.982724+00:00
cust_ext_3698,Клиент 3698,+79990003698,user_3698@example.com,2026-01-24 15:28:37.006968+00:00
cust_ext_3699,Клиент 3699,+79990003699,user_3699@example.com,2026-01-23 02:42:26.751965+00:00
cust_ext_3700,Клиент 3700,+79990003700,user_3700@example.com,2026-02-05 15:11:27.729189+00:00
cust_ext_3701,Клиент 3701,+79990003701,user_3701@example.com,2026-01-01 18:52:45.751735+00:00
cust_ext_3702,Клиент 3702,+79990003702,user_3702@example.com,2026-01-29 22:37:58.234832+00:00
cust_ext_3703,Клиент 3703,+79990003703,user_3703@example.com,2026-02-06 14:48:10.520608+00:00
cust_ext_3704,Клиент 3704,+79990003704,user_3704@example.com,2026-01-14 06:56:36.216313+00:00
cust_ext_3705,Клиент 3705,+79990003705,user_3705@example.com,2026-01-07 20:24:53.506310+00:00
cust_ext_3706,Клиент 3706,+79990003706,user_3706@example.com,2026-02-03 08:54:14.594875+00:00
cust_ext_3707,Клиент 3707,+79990003707,user_3707@example.com,2026-01-15 05:33:21.395999+00:00
cust_ext_3708,Клиент 3708,+79990003708,user_3708@example.com,2026-01-30 18:13:58.461467+00:00
cust_ext_3709,Клиент 3709,+79990003709,user_3709@example.com,2026-01-05 02:29:17.655041+00:00
cust_ext_3710,Клиент 3710,+79990003710,user_3710@example.com,2026-02-11 17:02:35.479300+00:00
cust_ext_3711,Клиент 3711,+79990003711,user_3711@example.com,2026-02-01 12:28:40.415761+00:00
cust_ext_3712,Клиент 3712,+79990003712,user_3712@example.com,2026-01-05 23:16:36.885789+00:00
cust_ext_3713,Клиент 3713,+79990003713,user_3713@example.com,2026-01-22 04:02:22.025713+00:00
cust_ext_3714,Клиент 3714,+79990003714,user_3714@example.com,2026-01-23 16:58:03.798647+00:00
cust_ext_3715,Клиент 3715,+79990003715,user_3715@example.com,2026-01-14 09:52:10.679589+00:00
cust_ext_3716,Клиент 3716,+79990003716,user_3716@example.com,2026-01-21 03:09:05.720042+00:00
cust_ext_3717,Клиент 3717,+79990003717,user_3717@example.com,2026-01-19 07:40:46.368159+00:00
cust_ext_3718,Клиент 3718,+79990003718,user_3718@example.com,2026-02-11 22:48:09.466837+00:00
cust_ext_3719,Клиент 3719,+79990003719,user_3719@example.com,2026-01-10 08:10:45.995048+00:00
cust_ext_3720,Клиент 3720,+79990003720,user_3720@example.com,2026-02-11 23:56:48.329738+00:00
cust_ext_3721,Клиент 3721,+79990003721,user_3721@example.com,2026-01-08 06:58:11.075923+00:00
cust_ext_3722,Клиент 3722,+79990003722,user_3722@example.com,2026-02-14 08:08:13.744393+00:00
cust_ext_3723,Клиент 3723,+79990003723,user_3723@example.com,2026-02-09 10:40:35.703598+00:00
cust_ext_3724,Клиент 3724,+79990003724,user_3724@example.com,2026-02-03 04:48:08.780370+00:00
cust_ext_3725,Клиент 3725,+79990003725,user_3725@example.com,2026-02-10 21:32:11.035419+00:00
cust_ext_3726,Клиент 3726,+79990003726,user_3726@example.com,2026-01-06 00:38:21.500364+00:00
cust_ext_3727,Клиент 3727,+79990003727,user_3727@example.com,2026-01-04 16:55:40.209796+00:00
cust_ext_3728,Клиент 3728,+79990003728,user_3728@example.com,2026-01-06 00:55:27.124948+00:00
cust_ext_3729,Клиент 3729,+79990003729,user_3729@example.com,2026-01-21 14:19:18.956519+00:00
cust_ext_3730,Клиент 3730,+79990003730,user_3730@example.com,2026-02-11 21:30:49.137251+00:00
cust_ext_3731,Клиент 3731,+79990003731,user_3731@example.com,2026-01-28 06:40:23.542035+00:00
cust_ext_3732,Клиент 3732,+79990003732,user_3732@example.com,2026-01-25 02:24:08.456221+00:00
cust_ext_3733,Клиент 3733,+79990003733,user_3733@example.com,2026-02-10 13:28:36.415319+00:00
cust_ext_3734,Клиент 3734,+79990003734,user_3734@example.com,2026-01-06 14:04:58.053059+00:00
cust_ext_3735,Клиент 3735,+79990003735,user_3735@example.com,2026-02-01 15:56:55.455583+00:00
cust_ext_3736,Клиент 3736,+79990003736,user_3736@example.com,2026-01-12 14:08:49.653957+00:00
cust_ext_3737,Клиент 3737,+79990003737,user_3737@example.com,2026-02-12 17:57:36.190190+00:00
cust_ext_3738,Клиент 3738,+79990003738,user_3738@example.com,2026-01-02 09:47:21.471876+00:00
cust_ext_3739,Клиент 3739,+79990003739,user_3739@example.com,2026-01-27 19:24:21.397487+00:00
cust_ext_3740,Клиент 3740,+79990003740,user_3740@example.com,2026-01-23 01:36:12.843626+00:00
cust_ext_3741,Клиент 3741,+79990003741,user_3741@example.com,2026-01-16 22:46:34.128014+00:00
cust_ext_3742,Клиент 3742,+79990003742,user_3742@example.com,2026-01-07 16:30:18.184574+00:00
cust_ext_3743,Клиент 3743,+79990003743,user_3743@example.com,2026-02-14 08:59:08.829600+00:00
cust_ext_3744,Клиент 3744,+79990003744,user_3744@example.com,2026-01-03 11:22:25.980039+00:00
cust_ext_3745,Клиент 3745,+79990003745,user_3745@example.com,2026-01-12 16:08:15.271143+00:00
cust_ext_3746,Клиент 3746,+79990003746,user_3746@example.com,2026-01-27 19:19:22.482997+00:00
cust_ext_3747,Клиент 3747,+79990003747,user_3747@example.com,2026-01-28 04:54:53.811506+00:00
cust_ext_3748,Клиент 3748,+79990003748,user_3748@example.com,2026-01-28 22:33:56.143715+00:00
cust_ext_3749,Клиент 3749,+79990003749,user_3749@example.com,2026-01-23 07:04:41.127902+00:00
cust_ext_3750,Клиент 3750,+79990003750,user_3750@example.com,2026-01-10 00:59:23.257555+00:00
cust_ext_3751,Клиент 3751,+79990003751,user_3751@example.com,2026-01-04 22:26:09.132117+00:00
cust_ext_3752,Клиент 3752,+79990003752,user_3752@example.com,2026-01-05 06:31:47.251008+00:00
cust_ext_3753,Клиент 3753,+79990003753,user_3753@example.com,2026-01-17 06:13:52.242292+00:00
cust_ext_3754,Клиент 3754,+79990003754,user_3754@example.com,2026-01-05 06:17:44.585200+00:00
cust_ext_3755,Клиент 3755,+79990003755,user_3755@example.com,2026-02-06 23:59:17.392793+00:00
cust_ext_3756,Клиент 3756,+79990003756,user_3756@example.com,2026-01-07 11:47:05.439776+00:00
cust_ext_3757,Клиент 3757,+79990003757,user_3757@example.com,2026-02-09 09:41:58.921274+00:00
cust_ext_3758,Клиент 3758,+79990003758,user_3758@example.com,2026-02-04 02:59:14.386099+00:00
cust_ext_3759,Клиент 3759,+79990003759,user_3759@example.com,2026-02-13 02:45:19.083178+00:00
cust_ext_3760,Клиент 3760,+79990003760,user_3760@example.com,2026-02-13 15:50:12.811875+00:00
cust_ext_3761,Клиент 3761,+79990003761,user_3761@example.com,2026-02-14 19:10:08.170599+00:00
cust_ext_3762,Клиент 3762,+79990003762,user_3762@example.com,2026-01-01 07:59:31.018112+00:00
cust_ext_3763,Клиент 3763,+79990003763,user_3763@example.com,2026-01-12 12:12:24.413463+00:00
cust_ext_3764,Клиент 3764,+79990003764,user_3764@example.com,2026-02-09 14:18:39.572294+00:00
cust_ext_3765,Клиент 3765,+79990003765,user_3765@example.com,2026-02-13 05:27:12.785751+00:00
cust_ext_3766,Клиент 3766,+79990003766,user_3766@example.com,2026-01-27 03:14:00.446654+00:00
cust_ext_3767,Клиент 3767,+79990003767,user_3767@example.com,2026-02-06 10:05:04.317343+00:00
cust_ext_3768,Клиент 3768,+79990003768,user_3768@example.com,2026-02-01 20:55:57.348350+00:00
cust_ext_3769,Клиент 3769,+79990003769,user_3769@example.com,2026-02-08 07:37:15.827210+00:00
cust_ext_3770,Клиент 3770,+79990003770,user_3770@example.com,2026-02-09 00:57:20.888791+00:00
cust_ext_3771,Клиент 3771,+79990003771,user_3771@example.com,2026-01-24 13:36:56.891824+00:00
cust_ext_3772,Клиент 3772,+79990003772,user_3772@example.com,2026-01-03 01:13:44.568745+00:00
cust_ext_3773,Клиент 3773,+79990003773,user_3773@example.com,2026-01-10 04:46:33.254160+00:00
cust_ext_3774,Клиент 3774,+79990003774,user_3774@example.com,2026-02-03 09:50:21.974609+00:00
cust_ext_3775,Клиент 3775,+79990003775,user_3775@example.com,2026-01-01 16:12:13.391680+00:00
cust_ext_3776,Клиент 3776,+79990003776,user_3776@example.com,2026-01-19 22:42:28.068933+00:00
cust_ext_3777,Клиент 3777,+79990003777,user_3777@example.com,2026-02-03 02:38:55.411306+00:00
cust_ext_3778,Клиент 3778,+79990003778,user_3778@example.com,2026-01-02 16:25:23.803203+00:00
cust_ext_3779,Клиент 3779,+79990003779,user_3779@example.com,2026-01-13 12:07:57.879068+00:00
cust_ext_3780,Клиент 3780,+79990003780,user_3780@example.com,2026-01-14 20:23:24.488168+00:00
cust_ext_3781,Клиент 3781,+79990003781,user_3781@example.com,2026-01-06 17:10:02.097084+00:00
cust_ext_3782,Клиент 3782,+79990003782,user_3782@example.com,2026-02-11 09:02:10.221584+00:00
cust_ext_3783,Клиент 3783,+79990003783,user_3783@example.com,2026-01-14 10:00:21.424480+00:00
cust_ext_3784,Клиент 3784,+79990003784,user_3784@example.com,2026-01-13 22:43:59.077268+00:00
cust_ext_3785,Клиент 3785,+79990003785,user_3785@example.com,2026-01-11 12:16:41.555383+00:00
cust_ext_3786,Клиент 3786,+79990003786,user_3786@example.com,2026-01-16 02:55:46.491115+00:00
cust_ext_3787,Клиент 3787,+79990003787,user_3787@example.com,2026-01-12 21:34:38.405850+00:00
cust_ext_3788,Клиент 3788,+79990003788,user_3788@example.com,2026-01-22 23:38:49.907652+00:00
cust_ext_3789,Клиент 3789,+79990003789,user_3789@example.com,2026-01-10 21:25:08.793054+00:00
cust_ext_3790,Клиент 3790,+79990003790,user_3790@example.com,2026-01-21 03:30:00.439111+00:00
cust_ext_3791,Клиент 3791,+79990003791,user_3791@example.com,2026-02-10 05:27:53.421087+00:00
cust_ext_3792,Клиент 3792,+79990003792,user_3792@example.com,2026-02-14 04:13:15.743847+00:00
cust_ext_3793,Клиент 3793,+79990003793,user_3793@example.com,2026-01-06 15:10:42.247310+00:00
cust_ext_3794,Клиент 3794,+79990003794,user_3794@example.com,2026-01-23 23:14:01.587988+00:00
cust_ext_3795,Клиент 3795,+79990003795,user_3795@example.com,2026-01-04 16:45:31.874239+00:00
cust_ext_3796,Клиент 3796,+79990003796,user_3796@example.com,2026-01-16 03:27:27.632187+00:00
cust_ext_3797,Клиент 3797,+79990003797,user_3797@example.com,2026-01-14 15:06:09.171103+00:00
cust_ext_3798,Клиент 3798,+79990003798,user_3798@example.com,2026-01-26 15:09:17.180313+00:00
cust_ext_3799,Клиент 3799,+79990003799,user_3799@example.com,2026-02-11 11:28:04.033002+00:00
cust_ext_3800,Клиент 3800,+79990003800,user_3800@example.com,2026-01-06 16:38:30.826632+00:00
cust_ext_3801,Клиент 3801,+79990003801,user_3801@example.com,2026-01-25 03:35:49.462287+00:00
cust_ext_3802,Клиент 3802,+79990003802,user_3802@example.com,2026-01-05 07:22:38.481828+00:00
cust_ext_3803,Клиент 3803,+79990003803,user_3803@example.com,2026-02-12 00:16:39.928441+00:00
cust_ext_3804,Клиент 3804,+79990003804,user_3804@example.com,2026-01-12 08:49:54.646496+00:00
cust_ext_3805,Клиент 3805,+79990003805,user_3805@example.com,2026-01-03 07:33:14.155677+00:00
cust_ext_3806,Клиент 3806,+79990003806,user_3806@example.com,2026-01-25 12:24:14.772858+00:00
cust_ext_3807,Клиент 3807,+79990003807,user_3807@example.com,2026-01-02 05:35:17.522484+00:00
cust_ext_3808,Клиент 3808,+79990003808,user_3808@example.com,2026-01-17 15:29:26.196363+00:00
cust_ext_3809,Клиент 3809,+79990003809,user_3809@example.com,2026-01-24 12:07:01.447771+00:00
cust_ext_3810,Клиент 3810,+79990003810,user_3810@example.com,2026-01-18 05:59:36.480804+00:00
cust_ext_3811,Клиент 3811,+79990003811,user_3811@example.com,2026-01-11 03:16:52.383262+00:00
cust_ext_3812,Клиент 3812,+79990003812,user_3812@example.com,2026-01-26 19:01:41.134900+00:00
cust_ext_3813,Клиент 3813,+79990003813,user_3813@example.com,2026-01-16 00:30:57.123899+00:00
cust_ext_3814,Клиент 3814,+79990003814,user_3814@example.com,2026-01-01 15:16:34.695647+00:00
cust_ext_3815,Клиент 3815,+79990003815,user_3815@example.com,2026-02-13 06:42:31.312433+00:00
cust_ext_3816,Клиент 3816,+79990003816,user_3816@example.com,2026-02-08 06:34:51.696257+00:00
cust_ext_3817,Клиент 3817,+79990003817,user_3817@example.com,2026-01-22 11:51:08.026483+00:00
cust_ext_3818,Клиент 3818,+79990003818,user_3818@example.com,2026-02-02 19:57:52.244962+00:00
cust_ext_3819,Клиент 3819,+79990003819,user_3819@example.com,2026-01-30 20:04:13.491481+00:00
cust_ext_3820,Клиент 3820,+79990003820,user_3820@example.com,2026-02-08 06:00:51.516842+00:00
cust_ext_3821,Клиент 3821,+79990003821,user_3821@example.com,2026-01-06 17:29:29.206182+00:00
cust_ext_3822,Клиент 3822,+79990003822,user_3822@example.com,2026-01-06 19:48:28.385038+00:00
cust_ext_3823,Клиент 3823,+79990003823,user_3823@example.com,2026-01-07 08:09:35.376655+00:00
cust_ext_3824,Клиент 3824,+79990003824,user_3824@example.com,2026-01-29 12:39:38.681425+00:00
cust_ext_3825,Клиент 3825,+79990003825,user_3825@example.com,2026-01-05 21:11:55.584529+00:00
cust_ext_3826,Клиент 3826,+79990003826,user_3826@example.com,2026-01-20 13:53:44.914670+00:00
cust_ext_3827,Клиент 3827,+79990003827,user_3827@example.com,2026-02-05 03:29:57.612474+00:00
cust_ext_3828,Клиент 3828,+79990003828,user_3828@example.com,2026-02-03 14:53:18.192501+00:00
cust_ext_3829,Клиент 3829,+79990003829,user_3829@example.com,2026-01-23 10:28:50.236494+00:00
cust_ext_3830,Клиент 3830,+79990003830,user_3830@example.com,2026-01-23 07:59:11.070706+00:00
cust_ext_3831,Клиент 3831,+79990003831,user_3831@example.com,2026-02-03 17:21:20.217846+00:00
cust_ext_3832,Клиент 3832,+79990003832,user_3832@example.com,2026-01-24 02:31:12.797579+00:00
cust_ext_3833,Клиент 3833,+79990003833,user_3833@example.com,2026-01-07 14:56:17.173833+00:00
cust_ext_3834,Клиент 3834,+79990003834,user_3834@example.com,2026-02-08 10:13:53.423910+00:00
cust_ext_3835,Клиент 3835,+79990003835,user_3835@example.com,2026-02-03 21:18:51.434596+00:00
cust_ext_3836,Клиент 3836,+79990003836,user_3836@example.com,2026-02-10 13:04:14.195934+00:00
cust_ext_3837,Клиент 3837,+79990003837,user_3837@example.com,2026-01-26 16:59:43.943278+00:00
cust_ext_3838,Клиент 3838,+79990003838,user_3838@example.com,2026-01-19 18:15:34.474008+00:00
cust_ext_3839,Клиент 3839,+79990003839,user_3839@example.com,2026-01-24 02:07:08.306546+00:00
cust_ext_3840,Клиент 3840,+79990003840,user_3840@example.com,2026-01-25 22:57:39.566226+00:00
cust_ext_3841,Клиент 3841,+79990003841,user_3841@example.com,2026-01-07 22:37:43.118438+00:00
cust_ext_3842,Клиент 3842,+79990003842,user_3842@example.com,2026-01-22 15:48:19.799870+00:00
cust_ext_3843,Клиент 3843,+79990003843,user_3843@example.com,2026-02-03 09:02:29.717404+00:00
cust_ext_3844,Клиент 3844,+79990003844,user_3844@example.com,2026-02-01 16:34:00.919395+00:00
cust_ext_3845,Клиент 3845,+79990003845,user_3845@example.com,2026-01-04 05:30:08.915617+00:00
cust_ext_3846,Клиент 3846,+79990003846,user_3846@example.com,2026-01-28 04:06:53.571644+00:00
cust_ext_3847,Клиент 3847,+79990003847,user_3847@example.com,2026-02-11 23:04:54.077045+00:00
cust_ext_3848,Клиент 3848,+79990003848,user_3848@example.com,2026-02-05 01:31:59.679558+00:00
cust_ext_3849,Клиент 3849,+79990003849,user_3849@example.com,2026-02-12 16:33:44.980736+00:00
cust_ext_3850,Клиент 3850,+79990003850,user_3850@example.com,2026-01-19 10:25:03.627763+00:00
cust_ext_3851,Клиент 3851,+79990003851,user_3851@example.com,2026-01-07 23:30:51.099653+00:00
cust_ext_3852,Клиент 3852,+79990003852,user_3852@example.com,2026-01-19 20:11:21.909320+00:00
cust_ext_3853,Клиент 3853,+79990003853,user_3853@example.com,2026-01-31 02:20:34.413748+00:00
cust_ext_3854,Клиент 3854,+79990003854,user_3854@example.com,2026-01-28 04:15:17.909686+00:00
cust_ext_3855,Клиент 3855,+79990003855,user_3855@example.com,2026-01-21 20:49:43.576323+00:00
cust_ext_3856,Клиент 3856,+79990003856,user_3856@example.com,2026-01-04 17:42:51.586277+00:00
cust_ext_3857,Клиент 3857,+79990003857,user_3857@example.com,2026-01-11 10:15:32.868668+00:00
cust_ext_3858,Клиент 3858,+79990003858,user_3858@example.com,2026-01-15 00:52:56.490562+00:00
cust_ext_3859,Клиент 3859,+79990003859,user_3859@example.com,2026-01-27 22:28:24.760829+00:00
cust_ext_3860,Клиент 3860,+79990003860,user_3860@example.com,2026-01-15 14:52:52.738692+00:00
cust_ext_3861,Клиент 3861,+79990003861,user_3861@example.com,2026-02-02 06:42:48.803038+00:00
cust_ext_3862,Клиент 3862,+79990003862,user_3862@example.com,2026-01-15 00:58:08.514639+00:00
cust_ext_3863,Клиент 3863,+79990003863,user_3863@example.com,2026-01-23 03:38:14.207525+00:00
cust_ext_3864,Клиент 3864,+79990003864,user_3864@example.com,2026-02-04 10:02:53.660651+00:00
cust_ext_3865,Клиент 3865,+79990003865,user_3865@example.com,2026-01-20 01:23:18.224619+00:00
cust_ext_3866,Клиент 3866,+79990003866,user_3866@example.com,2026-01-10 22:36:45.689985+00:00
cust_ext_3867,Клиент 3867,+79990003867,user_3867@example.com,2026-02-02 03:13:14.840276+00:00
cust_ext_3868,Клиент 3868,+79990003868,user_3868@example.com,2026-01-30 05:03:48.829640+00:00
cust_ext_3869,Клиент 3869,+79990003869,user_3869@example.com,2026-01-31 12:15:48.445371+00:00
cust_ext_3870,Клиент 3870,+79990003870,user_3870@example.com,2026-01-08 16:32:44.854084+00:00
cust_ext_3871,Клиент 3871,+79990003871,user_3871@example.com,2026-02-14 15:36:43.099711+00:00
cust_ext_3872,Клиент 3872,+79990003872,user_3872@example.com,2026-01-29 10:36:35.886191+00:00
cust_ext_3873,Клиент 3873,+79990003873,user_3873@example.com,2026-02-13 18:18:29.074656+00:00
cust_ext_3874,Клиент 3874,+79990003874,user_3874@example.com,2026-01-20 02:46:52.049245+00:00
cust_ext_3875,Клиент 3875,+79990003875,user_3875@example.com,2026-01-07 05:22:33.795752+00:00
cust_ext_3876,Клиент 3876,+79990003876,user_3876@example.com,2026-02-05 19:59:02.952127+00:00
cust_ext_3877,Клиент 3877,+79990003877,user_3877@example.com,2026-02-11 22:47:54.273838+00:00
cust_ext_3878,Клиент 3878,+79990003878,user_3878@example.com,2026-01-29 07:31:08.903691+00:00
cust_ext_3879,Клиент 3879,+79990003879,user_3879@example.com,2026-01-02 00:08:53.721567+00:00
cust_ext_3880,Клиент 3880,+79990003880,user_3880@example.com,2026-02-07 22:42:32.718309+00:00
cust_ext_3881,Клиент 3881,+79990003881,user_3881@example.com,2026-02-01 02:48:27.533176+00:00
cust_ext_3882,Клиент 3882,+79990003882,user_3882@example.com,2026-01-22 06:22:13.872392+00:00
cust_ext_3883,Клиент 3883,+79990003883,user_3883@example.com,2026-01-24 14:39:52.666209+00:00
cust_ext_3884,Клиент 3884,+79990003884,user_3884@example.com,2026-01-22 04:03:53.649293+00:00
cust_ext_3885,Клиент 3885,+79990003885,user_3885@example.com,2026-01-25 20:36:17.080415+00:00
cust_ext_3886,Клиент 3886,+79990003886,user_3886@example.com,2026-02-03 10:02:39.062717+00:00
cust_ext_3887,Клиент 3887,+79990003887,user_3887@example.com,2026-02-04 01:43:40.341410+00:00
cust_ext_3888,Клиент 3888,+79990003888,user_3888@example.com,2026-01-30 13:48:07.165208+00:00
cust_ext_3889,Клиент 3889,+79990003889,user_3889@example.com,2026-02-06 03:55:36.121211+00:00
cust_ext_3890,Клиент 3890,+79990003890,user_3890@example.com,2026-02-10 20:42:24.630735+00:00
cust_ext_3891,Клиент 3891,+79990003891,user_3891@example.com,2026-01-13 13:13:19.087204+00:00
cust_ext_3892,Клиент 3892,+79990003892,user_3892@example.com,2026-02-02 00:24:49.809863+00:00
cust_ext_3893,Клиент 3893,+79990003893,user_3893@example.com,2026-01-10 02:31:40.037865+00:00
cust_ext_3894,Клиент 3894,+79990003894,user_3894@example.com,2026-01-28 18:31:52.079601+00:00
cust_ext_3895,Клиент 3895,+79990003895,user_3895@example.com,2026-01-26 22:11:56.649017+00:00
cust_ext_3896,Клиент 3896,+79990003896,user_3896@example.com,2026-01-25 03:05:49.921600+00:00
cust_ext_3897,Клиент 3897,+79990003897,user_3897@example.com,2026-01-15 16:00:23.421847+00:00
cust_ext_3898,Клиент 3898,+79990003898,user_3898@example.com,2026-01-19 07:10:51.390178+00:00
cust_ext_3899,Клиент 3899,+79990003899,user_3899@example.com,2026-01-28 08:20:06.559034+00:00
cust_ext_3900,Клиент 3900,+79990003900,user_3900@example.com,2026-01-29 17:13:52.615710+00:00
cust_ext_3901,Клиент 3901,+79990003901,user_3901@example.com,2026-01-05 20:47:38.339553+00:00
cust_ext_3902,Клиент 3902,+79990003902,user_3902@example.com,2026-01-25 19:26:58.290009+00:00
cust_ext_3903,Клиент 3903,+79990003903,user_3903@example.com,2026-01-23 08:39:42.849110+00:00
cust_ext_3904,Клиент 3904,+79990003904,user_3904@example.com,2026-01-22 06:44:47.091993+00:00
cust_ext_3905,Клиент 3905,+79990003905,user_3905@example.com,2026-01-13 01:36:12.444454+00:00
cust_ext_3906,Клиент 3906,+79990003906,user_3906@example.com,2026-01-31 07:04:54.116860+00:00
cust_ext_3907,Клиент 3907,+79990003907,user_3907@example.com,2026-02-03 06:29:54.311491+00:00
cust_ext_3908,Клиент 3908,+79990003908,user_3908@example.com,2026-01-30 10:17:46.692301+00:00
cust_ext_3909,Клиент 3909,+79990003909,user_3909@example.com,2026-01-06 19:08:34.129533+00:00
cust_ext_3910,Клиент 3910,+79990003910,user_3910@example.com,2026-02-04 23:38:46.306909+00:00
cust_ext_3911,Клиент 3911,+79990003911,user_3911@example.com,2026-02-05 13:15:56.865785+00:00
cust_ext_3912,Клиент 3912,+79990003912,user_3912@example.com,2026-02-02 14:00:51.040659+00:00
cust_ext_3913,Клиент 3913,+79990003913,user_3913@example.com,2026-01-19 16:50:31.097886+00:00
cust_ext_3914,Клиент 3914,+79990003914,user_3914@example.com,2026-02-07 05:50:53.298660+00:00
cust_ext_3915,Клиент 3915,+79990003915,user_3915@example.com,2026-01-12 14:55:59.999655+00:00
cust_ext_3916,Клиент 3916,+79990003916,user_3916@example.com,2026-02-14 00:33:01.508572+00:00
cust_ext_3917,Клиент 3917,+79990003917,user_3917@example.com,2026-01-08 11:45:25.657652+00:00
cust_ext_3918,Клиент 3918,+79990003918,user_3918@example.com,2026-01-09 10:05:14.321686+00:00
cust_ext_3919,Клиент 3919,+79990003919,user_3919@example.com,2026-01-21 12:40:09.851400+00:00
cust_ext_3920,Клиент 3920,+79990003920,user_3920@example.com,2026-02-13 11:36:41.084591+00:00
cust_ext_3921,Клиент 3921,+79990003921,user_3921@example.com,2026-01-13 09:56:17.798834+00:00
cust_ext_3922,Клиент 3922,+79990003922,user_3922@example.com,2026-01-02 08:17:54.357583+00:00
cust_ext_3923,Клиент 3923,+79990003923,user_3923@example.com,2026-01-16 16:25:16.430492+00:00
cust_ext_3924,Клиент 3924,+79990003924,user_3924@example.com,2026-01-26 13:51:36.704354+00:00
cust_ext_3925,Клиент 3925,+79990003925,user_3925@example.com,2026-01-25 03:26:00.203332+00:00
cust_ext_3926,Клиент 3926,+79990003926,user_3926@example.com,2026-01-17 05:23:34.139289+00:00
cust_ext_3927,Клиент 3927,+79990003927,user_3927@example.com,2026-01-30 22:57:36.819825+00:00
cust_ext_3928,Клиент 3928,+79990003928,user_3928@example.com,2026-01-18 09:12:17.412431+00:00
cust_ext_3929,Клиент 3929,+79990003929,user_3929@example.com,2026-01-17 12:55:04.493613+00:00
cust_ext_3930,Клиент 3930,+79990003930,user_3930@example.com,2026-02-10 13:45:13.688937+00:00
cust_ext_3931,Клиент 3931,+79990003931,user_3931@example.com,2026-02-02 05:12:42.493212+00:00
cust_ext_3932,Клиент 3932,+79990003932,user_3932@example.com,2026-01-10 05:05:39.228737+00:00
cust_ext_3933,Клиент 3933,+79990003933,user_3933@example.com,2026-01-11 14:43:55.792323+00:00
cust_ext_3934,Клиент 3934,+79990003934,user_3934@example.com,2026-01-01 18:10:57.190124+00:00
cust_ext_3935,Клиент 3935,+79990003935,user_3935@example.com,2026-02-10 02:34:11.272367+00:00
cust_ext_3936,Клиент 3936,+79990003936,user_3936@example.com,2026-01-21 07:33:03.377047+00:00
cust_ext_3937,Клиент 3937,+79990003937,user_3937@example.com,2026-01-14 06:40:37.504128+00:00
cust_ext_3938,Клиент 3938,+79990003938,user_3938@example.com,2026-02-09 18:34:11.753276+00:00
cust_ext_3939,Клиент 3939,+79990003939,user_3939@example.com,2026-01-29 23:34:50.359614+00:00
cust_ext_3940,Клиент 3940,+79990003940,user_3940@example.com,2026-02-13 00:58:44.388930+00:00
cust_ext_3941,Клиент 3941,+79990003941,user_3941@example.com,2026-01-10 11:03:25.232496+00:00
cust_ext_3942,Клиент 3942,+79990003942,user_3942@example.com,2026-02-13 08:20:04.024417+00:00
cust_ext_3943,Клиент 3943,+79990003943,user_3943@example.com,2026-02-04 04:46:42.767048+00:00
cust_ext_3944,Клиент 3944,+79990003944,user_3944@example.com,2026-01-22 01:16:50.717808+00:00
cust_ext_3945,Клиент 3945,+79990003945,user_3945@example.com,2026-01-06 16:26:35.873348+00:00
cust_ext_3946,Клиент 3946,+79990003946,user_3946@example.com,2026-02-02 15:41:27.830036+00:00
cust_ext_3947,Клиент 3947,+79990003947,user_3947@example.com,2026-02-11 13:21:41.685889+00:00
cust_ext_3948,Клиент 3948,+79990003948,user_3948@example.com,2026-02-03 18:00:07.207188+00:00
cust_ext_3949,Клиент 3949,+79990003949,user_3949@example.com,2026-01-06 01:37:06.927805+00:00
cust_ext_3950,Клиент 3950,+79990003950,user_3950@example.com,2026-01-26 22:24:59.082721+00:00
cust_ext_3951,Клиент 3951,+79990003951,user_3951@example.com,2026-02-04 21:43:12.157222+00:00
cust_ext_3952,Клиент 3952,+79990003952,user_3952@example.com,2026-01-17 23:01:16.371969+00:00
cust_ext_3953,Клиент 3953,+79990003953,user_3953@example.com,2026-01-22 20:08:30.149781+00:00
cust_ext_3954,Клиент 3954,+79990003954,user_3954@example.com,2026-02-10 07:05:31.388076+00:00
cust_ext_3955,Клиент 3955,+79990003955,user_3955@example.com,2026-01-11 13:24:24.839617+00:00
cust_ext_3956,Клиент 3956,+79990003956,user_3956@example.com,2026-02-06 02:10:07.752425+00:00
cust_ext_3957,Клиент 3957,+79990003957,user_3957@example.com,2026-01-15 12:22:18.132983+00:00
cust_ext_3958,Клиент 3958,+79990003958,user_3958@example.com,2026-01-14 04:57:20.918039+00:00
cust_ext_3959,Клиент 3959,+79990003959,user_3959@example.com,2026-01-15 08:00:38.072598+00:00
cust_ext_3960,Клиент 3960,+79990003960,user_3960@example.com,2026-01-10 09:46:54.435749+00:00
cust_ext_3961,Клиент 3961,+79990003961,user_3961@example.com,2026-01-31 12:28:49.685239+00:00
cust_ext_3962,Клиент 3962,+79990003962,user_3962@example.com,2026-01-04 21:35:35.746248+00:00
cust_ext_3963,Клиент 3963,+79990003963,user_3963@example.com,2026-02-04 01:42:16.760018+00:00
cust_ext_3964,Клиент 3964,+79990003964,user_3964@example.com,2026-01-11 12:52:10.938382+00:00
cust_ext_3965,Клиент 3965,+79990003965,user_3965@example.com,2026-02-07 06:48:05.800133+00:00
cust_ext_3966,Клиент 3966,+79990003966,user_3966@example.com,2026-01-03 20:02:24.266228+00:00
cust_ext_3967,Клиент 3967,+79990003967,user_3967@example.com,2026-01-13 19:44:41.406563+00:00
cust_ext_3968,Клиент 3968,+79990003968,user_3968@example.com,2026-01-11 03:42:20.282099+00:00
cust_ext_3969,Клиент 3969,+79990003969,user_3969@example.com,2026-01-06 16:29:53.308643+00:00
cust_ext_3970,Клиент 3970,+79990003970,user_3970@example.com,2026-01-04 13:45:00.857820+00:00
cust_ext_3971,Клиент 3971,+79990003971,user_3971@example.com,2026-01-04 18:38:26.000947+00:00
cust_ext_3972,Клиент 3972,+79990003972,user_3972@example.com,2026-01-03 10:38:29.117636+00:00
cust_ext_3973,Клиент 3973,+79990003973,user_3973@example.com,2026-01-24 06:43:43.191281+00:00
cust_ext_3974,Клиент 3974,+79990003974,user_3974@example.com,2026-01-14 21:27:24.090682+00:00
cust_ext_3975,Клиент 3975,+79990003975,user_3975@example.com,2026-01-06 01:47:39.498009+00:00
cust_ext_3976,Клиент 3976,+79990003976,user_3976@example.com,2026-02-01 03:15:26.034218+00:00
cust_ext_3977,Клиент 3977,+79990003977,user_3977@example.com,2026-01-23 11:06:18.576488+00:00
cust_ext_3978,Клиент 3978,+79990003978,user_3978@example.com,2026-01-14 23:36:04.461602+00:00
cust_ext_3979,Клиент 3979,+79990003979,user_3979@example.com,2026-02-05 13:33:29.377999+00:00
cust_ext_3980,Клиент 3980,+79990003980,user_3980@example.com,2026-02-05 11:35:41.465005+00:00
cust_ext_3981,Клиент 3981,+79990003981,user_3981@example.com,2026-01-14 17:49:10.673737+00:00
cust_ext_3982,Клиент 3982,+79990003982,user_3982@example.com,2026-02-10 18:13:16.658745+00:00
cust_ext_3983,Клиент 3983,+79990003983,user_3983@example.com,2026-01-16 01:30:35.569677+00:00
cust_ext_3984,Клиент 3984,+79990003984,user_3984@example.com,2026-01-12 08:31:23.955372+00:00
cust_ext_3985,Клиент 3985,+79990003985,user_3985@example.com,2026-01-25 20:56:52.009574+00:00
cust_ext_3986,Клиент 3986,+79990003986,user_3986@example.com,2026-02-05 08:14:14.906948+00:00
cust_ext_3987,Клиент 3987,+79990003987,user_3987@example.com,2026-01-02 15:22:01.944528+00:00
cust_ext_3988,Клиент 3988,+79990003988,user_3988@example.com,2026-01-03 03:42:51.574319+00:00
cust_ext_3989,Клиент 3989,+79990003989,user_3989@example.com,2026-01-09 07:25:05.040427+00:00
cust_ext_3990,Клиент 3990,+79990003990,user_3990@example.com,2026-02-14 09:13:17.920153+00:00
cust_ext_3991,Клиент 3991,+79990003991,user_3991@example.com,2026-01-14 18:02:52.021122+00:00
cust_ext_3992,Клиент 3992,+79990003992,user_3992@example.com,2026-01-01 01:24:35.612592+00:00
cust_ext_3993,Клиент 3993,+79990003993,user_3993@example.com,2026-01-13 09:58:13.665372+00:00
cust_ext_3994,Клиент 3994,+79990003994,user_3994@example.com,2026-01-11 10:18:39.919532+00:00
cust_ext_3995,Клиент 3995,+79990003995,user_3995@example.com,2026-01-15 15:15:19.259040+00:00
cust_ext_3996,Клиент 3996,+79990003996,user_3996@example.com,2026-01-11 05:59:19.238450+00:00
cust_ext_3997,Клиент 3997,+79990003997,user_3997@example.com,2026-02-06 05:48:07.542546+00:00
cust_ext_3998,Клиент 3998,+79990003998,user_3998@example.com,2026-01-15 15:04:59.926715+00:00
cust_ext_3999,Клиент 3999,+79990003999,user_3999@example.com,2026-02-04 19:02:47.635579+00:00
cust_ext_4000,Клиент 4000,+79990004000,user_4000@example.com,2026-01-03 23:12:18.217165+00:00
cust_ext_4001,Клиент 4001,+79990004001,user_4001@example.com,2026-01-10 07:42:14.388057+00:00
cust_ext_4002,Клиент 4002,+79990004002,user_4002@example.com,2026-01-02 12:00:55.943033+00:00
cust_ext_4003,Клиент 4003,+79990004003,user_4003@example.com,2026-01-02 14:07:15.036404+00:00
cust_ext_4004,Клиент 4004,+79990004004,user_4004@example.com,2026-01-31 12:07:01.475582+00:00
cust_ext_4005,Клиент 4005,+79990004005,user_4005@example.com,2026-01-22 23:12:24.287204+00:00
cust_ext_4006,Клиент 4006,+79990004006,user_4006@example.com,2026-01-07 17:44:08.715655+00:00
cust_ext_4007,Клиент 4007,+79990004007,user_4007@example.com,2026-02-11 22:30:21.951531+00:00
cust_ext_4008,Клиент 4008,+79990004008,user_4008@example.com,2026-01-03 12:20:51.704010+00:00
cust_ext_4009,Клиент 4009,+79990004009,user_4009@example.com,2026-01-25 01:54:11.030875+00:00
cust_ext_4010,Клиент 4010,+79990004010,user_4010@example.com,2026-02-11 12:02:42.472326+00:00
cust_ext_4011,Клиент 4011,+79990004011,user_4011@example.com,2026-01-25 07:40:22.423537+00:00
cust_ext_4012,Клиент 4012,+79990004012,user_4012@example.com,2026-01-21 14:50:47.255613+00:00
cust_ext_4013,Клиент 4013,+79990004013,user_4013@example.com,2026-02-05 07:52:50.596919+00:00
cust_ext_4014,Клиент 4014,+79990004014,user_4014@example.com,2026-02-08 17:47:20.774188+00:00
cust_ext_4015,Клиент 4015,+79990004015,user_4015@example.com,2026-01-16 06:18:07.202950+00:00
cust_ext_4016,Клиент 4016,+79990004016,user_4016@example.com,2026-01-08 12:51:33.824421+00:00
cust_ext_4017,Клиент 4017,+79990004017,user_4017@example.com,2026-02-07 22:45:04.417719+00:00
cust_ext_4018,Клиент 4018,+79990004018,user_4018@example.com,2026-01-27 22:50:22.111894+00:00
cust_ext_4019,Клиент 4019,+79990004019,user_4019@example.com,2026-02-01 13:46:14.258640+00:00
cust_ext_4020,Клиент 4020,+79990004020,user_4020@example.com,2026-01-29 11:07:56.721152+00:00
cust_ext_4021,Клиент 4021,+79990004021,user_4021@example.com,2026-01-20 15:45:58.284251+00:00
cust_ext_4022,Клиент 4022,+79990004022,user_4022@example.com,2026-02-06 15:16:48.585602+00:00
cust_ext_4023,Клиент 4023,+79990004023,user_4023@example.com,2026-02-10 15:37:43.627319+00:00
cust_ext_4024,Клиент 4024,+79990004024,user_4024@example.com,2026-01-03 09:58:16.161923+00:00
cust_ext_4025,Клиент 4025,+79990004025,user_4025@example.com,2026-01-02 15:05:55.527267+00:00
cust_ext_4026,Клиент 4026,+79990004026,user_4026@example.com,2026-02-08 17:38:43.100070+00:00
cust_ext_4027,Клиент 4027,+79990004027,user_4027@example.com,2026-01-18 15:56:57.747921+00:00
cust_ext_4028,Клиент 4028,+79990004028,user_4028@example.com,2026-01-16 11:48:10.536948+00:00
cust_ext_4029,Клиент 4029,+79990004029,user_4029@example.com,2026-01-23 20:22:39.650615+00:00
cust_ext_4030,Клиент 4030,+79990004030,user_4030@example.com,2026-01-09 18:30:23.985336+00:00
cust_ext_4031,Клиент 4031,+79990004031,user_4031@example.com,2026-01-02 18:25:22.700345+00:00
cust_ext_4032,Клиент 4032,+79990004032,user_4032@example.com,2026-02-02 17:36:07.823774+00:00
cust_ext_4033,Клиент 4033,+79990004033,user_4033@example.com,2026-01-18 03:00:06.201514+00:00
cust_ext_4034,Клиент 4034,+79990004034,user_4034@example.com,2026-01-09 15:45:33.533948+00:00
cust_ext_4035,Клиент 4035,+79990004035,user_4035@example.com,2026-01-30 17:40:44.041890+00:00
cust_ext_4036,Клиент 4036,+79990004036,user_4036@example.com,2026-01-24 01:08:06.932265+00:00
cust_ext_4037,Клиент 4037,+79990004037,user_4037@example.com,2026-01-07 23:58:19.048464+00:00
cust_ext_4038,Клиент 4038,+79990004038,user_4038@example.com,2026-01-07 01:45:53.403771+00:00
cust_ext_4039,Клиент 4039,+79990004039,user_4039@example.com,2026-01-30 21:25:01.375342+00:00
cust_ext_4040,Клиент 4040,+79990004040,user_4040@example.com,2026-01-02 10:21:27.704247+00:00
cust_ext_4041,Клиент 4041,+79990004041,user_4041@example.com,2026-01-25 12:02:23.042413+00:00
cust_ext_4042,Клиент 4042,+79990004042,user_4042@example.com,2026-01-07 01:14:09.499539+00:00
cust_ext_4043,Клиент 4043,+79990004043,user_4043@example.com,2026-02-04 14:07:57.173537+00:00
cust_ext_4044,Клиент 4044,+79990004044,user_4044@example.com,2026-01-06 07:14:54.168797+00:00
cust_ext_4045,Клиент 4045,+79990004045,user_4045@example.com,2026-02-09 06:12:53.909416+00:00
cust_ext_4046,Клиент 4046,+79990004046,user_4046@example.com,2026-01-13 07:42:08.861929+00:00
cust_ext_4047,Клиент 4047,+79990004047,user_4047@example.com,2026-01-20 14:10:28.005811+00:00
cust_ext_4048,Клиент 4048,+79990004048,user_4048@example.com,2026-02-04 18:37:19.892628+00:00
cust_ext_4049,Клиент 4049,+79990004049,user_4049@example.com,2026-01-30 01:12:27.731404+00:00
cust_ext_4050,Клиент 4050,+79990004050,user_4050@example.com,2026-02-11 02:00:00.241435+00:00
cust_ext_4051,Клиент 4051,+79990004051,user_4051@example.com,2026-01-14 09:33:00.845352+00:00
cust_ext_4052,Клиент 4052,+79990004052,user_4052@example.com,2026-02-01 22:38:26.215356+00:00
cust_ext_4053,Клиент 4053,+79990004053,user_4053@example.com,2026-01-11 18:19:29.704360+00:00
cust_ext_4054,Клиент 4054,+79990004054,user_4054@example.com,2026-01-26 02:50:52.591498+00:00
cust_ext_4055,Клиент 4055,+79990004055,user_4055@example.com,2026-02-10 19:41:01.484200+00:00
cust_ext_4056,Клиент 4056,+79990004056,user_4056@example.com,2026-01-23 15:10:28.759528+00:00
cust_ext_4057,Клиент 4057,+79990004057,user_4057@example.com,2026-02-05 06:56:28.312182+00:00
cust_ext_4058,Клиент 4058,+79990004058,user_4058@example.com,2026-02-09 20:22:54.824699+00:00
cust_ext_4059,Клиент 4059,+79990004059,user_4059@example.com,2026-01-02 19:48:33.814284+00:00
cust_ext_4060,Клиент 4060,+79990004060,user_4060@example.com,2026-02-11 09:43:25.649002+00:00
cust_ext_4061,Клиент 4061,+79990004061,user_4061@example.com,2026-01-30 08:10:03.574636+00:00
cust_ext_4062,Клиент 4062,+79990004062,user_4062@example.com,2026-01-21 03:36:11.955383+00:00
cust_ext_4063,Клиент 4063,+79990004063,user_4063@example.com,2026-02-14 23:53:56.423704+00:00
cust_ext_4064,Клиент 4064,+79990004064,user_4064@example.com,2026-02-09 07:35:57.094397+00:00
cust_ext_4065,Клиент 4065,+79990004065,user_4065@example.com,2026-02-10 18:27:30.782857+00:00
cust_ext_4066,Клиент 4066,+79990004066,user_4066@example.com,2026-02-13 02:31:13.116393+00:00
cust_ext_4067,Клиент 4067,+79990004067,user_4067@example.com,2026-02-10 11:07:01.047941+00:00
cust_ext_4068,Клиент 4068,+79990004068,user_4068@example.com,2026-02-02 13:14:50.108496+00:00
cust_ext_4069,Клиент 4069,+79990004069,user_4069@example.com,2026-02-02 21:34:04.282252+00:00
cust_ext_4070,Клиент 4070,+79990004070,user_4070@example.com,2026-01-04 15:34:51.661286+00:00
cust_ext_4071,Клиент 4071,+79990004071,user_4071@example.com,2026-01-24 14:38:29.088242+00:00
cust_ext_4072,Клиент 4072,+79990004072,user_4072@example.com,2026-01-12 16:49:23.328095+00:00
cust_ext_4073,Клиент 4073,+79990004073,user_4073@example.com,2026-01-04 13:33:06.947057+00:00
cust_ext_4074,Клиент 4074,+79990004074,user_4074@example.com,2026-01-23 16:22:34.923970+00:00
cust_ext_4075,Клиент 4075,+79990004075,user_4075@example.com,2026-01-21 21:06:32.382350+00:00
cust_ext_4076,Клиент 4076,+79990004076,user_4076@example.com,2026-01-21 23:48:21.669394+00:00
cust_ext_4077,Клиент 4077,+79990004077,user_4077@example.com,2026-02-08 06:11:32.551318+00:00
cust_ext_4078,Клиент 4078,+79990004078,user_4078@example.com,2026-01-07 13:30:10.168221+00:00
cust_ext_4079,Клиент 4079,+79990004079,user_4079@example.com,2026-02-07 08:42:55.655598+00:00
cust_ext_4080,Клиент 4080,+79990004080,user_4080@example.com,2026-01-13 08:24:57.232465+00:00
cust_ext_4081,Клиент 4081,+79990004081,user_4081@example.com,2026-01-31 06:37:24.465081+00:00
cust_ext_4082,Клиент 4082,+79990004082,user_4082@example.com,2026-02-07 00:39:32.516009+00:00
cust_ext_4083,Клиент 4083,+79990004083,user_4083@example.com,2026-01-24 16:02:41.773317+00:00
cust_ext_4084,Клиент 4084,+79990004084,user_4084@example.com,2026-02-04 15:35:50.988188+00:00
cust_ext_4085,Клиент 4085,+79990004085,user_4085@example.com,2026-02-11 02:05:18.954577+00:00
cust_ext_4086,Клиент 4086,+79990004086,user_4086@example.com,2026-02-12 18:36:35.567289+00:00
cust_ext_4087,Клиент 4087,+79990004087,user_4087@example.com,2026-01-10 08:57:42.249686+00:00
cust_ext_4088,Клиент 4088,+79990004088,user_4088@example.com,2026-01-02 06:58:33.653691+00:00
cust_ext_4089,Клиент 4089,+79990004089,user_4089@example.com,2026-01-20 22:36:48.525515+00:00
cust_ext_4090,Клиент 4090,+79990004090,user_4090@example.com,2026-01-09 13:22:04.229205+00:00
cust_ext_4091,Клиент 4091,+79990004091,user_4091@example.com,2026-02-09 01:55:18.257353+00:00
cust_ext_4092,Клиент 4092,+79990004092,user_4092@example.com,2026-01-21 07:35:40.502627+00:00
cust_ext_4093,Клиент 4093,+79990004093,user_4093@example.com,2026-01-28 21:14:52.691555+00:00
cust_ext_4094,Клиент 4094,+79990004094,user_4094@example.com,2026-01-24 12:42:16.201730+00:00
cust_ext_4095,Клиент 4095,+79990004095,user_4095@example.com,2026-01-16 13:54:07.326851+00:00
cust_ext_4096,Клиент 4096,+79990004096,user_4096@example.com,2026-01-05 00:21:17.513015+00:00
cust_ext_4097,Клиент 4097,+79990004097,user_4097@example.com,2026-02-01 06:48:54.245745+00:00
cust_ext_4098,Клиент 4098,+79990004098,user_4098@example.com,2026-01-05 20:17:49.472236+00:00
cust_ext_4099,Клиент 4099,+79990004099,user_4099@example.com,2026-02-09 07:56:54.411752+00:00
cust_ext_4100,Клиент 4100,+79990004100,user_4100@example.com,2026-01-08 14:59:42.137571+00:00
cust_ext_4101,Клиент 4101,+79990004101,user_4101@example.com,2026-01-15 08:53:20.457745+00:00
cust_ext_4102,Клиент 4102,+79990004102,user_4102@example.com,2026-01-23 06:13:34.265964+00:00
cust_ext_4103,Клиент 4103,+79990004103,user_4103@example.com,2026-02-07 18:45:18.344343+00:00
cust_ext_4104,Клиент 4104,+79990004104,user_4104@example.com,2026-01-28 15:10:56.689106+00:00
cust_ext_4105,Клиент 4105,+79990004105,user_4105@example.com,2026-01-14 19:10:22.300763+00:00
cust_ext_4106,Клиент 4106,+79990004106,user_4106@example.com,2026-01-09 22:43:57.751393+00:00
cust_ext_4107,Клиент 4107,+79990004107,user_4107@example.com,2026-01-18 01:11:45.189645+00:00
cust_ext_4108,Клиент 4108,+79990004108,user_4108@example.com,2026-01-20 12:37:48.692505+00:00
cust_ext_4109,Клиент 4109,+79990004109,user_4109@example.com,2026-02-07 17:02:12.019657+00:00
cust_ext_4110,Клиент 4110,+79990004110,user_4110@example.com,2026-02-02 20:23:24.661028+00:00
cust_ext_4111,Клиент 4111,+79990004111,user_4111@example.com,2026-01-01 19:50:31.656231+00:00
cust_ext_4112,Клиент 4112,+79990004112,user_4112@example.com,2026-01-24 19:55:07.716234+00:00
cust_ext_4113,Клиент 4113,+79990004113,user_4113@example.com,2026-01-07 14:44:34.842304+00:00
cust_ext_4114,Клиент 4114,+79990004114,user_4114@example.com,2026-01-08 04:32:03.558132+00:00
cust_ext_4115,Клиент 4115,+79990004115,user_4115@example.com,2026-01-19 16:22:24.997569+00:00
cust_ext_4116,Клиент 4116,+79990004116,user_4116@example.com,2026-01-25 19:18:15.772301+00:00
cust_ext_4117,Клиент 4117,+79990004117,user_4117@example.com,2026-01-17 12:35:22.021881+00:00
cust_ext_4118,Клиент 4118,+79990004118,user_4118@example.com,2026-02-10 05:40:58.111168+00:00
cust_ext_4119,Клиент 4119,+79990004119,user_4119@example.com,2026-01-09 13:27:28.549803+00:00
cust_ext_4120,Клиент 4120,+79990004120,user_4120@example.com,2026-01-24 05:43:36.887587+00:00
cust_ext_4121,Клиент 4121,+79990004121,user_4121@example.com,2026-01-26 07:01:59.456452+00:00
cust_ext_4122,Клиент 4122,+79990004122,user_4122@example.com,2026-01-27 21:59:40.370161+00:00
cust_ext_4123,Клиент 4123,+79990004123,user_4123@example.com,2026-01-31 12:28:16.374644+00:00
cust_ext_4124,Клиент 4124,+79990004124,user_4124@example.com,2026-02-04 00:17:03.572794+00:00
cust_ext_4125,Клиент 4125,+79990004125,user_4125@example.com,2026-01-18 01:18:39.294294+00:00
cust_ext_4126,Клиент 4126,+79990004126,user_4126@example.com,2026-01-05 04:18:20.890809+00:00
cust_ext_4127,Клиент 4127,+79990004127,user_4127@example.com,2026-01-10 04:15:09.662771+00:00
cust_ext_4128,Клиент 4128,+79990004128,user_4128@example.com,2026-01-20 10:09:21.475835+00:00
cust_ext_4129,Клиент 4129,+79990004129,user_4129@example.com,2026-01-16 14:39:59.778332+00:00
cust_ext_4130,Клиент 4130,+79990004130,user_4130@example.com,2026-01-11 17:55:28.475547+00:00
cust_ext_4131,Клиент 4131,+79990004131,user_4131@example.com,2026-01-21 14:42:47.198388+00:00
cust_ext_4132,Клиент 4132,+79990004132,user_4132@example.com,2026-01-10 11:24:30.878841+00:00
cust_ext_4133,Клиент 4133,+79990004133,user_4133@example.com,2026-01-31 11:52:42.526909+00:00
cust_ext_4134,Клиент 4134,+79990004134,user_4134@example.com,2026-02-01 21:05:30.917220+00:00
cust_ext_4135,Клиент 4135,+79990004135,user_4135@example.com,2026-01-31 06:26:48.011117+00:00
cust_ext_4136,Клиент 4136,+79990004136,user_4136@example.com,2026-01-15 15:23:37.075234+00:00
cust_ext_4137,Клиент 4137,+79990004137,user_4137@example.com,2026-02-03 15:24:57.241668+00:00
cust_ext_4138,Клиент 4138,+79990004138,user_4138@example.com,2026-02-13 15:42:22.954879+00:00
cust_ext_4139,Клиент 4139,+79990004139,user_4139@example.com,2026-02-11 12:40:58.629305+00:00
cust_ext_4140,Клиент 4140,+79990004140,user_4140@example.com,2026-01-16 17:46:00.444030+00:00
cust_ext_4141,Клиент 4141,+79990004141,user_4141@example.com,2026-01-30 14:51:34.484503+00:00
cust_ext_4142,Клиент 4142,+79990004142,user_4142@example.com,2026-01-09 22:50:30.992052+00:00
cust_ext_4143,Клиент 4143,+79990004143,user_4143@example.com,2026-01-12 01:52:46.580141+00:00
cust_ext_4144,Клиент 4144,+79990004144,user_4144@example.com,2026-01-19 13:53:45.148081+00:00
cust_ext_4145,Клиент 4145,+79990004145,user_4145@example.com,2026-01-12 15:38:10.855915+00:00
cust_ext_4146,Клиент 4146,+79990004146,user_4146@example.com,2026-02-07 04:30:37.895691+00:00
cust_ext_4147,Клиент 4147,+79990004147,user_4147@example.com,2026-01-03 02:41:24.162377+00:00
cust_ext_4148,Клиент 4148,+79990004148,user_4148@example.com,2026-02-07 20:37:21.798609+00:00
cust_ext_4149,Клиент 4149,+79990004149,user_4149@example.com,2026-02-05 04:07:38.706230+00:00
cust_ext_4150,Клиент 4150,+79990004150,user_4150@example.com,2026-02-01 12:53:48.524402+00:00
cust_ext_4151,Клиент 4151,+79990004151,user_4151@example.com,2026-01-20 14:45:41.992208+00:00
cust_ext_4152,Клиент 4152,+79990004152,user_4152@example.com,2026-01-15 21:08:46.974922+00:00
cust_ext_4153,Клиент 4153,+79990004153,user_4153@example.com,2026-01-05 12:43:02.702743+00:00
cust_ext_4154,Клиент 4154,+79990004154,user_4154@example.com,2026-02-10 19:02:01.220742+00:00
cust_ext_4155,Клиент 4155,+79990004155,user_4155@example.com,2026-02-12 00:54:17.515401+00:00
cust_ext_4156,Клиент 4156,+79990004156,user_4156@example.com,2026-02-01 17:52:13.679614+00:00
cust_ext_4157,Клиент 4157,+79990004157,user_4157@example.com,2026-01-27 01:05:57.171231+00:00
cust_ext_4158,Клиент 4158,+79990004158,user_4158@example.com,2026-01-11 01:18:36.445590+00:00
cust_ext_4159,Клиент 4159,+79990004159,user_4159@example.com,2026-01-19 01:10:08.390284+00:00
cust_ext_4160,Клиент 4160,+79990004160,user_4160@example.com,2026-01-26 14:46:12.260934+00:00
cust_ext_4161,Клиент 4161,+79990004161,user_4161@example.com,2026-01-18 08:53:10.760325+00:00
cust_ext_4162,Клиент 4162,+79990004162,user_4162@example.com,2026-01-19 23:10:22.212548+00:00
cust_ext_4163,Клиент 4163,+79990004163,user_4163@example.com,2026-01-19 01:49:29.530549+00:00
cust_ext_4164,Клиент 4164,+79990004164,user_4164@example.com,2026-02-07 15:01:53.123791+00:00
cust_ext_4165,Клиент 4165,+79990004165,user_4165@example.com,2026-01-23 22:03:37.714289+00:00
cust_ext_4166,Клиент 4166,+79990004166,user_4166@example.com,2026-01-25 02:11:34.056077+00:00
cust_ext_4167,Клиент 4167,+79990004167,user_4167@example.com,2026-02-06 10:33:58.903547+00:00
cust_ext_4168,Клиент 4168,+79990004168,user_4168@example.com,2026-01-05 07:07:02.748304+00:00
cust_ext_4169,Клиент 4169,+79990004169,user_4169@example.com,2026-02-10 06:47:12.156757+00:00
cust_ext_4170,Клиент 4170,+79990004170,user_4170@example.com,2026-02-01 09:56:06.431361+00:00
cust_ext_4171,Клиент 4171,+79990004171,user_4171@example.com,2026-01-25 09:28:16.983835+00:00
cust_ext_4172,Клиент 4172,+79990004172,user_4172@example.com,2026-02-03 10:00:38.999758+00:00
cust_ext_4173,Клиент 4173,+79990004173,user_4173@example.com,2026-01-21 03:51:57.694645+00:00
cust_ext_4174,Клиент 4174,+79990004174,user_4174@example.com,2026-02-14 20:11:01.863084+00:00
cust_ext_4175,Клиент 4175,+79990004175,user_4175@example.com,2026-02-10 10:52:54.647170+00:00
cust_ext_4176,Клиент 4176,+79990004176,user_4176@example.com,2026-01-11 11:43:25.863526+00:00
cust_ext_4177,Клиент 4177,+79990004177,user_4177@example.com,2026-02-11 19:14:21.970269+00:00
cust_ext_4178,Клиент 4178,+79990004178,user_4178@example.com,2026-01-02 00:07:50.385461+00:00
cust_ext_4179,Клиент 4179,+79990004179,user_4179@example.com,2026-01-12 15:54:10.336522+00:00
cust_ext_4180,Клиент 4180,+79990004180,user_4180@example.com,2026-01-07 22:05:09.139122+00:00
cust_ext_4181,Клиент 4181,+79990004181,user_4181@example.com,2026-02-10 13:36:47.614404+00:00
cust_ext_4182,Клиент 4182,+79990004182,user_4182@example.com,2026-02-06 05:36:09.177208+00:00
cust_ext_4183,Клиент 4183,+79990004183,user_4183@example.com,2026-02-05 12:38:42.145778+00:00
cust_ext_4184,Клиент 4184,+79990004184,user_4184@example.com,2026-02-06 17:24:34.120369+00:00
cust_ext_4185,Клиент 4185,+79990004185,user_4185@example.com,2026-01-21 00:34:31.177976+00:00
cust_ext_4186,Клиент 4186,+79990004186,user_4186@example.com,2026-01-05 23:44:53.920310+00:00
cust_ext_4187,Клиент 4187,+79990004187,user_4187@example.com,2026-02-06 04:22:27.452741+00:00
cust_ext_4188,Клиент 4188,+79990004188,user_4188@example.com,2026-02-12 11:40:51.729156+00:00
cust_ext_4189,Клиент 4189,+79990004189,user_4189@example.com,2026-01-21 08:28:13.884847+00:00
cust_ext_4190,Клиент 4190,+79990004190,user_4190@example.com,2026-01-26 02:49:14.330059+00:00
cust_ext_4191,Клиент 4191,+79990004191,user_4191@example.com,2026-01-04 10:15:00.608905+00:00
cust_ext_4192,Клиент 4192,+79990004192,user_4192@example.com,2026-01-30 12:13:06.150575+00:00
cust_ext_4193,Клиент 4193,+79990004193,user_4193@example.com,2026-02-07 03:17:46.994178+00:00
cust_ext_4194,Клиент 4194,+79990004194,user_4194@example.com,2026-01-28 04:01:22.298375+00:00
cust_ext_4195,Клиент 4195,+79990004195,user_4195@example.com,2026-01-04 21:17:47.236309+00:00
cust_ext_4196,Клиент 4196,+79990004196,user_4196@example.com,2026-01-16 09:09:16.399434+00:00
cust_ext_4197,Клиент 4197,+79990004197,user_4197@example.com,2026-02-04 23:17:17.939162+00:00
cust_ext_4198,Клиент 4198,+79990004198,user_4198@example.com,2026-01-03 14:18:17.038865+00:00
cust_ext_4199,Клиент 4199,+79990004199,user_4199@example.com,2026-01-04 18:37:18.517854+00:00
cust_ext_4200,Клиент 4200,+79990004200,user_4200@example.com,2026-02-12 02:13:50.569534+00:00
cust_ext_4201,Клиент 4201,+79990004201,user_4201@example.com,2026-02-13 16:48:53.500773+00:00
cust_ext_4202,Клиент 4202,+79990004202,user_4202@example.com,2026-01-18 17:08:23.169294+00:00
cust_ext_4203,Клиент 4203,+79990004203,user_4203@example.com,2026-01-28 13:20:54.645909+00:00
cust_ext_4204,Клиент 4204,+79990004204,user_4204@example.com,2026-01-02 13:28:12.155281+00:00
cust_ext_4205,Клиент 4205,+79990004205,user_4205@example.com,2026-02-10 11:49:57.129225+00:00
cust_ext_4206,Клиент 4206,+79990004206,user_4206@example.com,2026-02-04 09:31:57.012517+00:00
cust_ext_4207,Клиент 4207,+79990004207,user_4207@example.com,2026-01-06 07:15:08.990327+00:00
cust_ext_4208,Клиент 4208,+79990004208,user_4208@example.com,2026-01-20 07:15:48.436324+00:00
cust_ext_4209,Клиент 4209,+79990004209,user_4209@example.com,2026-01-04 15:18:15.704600+00:00
cust_ext_4210,Клиент 4210,+79990004210,user_4210@example.com,2026-01-19 01:16:37.971718+00:00
cust_ext_4211,Клиент 4211,+79990004211,user_4211@example.com,2026-01-17 03:44:59.895457+00:00
cust_ext_4212,Клиент 4212,+79990004212,user_4212@example.com,2026-02-14 12:06:38.980822+00:00
cust_ext_4213,Клиент 4213,+79990004213,user_4213@example.com,2026-02-04 02:20:14.737499+00:00
cust_ext_4214,Клиент 4214,+79990004214,user_4214@example.com,2026-01-16 15:36:44.593719+00:00
cust_ext_4215,Клиент 4215,+79990004215,user_4215@example.com,2026-01-22 22:17:48.451725+00:00
cust_ext_4216,Клиент 4216,+79990004216,user_4216@example.com,2026-02-06 19:58:28.947691+00:00
cust_ext_4217,Клиент 4217,+79990004217,user_4217@example.com,2026-01-29 14:05:08.139642+00:00
cust_ext_4218,Клиент 4218,+79990004218,user_4218@example.com,2026-02-11 13:58:36.651777+00:00
cust_ext_4219,Клиент 4219,+79990004219,user_4219@example.com,2026-01-07 02:53:05.126872+00:00
cust_ext_4220,Клиент 4220,+79990004220,user_4220@example.com,2026-02-03 00:45:44.302674+00:00
cust_ext_4221,Клиент 4221,+79990004221,user_4221@example.com,2026-02-08 16:54:44.743673+00:00
cust_ext_4222,Клиент 4222,+79990004222,user_4222@example.com,2026-01-21 22:14:05.233802+00:00
cust_ext_4223,Клиент 4223,+79990004223,user_4223@example.com,2026-01-01 09:21:33.751480+00:00
cust_ext_4224,Клиент 4224,+79990004224,user_4224@example.com,2026-01-31 22:53:08.660073+00:00
cust_ext_4225,Клиент 4225,+79990004225,user_4225@example.com,2026-02-03 15:56:58.353113+00:00
cust_ext_4226,Клиент 4226,+79990004226,user_4226@example.com,2026-01-02 18:49:34.211887+00:00
cust_ext_4227,Клиент 4227,+79990004227,user_4227@example.com,2026-01-30 07:30:03.821250+00:00
cust_ext_4228,Клиент 4228,+79990004228,user_4228@example.com,2026-01-29 12:59:37.826397+00:00
cust_ext_4229,Клиент 4229,+79990004229,user_4229@example.com,2026-01-25 23:02:28.838524+00:00
cust_ext_4230,Клиент 4230,+79990004230,user_4230@example.com,2026-02-07 01:34:08.963381+00:00
cust_ext_4231,Клиент 4231,+79990004231,user_4231@example.com,2026-02-07 07:58:02.446241+00:00
cust_ext_4232,Клиент 4232,+79990004232,user_4232@example.com,2026-02-09 22:25:33.559862+00:00
cust_ext_4233,Клиент 4233,+79990004233,user_4233@example.com,2026-01-06 15:12:57.315089+00:00
cust_ext_4234,Клиент 4234,+79990004234,user_4234@example.com,2026-02-12 20:34:23.912872+00:00
cust_ext_4235,Клиент 4235,+79990004235,user_4235@example.com,2026-02-11 00:14:28.303090+00:00
cust_ext_4236,Клиент 4236,+79990004236,user_4236@example.com,2026-01-17 23:46:31.831947+00:00
cust_ext_4237,Клиент 4237,+79990004237,user_4237@example.com,2026-02-01 23:49:00.421874+00:00
cust_ext_4238,Клиент 4238,+79990004238,user_4238@example.com,2026-01-07 19:55:19.172704+00:00
cust_ext_4239,Клиент 4239,+79990004239,user_4239@example.com,2026-01-26 14:59:53.863241+00:00
cust_ext_4240,Клиент 4240,+79990004240,user_4240@example.com,2026-01-17 17:43:47.636290+00:00
cust_ext_4241,Клиент 4241,+79990004241,user_4241@example.com,2026-01-23 02:29:30.651485+00:00
cust_ext_4242,Клиент 4242,+79990004242,user_4242@example.com,2026-01-05 02:41:39.288688+00:00
cust_ext_4243,Клиент 4243,+79990004243,user_4243@example.com,2026-01-22 14:08:18.159102+00:00
cust_ext_4244,Клиент 4244,+79990004244,user_4244@example.com,2026-02-10 18:43:04.106216+00:00
cust_ext_4245,Клиент 4245,+79990004245,user_4245@example.com,2026-01-01 18:12:10.009248+00:00
cust_ext_4246,Клиент 4246,+79990004246,user_4246@example.com,2026-01-22 00:04:57.502848+00:00
cust_ext_4247,Клиент 4247,+79990004247,user_4247@example.com,2026-02-01 07:18:05.264115+00:00
cust_ext_4248,Клиент 4248,+79990004248,user_4248@example.com,2026-01-31 10:07:40.335734+00:00
cust_ext_4249,Клиент 4249,+79990004249,user_4249@example.com,2026-01-03 02:42:33.305590+00:00
cust_ext_4250,Клиент 4250,+79990004250,user_4250@example.com,2026-02-13 20:06:23.904926+00:00
cust_ext_4251,Клиент 4251,+79990004251,user_4251@example.com,2026-01-11 04:09:43.536269+00:00
cust_ext_4252,Клиент 4252,+79990004252,user_4252@example.com,2026-01-04 13:04:26.000822+00:00
cust_ext_4253,Клиент 4253,+79990004253,user_4253@example.com,2026-02-02 12:09:44.465700+00:00
cust_ext_4254,Клиент 4254,+79990004254,user_4254@example.com,2026-02-14 10:23:51.280712+00:00
cust_ext_4255,Клиент 4255,+79990004255,user_4255@example.com,2026-01-19 15:13:55.715617+00:00
cust_ext_4256,Клиент 4256,+79990004256,user_4256@example.com,2026-02-05 20:47:30.699851+00:00
cust_ext_4257,Клиент 4257,+79990004257,user_4257@example.com,2026-01-19 10:40:36.296865+00:00
cust_ext_4258,Клиент 4258,+79990004258,user_4258@example.com,2026-01-16 16:05:35.946875+00:00
cust_ext_4259,Клиент 4259,+79990004259,user_4259@example.com,2026-01-13 02:15:45.796905+00:00
cust_ext_4260,Клиент 4260,+79990004260,user_4260@example.com,2026-01-11 18:40:23.392446+00:00
cust_ext_4261,Клиент 4261,+79990004261,user_4261@example.com,2026-01-17 15:23:26.603567+00:00
cust_ext_4262,Клиент 4262,+79990004262,user_4262@example.com,2026-01-03 12:09:09.396047+00:00
cust_ext_4263,Клиент 4263,+79990004263,user_4263@example.com,2026-01-29 14:29:44.129748+00:00
cust_ext_4264,Клиент 4264,+79990004264,user_4264@example.com,2026-01-24 10:44:28.678034+00:00
cust_ext_4265,Клиент 4265,+79990004265,user_4265@example.com,2026-01-15 02:17:34.412334+00:00
cust_ext_4266,Клиент 4266,+79990004266,user_4266@example.com,2026-02-09 10:37:56.429853+00:00
cust_ext_4267,Клиент 4267,+79990004267,user_4267@example.com,2026-01-22 07:47:08.836486+00:00
cust_ext_4268,Клиент 4268,+79990004268,user_4268@example.com,2026-01-15 06:53:54.823342+00:00
cust_ext_4269,Клиент 4269,+79990004269,user_4269@example.com,2026-01-16 07:32:01.689339+00:00
cust_ext_4270,Клиент 4270,+79990004270,user_4270@example.com,2026-01-14 01:43:00.862064+00:00
cust_ext_4271,Клиент 4271,+79990004271,user_4271@example.com,2026-01-22 18:39:00.278322+00:00
cust_ext_4272,Клиент 4272,+79990004272,user_4272@example.com,2026-01-17 04:53:20.995828+00:00
cust_ext_4273,Клиент 4273,+79990004273,user_4273@example.com,2026-01-25 19:58:19.997741+00:00
cust_ext_4274,Клиент 4274,+79990004274,user_4274@example.com,2026-01-25 12:52:46.457331+00:00
cust_ext_4275,Клиент 4275,+79990004275,user_4275@example.com,2026-01-26 00:54:21.388599+00:00
cust_ext_4276,Клиент 4276,+79990004276,user_4276@example.com,2026-01-18 12:46:34.194602+00:00
cust_ext_4277,Клиент 4277,+79990004277,user_4277@example.com,2026-01-18 03:36:46.122550+00:00
cust_ext_4278,Клиент 4278,+79990004278,user_4278@example.com,2026-01-17 16:30:26.202074+00:00
cust_ext_4279,Клиент 4279,+79990004279,user_4279@example.com,2026-02-13 04:20:02.498209+00:00
cust_ext_4280,Клиент 4280,+79990004280,user_4280@example.com,2026-01-13 03:49:24.379259+00:00
cust_ext_4281,Клиент 4281,+79990004281,user_4281@example.com,2026-01-31 12:44:12.993348+00:00
cust_ext_4282,Клиент 4282,+79990004282,user_4282@example.com,2026-01-27 03:28:58.118338+00:00
cust_ext_4283,Клиент 4283,+79990004283,user_4283@example.com,2026-01-14 13:45:38.150904+00:00
cust_ext_4284,Клиент 4284,+79990004284,user_4284@example.com,2026-02-05 15:43:23.342143+00:00
cust_ext_4285,Клиент 4285,+79990004285,user_4285@example.com,2026-01-13 00:56:52.711666+00:00
cust_ext_4286,Клиент 4286,+79990004286,user_4286@example.com,2026-02-14 09:51:36.173196+00:00
cust_ext_4287,Клиент 4287,+79990004287,user_4287@example.com,2026-01-12 20:12:59.479657+00:00
cust_ext_4288,Клиент 4288,+79990004288,user_4288@example.com,2026-01-28 21:55:33.432758+00:00
cust_ext_4289,Клиент 4289,+79990004289,user_4289@example.com,2026-01-21 00:40:32.650563+00:00
cust_ext_4290,Клиент 4290,+79990004290,user_4290@example.com,2026-01-14 04:14:55.161781+00:00
cust_ext_4291,Клиент 4291,+79990004291,user_4291@example.com,2026-01-18 16:02:53.029151+00:00
cust_ext_4292,Клиент 4292,+79990004292,user_4292@example.com,2026-01-05 08:40:12.681250+00:00
cust_ext_4293,Клиент 4293,+79990004293,user_4293@example.com,2026-01-23 13:57:13.469595+00:00
cust_ext_4294,Клиент 4294,+79990004294,user_4294@example.com,2026-01-28 08:25:29.573340+00:00
cust_ext_4295,Клиент 4295,+79990004295,user_4295@example.com,2026-02-11 10:00:19.664591+00:00
cust_ext_4296,Клиент 4296,+79990004296,user_4296@example.com,2026-01-15 04:19:57.142084+00:00
cust_ext_4297,Клиент 4297,+79990004297,user_4297@example.com,2026-02-01 15:31:59.144310+00:00
cust_ext_4298,Клиент 4298,+79990004298,user_4298@example.com,2026-01-21 00:23:57.772271+00:00
cust_ext_4299,Клиент 4299,+79990004299,user_4299@example.com,2026-02-14 18:30:34.870895+00:00
cust_ext_4300,Клиент 4300,+79990004300,user_4300@example.com,2026-01-23 09:12:01.988018+00:00
cust_ext_4301,Клиент 4301,+79990004301,user_4301@example.com,2026-01-31 01:09:37.041750+00:00
cust_ext_4302,Клиент 4302,+79990004302,user_4302@example.com,2026-01-17 06:45:23.251990+00:00
cust_ext_4303,Клиент 4303,+79990004303,user_4303@example.com,2026-01-21 22:16:11.451929+00:00
cust_ext_4304,Клиент 4304,+79990004304,user_4304@example.com,2026-02-06 16:45:35.381798+00:00
cust_ext_4305,Клиент 4305,+79990004305,user_4305@example.com,2026-01-27 01:43:46.960234+00:00
cust_ext_4306,Клиент 4306,+79990004306,user_4306@example.com,2026-01-06 07:05:46.850741+00:00
cust_ext_4307,Клиент 4307,+79990004307,user_4307@example.com,2026-01-09 05:16:24.761021+00:00
cust_ext_4308,Клиент 4308,+79990004308,user_4308@example.com,2026-01-24 17:00:37.885701+00:00
cust_ext_4309,Клиент 4309,+79990004309,user_4309@example.com,2026-01-28 11:17:04.276613+00:00
cust_ext_4310,Клиент 4310,+79990004310,user_4310@example.com,2026-01-19 09:38:36.485526+00:00
cust_ext_4311,Клиент 4311,+79990004311,user_4311@example.com,2026-01-24 02:26:48.313162+00:00
cust_ext_4312,Клиент 4312,+79990004312,user_4312@example.com,2026-01-19 05:06:26.898828+00:00
cust_ext_4313,Клиент 4313,+79990004313,user_4313@example.com,2026-02-09 22:31:47.608074+00:00
cust_ext_4314,Клиент 4314,+79990004314,user_4314@example.com,2026-01-24 00:39:14.936168+00:00
cust_ext_4315,Клиент 4315,+79990004315,user_4315@example.com,2026-02-09 11:43:52.645178+00:00
cust_ext_4316,Клиент 4316,+79990004316,user_4316@example.com,2026-01-25 10:10:51.158069+00:00
cust_ext_4317,Клиент 4317,+79990004317,user_4317@example.com,2026-01-24 08:21:32.298144+00:00
cust_ext_4318,Клиент 4318,+79990004318,user_4318@example.com,2026-01-02 15:40:35.994074+00:00
cust_ext_4319,Клиент 4319,+79990004319,user_4319@example.com,2026-01-28 01:39:39.065908+00:00
cust_ext_4320,Клиент 4320,+79990004320,user_4320@example.com,2026-02-09 09:18:14.125845+00:00
cust_ext_4321,Клиент 4321,+79990004321,user_4321@example.com,2026-01-06 13:00:53.530541+00:00
cust_ext_4322,Клиент 4322,+79990004322,user_4322@example.com,2026-01-26 16:10:25.525161+00:00
cust_ext_4323,Клиент 4323,+79990004323,user_4323@example.com,2026-01-09 10:27:59.967193+00:00
cust_ext_4324,Клиент 4324,+79990004324,user_4324@example.com,2026-02-12 05:24:36.871681+00:00
cust_ext_4325,Клиент 4325,+79990004325,user_4325@example.com,2026-01-16 03:14:43.974375+00:00
cust_ext_4326,Клиент 4326,+79990004326,user_4326@example.com,2026-02-02 05:11:15.676386+00:00
cust_ext_4327,Клиент 4327,+79990004327,user_4327@example.com,2026-02-04 11:02:09.793019+00:00
cust_ext_4328,Клиент 4328,+79990004328,user_4328@example.com,2026-01-21 00:45:53.059758+00:00
cust_ext_4329,Клиент 4329,+79990004329,user_4329@example.com,2026-01-11 16:21:31.322740+00:00
cust_ext_4330,Клиент 4330,+79990004330,user_4330@example.com,2026-02-12 03:04:52.634199+00:00
cust_ext_4331,Клиент 4331,+79990004331,user_4331@example.com,2026-01-05 19:31:48.857162+00:00
cust_ext_4332,Клиент 4332,+79990004332,user_4332@example.com,2026-01-03 18:13:09.668706+00:00
cust_ext_4333,Клиент 4333,+79990004333,user_4333@example.com,2026-02-12 04:36:42.332535+00:00
cust_ext_4334,Клиент 4334,+79990004334,user_4334@example.com,2026-02-05 16:00:02.466407+00:00
cust_ext_4335,Клиент 4335,+79990004335,user_4335@example.com,2026-01-29 21:11:52.805514+00:00
cust_ext_4336,Клиент 4336,+79990004336,user_4336@example.com,2026-01-01 14:49:33.357181+00:00
cust_ext_4337,Клиент 4337,+79990004337,user_4337@example.com,2026-01-13 08:19:02.797769+00:00
cust_ext_4338,Клиент 4338,+79990004338,user_4338@example.com,2026-01-14 12:08:04.744259+00:00
cust_ext_4339,Клиент 4339,+79990004339,user_4339@example.com,2026-01-29 18:41:22.343895+00:00
cust_ext_4340,Клиент 4340,+79990004340,user_4340@example.com,2026-02-02 16:12:38.280745+00:00
cust_ext_4341,Клиент 4341,+79990004341,user_4341@example.com,2026-01-23 17:05:23.741915+00:00
cust_ext_4342,Клиент 4342,+79990004342,user_4342@example.com,2026-01-06 07:10:33.137654+00:00
cust_ext_4343,Клиент 4343,+79990004343,user_4343@example.com,2026-02-01 07:48:56.322412+00:00
cust_ext_4344,Клиент 4344,+79990004344,user_4344@example.com,2026-01-18 19:07:21.101689+00:00
cust_ext_4345,Клиент 4345,+79990004345,user_4345@example.com,2026-01-10 23:00:45.797636+00:00
cust_ext_4346,Клиент 4346,+79990004346,user_4346@example.com,2026-02-04 21:09:56.089763+00:00
cust_ext_4347,Клиент 4347,+79990004347,user_4347@example.com,2026-01-02 02:53:01.689298+00:00
cust_ext_4348,Клиент 4348,+79990004348,user_4348@example.com,2026-02-04 04:29:46.686145+00:00
cust_ext_4349,Клиент 4349,+79990004349,user_4349@example.com,2026-01-26 12:28:34.372102+00:00
cust_ext_4350,Клиент 4350,+79990004350,user_4350@example.com,2026-02-04 00:32:15.014928+00:00
cust_ext_4351,Клиент 4351,+79990004351,user_4351@example.com,2026-02-13 12:32:46.410973+00:00
cust_ext_4352,Клиент 4352,+79990004352,user_4352@example.com,2026-02-09 18:35:21.363053+00:00
cust_ext_4353,Клиент 4353,+79990004353,user_4353@example.com,2026-02-10 00:51:34.216145+00:00
cust_ext_4354,Клиент 4354,+79990004354,user_4354@example.com,2026-01-23 01:01:31.561576+00:00
cust_ext_4355,Клиент 4355,+79990004355,user_4355@example.com,2026-01-02 14:15:03.932896+00:00
cust_ext_4356,Клиент 4356,+79990004356,user_4356@example.com,2026-01-08 02:38:07.872466+00:00
cust_ext_4357,Клиент 4357,+79990004357,user_4357@example.com,2026-01-12 02:42:44.219977+00:00
cust_ext_4358,Клиент 4358,+79990004358,user_4358@example.com,2026-01-11 15:01:23.445093+00:00
cust_ext_4359,Клиент 4359,+79990004359,user_4359@example.com,2026-02-06 23:03:11.996637+00:00
cust_ext_4360,Клиент 4360,+79990004360,user_4360@example.com,2026-01-07 00:49:30.664667+00:00
cust_ext_4361,Клиент 4361,+79990004361,user_4361@example.com,2026-01-15 13:42:31.460964+00:00
cust_ext_4362,Клиент 4362,+79990004362,user_4362@example.com,2026-02-12 14:35:44.978597+00:00
cust_ext_4363,Клиент 4363,+79990004363,user_4363@example.com,2026-02-03 13:24:52.709622+00:00
cust_ext_4364,Клиент 4364,+79990004364,user_4364@example.com,2026-01-24 04:07:47.666200+00:00
cust_ext_4365,Клиент 4365,+79990004365,user_4365@example.com,2026-01-10 13:43:36.000468+00:00
cust_ext_4366,Клиент 4366,+79990004366,user_4366@example.com,2026-01-30 01:44:16.380010+00:00
cust_ext_4367,Клиент 4367,+79990004367,user_4367@example.com,2026-01-03 05:42:11.292601+00:00
cust_ext_4368,Клиент 4368,+79990004368,user_4368@example.com,2026-02-08 22:18:11.624847+00:00
cust_ext_4369,Клиент 4369,+79990004369,user_4369@example.com,2026-02-12 02:11:46.919093+00:00
cust_ext_4370,Клиент 4370,+79990004370,user_4370@example.com,2026-02-02 10:56:01.323687+00:00
cust_ext_4371,Клиент 4371,+79990004371,user_4371@example.com,2026-01-26 00:56:30.764654+00:00
cust_ext_4372,Клиент 4372,+79990004372,user_4372@example.com,2026-01-16 23:43:20.834037+00:00
cust_ext_4373,Клиент 4373,+79990004373,user_4373@example.com,2026-01-23 23:20:10.337561+00:00
cust_ext_4374,Клиент 4374,+79990004374,user_4374@example.com,2026-01-22 05:44:08.284974+00:00
cust_ext_4375,Клиент 4375,+79990004375,user_4375@example.com,2026-02-06 00:37:27.359250+00:00
cust_ext_4376,Клиент 4376,+79990004376,user_4376@example.com,2026-01-12 04:06:24.408687+00:00
cust_ext_4377,Клиент 4377,+79990004377,user_4377@example.com,2026-01-01 02:00:23.019386+00:00
cust_ext_4378,Клиент 4378,+79990004378,user_4378@example.com,2026-02-13 18:50:24.360385+00:00
cust_ext_4379,Клиент 4379,+79990004379,user_4379@example.com,2026-02-01 05:58:19.388619+00:00
cust_ext_4380,Клиент 4380,+79990004380,user_4380@example.com,2026-02-04 06:33:21.731902+00:00
cust_ext_4381,Клиент 4381,+79990004381,user_4381@example.com,2026-01-17 18:21:40.924255+00:00
cust_ext_4382,Клиент 4382,+79990004382,user_4382@example.com,2026-01-03 05:47:39.648573+00:00
cust_ext_4383,Клиент 4383,+79990004383,user_4383@example.com,2026-01-12 03:18:59.191834+00:00
cust_ext_4384,Клиент 4384,+79990004384,user_4384@example.com,2026-01-18 21:24:01.774605+00:00
cust_ext_4385,Клиент 4385,+79990004385,user_4385@example.com,2026-02-08 21:43:29.833274+00:00
cust_ext_4386,Клиент 4386,+79990004386,user_4386@example.com,2026-02-05 13:10:01.946621+00:00
cust_ext_4387,Клиент 4387,+79990004387,user_4387@example.com,2026-01-02 14:57:02.603216+00:00
cust_ext_4388,Клиент 4388,+79990004388,user_4388@example.com,2026-01-21 19:34:44.769562+00:00
cust_ext_4389,Клиент 4389,+79990004389,user_4389@example.com,2026-02-13 05:29:31.786131+00:00
cust_ext_4390,Клиент 4390,+79990004390,user_4390@example.com,2026-01-27 15:58:08.520055+00:00
cust_ext_4391,Клиент 4391,+79990004391,user_4391@example.com,2026-01-09 14:44:32.197336+00:00
cust_ext_4392,Клиент 4392,+79990004392,user_4392@example.com,2026-01-22 07:14:58.332738+00:00
cust_ext_4393,Клиент 4393,+79990004393,user_4393@example.com,2026-02-05 03:57:10.516913+00:00
cust_ext_4394,Клиент 4394,+79990004394,user_4394@example.com,2026-02-10 20:49:07.788913+00:00
cust_ext_4395,Клиент 4395,+79990004395,user_4395@example.com,2026-02-12 13:24:58.747847+00:00
cust_ext_4396,Клиент 4396,+79990004396,user_4396@example.com,2026-01-15 07:51:28.858396+00:00
cust_ext_4397,Клиент 4397,+79990004397,user_4397@example.com,2026-01-07 20:03:57.963934+00:00
cust_ext_4398,Клиент 4398,+79990004398,user_4398@example.com,2026-01-26 05:50:59.624442+00:00
cust_ext_4399,Клиент 4399,+79990004399,user_4399@example.com,2026-02-03 12:28:26.526169+00:00
cust_ext_4400,Клиент 4400,+79990004400,user_4400@example.com,2026-02-04 01:49:29.249330+00:00
cust_ext_4401,Клиент 4401,+79990004401,user_4401@example.com,2026-02-07 23:31:22.171357+00:00
cust_ext_4402,Клиент 4402,+79990004402,user_4402@example.com,2026-01-15 11:03:32.259527+00:00
cust_ext_4403,Клиент 4403,+79990004403,user_4403@example.com,2026-01-20 07:16:55.333743+00:00
cust_ext_4404,Клиент 4404,+79990004404,user_4404@example.com,2026-01-16 00:18:48.262741+00:00
cust_ext_4405,Клиент 4405,+79990004405,user_4405@example.com,2026-01-28 14:19:03.012160+00:00
cust_ext_4406,Клиент 4406,+79990004406,user_4406@example.com,2026-01-03 23:49:00.356642+00:00
cust_ext_4407,Клиент 4407,+79990004407,user_4407@example.com,2026-01-06 16:50:09.253761+00:00
cust_ext_4408,Клиент 4408,+79990004408,user_4408@example.com,2026-01-17 12:36:48.728216+00:00
cust_ext_4409,Клиент 4409,+79990004409,user_4409@example.com,2026-02-08 22:58:54.953982+00:00
cust_ext_4410,Клиент 4410,+79990004410,user_4410@example.com,2026-02-04 12:54:55.408313+00:00
cust_ext_4411,Клиент 4411,+79990004411,user_4411@example.com,2026-01-20 16:08:24.595241+00:00
cust_ext_4412,Клиент 4412,+79990004412,user_4412@example.com,2026-02-02 17:02:56.232334+00:00
cust_ext_4413,Клиент 4413,+79990004413,user_4413@example.com,2026-02-10 15:40:03.116487+00:00
cust_ext_4414,Клиент 4414,+79990004414,user_4414@example.com,2026-01-09 09:40:00.933134+00:00
cust_ext_4415,Клиент 4415,+79990004415,user_4415@example.com,2026-01-23 13:25:46.537088+00:00
cust_ext_4416,Клиент 4416,+79990004416,user_4416@example.com,2026-02-11 03:46:27.157304+00:00
cust_ext_4417,Клиент 4417,+79990004417,user_4417@example.com,2026-01-08 21:20:57.981227+00:00
cust_ext_4418,Клиент 4418,+79990004418,user_4418@example.com,2026-01-17 23:26:26.955174+00:00
cust_ext_4419,Клиент 4419,+79990004419,user_4419@example.com,2026-02-07 12:40:26.569944+00:00
cust_ext_4420,Клиент 4420,+79990004420,user_4420@example.com,2026-01-28 00:55:20.293441+00:00
cust_ext_4421,Клиент 4421,+79990004421,user_4421@example.com,2026-01-24 04:29:24.417808+00:00
cust_ext_4422,Клиент 4422,+79990004422,user_4422@example.com,2026-01-18 22:03:14.605340+00:00
cust_ext_4423,Клиент 4423,+79990004423,user_4423@example.com,2026-01-15 16:27:21.929759+00:00
cust_ext_4424,Клиент 4424,+79990004424,user_4424@example.com,2026-01-18 14:36:14.769639+00:00
cust_ext_4425,Клиент 4425,+79990004425,user_4425@example.com,2026-01-14 12:46:45.608208+00:00
cust_ext_4426,Клиент 4426,+79990004426,user_4426@example.com,2026-01-22 14:30:16.310213+00:00
cust_ext_4427,Клиент 4427,+79990004427,user_4427@example.com,2026-01-25 20:51:55.227810+00:00
cust_ext_4428,Клиент 4428,+79990004428,user_4428@example.com,2026-02-10 11:15:09.217136+00:00
cust_ext_4429,Клиент 4429,+79990004429,user_4429@example.com,2026-01-19 02:30:05.993861+00:00
cust_ext_4430,Клиент 4430,+79990004430,user_4430@example.com,2026-01-29 23:16:45.331314+00:00
cust_ext_4431,Клиент 4431,+79990004431,user_4431@example.com,2026-01-31 23:51:39.365510+00:00
cust_ext_4432,Клиент 4432,+79990004432,user_4432@example.com,2026-01-23 13:05:42.095558+00:00
cust_ext_4433,Клиент 4433,+79990004433,user_4433@example.com,2026-01-01 18:04:38.257313+00:00
cust_ext_4434,Клиент 4434,+79990004434,user_4434@example.com,2026-01-09 18:09:33.835855+00:00
cust_ext_4435,Клиент 4435,+79990004435,user_4435@example.com,2026-02-01 23:00:17.179645+00:00
cust_ext_4436,Клиент 4436,+79990004436,user_4436@example.com,2026-01-14 01:55:38.559883+00:00
cust_ext_4437,Клиент 4437,+79990004437,user_4437@example.com,2026-01-29 14:37:24.239513+00:00
cust_ext_4438,Клиент 4438,+79990004438,user_4438@example.com,2026-02-13 20:38:21.128366+00:00
cust_ext_4439,Клиент 4439,+79990004439,user_4439@example.com,2026-01-26 14:44:38.848934+00:00
cust_ext_4440,Клиент 4440,+79990004440,user_4440@example.com,2026-01-03 19:23:00.944356+00:00
cust_ext_4441,Клиент 4441,+79990004441,user_4441@example.com,2026-01-16 17:38:00.895597+00:00
cust_ext_4442,Клиент 4442,+79990004442,user_4442@example.com,2026-02-09 17:28:22.298171+00:00
cust_ext_4443,Клиент 4443,+79990004443,user_4443@example.com,2026-01-22 18:17:33.644168+00:00
cust_ext_4444,Клиент 4444,+79990004444,user_4444@example.com,2026-01-26 02:17:56.740575+00:00
cust_ext_4445,Клиент 4445,+79990004445,user_4445@example.com,2026-01-31 19:19:06.488032+00:00
cust_ext_4446,Клиент 4446,+79990004446,user_4446@example.com,2026-01-03 08:46:40.404521+00:00
cust_ext_4447,Клиент 4447,+79990004447,user_4447@example.com,2026-01-18 05:25:45.891522+00:00
cust_ext_4448,Клиент 4448,+79990004448,user_4448@example.com,2026-01-15 21:36:37.200466+00:00
cust_ext_4449,Клиент 4449,+79990004449,user_4449@example.com,2026-01-13 13:28:51.851155+00:00
cust_ext_4450,Клиент 4450,+79990004450,user_4450@example.com,2026-01-05 22:54:27.596425+00:00
cust_ext_4451,Клиент 4451,+79990004451,user_4451@example.com,2026-02-02 16:48:29.909721+00:00
cust_ext_4452,Клиент 4452,+79990004452,user_4452@example.com,2026-01-30 18:24:52.917975+00:00
cust_ext_4453,Клиент 4453,+79990004453,user_4453@example.com,2026-02-12 04:06:12.153464+00:00
cust_ext_4454,Клиент 4454,+79990004454,user_4454@example.com,2026-02-11 06:08:26.153859+00:00
cust_ext_4455,Клиент 4455,+79990004455,user_4455@example.com,2026-01-05 23:36:40.979558+00:00
cust_ext_4456,Клиент 4456,+79990004456,user_4456@example.com,2026-01-27 22:34:48.321514+00:00
cust_ext_4457,Клиент 4457,+79990004457,user_4457@example.com,2026-01-03 04:40:07.537205+00:00
cust_ext_4458,Клиент 4458,+79990004458,user_4458@example.com,2026-01-02 20:43:13.852522+00:00
cust_ext_4459,Клиент 4459,+79990004459,user_4459@example.com,2026-02-08 11:07:38.355768+00:00
cust_ext_4460,Клиент 4460,+79990004460,user_4460@example.com,2026-01-08 23:37:29.151447+00:00
cust_ext_4461,Клиент 4461,+79990004461,user_4461@example.com,2026-01-19 09:41:48.401189+00:00
cust_ext_4462,Клиент 4462,+79990004462,user_4462@example.com,2026-01-18 06:59:53.249528+00:00
cust_ext_4463,Клиент 4463,+79990004463,user_4463@example.com,2026-02-02 21:38:07.182990+00:00
cust_ext_4464,Клиент 4464,+79990004464,user_4464@example.com,2026-01-13 18:58:42.732140+00:00
cust_ext_4465,Клиент 4465,+79990004465,user_4465@example.com,2026-01-19 13:35:09.098903+00:00
cust_ext_4466,Клиент 4466,+79990004466,user_4466@example.com,2026-01-17 11:04:49.520041+00:00
cust_ext_4467,Клиент 4467,+79990004467,user_4467@example.com,2026-02-11 20:08:55.225151+00:00
cust_ext_4468,Клиент 4468,+79990004468,user_4468@example.com,2026-01-15 06:53:17.964727+00:00
cust_ext_4469,Клиент 4469,+79990004469,user_4469@example.com,2026-01-19 07:04:52.135533+00:00
cust_ext_4470,Клиент 4470,+79990004470,user_4470@example.com,2026-01-16 16:21:48.481427+00:00
cust_ext_4471,Клиент 4471,+79990004471,user_4471@example.com,2026-01-28 22:38:32.120252+00:00
cust_ext_4472,Клиент 4472,+79990004472,user_4472@example.com,2026-01-26 14:08:49.340200+00:00
cust_ext_4473,Клиент 4473,+79990004473,user_4473@example.com,2026-02-13 23:57:20.768936+00:00
cust_ext_4474,Клиент 4474,+79990004474,user_4474@example.com,2026-01-14 21:35:41.524251+00:00
cust_ext_4475,Клиент 4475,+79990004475,user_4475@example.com,2026-02-03 21:22:02.528485+00:00
cust_ext_4476,Клиент 4476,+79990004476,user_4476@example.com,2026-02-06 11:28:32.250248+00:00
cust_ext_4477,Клиент 4477,+79990004477,user_4477@example.com,2026-01-28 07:37:59.412954+00:00
cust_ext_4478,Клиент 4478,+79990004478,user_4478@example.com,2026-01-23 12:05:52.758808+00:00
cust_ext_4479,Клиент 4479,+79990004479,user_4479@example.com,2026-02-05 02:36:39.406835+00:00
cust_ext_4480,Клиент 4480,+79990004480,user_4480@example.com,2026-01-07 17:10:15.544376+00:00
cust_ext_4481,Клиент 4481,+79990004481,user_4481@example.com,2026-02-14 07:30:39.937722+00:00
cust_ext_4482,Клиент 4482,+79990004482,user_4482@example.com,2026-01-15 09:49:20.256699+00:00
cust_ext_4483,Клиент 4483,+79990004483,user_4483@example.com,2026-02-07 18:42:37.411586+00:00
cust_ext_4484,Клиент 4484,+79990004484,user_4484@example.com,2026-01-26 00:46:13.642237+00:00
cust_ext_4485,Клиент 4485,+79990004485,user_4485@example.com,2026-02-09 23:19:44.893828+00:00
cust_ext_4486,Клиент 4486,+79990004486,user_4486@example.com,2026-01-20 13:34:42.686997+00:00
cust_ext_4487,Клиент 4487,+79990004487,user_4487@example.com,2026-01-19 02:31:33.510880+00:00
cust_ext_4488,Клиент 4488,+79990004488,user_4488@example.com,2026-01-09 16:46:16.919576+00:00
cust_ext_4489,Клиент 4489,+79990004489,user_4489@example.com,2026-01-24 19:13:34.267881+00:00
cust_ext_4490,Клиент 4490,+79990004490,user_4490@example.com,2026-01-05 05:15:45.723412+00:00
cust_ext_4491,Клиент 4491,+79990004491,user_4491@example.com,2026-01-25 05:44:09.709863+00:00
cust_ext_4492,Клиент 4492,+79990004492,user_4492@example.com,2026-01-17 21:03:21.942434+00:00
cust_ext_4493,Клиент 4493,+79990004493,user_4493@example.com,2026-01-31 10:54:40.266225+00:00
cust_ext_4494,Клиент 4494,+79990004494,user_4494@example.com,2026-01-26 22:44:59.759019+00:00
cust_ext_4495,Клиент 4495,+79990004495,user_4495@example.com,2026-01-04 17:12:13.234515+00:00
cust_ext_4496,Клиент 4496,+79990004496,user_4496@example.com,2026-01-07 20:42:37.710312+00:00
cust_ext_4497,Клиент 4497,+79990004497,user_4497@example.com,2026-01-24 16:56:24.394333+00:00
cust_ext_4498,Клиент 4498,+79990004498,user_4498@example.com,2026-01-21 22:27:32.822441+00:00
cust_ext_4499,Клиент 4499,+79990004499,user_4499@example.com,2026-01-21 05:20:15.169711+00:00
cust_ext_4500,Клиент 4500,+79990004500,user_4500@example.com,2026-02-07 03:48:55.108238+00:00
cust_ext_4501,Клиент 4501,+79990004501,user_4501@example.com,2026-02-14 05:09:23.782370+00:00
cust_ext_4502,Клиент 4502,+79990004502,user_4502@example.com,2026-01-19 23:49:21.563661+00:00
cust_ext_4503,Клиент 4503,+79990004503,user_4503@example.com,2026-02-09 05:29:48.054261+00:00
cust_ext_4504,Клиент 4504,+79990004504,user_4504@example.com,2026-01-06 09:20:43.531141+00:00
cust_ext_4505,Клиент 4505,+79990004505,user_4505@example.com,2026-02-03 03:18:50.957998+00:00
cust_ext_4506,Клиент 4506,+79990004506,user_4506@example.com,2026-01-07 00:53:11.091644+00:00
cust_ext_4507,Клиент 4507,+79990004507,user_4507@example.com,2026-01-17 11:05:28.232587+00:00
cust_ext_4508,Клиент 4508,+79990004508,user_4508@example.com,2026-02-03 16:52:28.609980+00:00
cust_ext_4509,Клиент 4509,+79990004509,user_4509@example.com,2026-02-14 05:52:04.568748+00:00
cust_ext_4510,Клиент 4510,+79990004510,user_4510@example.com,2026-02-03 20:05:29.787370+00:00
cust_ext_4511,Клиент 4511,+79990004511,user_4511@example.com,2026-02-14 17:33:39.647653+00:00
cust_ext_4512,Клиент 4512,+79990004512,user_4512@example.com,2026-01-28 17:04:30.007711+00:00
cust_ext_4513,Клиент 4513,+79990004513,user_4513@example.com,2026-01-31 01:07:27.460939+00:00
cust_ext_4514,Клиент 4514,+79990004514,user_4514@example.com,2026-01-24 10:02:39.287824+00:00
cust_ext_4515,Клиент 4515,+79990004515,user_4515@example.com,2026-01-28 21:38:05.945376+00:00
cust_ext_4516,Клиент 4516,+79990004516,user_4516@example.com,2026-02-08 02:05:17.473263+00:00
cust_ext_4517,Клиент 4517,+79990004517,user_4517@example.com,2026-01-20 23:40:53.667486+00:00
cust_ext_4518,Клиент 4518,+79990004518,user_4518@example.com,2026-02-07 03:59:37.117944+00:00
cust_ext_4519,Клиент 4519,+79990004519,user_4519@example.com,2026-01-09 12:52:15.365108+00:00
cust_ext_4520,Клиент 4520,+79990004520,user_4520@example.com,2026-02-13 06:59:04.718216+00:00
cust_ext_4521,Клиент 4521,+79990004521,user_4521@example.com,2026-02-10 16:15:46.448890+00:00
cust_ext_4522,Клиент 4522,+79990004522,user_4522@example.com,2026-01-28 09:41:26.905346+00:00
cust_ext_4523,Клиент 4523,+79990004523,user_4523@example.com,2026-02-02 14:44:52.949699+00:00
cust_ext_4524,Клиент 4524,+79990004524,user_4524@example.com,2026-01-29 14:51:53.648634+00:00
cust_ext_4525,Клиент 4525,+79990004525,user_4525@example.com,2026-01-29 13:42:11.405253+00:00
cust_ext_4526,Клиент 4526,+79990004526,user_4526@example.com,2026-01-20 23:20:10.499155+00:00
cust_ext_4527,Клиент 4527,+79990004527,user_4527@example.com,2026-02-13 20:30:09.733108+00:00
cust_ext_4528,Клиент 4528,+79990004528,user_4528@example.com,2026-02-14 06:23:59.527283+00:00
cust_ext_4529,Клиент 4529,+79990004529,user_4529@example.com,2026-01-10 20:46:50.723070+00:00
cust_ext_4530,Клиент 4530,+79990004530,user_4530@example.com,2026-01-04 20:20:12.528832+00:00
cust_ext_4531,Клиент 4531,+79990004531,user_4531@example.com,2026-01-25 23:15:54.995546+00:00
cust_ext_4532,Клиент 4532,+79990004532,user_4532@example.com,2026-01-30 03:16:16.504882+00:00
cust_ext_4533,Клиент 4533,+79990004533,user_4533@example.com,2026-01-29 18:22:29.629066+00:00
cust_ext_4534,Клиент 4534,+79990004534,user_4534@example.com,2026-02-03 20:49:17.506708+00:00
cust_ext_4535,Клиент 4535,+79990004535,user_4535@example.com,2026-02-06 12:15:01.156011+00:00
cust_ext_4536,Клиент 4536,+79990004536,user_4536@example.com,2026-02-09 05:07:11.631770+00:00
cust_ext_4537,Клиент 4537,+79990004537,user_4537@example.com,2026-01-05 11:02:00.066081+00:00
cust_ext_4538,Клиент 4538,+79990004538,user_4538@example.com,2026-01-03 11:11:30.008010+00:00
cust_ext_4539,Клиент 4539,+79990004539,user_4539@example.com,2026-01-23 04:36:11.906290+00:00
cust_ext_4540,Клиент 4540,+79990004540,user_4540@example.com,2026-02-09 12:22:38.232453+00:00
cust_ext_4541,Клиент 4541,+79990004541,user_4541@example.com,2026-01-06 23:48:18.801426+00:00
cust_ext_4542,Клиент 4542,+79990004542,user_4542@example.com,2026-01-28 04:00:46.443558+00:00
cust_ext_4543,Клиент 4543,+79990004543,user_4543@example.com,2026-02-05 15:35:14.610763+00:00
cust_ext_4544,Клиент 4544,+79990004544,user_4544@example.com,2026-01-26 00:21:56.025754+00:00
cust_ext_4545,Клиент 4545,+79990004545,user_4545@example.com,2026-01-17 17:36:42.246761+00:00
cust_ext_4546,Клиент 4546,+79990004546,user_4546@example.com,2026-01-29 13:09:48.487261+00:00
cust_ext_4547,Клиент 4547,+79990004547,user_4547@example.com,2026-02-01 13:35:55.235435+00:00
cust_ext_4548,Клиент 4548,+79990004548,user_4548@example.com,2026-01-12 19:44:26.034860+00:00
cust_ext_4549,Клиент 4549,+79990004549,user_4549@example.com,2026-02-13 22:10:48.448405+00:00
cust_ext_4550,Клиент 4550,+79990004550,user_4550@example.com,2026-02-02 20:08:27.567903+00:00
cust_ext_4551,Клиент 4551,+79990004551,user_4551@example.com,2026-01-06 01:04:23.117385+00:00
cust_ext_4552,Клиент 4552,+79990004552,user_4552@example.com,2026-01-30 21:03:24.672565+00:00
cust_ext_4553,Клиент 4553,+79990004553,user_4553@example.com,2026-01-20 12:07:21.210487+00:00
cust_ext_4554,Клиент 4554,+79990004554,user_4554@example.com,2026-02-11 17:07:57.342183+00:00
cust_ext_4555,Клиент 4555,+79990004555,user_4555@example.com,2026-01-13 03:07:58.773768+00:00
cust_ext_4556,Клиент 4556,+79990004556,user_4556@example.com,2026-02-06 20:33:12.684806+00:00
cust_ext_4557,Клиент 4557,+79990004557,user_4557@example.com,2026-02-07 09:36:59.010794+00:00
cust_ext_4558,Клиент 4558,+79990004558,user_4558@example.com,2026-01-31 12:59:25.411772+00:00
cust_ext_4559,Клиент 4559,+79990004559,user_4559@example.com,2026-01-03 18:00:54.651630+00:00
cust_ext_4560,Клиент 4560,+79990004560,user_4560@example.com,2026-01-05 19:54:52.851014+00:00
cust_ext_4561,Клиент 4561,+79990004561,user_4561@example.com,2026-01-20 10:09:30.942089+00:00
cust_ext_4562,Клиент 4562,+79990004562,user_4562@example.com,2026-02-04 03:15:06.553152+00:00
cust_ext_4563,Клиент 4563,+79990004563,user_4563@example.com,2026-02-14 03:42:32.151337+00:00
cust_ext_4564,Клиент 4564,+79990004564,user_4564@example.com,2026-01-24 12:13:49.967612+00:00
cust_ext_4565,Клиент 4565,+79990004565,user_4565@example.com,2026-02-12 07:42:44.290579+00:00
cust_ext_4566,Клиент 4566,+79990004566,user_4566@example.com,2026-01-07 03:57:04.259600+00:00
cust_ext_4567,Клиент 4567,+79990004567,user_4567@example.com,2026-01-07 23:26:52.713604+00:00
cust_ext_4568,Клиент 4568,+79990004568,user_4568@example.com,2026-01-12 09:50:17.279190+00:00
cust_ext_4569,Клиент 4569,+79990004569,user_4569@example.com,2026-01-14 07:07:30.935140+00:00
cust_ext_4570,Клиент 4570,+79990004570,user_4570@example.com,2026-01-21 16:10:42.529598+00:00
cust_ext_4571,Клиент 4571,+79990004571,user_4571@example.com,2026-02-09 07:52:07.766944+00:00
cust_ext_4572,Клиент 4572,+79990004572,user_4572@example.com,2026-01-18 00:15:36.801681+00:00
cust_ext_4573,Клиент 4573,+79990004573,user_4573@example.com,2026-01-13 18:55:43.700300+00:00
cust_ext_4574,Клиент 4574,+79990004574,user_4574@example.com,2026-01-18 04:11:03.461397+00:00
cust_ext_4575,Клиент 4575,+79990004575,user_4575@example.com,2026-01-16 11:03:27.953585+00:00
cust_ext_4576,Клиент 4576,+79990004576,user_4576@example.com,2026-01-15 11:52:04.332007+00:00
cust_ext_4577,Клиент 4577,+79990004577,user_4577@example.com,2026-02-08 23:19:07.165150+00:00
cust_ext_4578,Клиент 4578,+79990004578,user_4578@example.com,2026-01-17 16:58:39.916391+00:00
cust_ext_4579,Клиент 4579,+79990004579,user_4579@example.com,2026-02-14 05:24:37.247776+00:00
cust_ext_4580,Клиент 4580,+79990004580,user_4580@example.com,2026-01-02 04:24:59.197944+00:00
cust_ext_4581,Клиент 4581,+79990004581,user_4581@example.com,2026-01-16 14:59:22.462439+00:00
cust_ext_4582,Клиент 4582,+79990004582,user_4582@example.com,2026-01-02 00:56:37.040063+00:00
cust_ext_4583,Клиент 4583,+79990004583,user_4583@example.com,2026-01-19 21:21:37.740867+00:00
cust_ext_4584,Клиент 4584,+79990004584,user_4584@example.com,2026-01-15 06:04:09.211428+00:00
cust_ext_4585,Клиент 4585,+79990004585,user_4585@example.com,2026-02-14 11:01:00.713750+00:00
cust_ext_4586,Клиент 4586,+79990004586,user_4586@example.com,2026-02-06 23:30:14.346044+00:00
cust_ext_4587,Клиент 4587,+79990004587,user_4587@example.com,2026-01-20 22:14:41.330664+00:00
cust_ext_4588,Клиент 4588,+79990004588,user_4588@example.com,2026-01-25 08:00:04.878085+00:00
cust_ext_4589,Клиент 4589,+79990004589,user_4589@example.com,2026-02-01 05:33:28.624909+00:00
cust_ext_4590,Клиент 4590,+79990004590,user_4590@example.com,2026-01-09 18:49:55.465667+00:00
cust_ext_4591,Клиент 4591,+79990004591,user_4591@example.com,2026-02-06 04:32:17.594068+00:00
cust_ext_4592,Клиент 4592,+79990004592,user_4592@example.com,2026-02-02 15:30:59.746062+00:00
cust_ext_4593,Клиент 4593,+79990004593,user_4593@example.com,2026-01-11 21:22:41.855100+00:00
cust_ext_4594,Клиент 4594,+79990004594,user_4594@example.com,2026-01-15 06:04:56.054164+00:00
cust_ext_4595,Клиент 4595,+79990004595,user_4595@example.com,2026-02-13 13:09:31.955829+00:00
cust_ext_4596,Клиент 4596,+79990004596,user_4596@example.com,2026-01-02 18:17:20.237607+00:00
cust_ext_4597,Клиент 4597,+79990004597,user_4597@example.com,2026-01-07 19:06:52.181174+00:00
cust_ext_4598,Клиент 4598,+79990004598,user_4598@example.com,2026-01-16 05:53:35.439163+00:00
cust_ext_4599,Клиент 4599,+79990004599,user_4599@example.com,2026-01-09 14:33:21.274158+00:00
cust_ext_4600,Клиент 4600,+79990004600,user_4600@example.com,2026-01-10 18:24:52.766883+00:00
cust_ext_4601,Клиент 4601,+79990004601,user_4601@example.com,2026-01-26 06:21:12.758698+00:00
cust_ext_4602,Клиент 4602,+79990004602,user_4602@example.com,2026-02-04 11:04:18.965983+00:00
cust_ext_4603,Клиент 4603,+79990004603,user_4603@example.com,2026-01-22 15:24:03.998515+00:00
cust_ext_4604,Клиент 4604,+79990004604,user_4604@example.com,2026-01-24 00:19:46.729158+00:00
cust_ext_4605,Клиент 4605,+79990004605,user_4605@example.com,2026-02-05 08:12:49.418699+00:00
cust_ext_4606,Клиент 4606,+79990004606,user_4606@example.com,2026-01-27 04:22:25.526058+00:00
cust_ext_4607,Клиент 4607,+79990004607,user_4607@example.com,2026-01-16 18:29:16.638414+00:00
cust_ext_4608,Клиент 4608,+79990004608,user_4608@example.com,2026-01-30 20:19:00.584083+00:00
cust_ext_4609,Клиент 4609,+79990004609,user_4609@example.com,2026-01-16 19:08:58.361574+00:00
cust_ext_4610,Клиент 4610,+79990004610,user_4610@example.com,2026-01-20 01:07:59.789050+00:00
cust_ext_4611,Клиент 4611,+79990004611,user_4611@example.com,2026-02-14 17:46:38.944761+00:00
cust_ext_4612,Клиент 4612,+79990004612,user_4612@example.com,2026-01-17 18:25:18.422327+00:00
cust_ext_4613,Клиент 4613,+79990004613,user_4613@example.com,2026-01-10 06:33:53.541534+00:00
cust_ext_4614,Клиент 4614,+79990004614,user_4614@example.com,2026-01-29 00:21:23.919189+00:00
cust_ext_4615,Клиент 4615,+79990004615,user_4615@example.com,2026-02-10 23:16:03.816214+00:00
cust_ext_4616,Клиент 4616,+79990004616,user_4616@example.com,2026-01-17 14:42:16.229571+00:00
cust_ext_4617,Клиент 4617,+79990004617,user_4617@example.com,2026-02-09 05:08:22.511482+00:00
cust_ext_4618,Клиент 4618,+79990004618,user_4618@example.com,2026-01-18 23:09:54.227815+00:00
cust_ext_4619,Клиент 4619,+79990004619,user_4619@example.com,2026-01-19 23:35:04.314477+00:00
cust_ext_4620,Клиент 4620,+79990004620,user_4620@example.com,2026-02-06 22:00:32.339934+00:00
cust_ext_4621,Клиент 4621,+79990004621,user_4621@example.com,2026-02-13 11:04:48.796748+00:00
cust_ext_4622,Клиент 4622,+79990004622,user_4622@example.com,2026-01-23 13:40:57.947450+00:00
cust_ext_4623,Клиент 4623,+79990004623,user_4623@example.com,2026-02-09 11:43:02.531253+00:00
cust_ext_4624,Клиент 4624,+79990004624,user_4624@example.com,2026-01-10 19:10:19.120487+00:00
cust_ext_4625,Клиент 4625,+79990004625,user_4625@example.com,2026-01-11 13:07:00.367753+00:00
cust_ext_4626,Клиент 4626,+79990004626,user_4626@example.com,2026-02-13 12:03:58.136895+00:00
cust_ext_4627,Клиент 4627,+79990004627,user_4627@example.com,2026-01-10 06:20:51.482539+00:00
cust_ext_4628,Клиент 4628,+79990004628,user_4628@example.com,2026-01-11 19:00:30.077227+00:00
cust_ext_4629,Клиент 4629,+79990004629,user_4629@example.com,2026-01-22 08:45:20.843335+00:00
cust_ext_4630,Клиент 4630,+79990004630,user_4630@example.com,2026-01-31 10:43:58.833575+00:00
cust_ext_4631,Клиент 4631,+79990004631,user_4631@example.com,2026-02-06 09:44:47.181647+00:00
cust_ext_4632,Клиент 4632,+79990004632,user_4632@example.com,2026-02-12 08:16:38.648059+00:00
cust_ext_4633,Клиент 4633,+79990004633,user_4633@example.com,2026-01-19 13:42:50.295705+00:00
cust_ext_4634,Клиент 4634,+79990004634,user_4634@example.com,2026-01-08 16:35:47.776036+00:00
cust_ext_4635,Клиент 4635,+79990004635,user_4635@example.com,2026-02-01 18:41:41.947177+00:00
cust_ext_4636,Клиент 4636,+79990004636,user_4636@example.com,2026-01-09 14:25:04.512403+00:00
cust_ext_4637,Клиент 4637,+79990004637,user_4637@example.com,2026-02-12 06:49:13.092949+00:00
cust_ext_4638,Клиент 4638,+79990004638,user_4638@example.com,2026-01-08 01:44:41.357384+00:00
cust_ext_4639,Клиент 4639,+79990004639,user_4639@example.com,2026-01-10 09:13:29.915697+00:00
cust_ext_4640,Клиент 4640,+79990004640,user_4640@example.com,2026-01-07 07:27:58.044830+00:00
cust_ext_4641,Клиент 4641,+79990004641,user_4641@example.com,2026-01-26 07:18:41.543896+00:00
cust_ext_4642,Клиент 4642,+79990004642,user_4642@example.com,2026-01-25 18:55:55.664557+00:00
cust_ext_4643,Клиент 4643,+79990004643,user_4643@example.com,2026-01-25 08:43:16.605234+00:00
cust_ext_4644,Клиент 4644,+79990004644,user_4644@example.com,2026-01-07 02:31:59.203998+00:00
cust_ext_4645,Клиент 4645,+79990004645,user_4645@example.com,2026-01-27 18:33:06.944073+00:00
cust_ext_4646,Клиент 4646,+79990004646,user_4646@example.com,2026-01-01 03:21:01.149586+00:00
cust_ext_4647,Клиент 4647,+79990004647,user_4647@example.com,2026-01-02 10:06:43.029754+00:00
cust_ext_4648,Клиент 4648,+79990004648,user_4648@example.com,2026-01-08 03:00:20.805749+00:00
cust_ext_4649,Клиент 4649,+79990004649,user_4649@example.com,2026-01-29 13:01:46.325346+00:00
cust_ext_4650,Клиент 4650,+79990004650,user_4650@example.com,2026-01-19 01:40:52.097026+00:00
cust_ext_4651,Клиент 4651,+79990004651,user_4651@example.com,2026-01-22 01:51:37.647730+00:00
cust_ext_4652,Клиент 4652,+79990004652,user_4652@example.com,2026-01-21 03:53:12.422980+00:00
cust_ext_4653,Клиент 4653,+79990004653,user_4653@example.com,2026-01-27 04:05:32.500888+00:00
cust_ext_4654,Клиент 4654,+79990004654,user_4654@example.com,2026-01-15 22:34:25.700034+00:00
cust_ext_4655,Клиент 4655,+79990004655,user_4655@example.com,2026-01-30 17:24:16.980280+00:00
cust_ext_4656,Клиент 4656,+79990004656,user_4656@example.com,2026-01-07 09:54:42.706585+00:00
cust_ext_4657,Клиент 4657,+79990004657,user_4657@example.com,2026-02-03 06:16:07.328206+00:00
cust_ext_4658,Клиент 4658,+79990004658,user_4658@example.com,2026-01-09 12:15:21.823533+00:00
cust_ext_4659,Клиент 4659,+79990004659,user_4659@example.com,2026-01-16 04:51:42.120576+00:00
cust_ext_4660,Клиент 4660,+79990004660,user_4660@example.com,2026-01-15 13:49:54.376472+00:00
cust_ext_4661,Клиент 4661,+79990004661,user_4661@example.com,2026-02-13 17:04:55.807595+00:00
cust_ext_4662,Клиент 4662,+79990004662,user_4662@example.com,2026-01-14 19:59:12.767571+00:00
cust_ext_4663,Клиент 4663,+79990004663,user_4663@example.com,2026-01-27 09:26:46.539321+00:00
cust_ext_4664,Клиент 4664,+79990004664,user_4664@example.com,2026-01-20 20:53:21.383317+00:00
cust_ext_4665,Клиент 4665,+79990004665,user_4665@example.com,2026-02-08 08:23:47.421005+00:00
cust_ext_4666,Клиент 4666,+79990004666,user_4666@example.com,2026-02-13 23:20:33.700521+00:00
cust_ext_4667,Клиент 4667,+79990004667,user_4667@example.com,2026-01-30 07:57:59.282007+00:00
cust_ext_4668,Клиент 4668,+79990004668,user_4668@example.com,2026-01-29 05:44:22.121834+00:00
cust_ext_4669,Клиент 4669,+79990004669,user_4669@example.com,2026-01-31 16:36:37.137005+00:00
cust_ext_4670,Клиент 4670,+79990004670,user_4670@example.com,2026-02-14 19:55:06.987712+00:00
cust_ext_4671,Клиент 4671,+79990004671,user_4671@example.com,2026-01-15 18:12:01.638254+00:00
cust_ext_4672,Клиент 4672,+79990004672,user_4672@example.com,2026-01-28 16:48:25.975892+00:00
cust_ext_4673,Клиент 4673,+79990004673,user_4673@example.com,2026-01-04 13:45:18.410458+00:00
cust_ext_4674,Клиент 4674,+79990004674,user_4674@example.com,2026-01-16 00:40:51.814903+00:00
cust_ext_4675,Клиент 4675,+79990004675,user_4675@example.com,2026-02-10 07:36:52.641092+00:00
cust_ext_4676,Клиент 4676,+79990004676,user_4676@example.com,2026-01-24 02:05:38.184647+00:00
cust_ext_4677,Клиент 4677,+79990004677,user_4677@example.com,2026-01-18 08:07:47.294309+00:00
cust_ext_4678,Клиент 4678,+79990004678,user_4678@example.com,2026-01-04 22:26:50.749775+00:00
cust_ext_4679,Клиент 4679,+79990004679,user_4679@example.com,2026-02-11 17:57:28.832469+00:00
cust_ext_4680,Клиент 4680,+79990004680,user_4680@example.com,2026-01-13 11:47:20.718773+00:00
cust_ext_4681,Клиент 4681,+79990004681,user_4681@example.com,2026-01-17 17:15:08.014118+00:00
cust_ext_4682,Клиент 4682,+79990004682,user_4682@example.com,2026-01-14 14:59:34.139781+00:00
cust_ext_4683,Клиент 4683,+79990004683,user_4683@example.com,2026-02-10 05:13:06.133358+00:00
cust_ext_4684,Клиент 4684,+79990004684,user_4684@example.com,2026-01-03 23:04:17.444987+00:00
cust_ext_4685,Клиент 4685,+79990004685,user_4685@example.com,2026-01-05 10:58:41.943408+00:00
cust_ext_4686,Клиент 4686,+79990004686,user_4686@example.com,2026-02-13 13:28:23.693908+00:00
cust_ext_4687,Клиент 4687,+79990004687,user_4687@example.com,2026-01-11 09:37:08.102186+00:00
cust_ext_4688,Клиент 4688,+79990004688,user_4688@example.com,2026-01-13 12:04:34.813099+00:00
cust_ext_4689,Клиент 4689,+79990004689,user_4689@example.com,2026-02-10 23:57:36.461243+00:00
cust_ext_4690,Клиент 4690,+79990004690,user_4690@example.com,2026-02-10 22:34:01.278856+00:00
cust_ext_4691,Клиент 4691,+79990004691,user_4691@example.com,2026-01-26 03:49:33.499101+00:00
cust_ext_4692,Клиент 4692,+79990004692,user_4692@example.com,2026-01-21 21:34:52.548566+00:00
cust_ext_4693,Клиент 4693,+79990004693,user_4693@example.com,2026-01-16 13:59:09.987013+00:00
cust_ext_4694,Клиент 4694,+79990004694,user_4694@example.com,2026-01-09 16:22:12.221667+00:00
cust_ext_4695,Клиент 4695,+79990004695,user_4695@example.com,2026-01-09 09:10:10.910173+00:00
cust_ext_4696,Клиент 4696,+79990004696,user_4696@example.com,2026-01-06 15:28:44.949832+00:00
cust_ext_4697,Клиент 4697,+79990004697,user_4697@example.com,2026-02-14 05:47:17.417682+00:00
cust_ext_4698,Клиент 4698,+79990004698,user_4698@example.com,2026-01-23 08:26:20.780626+00:00
cust_ext_4699,Клиент 4699,+79990004699,user_4699@example.com,2026-01-30 20:08:22.410896+00:00
cust_ext_4700,Клиент 4700,+79990004700,user_4700@example.com,2026-01-15 05:33:41.313809+00:00
cust_ext_4701,Клиент 4701,+79990004701,user_4701@example.com,2026-01-07 00:01:55.619026+00:00
cust_ext_4702,Клиент 4702,+79990004702,user_4702@example.com,2026-01-30 08:22:36.042972+00:00
cust_ext_4703,Клиент 4703,+79990004703,user_4703@example.com,2026-02-13 11:29:18.804863+00:00
cust_ext_4704,Клиент 4704,+79990004704,user_4704@example.com,2026-01-07 15:50:22.446708+00:00
cust_ext_4705,Клиент 4705,+79990004705,user_4705@example.com,2026-01-30 03:47:32.265695+00:00
cust_ext_4706,Клиент 4706,+79990004706,user_4706@example.com,2026-02-11 01:03:04.444342+00:00
cust_ext_4707,Клиент 4707,+79990004707,user_4707@example.com,2026-01-04 05:13:31.671143+00:00
cust_ext_4708,Клиент 4708,+79990004708,user_4708@example.com,2026-01-12 08:44:57.643920+00:00
cust_ext_4709,Клиент 4709,+79990004709,user_4709@example.com,2026-02-03 17:40:10.018137+00:00
cust_ext_4710,Клиент 4710,+79990004710,user_4710@example.com,2026-01-30 06:06:27.461737+00:00
cust_ext_4711,Клиент 4711,+79990004711,user_4711@example.com,2026-01-12 06:12:35.623568+00:00
cust_ext_4712,Клиент 4712,+79990004712,user_4712@example.com,2026-01-08 07:21:56.414703+00:00
cust_ext_4713,Клиент 4713,+79990004713,user_4713@example.com,2026-01-15 01:33:33.274536+00:00
cust_ext_4714,Клиент 4714,+79990004714,user_4714@example.com,2026-01-28 01:04:37.929869+00:00
cust_ext_4715,Клиент 4715,+79990004715,user_4715@example.com,2026-01-25 21:15:07.327417+00:00
cust_ext_4716,Клиент 4716,+79990004716,user_4716@example.com,2026-01-01 20:57:32.826564+00:00
cust_ext_4717,Клиент 4717,+79990004717,user_4717@example.com,2026-01-25 04:28:40.085802+00:00
cust_ext_4718,Клиент 4718,+79990004718,user_4718@example.com,2026-01-06 23:17:20.846919+00:00
cust_ext_4719,Клиент 4719,+79990004719,user_4719@example.com,2026-01-26 10:07:23.607540+00:00
cust_ext_4720,Клиент 4720,+79990004720,user_4720@example.com,2026-01-01 04:13:27.298325+00:00
cust_ext_4721,Клиент 4721,+79990004721,user_4721@example.com,2026-02-01 21:15:10.257386+00:00
cust_ext_4722,Клиент 4722,+79990004722,user_4722@example.com,2026-01-12 19:37:07.318964+00:00
cust_ext_4723,Клиент 4723,+79990004723,user_4723@example.com,2026-02-07 19:42:57.931053+00:00
cust_ext_4724,Клиент 4724,+79990004724,user_4724@example.com,2026-02-09 03:07:27.130500+00:00
cust_ext_4725,Клиент 4725,+79990004725,user_4725@example.com,2026-01-18 00:54:08.027648+00:00
cust_ext_4726,Клиент 4726,+79990004726,user_4726@example.com,2026-01-12 22:33:42.548668+00:00
cust_ext_4727,Клиент 4727,+79990004727,user_4727@example.com,2026-01-03 05:16:48.056152+00:00
cust_ext_4728,Клиент 4728,+79990004728,user_4728@example.com,2026-01-17 08:24:49.645770+00:00
cust_ext_4729,Клиент 4729,+79990004729,user_4729@example.com,2026-01-21 18:20:25.028460+00:00
cust_ext_4730,Клиент 4730,+79990004730,user_4730@example.com,2026-01-29 08:02:54.633902+00:00
cust_ext_4731,Клиент 4731,+79990004731,user_4731@example.com,2026-01-10 09:30:38.125754+00:00
cust_ext_4732,Клиент 4732,+79990004732,user_4732@example.com,2026-01-25 13:52:17.326592+00:00
cust_ext_4733,Клиент 4733,+79990004733,user_4733@example.com,2026-01-13 10:57:18.622195+00:00
cust_ext_4734,Клиент 4734,+79990004734,user_4734@example.com,2026-02-09 13:02:48.318386+00:00
cust_ext_4735,Клиент 4735,+79990004735,user_4735@example.com,2026-01-18 22:35:06.710494+00:00
cust_ext_4736,Клиент 4736,+79990004736,user_4736@example.com,2026-01-05 13:40:04.485186+00:00
cust_ext_4737,Клиент 4737,+79990004737,user_4737@example.com,2026-01-06 18:32:27.409994+00:00
cust_ext_4738,Клиент 4738,+79990004738,user_4738@example.com,2026-01-08 06:56:53.942795+00:00
cust_ext_4739,Клиент 4739,+79990004739,user_4739@example.com,2026-01-04 09:39:35.434966+00:00
cust_ext_4740,Клиент 4740,+79990004740,user_4740@example.com,2026-02-03 06:43:13.607553+00:00
cust_ext_4741,Клиент 4741,+79990004741,user_4741@example.com,2026-02-12 03:51:48.541580+00:00
cust_ext_4742,Клиент 4742,+79990004742,user_4742@example.com,2026-01-04 00:59:09.049498+00:00
cust_ext_4743,Клиент 4743,+79990004743,user_4743@example.com,2026-01-14 10:41:43.143530+00:00
cust_ext_4744,Клиент 4744,+79990004744,user_4744@example.com,2026-01-31 06:11:09.342803+00:00
cust_ext_4745,Клиент 4745,+79990004745,user_4745@example.com,2026-02-10 00:00:01.112454+00:00
cust_ext_4746,Клиент 4746,+79990004746,user_4746@example.com,2026-01-21 16:19:45.121430+00:00
cust_ext_4747,Клиент 4747,+79990004747,user_4747@example.com,2026-01-16 15:53:05.706270+00:00
cust_ext_4748,Клиент 4748,+79990004748,user_4748@example.com,2026-01-16 01:11:37.116905+00:00
cust_ext_4749,Клиент 4749,+79990004749,user_4749@example.com,2026-01-10 23:10:29.121503+00:00
cust_ext_4750,Клиент 4750,+79990004750,user_4750@example.com,2026-02-05 06:27:23.328346+00:00
cust_ext_4751,Клиент 4751,+79990004751,user_4751@example.com,2026-01-25 23:51:41.592270+00:00
cust_ext_4752,Клиент 4752,+79990004752,user_4752@example.com,2026-01-12 09:13:01.262608+00:00
cust_ext_4753,Клиент 4753,+79990004753,user_4753@example.com,2026-01-01 00:57:18.709624+00:00
cust_ext_4754,Клиент 4754,+79990004754,user_4754@example.com,2026-01-28 09:53:24.372145+00:00
cust_ext_4755,Клиент 4755,+79990004755,user_4755@example.com,2026-01-06 23:45:23.957105+00:00
cust_ext_4756,Клиент 4756,+79990004756,user_4756@example.com,2026-02-10 00:11:33.321198+00:00
cust_ext_4757,Клиент 4757,+79990004757,user_4757@example.com,2026-01-09 05:02:25.155829+00:00
cust_ext_4758,Клиент 4758,+79990004758,user_4758@example.com,2026-01-17 10:12:46.471999+00:00
cust_ext_4759,Клиент 4759,+79990004759,user_4759@example.com,2026-02-10 16:17:21.260048+00:00
cust_ext_4760,Клиент 4760,+79990004760,user_4760@example.com,2026-01-06 18:37:30.764673+00:00
cust_ext_4761,Клиент 4761,+79990004761,user_4761@example.com,2026-01-13 06:04:39.441054+00:00
cust_ext_4762,Клиент 4762,+79990004762,user_4762@example.com,2026-01-13 04:43:56.502325+00:00
cust_ext_4763,Клиент 4763,+79990004763,user_4763@example.com,2026-01-06 13:22:00.313579+00:00
cust_ext_4764,Клиент 4764,+79990004764,user_4764@example.com,2026-02-12 03:07:47.639988+00:00
cust_ext_4765,Клиент 4765,+79990004765,user_4765@example.com,2026-01-03 05:35:12.804468+00:00
cust_ext_4766,Клиент 4766,+79990004766,user_4766@example.com,2026-01-03 01:45:54.931657+00:00
cust_ext_4767,Клиент 4767,+79990004767,user_4767@example.com,2026-01-12 17:46:34.434947+00:00
cust_ext_4768,Клиент 4768,+79990004768,user_4768@example.com,2026-01-06 16:42:16.161409+00:00
cust_ext_4769,Клиент 4769,+79990004769,user_4769@example.com,2026-01-02 13:11:20.929868+00:00
cust_ext_4770,Клиент 4770,+79990004770,user_4770@example.com,2026-02-05 10:13:52.808997+00:00
cust_ext_4771,Клиент 4771,+79990004771,user_4771@example.com,2026-01-04 19:22:02.084761+00:00
cust_ext_4772,Клиент 4772,+79990004772,user_4772@example.com,2026-01-15 07:19:37.416377+00:00
cust_ext_4773,Клиент 4773,+79990004773,user_4773@example.com,2026-02-02 04:40:11.599257+00:00
cust_ext_4774,Клиент 4774,+79990004774,user_4774@example.com,2026-02-12 01:51:07.169435+00:00
cust_ext_4775,Клиент 4775,+79990004775,user_4775@example.com,2026-01-08 22:43:58.835371+00:00
cust_ext_4776,Клиент 4776,+79990004776,user_4776@example.com,2026-02-04 06:43:56.025655+00:00
cust_ext_4777,Клиент 4777,+79990004777,user_4777@example.com,2026-01-06 20:21:31.187814+00:00
cust_ext_4778,Клиент 4778,+79990004778,user_4778@example.com,2026-01-25 04:49:03.346152+00:00
cust_ext_4779,Клиент 4779,+79990004779,user_4779@example.com,2026-02-12 12:33:19.808488+00:00
cust_ext_4780,Клиент 4780,+79990004780,user_4780@example.com,2026-02-07 18:55:44.770967+00:00
cust_ext_4781,Клиент 4781,+79990004781,user_4781@example.com,2026-02-13 01:54:27.298505+00:00
cust_ext_4782,Клиент 4782,+79990004782,user_4782@example.com,2026-02-11 18:48:34.599738+00:00
cust_ext_4783,Клиент 4783,+79990004783,user_4783@example.com,2026-01-18 17:38:03.145522+00:00
cust_ext_4784,Клиент 4784,+79990004784,user_4784@example.com,2026-02-10 04:41:11.334335+00:00
cust_ext_4785,Клиент 4785,+79990004785,user_4785@example.com,2026-01-09 14:21:53.759255+00:00
cust_ext_4786,Клиент 4786,+79990004786,user_4786@example.com,2026-01-29 13:22:26.924717+00:00
cust_ext_4787,Клиент 4787,+79990004787,user_4787@example.com,2026-01-07 11:27:41.200255+00:00
cust_ext_4788,Клиент 4788,+79990004788,user_4788@example.com,2026-01-25 07:17:28.123351+00:00
cust_ext_4789,Клиент 4789,+79990004789,user_4789@example.com,2026-02-07 02:49:21.799094+00:00
cust_ext_4790,Клиент 4790,+79990004790,user_4790@example.com,2026-01-26 10:40:38.058964+00:00
cust_ext_4791,Клиент 4791,+79990004791,user_4791@example.com,2026-01-12 06:38:12.072859+00:00
cust_ext_4792,Клиент 4792,+79990004792,user_4792@example.com,2026-02-04 21:52:05.374691+00:00
cust_ext_4793,Клиент 4793,+79990004793,user_4793@example.com,2026-01-25 11:35:55.833316+00:00
cust_ext_4794,Клиент 4794,+79990004794,user_4794@example.com,2026-01-03 19:58:48.311985+00:00
cust_ext_4795,Клиент 4795,+79990004795,user_4795@example.com,2026-02-06 20:06:17.491435+00:00
cust_ext_4796,Клиент 4796,+79990004796,user_4796@example.com,2026-01-09 18:44:26.467797+00:00
cust_ext_4797,Клиент 4797,+79990004797,user_4797@example.com,2026-01-15 10:16:17.157070+00:00
cust_ext_4798,Клиент 4798,+79990004798,user_4798@example.com,2026-02-06 04:00:12.625978+00:00
cust_ext_4799,Клиент 4799,+79990004799,user_4799@example.com,2026-01-12 10:28:29.135438+00:00
cust_ext_4800,Клиент 4800,+79990004800,user_4800@example.com,2026-02-08 05:17:00.370122+00:00
cust_ext_4801,Клиент 4801,+79990004801,user_4801@example.com,2026-01-07 02:20:58.776333+00:00
cust_ext_4802,Клиент 4802,+79990004802,user_4802@example.com,2026-01-20 10:27:17.205554+00:00
cust_ext_4803,Клиент 4803,+79990004803,user_4803@example.com,2026-01-30 01:49:03.029688+00:00
cust_ext_4804,Клиент 4804,+79990004804,user_4804@example.com,2026-01-28 07:08:49.102686+00:00
cust_ext_4805,Клиент 4805,+79990004805,user_4805@example.com,2026-01-12 04:03:29.989340+00:00
cust_ext_4806,Клиент 4806,+79990004806,user_4806@example.com,2026-01-02 06:27:46.046490+00:00
cust_ext_4807,Клиент 4807,+79990004807,user_4807@example.com,2026-01-07 16:44:15.912567+00:00
cust_ext_4808,Клиент 4808,+79990004808,user_4808@example.com,2026-01-06 15:55:43.098549+00:00
cust_ext_4809,Клиент 4809,+79990004809,user_4809@example.com,2026-01-29 11:34:45.684093+00:00
cust_ext_4810,Клиент 4810,+79990004810,user_4810@example.com,2026-02-07 11:33:46.185987+00:00
cust_ext_4811,Клиент 4811,+79990004811,user_4811@example.com,2026-01-10 15:39:04.393430+00:00
cust_ext_4812,Клиент 4812,+79990004812,user_4812@example.com,2026-01-22 12:20:50.756979+00:00
cust_ext_4813,Клиент 4813,+79990004813,user_4813@example.com,2026-01-04 07:00:59.644774+00:00
cust_ext_4814,Клиент 4814,+79990004814,user_4814@example.com,2026-01-31 17:16:38.719281+00:00
cust_ext_4815,Клиент 4815,+79990004815,user_4815@example.com,2026-01-04 11:33:39.281151+00:00
cust_ext_4816,Клиент 4816,+79990004816,user_4816@example.com,2026-02-04 03:49:32.279929+00:00
cust_ext_4817,Клиент 4817,+79990004817,user_4817@example.com,2026-01-05 18:55:05.018282+00:00
cust_ext_4818,Клиент 4818,+79990004818,user_4818@example.com,2026-01-13 21:35:20.584580+00:00
cust_ext_4819,Клиент 4819,+79990004819,user_4819@example.com,2026-01-04 12:52:29.028525+00:00
cust_ext_4820,Клиент 4820,+79990004820,user_4820@example.com,2026-01-26 17:31:06.172714+00:00
cust_ext_4821,Клиент 4821,+79990004821,user_4821@example.com,2026-02-13 01:58:33.837208+00:00
cust_ext_4822,Клиент 4822,+79990004822,user_4822@example.com,2026-01-29 14:47:44.131912+00:00
cust_ext_4823,Клиент 4823,+79990004823,user_4823@example.com,2026-02-13 01:21:07.941874+00:00
cust_ext_4824,Клиент 4824,+79990004824,user_4824@example.com,2026-01-12 13:31:13.673484+00:00
cust_ext_4825,Клиент 4825,+79990004825,user_4825@example.com,2026-01-08 02:49:31.181234+00:00
cust_ext_4826,Клиент 4826,+79990004826,user_4826@example.com,2026-02-07 19:22:20.030445+00:00
cust_ext_4827,Клиент 4827,+79990004827,user_4827@example.com,2026-02-08 08:49:11.377027+00:00
cust_ext_4828,Клиент 4828,+79990004828,user_4828@example.com,2026-01-06 15:34:01.224972+00:00
cust_ext_4829,Клиент 4829,+79990004829,user_4829@example.com,2026-01-07 05:35:56.726277+00:00
cust_ext_4830,Клиент 4830,+79990004830,user_4830@example.com,2026-01-12 11:28:36.629839+00:00
cust_ext_4831,Клиент 4831,+79990004831,user_4831@example.com,2026-02-13 10:58:03.397774+00:00
cust_ext_4832,Клиент 4832,+79990004832,user_4832@example.com,2026-01-16 22:22:02.489426+00:00
cust_ext_4833,Клиент 4833,+79990004833,user_4833@example.com,2026-01-08 00:07:20.742959+00:00
cust_ext_4834,Клиент 4834,+79990004834,user_4834@example.com,2026-02-12 13:55:20.407000+00:00
cust_ext_4835,Клиент 4835,+79990004835,user_4835@example.com,2026-01-13 21:40:53.250157+00:00
cust_ext_4836,Клиент 4836,+79990004836,user_4836@example.com,2026-02-11 05:33:21.577822+00:00
cust_ext_4837,Клиент 4837,+79990004837,user_4837@example.com,2026-01-24 14:57:52.308999+00:00
cust_ext_4838,Клиент 4838,+79990004838,user_4838@example.com,2026-01-25 13:21:37.374601+00:00
cust_ext_4839,Клиент 4839,+79990004839,user_4839@example.com,2026-02-05 16:12:22.178882+00:00
cust_ext_4840,Клиент 4840,+79990004840,user_4840@example.com,2026-01-31 09:19:23.119904+00:00
cust_ext_4841,Клиент 4841,+79990004841,user_4841@example.com,2026-02-07 09:06:21.157327+00:00
cust_ext_4842,Клиент 4842,+79990004842,user_4842@example.com,2026-02-05 12:13:26.047807+00:00
cust_ext_4843,Клиент 4843,+79990004843,user_4843@example.com,2026-02-01 14:23:04.015240+00:00
cust_ext_4844,Клиент 4844,+79990004844,user_4844@example.com,2026-01-21 14:34:41.297914+00:00
cust_ext_4845,Клиент 4845,+79990004845,user_4845@example.com,2026-01-17 09:06:09.683419+00:00
cust_ext_4846,Клиент 4846,+79990004846,user_4846@example.com,2026-01-11 21:58:16.907616+00:00
cust_ext_4847,Клиент 4847,+79990004847,user_4847@example.com,2026-01-11 08:03:35.725719+00:00
cust_ext_4848,Клиент 4848,+79990004848,user_4848@example.com,2026-01-18 13:04:28.971910+00:00
cust_ext_4849,Клиент 4849,+79990004849,user_4849@example.com,2026-01-10 04:09:15.989519+00:00
cust_ext_4850,Клиент 4850,+79990004850,user_4850@example.com,2026-01-14 11:40:43.345775+00:00
cust_ext_4851,Клиент 4851,+79990004851,user_4851@example.com,2026-02-04 10:33:11.803496+00:00
cust_ext_4852,Клиент 4852,+79990004852,user_4852@example.com,2026-01-06 02:35:09.374627+00:00
cust_ext_4853,Клиент 4853,+79990004853,user_4853@example.com,2026-01-19 15:13:21.583758+00:00
cust_ext_4854,Клиент 4854,+79990004854,user_4854@example.com,2026-01-18 09:36:55.236845+00:00
cust_ext_4855,Клиент 4855,+79990004855,user_4855@example.com,2026-02-14 22:12:56.619495+00:00
cust_ext_4856,Клиент 4856,+79990004856,user_4856@example.com,2026-01-27 05:48:24.796294+00:00
cust_ext_4857,Клиент 4857,+79990004857,user_4857@example.com,2026-02-12 00:53:26.892832+00:00
cust_ext_4858,Клиент 4858,+79990004858,user_4858@example.com,2026-01-10 17:22:20.896618+00:00
cust_ext_4859,Клиент 4859,+79990004859,user_4859@example.com,2026-01-30 06:03:26.028604+00:00
cust_ext_4860,Клиент 4860,+79990004860,user_4860@example.com,2026-01-03 17:17:47.629890+00:00
cust_ext_4861,Клиент 4861,+79990004861,user_4861@example.com,2026-02-14 15:53:19.563266+00:00
cust_ext_4862,Клиент 4862,+79990004862,user_4862@example.com,2026-01-04 20:40:21.072914+00:00
cust_ext_4863,Клиент 4863,+79990004863,user_4863@example.com,2026-01-04 05:09:10.497357+00:00
cust_ext_4864,Клиент 4864,+79990004864,user_4864@example.com,2026-01-15 18:23:28.658861+00:00
cust_ext_4865,Клиент 4865,+79990004865,user_4865@example.com,2026-02-06 04:05:32.875474+00:00
cust_ext_4866,Клиент 4866,+79990004866,user_4866@example.com,2026-02-05 23:15:55.623773+00:00
cust_ext_4867,Клиент 4867,+79990004867,user_4867@example.com,2026-01-17 08:20:51.078736+00:00
cust_ext_4868,Клиент 4868,+79990004868,user_4868@example.com,2026-02-05 05:53:14.782019+00:00
cust_ext_4869,Клиент 4869,+79990004869,user_4869@example.com,2026-01-29 03:29:11.077820+00:00
cust_ext_4870,Клиент 4870,+79990004870,user_4870@example.com,2026-01-24 23:24:50.965782+00:00
cust_ext_4871,Клиент 4871,+79990004871,user_4871@example.com,2026-01-30 10:44:18.093371+00:00
cust_ext_4872,Клиент 4872,+79990004872,user_4872@example.com,2026-02-05 08:48:04.774338+00:00
cust_ext_4873,Клиент 4873,+79990004873,user_4873@example.com,2026-01-31 18:29:31.886963+00:00
cust_ext_4874,Клиент 4874,+79990004874,user_4874@example.com,2026-01-30 01:35:09.774506+00:00
cust_ext_4875,Клиент 4875,+79990004875,user_4875@example.com,2026-01-31 04:08:35.452219+00:00
cust_ext_4876,Клиент 4876,+79990004876,user_4876@example.com,2026-02-12 20:00:39.530362+00:00
cust_ext_4877,Клиент 4877,+79990004877,user_4877@example.com,2026-02-09 00:05:12.143666+00:00
cust_ext_4878,Клиент 4878,+79990004878,user_4878@example.com,2026-01-06 03:54:04.803750+00:00
cust_ext_4879,Клиент 4879,+79990004879,user_4879@example.com,2026-02-06 09:04:33.640671+00:00
cust_ext_4880,Клиент 4880,+79990004880,user_4880@example.com,2026-01-24 09:17:32.255019+00:00
cust_ext_4881,Клиент 4881,+79990004881,user_4881@example.com,2026-01-13 05:21:33.692257+00:00
cust_ext_4882,Клиент 4882,+79990004882,user_4882@example.com,2026-01-19 00:56:35.136664+00:00
cust_ext_4883,Клиент 4883,+79990004883,user_4883@example.com,2026-01-22 01:19:45.871827+00:00
cust_ext_4884,Клиент 4884,+79990004884,user_4884@example.com,2026-02-05 13:04:36.439093+00:00
cust_ext_4885,Клиент 4885,+79990004885,user_4885@example.com,2026-01-01 15:13:37.118486+00:00
cust_ext_4886,Клиент 4886,+79990004886,user_4886@example.com,2026-01-21 00:48:55.989161+00:00
cust_ext_4887,Клиент 4887,+79990004887,user_4887@example.com,2026-02-11 19:06:49.159796+00:00
cust_ext_4888,Клиент 4888,+79990004888,user_4888@example.com,2026-02-07 12:55:58.774950+00:00
cust_ext_4889,Клиент 4889,+79990004889,user_4889@example.com,2026-01-10 16:50:11.228837+00:00
cust_ext_4890,Клиент 4890,+79990004890,user_4890@example.com,2026-02-06 16:31:17.370575+00:00
cust_ext_4891,Клиент 4891,+79990004891,user_4891@example.com,2026-01-18 23:06:38.286963+00:00
cust_ext_4892,Клиент 4892,+79990004892,user_4892@example.com,2026-01-25 08:31:43.065597+00:00
cust_ext_4893,Клиент 4893,+79990004893,user_4893@example.com,2026-02-06 01:27:57.422833+00:00
cust_ext_4894,Клиент 4894,+79990004894,user_4894@example.com,2026-01-22 07:16:16.208774+00:00
cust_ext_4895,Клиент 4895,+79990004895,user_4895@example.com,2026-01-05 02:35:25.646009+00:00
cust_ext_4896,Клиент 4896,+79990004896,user_4896@example.com,2026-01-27 05:24:58.673683+00:00
cust_ext_4897,Клиент 4897,+79990004897,user_4897@example.com,2026-02-04 12:40:12.261103+00:00
cust_ext_4898,Клиент 4898,+79990004898,user_4898@example.com,2026-01-11 23:38:13.952250+00:00
cust_ext_4899,Клиент 4899,+79990004899,user_4899@example.com,2026-01-25 01:17:00.910044+00:00
cust_ext_4900,Клиент 4900,+79990004900,user_4900@example.com,2026-01-02 20:30:46.974765+00:00
cust_ext_4901,Клиент 4901,+79990004901,user_4901@example.com,2026-01-19 20:42:06.856075+00:00
cust_ext_4902,Клиент 4902,+79990004902,user_4902@example.com,2026-01-26 21:44:43.028893+00:00
cust_ext_4903,Клиент 4903,+79990004903,user_4903@example.com,2026-02-02 15:37:23.233781+00:00
cust_ext_4904,Клиент 4904,+79990004904,user_4904@example.com,2026-01-03 10:23:31.155096+00:00
cust_ext_4905,Клиент 4905,+79990004905,user_4905@example.com,2026-01-04 17:41:18.943998+00:00
cust_ext_4906,Клиент 4906,+79990004906,user_4906@example.com,2026-02-10 13:29:45.704403+00:00
cust_ext_4907,Клиент 4907,+79990004907,user_4907@example.com,2026-01-17 16:50:47.856295+00:00
cust_ext_4908,Клиент 4908,+79990004908,user_4908@example.com,2026-01-09 20:48:53.215112+00:00
cust_ext_4909,Клиент 4909,+79990004909,user_4909@example.com,2026-01-06 01:33:46.389370+00:00
cust_ext_4910,Клиент 4910,+79990004910,user_4910@example.com,2026-01-25 19:45:44.062189+00:00
cust_ext_4911,Клиент 4911,+79990004911,user_4911@example.com,2026-01-21 08:41:30.037069+00:00
cust_ext_4912,Клиент 4912,+79990004912,user_4912@example.com,2026-01-30 06:44:14.745736+00:00
cust_ext_4913,Клиент 4913,+79990004913,user_4913@example.com,2026-01-31 12:01:21.404734+00:00
cust_ext_4914,Клиент 4914,+79990004914,user_4914@example.com,2026-02-02 12:46:26.629790+00:00
cust_ext_4915,Клиент 4915,+79990004915,user_4915@example.com,2026-01-24 21:29:17.483540+00:00
cust_ext_4916,Клиент 4916,+79990004916,user_4916@example.com,2026-01-11 07:50:40.228015+00:00
cust_ext_4917,Клиент 4917,+79990004917,user_4917@example.com,2026-01-30 02:44:00.656690+00:00
cust_ext_4918,Клиент 4918,+79990004918,user_4918@example.com,2026-01-04 22:52:29.090210+00:00
cust_ext_4919,Клиент 4919,+79990004919,user_4919@example.com,2026-01-18 05:51:31.332517+00:00
cust_ext_4920,Клиент 4920,+79990004920,user_4920@example.com,2026-01-10 02:51:54.243038+00:00
cust_ext_4921,Клиент 4921,+79990004921,user_4921@example.com,2026-01-02 19:31:27.015498+00:00
cust_ext_4922,Клиент 4922,+79990004922,user_4922@example.com,2026-02-04 17:44:28.699318+00:00
cust_ext_4923,Клиент 4923,+79990004923,user_4923@example.com,2026-01-27 06:58:58.731965+00:00
cust_ext_4924,Клиент 4924,+79990004924,user_4924@example.com,2026-01-21 07:40:14.190813+00:00
cust_ext_4925,Клиент 4925,+79990004925,user_4925@example.com,2026-02-02 14:50:10.178056+00:00
cust_ext_4926,Клиент 4926,+79990004926,user_4926@example.com,2026-01-08 18:10:46.913264+00:00
cust_ext_4927,Клиент 4927,+79990004927,user_4927@example.com,2026-01-31 08:41:15.217291+00:00
cust_ext_4928,Клиент 4928,+79990004928,user_4928@example.com,2026-02-07 19:37:14.310959+00:00
cust_ext_4929,Клиент 4929,+79990004929,user_4929@example.com,2026-01-02 02:22:09.273550+00:00
cust_ext_4930,Клиент 4930,+79990004930,user_4930@example.com,2026-02-02 08:29:53.328225+00:00
cust_ext_4931,Клиент 4931,+79990004931,user_4931@example.com,2026-02-12 19:59:37.038526+00:00
cust_ext_4932,Клиент 4932,+79990004932,user_4932@example.com,2026-02-01 16:41:51.000352+00:00
cust_ext_4933,Клиент 4933,+79990004933,user_4933@example.com,2026-01-10 13:13:56.668375+00:00
cust_ext_4934,Клиент 4934,+79990004934,user_4934@example.com,2026-01-26 10:30:55.110957+00:00
cust_ext_4935,Клиент 4935,+79990004935,user_4935@example.com,2026-02-02 04:31:36.778248+00:00
cust_ext_4936,Клиент 4936,+79990004936,user_4936@example.com,2026-01-24 01:10:59.980326+00:00
cust_ext_4937,Клиент 4937,+79990004937,user_4937@example.com,2026-01-30 05:57:10.740722+00:00
cust_ext_4938,Клиент 4938,+79990004938,user_4938@example.com,2026-01-19 17:00:12.718134+00:00
cust_ext_4939,Клиент 4939,+79990004939,user_4939@example.com,2026-01-30 16:03:27.391916+00:00
cust_ext_4940,Клиент 4940,+79990004940,user_4940@example.com,2026-01-05 12:55:04.513094+00:00
cust_ext_4941,Клиент 4941,+79990004941,user_4941@example.com,2026-01-01 00:28:34.547669+00:00
cust_ext_4942,Клиент 4942,+79990004942,user_4942@example.com,2026-01-28 15:05:41.038630+00:00
cust_ext_4943,Клиент 4943,+79990004943,user_4943@example.com,2026-01-01 20:21:53.674707+00:00
cust_ext_4944,Клиент 4944,+79990004944,user_4944@example.com,2026-01-21 08:00:40.857147+00:00
cust_ext_4945,Клиент 4945,+79990004945,user_4945@example.com,2026-02-07 20:51:43.483841+00:00
cust_ext_4946,Клиент 4946,+79990004946,user_4946@example.com,2026-02-08 01:39:53.358752+00:00
cust_ext_4947,Клиент 4947,+79990004947,user_4947@example.com,2026-01-24 04:14:43.654449+00:00
cust_ext_4948,Клиент 4948,+79990004948,user_4948@example.com,2026-02-10 08:02:20.530256+00:00
cust_ext_4949,Клиент 4949,+79990004949,user_4949@example.com,2026-01-13 21:36:20.978989+00:00
cust_ext_4950,Клиент 4950,+79990004950,user_4950@example.com,2026-01-30 20:33:37.627965+00:00
cust_ext_4951,Клиент 4951,+79990004951,user_4951@example.com,2026-01-27 07:32:51.646699+00:00
cust_ext_4952,Клиент 4952,+79990004952,user_4952@example.com,2026-01-01 08:37:57.208727+00:00
cust_ext_4953,Клиент 4953,+79990004953,user_4953@example.com,2026-02-11 14:55:33.329272+00:00
cust_ext_4954,Клиент 4954,+79990004954,user_4954@example.com,2026-02-05 13:01:57.627682+00:00
cust_ext_4955,Клиент 4955,+79990004955,user_4955@example.com,2026-01-01 11:38:33.630455+00:00
cust_ext_4956,Клиент 4956,+79990004956,user_4956@example.com,2026-01-28 19:12:49.190757+00:00
cust_ext_4957,Клиент 4957,+79990004957,user_4957@example.com,2026-01-06 15:51:46.212224+00:00
cust_ext_4958,Клиент 4958,+79990004958,user_4958@example.com,2026-01-04 17:42:25.475120+00:00
cust_ext_4959,Клиент 4959,+79990004959,user_4959@example.com,2026-01-16 15:07:14.406352+00:00
cust_ext_4960,Клиент 4960,+79990004960,user_4960@example.com,2026-01-03 15:02:03.274897+00:00
cust_ext_4961,Клиент 4961,+79990004961,user_4961@example.com,2026-01-12 16:05:09.853733+00:00
cust_ext_4962,Клиент 4962,+79990004962,user_4962@example.com,2026-02-07 04:29:06.187888+00:00
cust_ext_4963,Клиент 4963,+79990004963,user_4963@example.com,2026-01-15 03:05:22.422074+00:00
cust_ext_4964,Клиент 4964,+79990004964,user_4964@example.com,2026-01-16 01:42:44.225304+00:00
cust_ext_4965,Клиент 4965,+79990004965,user_4965@example.com,2026-01-19 17:26:23.673234+00:00
cust_ext_4966,Клиент 4966,+79990004966,user_4966@example.com,2026-01-01 17:38:36.176896+00:00
cust_ext_4967,Клиент 4967,+79990004967,user_4967@example.com,2026-02-03 03:46:04.297657+00:00
cust_ext_4968,Клиент 4968,+79990004968,user_4968@example.com,2026-02-14 09:20:25.689202+00:00
cust_ext_4969,Клиент 4969,+79990004969,user_4969@example.com,2026-02-07 19:18:02.638320+00:00
cust_ext_4970,Клиент 4970,+79990004970,user_4970@example.com,2026-01-29 07:07:04.593286+00:00
cust_ext_4971,Клиент 4971,+79990004971,user_4971@example.com,2026-02-07 02:37:34.468261+00:00
cust_ext_4972,Клиент 4972,+79990004972,user_4972@example.com,2026-01-26 17:31:43.716866+00:00
cust_ext_4973,Клиент 4973,+79990004973,user_4973@example.com,2026-02-06 12:59:51.993798+00:00
cust_ext_4974,Клиент 4974,+79990004974,user_4974@example.com,2026-01-16 14:34:59.042236+00:00
cust_ext_4975,Клиент 4975,+79990004975,user_4975@example.com,2026-01-09 04:57:30.054557+00:00
cust_ext_4976,Клиент 4976,+79990004976,user_4976@example.com,2026-01-28 12:30:45.169469+00:00
cust_ext_4977,Клиент 4977,+79990004977,user_4977@example.com,2026-02-10 18:48:57.480011+00:00
cust_ext_4978,Клиент 4978,+79990004978,user_4978@example.com,2026-01-13 01:59:00.943198+00:00
cust_ext_4979,Клиент 4979,+79990004979,user_4979@example.com,2026-01-21 23:16:38.382757+00:00
cust_ext_4980,Клиент 4980,+79990004980,user_4980@example.com,2026-01-16 22:15:56.450306+00:00
cust_ext_4981,Клиент 4981,+79990004981,user_4981@example.com,2026-01-06 11:07:56.796039+00:00
cust_ext_4982,Клиент 4982,+79990004982,user_4982@example.com,2026-01-24 16:52:42.768982+00:00
cust_ext_4983,Клиент 4983,+79990004983,user_4983@example.com,2026-02-05 03:05:36.760073+00:00
cust_ext_4984,Клиент 4984,+79990004984,user_4984@example.com,2026-01-21 01:28:52.750940+00:00
cust_ext_4985,Клиент 4985,+79990004985,user_4985@example.com,2026-02-05 21:52:37.858812+00:00
cust_ext_4986,Клиент 4986,+79990004986,user_4986@example.com,2026-02-09 03:59:06.604435+00:00
cust_ext_4987,Клиент 4987,+79990004987,user_4987@example.com,2026-01-30 05:52:29.415435+00:00
cust_ext_4988,Клиент 4988,+79990004988,user_4988@example.com,2026-01-10 12:13:43.544820+00:00
cust_ext_4989,Клиент 4989,+79990004989,user_4989@example.com,2026-01-16 01:49:56.522243+00:00
cust_ext_4990,Клиент 4990,+79990004990,user_4990@example.com,2026-01-21 21:08:47.293700+00:00
cust_ext_4991,Клиент 4991,+79990004991,user_4991@example.com,2026-02-13 16:46:47.245793+00:00
cust_ext_4992,Клиент 4992,+79990004992,user_4992@example.com,2026-01-14 02:41:55.409004+00:00
cust_ext_4993,Клиент 4993,+79990004993,user_4993@example.com,2026-01-16 01:21:45.857283+00:00
cust_ext_4994,Клиент 4994,+79990004994,user_4994@example.com,2026-01-16 14:20:26.196846+00:00
cust_ext_4995,Клиент 4995,+79990004995,user_4995@example.com,2026-02-02 06:00:53.900479+00:00
cust_ext_4996,Клиент 4996,+79990004996,user_4996@example.com,2026-02-07 02:41:41.762290+00:00
cust_ext_4997,Клиент 4997,+79990004997,user_4997@example.com,2026-02-09 11:00:47.951458+00:00
cust_ext_4998,Клиент 4998,+79990004998,user_4998@example.com,2026-01-24 16:20:32.935137+00:00
cust_ext_4999,Клиент 4999,+79990004999,user_4999@example.com,2026-02-12 08:33:20.899388+00:00
cust_ext_5000,Клиент 5000,+79990005000,user_5000@example.com,2026-01-11 01:59:26.890310+00:00
cust_ext_5001,Клиент 5001,+79990005001,user_5001@example.com,2026-01-09 10:00:44.882662+00:00
cust_ext_5002,Клиент 5002,+79990005002,user_5002@example.com,2026-02-07 05:52:51.498175+00:00
cust_ext_5003,Клиент 5003,+79990005003,user_5003@example.com,2026-02-04 01:49:47.893793+00:00
cust_ext_5004,Клиент 5004,+79990005004,user_5004@example.com,2026-02-09 01:56:15.001088+00:00
cust_ext_5005,Клиент 5005,+79990005005,user_5005@example.com,2026-02-06 00:45:42.799670+00:00
cust_ext_5006,Клиент 5006,+79990005006,user_5006@example.com,2026-02-13 19:17:11.405720+00:00
cust_ext_5007,Клиент 5007,+79990005007,user_5007@example.com,2026-01-22 13:34:49.256043+00:00
cust_ext_5008,Клиент 5008,+79990005008,user_5008@example.com,2026-01-14 07:24:58.102484+00:00
cust_ext_5009,Клиент 5009,+79990005009,user_5009@example.com,2026-02-11 23:08:23.279654+00:00
cust_ext_5010,Клиент 5010,+79990005010,user_5010@example.com,2026-02-13 23:09:03.727630+00:00
cust_ext_5011,Клиент 5011,+79990005011,user_5011@example.com,2026-01-17 22:50:59.937148+00:00
cust_ext_5012,Клиент 5012,+79990005012,user_5012@example.com,2026-01-30 17:38:01.236319+00:00
cust_ext_5013,Клиент 5013,+79990005013,user_5013@example.com,2026-01-30 22:15:48.219847+00:00
cust_ext_5014,Клиент 5014,+79990005014,user_5014@example.com,2026-01-12 05:50:37.596493+00:00
cust_ext_5015,Клиент 5015,+79990005015,user_5015@example.com,2026-01-17 14:56:49.568818+00:00
cust_ext_5016,Клиент 5016,+79990005016,user_5016@example.com,2026-01-19 05:44:16.620830+00:00
cust_ext_5017,Клиент 5017,+79990005017,user_5017@example.com,2026-02-02 08:09:16.613798+00:00
cust_ext_5018,Клиент 5018,+79990005018,user_5018@example.com,2026-01-17 20:45:39.944289+00:00
cust_ext_5019,Клиент 5019,+79990005019,user_5019@example.com,2026-02-11 18:32:02.731087+00:00
cust_ext_5020,Клиент 5020,+79990005020,user_5020@example.com,2026-01-05 07:38:27.851616+00:00
cust_ext_5021,Клиент 5021,+79990005021,user_5021@example.com,2026-01-09 03:32:43.557081+00:00
cust_ext_5022,Клиент 5022,+79990005022,user_5022@example.com,2026-02-13 01:16:42.029276+00:00
cust_ext_5023,Клиент 5023,+79990005023,user_5023@example.com,2026-01-20 15:03:37.459890+00:00
cust_ext_5024,Клиент 5024,+79990005024,user_5024@example.com,2026-01-29 12:50:31.666186+00:00
cust_ext_5025,Клиент 5025,+79990005025,user_5025@example.com,2026-01-13 14:49:44.976397+00:00
cust_ext_5026,Клиент 5026,+79990005026,user_5026@example.com,2026-01-14 06:40:20.201897+00:00
cust_ext_5027,Клиент 5027,+79990005027,user_5027@example.com,2026-02-04 23:58:34.865021+00:00
cust_ext_5028,Клиент 5028,+79990005028,user_5028@example.com,2026-02-09 21:08:09.006384+00:00
cust_ext_5029,Клиент 5029,+79990005029,user_5029@example.com,2026-02-05 11:52:30.339061+00:00
cust_ext_5030,Клиент 5030,+79990005030,user_5030@example.com,2026-01-12 09:41:23.514695+00:00
cust_ext_5031,Клиент 5031,+79990005031,user_5031@example.com,2026-02-10 03:01:06.149680+00:00
cust_ext_5032,Клиент 5032,+79990005032,user_5032@example.com,2026-01-05 13:09:11.855067+00:00
cust_ext_5033,Клиент 5033,+79990005033,user_5033@example.com,2026-02-14 11:44:32.414387+00:00
cust_ext_5034,Клиент 5034,+79990005034,user_5034@example.com,2026-01-07 06:05:16.459874+00:00
cust_ext_5035,Клиент 5035,+79990005035,user_5035@example.com,2026-01-23 02:42:05.848828+00:00
cust_ext_5036,Клиент 5036,+79990005036,user_5036@example.com,2026-01-05 10:59:29.163528+00:00
cust_ext_5037,Клиент 5037,+79990005037,user_5037@example.com,2026-02-01 18:47:06.272168+00:00
cust_ext_5038,Клиент 5038,+79990005038,user_5038@example.com,2026-01-13 19:51:20.425907+00:00
cust_ext_5039,Клиент 5039,+79990005039,user_5039@example.com,2026-01-30 04:17:14.600377+00:00
cust_ext_5040,Клиент 5040,+79990005040,user_5040@example.com,2026-01-10 14:25:33.938613+00:00
cust_ext_5041,Клиент 5041,+79990005041,user_5041@example.com,2026-01-31 10:35:20.582702+00:00
cust_ext_5042,Клиент 5042,+79990005042,user_5042@example.com,2026-02-04 10:51:30.736493+00:00
cust_ext_5043,Клиент 5043,+79990005043,user_5043@example.com,2026-02-02 13:27:12.262072+00:00
cust_ext_5044,Клиент 5044,+79990005044,user_5044@example.com,2026-01-22 14:48:37.218864+00:00
cust_ext_5045,Клиент 5045,+79990005045,user_5045@example.com,2026-01-17 22:13:02.064978+00:00
cust_ext_5046,Клиент 5046,+79990005046,user_5046@example.com,2026-01-23 02:19:32.498410+00:00
cust_ext_5047,Клиент 5047,+79990005047,user_5047@example.com,2026-01-03 02:10:41.344356+00:00
cust_ext_5048,Клиент 5048,+79990005048,user_5048@example.com,2026-01-12 09:10:26.565542+00:00
cust_ext_5049,Клиент 5049,+79990005049,user_5049@example.com,2026-01-16 15:20:48.402688+00:00
cust_ext_5050,Клиент 5050,+79990005050,user_5050@example.com,2026-02-02 19:14:19.065510+00:00
cust_ext_5051,Клиент 5051,+79990005051,user_5051@example.com,2026-01-08 21:17:47.925813+00:00
cust_ext_5052,Клиент 5052,+79990005052,user_5052@example.com,2026-01-17 05:54:04.266402+00:00
cust_ext_5053,Клиент 5053,+79990005053,user_5053@example.com,2026-02-01 10:21:46.376269+00:00
cust_ext_5054,Клиент 5054,+79990005054,user_5054@example.com,2026-02-05 00:20:12.859056+00:00
cust_ext_5055,Клиент 5055,+79990005055,user_5055@example.com,2026-01-08 01:42:52.959187+00:00
cust_ext_5056,Клиент 5056,+79990005056,user_5056@example.com,2026-02-08 16:19:17.528329+00:00
cust_ext_5057,Клиент 5057,+79990005057,user_5057@example.com,2026-01-09 02:36:21.441852+00:00
cust_ext_5058,Клиент 5058,+79990005058,user_5058@example.com,2026-01-11 20:45:14.490332+00:00
cust_ext_5059,Клиент 5059,+79990005059,user_5059@example.com,2026-02-12 12:19:22.250169+00:00
cust_ext_5060,Клиент 5060,+79990005060,user_5060@example.com,2026-02-07 19:56:09.238315+00:00
cust_ext_5061,Клиент 5061,+79990005061,user_5061@example.com,2026-01-30 18:51:59.112846+00:00
cust_ext_5062,Клиент 5062,+79990005062,user_5062@example.com,2026-01-17 01:56:30.713625+00:00
cust_ext_5063,Клиент 5063,+79990005063,user_5063@example.com,2026-02-02 03:03:47.024978+00:00
cust_ext_5064,Клиент 5064,+79990005064,user_5064@example.com,2026-01-13 12:43:54.595478+00:00
cust_ext_5065,Клиент 5065,+79990005065,user_5065@example.com,2026-02-06 13:54:36.729606+00:00
cust_ext_5066,Клиент 5066,+79990005066,user_5066@example.com,2026-02-01 01:11:33.725478+00:00
cust_ext_5067,Клиент 5067,+79990005067,user_5067@example.com,2026-01-22 14:00:35.849637+00:00
cust_ext_5068,Клиент 5068,+79990005068,user_5068@example.com,2026-01-19 03:27:25.978574+00:00
cust_ext_5069,Клиент 5069,+79990005069,user_5069@example.com,2026-01-04 00:46:46.202251+00:00
cust_ext_5070,Клиент 5070,+79990005070,user_5070@example.com,2026-01-11 09:16:45.646750+00:00
cust_ext_5071,Клиент 5071,+79990005071,user_5071@example.com,2026-01-11 20:54:26.980025+00:00
cust_ext_5072,Клиент 5072,+79990005072,user_5072@example.com,2026-02-04 22:24:45.094132+00:00
cust_ext_5073,Клиент 5073,+79990005073,user_5073@example.com,2026-01-16 23:40:20.504658+00:00
cust_ext_5074,Клиент 5074,+79990005074,user_5074@example.com,2026-02-08 09:33:58.699075+00:00
cust_ext_5075,Клиент 5075,+79990005075,user_5075@example.com,2026-01-29 08:53:51.455906+00:00
cust_ext_5076,Клиент 5076,+79990005076,user_5076@example.com,2026-02-01 04:55:15.013205+00:00
cust_ext_5077,Клиент 5077,+79990005077,user_5077@example.com,2026-01-01 07:45:57.847524+00:00
cust_ext_5078,Клиент 5078,+79990005078,user_5078@example.com,2026-02-01 08:54:06.788825+00:00
cust_ext_5079,Клиент 5079,+79990005079,user_5079@example.com,2026-01-11 22:17:00.390619+00:00
cust_ext_5080,Клиент 5080,+79990005080,user_5080@example.com,2026-01-06 19:19:14.247791+00:00
cust_ext_5081,Клиент 5081,+79990005081,user_5081@example.com,2026-01-12 15:29:01.688198+00:00
cust_ext_5082,Клиент 5082,+79990005082,user_5082@example.com,2026-02-10 13:50:23.014818+00:00
cust_ext_5083,Клиент 5083,+79990005083,user_5083@example.com,2026-01-13 09:47:53.771918+00:00
cust_ext_5084,Клиент 5084,+79990005084,user_5084@example.com,2026-01-22 05:14:55.033110+00:00
cust_ext_5085,Клиент 5085,+79990005085,user_5085@example.com,2026-02-09 13:04:57.744521+00:00
cust_ext_5086,Клиент 5086,+79990005086,user_5086@example.com,2026-01-05 13:33:23.322659+00:00
cust_ext_5087,Клиент 5087,+79990005087,user_5087@example.com,2026-02-10 21:53:33.998138+00:00
cust_ext_5088,Клиент 5088,+79990005088,user_5088@example.com,2026-01-29 18:09:56.229316+00:00
cust_ext_5089,Клиент 5089,+79990005089,user_5089@example.com,2026-01-20 05:00:29.150147+00:00
cust_ext_5090,Клиент 5090,+79990005090,user_5090@example.com,2026-01-23 12:17:26.413897+00:00
cust_ext_5091,Клиент 5091,+79990005091,user_5091@example.com,2026-02-08 13:17:06.509221+00:00
cust_ext_5092,Клиент 5092,+79990005092,user_5092@example.com,2026-02-01 05:53:20.927932+00:00
cust_ext_5093,Клиент 5093,+79990005093,user_5093@example.com,2026-01-13 19:27:13.125985+00:00
cust_ext_5094,Клиент 5094,+79990005094,user_5094@example.com,2026-01-18 14:21:21.078263+00:00
cust_ext_5095,Клиент 5095,+79990005095,user_5095@example.com,2026-01-11 00:06:32.539982+00:00
cust_ext_5096,Клиент 5096,+79990005096,user_5096@example.com,2026-02-05 20:21:05.867083+00:00
cust_ext_5097,Клиент 5097,+79990005097,user_5097@example.com,2026-01-31 00:58:19.063804+00:00
cust_ext_5098,Клиент 5098,+79990005098,user_5098@example.com,2026-01-18 05:30:27.155188+00:00
cust_ext_5099,Клиент 5099,+79990005099,user_5099@example.com,2026-01-11 06:34:57.169615+00:00
cust_ext_5100,Клиент 5100,+79990005100,user_5100@example.com,2026-01-27 05:58:23.711378+00:00
cust_ext_5101,Клиент 5101,+79990005101,user_5101@example.com,2026-01-15 23:49:46.145007+00:00
cust_ext_5102,Клиент 5102,+79990005102,user_5102@example.com,2026-01-10 13:57:20.922943+00:00
cust_ext_5103,Клиент 5103,+79990005103,user_5103@example.com,2026-01-10 14:26:03.286917+00:00
cust_ext_5104,Клиент 5104,+79990005104,user_5104@example.com,2026-01-17 03:53:52.228385+00:00
cust_ext_5105,Клиент 5105,+79990005105,user_5105@example.com,2026-02-01 19:42:28.216506+00:00
cust_ext_5106,Клиент 5106,+79990005106,user_5106@example.com,2026-01-11 23:12:47.352514+00:00
cust_ext_5107,Клиент 5107,+79990005107,user_5107@example.com,2026-01-08 20:42:56.800532+00:00
cust_ext_5108,Клиент 5108,+79990005108,user_5108@example.com,2026-02-05 17:54:17.025384+00:00
cust_ext_5109,Клиент 5109,+79990005109,user_5109@example.com,2026-02-10 06:14:04.474149+00:00
cust_ext_5110,Клиент 5110,+79990005110,user_5110@example.com,2026-01-31 13:57:00.959368+00:00
cust_ext_5111,Клиент 5111,+79990005111,user_5111@example.com,2026-01-24 23:21:24.736869+00:00
cust_ext_5112,Клиент 5112,+79990005112,user_5112@example.com,2026-01-30 07:51:22.082283+00:00
cust_ext_5113,Клиент 5113,+79990005113,user_5113@example.com,2026-01-12 05:30:15.173978+00:00
cust_ext_5114,Клиент 5114,+79990005114,user_5114@example.com,2026-01-14 09:29:48.901308+00:00
cust_ext_5115,Клиент 5115,+79990005115,user_5115@example.com,2026-01-19 11:16:05.753142+00:00
cust_ext_5116,Клиент 5116,+79990005116,user_5116@example.com,2026-01-10 16:05:13.348382+00:00
cust_ext_5117,Клиент 5117,+79990005117,user_5117@example.com,2026-01-31 06:00:23.629067+00:00
cust_ext_5118,Клиент 5118,+79990005118,user_5118@example.com,2026-01-18 04:24:51.017027+00:00
cust_ext_5119,Клиент 5119,+79990005119,user_5119@example.com,2026-01-17 21:14:23.123389+00:00
cust_ext_5120,Клиент 5120,+79990005120,user_5120@example.com,2026-01-16 00:04:39.265775+00:00
cust_ext_5121,Клиент 5121,+79990005121,user_5121@example.com,2026-01-04 00:41:39.058211+00:00
cust_ext_5122,Клиент 5122,+79990005122,user_5122@example.com,2026-01-09 07:43:09.569170+00:00
cust_ext_5123,Клиент 5123,+79990005123,user_5123@example.com,2026-01-25 14:14:11.032544+00:00
cust_ext_5124,Клиент 5124,+79990005124,user_5124@example.com,2026-02-08 14:37:32.688153+00:00
cust_ext_5125,Клиент 5125,+79990005125,user_5125@example.com,2026-01-26 09:09:51.717454+00:00
cust_ext_5126,Клиент 5126,+79990005126,user_5126@example.com,2026-02-05 10:33:26.325440+00:00
cust_ext_5127,Клиент 5127,+79990005127,user_5127@example.com,2026-01-13 11:26:45.802272+00:00
cust_ext_5128,Клиент 5128,+79990005128,user_5128@example.com,2026-01-29 00:56:51.508041+00:00
cust_ext_5129,Клиент 5129,+79990005129,user_5129@example.com,2026-02-03 09:48:21.857280+00:00
cust_ext_5130,Клиент 5130,+79990005130,user_5130@example.com,2026-01-30 16:19:40.903580+00:00
cust_ext_5131,Клиент 5131,+79990005131,user_5131@example.com,2026-01-02 17:08:22.407407+00:00
cust_ext_5132,Клиент 5132,+79990005132,user_5132@example.com,2026-01-12 10:24:41.596419+00:00
cust_ext_5133,Клиент 5133,+79990005133,user_5133@example.com,2026-02-02 18:55:25.119143+00:00
cust_ext_5134,Клиент 5134,+79990005134,user_5134@example.com,2026-01-21 11:52:43.636869+00:00
cust_ext_5135,Клиент 5135,+79990005135,user_5135@example.com,2026-01-08 01:33:54.370142+00:00
cust_ext_5136,Клиент 5136,+79990005136,user_5136@example.com,2026-01-07 14:45:30.651630+00:00
cust_ext_5137,Клиент 5137,+79990005137,user_5137@example.com,2026-01-03 23:51:40.193309+00:00
cust_ext_5138,Клиент 5138,+79990005138,user_5138@example.com,2026-02-05 14:37:35.435746+00:00
cust_ext_5139,Клиент 5139,+79990005139,user_5139@example.com,2026-01-15 02:19:47.796920+00:00
cust_ext_5140,Клиент 5140,+79990005140,user_5140@example.com,2026-01-28 10:56:00.090112+00:00
cust_ext_5141,Клиент 5141,+79990005141,user_5141@example.com,2026-01-18 03:35:10.220415+00:00
cust_ext_5142,Клиент 5142,+79990005142,user_5142@example.com,2026-01-17 21:32:58.338827+00:00
cust_ext_5143,Клиент 5143,+79990005143,user_5143@example.com,2026-02-05 19:11:45.330179+00:00
cust_ext_5144,Клиент 5144,+79990005144,user_5144@example.com,2026-01-22 22:15:44.946660+00:00
cust_ext_5145,Клиент 5145,+79990005145,user_5145@example.com,2026-01-26 22:24:39.521773+00:00
cust_ext_5146,Клиент 5146,+79990005146,user_5146@example.com,2026-01-15 11:52:09.783753+00:00
cust_ext_5147,Клиент 5147,+79990005147,user_5147@example.com,2026-01-11 11:58:48.442262+00:00
cust_ext_5148,Клиент 5148,+79990005148,user_5148@example.com,2026-01-15 15:10:59.840577+00:00
cust_ext_5149,Клиент 5149,+79990005149,user_5149@example.com,2026-02-10 07:01:53.530638+00:00
cust_ext_5150,Клиент 5150,+79990005150,user_5150@example.com,2026-02-10 12:15:17.232060+00:00
cust_ext_5151,Клиент 5151,+79990005151,user_5151@example.com,2026-01-25 08:59:57.565636+00:00
cust_ext_5152,Клиент 5152,+79990005152,user_5152@example.com,2026-01-29 22:25:03.095232+00:00
cust_ext_5153,Клиент 5153,+79990005153,user_5153@example.com,2026-01-10 17:01:19.038315+00:00
cust_ext_5154,Клиент 5154,+79990005154,user_5154@example.com,2026-02-02 18:24:25.412976+00:00
cust_ext_5155,Клиент 5155,+79990005155,user_5155@example.com,2026-01-24 11:37:16.671394+00:00
cust_ext_5156,Клиент 5156,+79990005156,user_5156@example.com,2026-02-13 06:28:40.232664+00:00
cust_ext_5157,Клиент 5157,+79990005157,user_5157@example.com,2026-02-09 21:47:40.176968+00:00
cust_ext_5158,Клиент 5158,+79990005158,user_5158@example.com,2026-02-10 10:53:50.043760+00:00
cust_ext_5159,Клиент 5159,+79990005159,user_5159@example.com,2026-02-06 04:02:50.638613+00:00
cust_ext_5160,Клиент 5160,+79990005160,user_5160@example.com,2026-02-07 13:01:57.500409+00:00
cust_ext_5161,Клиент 5161,+79990005161,user_5161@example.com,2026-02-09 10:37:04.853895+00:00
cust_ext_5162,Клиент 5162,+79990005162,user_5162@example.com,2026-02-14 05:16:39.491313+00:00
cust_ext_5163,Клиент 5163,+79990005163,user_5163@example.com,2026-01-27 17:44:02.581350+00:00
cust_ext_5164,Клиент 5164,+79990005164,user_5164@example.com,2026-02-12 05:41:52.075396+00:00
cust_ext_5165,Клиент 5165,+79990005165,user_5165@example.com,2026-02-06 21:15:03.343864+00:00
cust_ext_5166,Клиент 5166,+79990005166,user_5166@example.com,2026-01-25 14:22:00.493756+00:00
cust_ext_5167,Клиент 5167,+79990005167,user_5167@example.com,2026-02-07 00:30:45.898232+00:00
cust_ext_5168,Клиент 5168,+79990005168,user_5168@example.com,2026-01-14 21:25:20.912371+00:00
cust_ext_5169,Клиент 5169,+79990005169,user_5169@example.com,2026-01-04 23:08:12.103466+00:00
cust_ext_5170,Клиент 5170,+79990005170,user_5170@example.com,2026-01-20 09:52:41.986701+00:00
cust_ext_5171,Клиент 5171,+79990005171,user_5171@example.com,2026-01-02 05:37:04.056755+00:00
cust_ext_5172,Клиент 5172,+79990005172,user_5172@example.com,2026-02-01 12:48:07.584952+00:00
cust_ext_5173,Клиент 5173,+79990005173,user_5173@example.com,2026-01-21 01:14:51.548003+00:00
cust_ext_5174,Клиент 5174,+79990005174,user_5174@example.com,2026-01-18 05:46:17.152639+00:00
cust_ext_5175,Клиент 5175,+79990005175,user_5175@example.com,2026-01-09 12:58:29.246142+00:00
cust_ext_5176,Клиент 5176,+79990005176,user_5176@example.com,2026-02-05 09:26:21.353140+00:00
cust_ext_5177,Клиент 5177,+79990005177,user_5177@example.com,2026-01-02 16:25:45.053823+00:00
cust_ext_5178,Клиент 5178,+79990005178,user_5178@example.com,2026-02-08 11:46:06.243278+00:00
cust_ext_5179,Клиент 5179,+79990005179,user_5179@example.com,2026-02-09 00:06:51.171795+00:00
cust_ext_5180,Клиент 5180,+79990005180,user_5180@example.com,2026-02-02 19:48:44.853420+00:00
cust_ext_5181,Клиент 5181,+79990005181,user_5181@example.com,2026-02-10 21:49:04.901572+00:00
cust_ext_5182,Клиент 5182,+79990005182,user_5182@example.com,2026-01-03 09:45:06.975137+00:00
cust_ext_5183,Клиент 5183,+79990005183,user_5183@example.com,2026-01-21 17:22:28.135829+00:00
cust_ext_5184,Клиент 5184,+79990005184,user_5184@example.com,2026-01-29 14:05:16.455136+00:00
cust_ext_5185,Клиент 5185,+79990005185,user_5185@example.com,2026-01-11 12:33:20.170698+00:00
cust_ext_5186,Клиент 5186,+79990005186,user_5186@example.com,2026-01-07 05:23:24.437658+00:00
cust_ext_5187,Клиент 5187,+79990005187,user_5187@example.com,2026-02-01 04:27:42.869140+00:00
cust_ext_5188,Клиент 5188,+79990005188,user_5188@example.com,2026-02-10 21:13:34.148773+00:00
cust_ext_5189,Клиент 5189,+79990005189,user_5189@example.com,2026-01-05 21:53:17.827482+00:00
cust_ext_5190,Клиент 5190,+79990005190,user_5190@example.com,2026-01-23 00:32:54.499395+00:00
cust_ext_5191,Клиент 5191,+79990005191,user_5191@example.com,2026-01-28 10:44:35.535136+00:00
cust_ext_5192,Клиент 5192,+79990005192,user_5192@example.com,2026-01-19 02:23:33.553821+00:00
cust_ext_5193,Клиент 5193,+79990005193,user_5193@example.com,2026-01-21 07:05:54.878059+00:00
cust_ext_5194,Клиент 5194,+79990005194,user_5194@example.com,2026-01-20 23:54:52.936035+00:00
cust_ext_5195,Клиент 5195,+79990005195,user_5195@example.com,2026-01-05 15:12:20.072104+00:00
cust_ext_5196,Клиент 5196,+79990005196,user_5196@example.com,2026-01-25 03:00:02.287280+00:00
cust_ext_5197,Клиент 5197,+79990005197,user_5197@example.com,2026-01-08 10:31:30.902190+00:00
cust_ext_5198,Клиент 5198,+79990005198,user_5198@example.com,2026-01-25 12:35:38.000811+00:00
cust_ext_5199,Клиент 5199,+79990005199,user_5199@example.com,2026-02-09 19:27:39.019044+00:00
cust_ext_5200,Клиент 5200,+79990005200,user_5200@example.com,2026-01-06 22:35:12.446390+00:00
cust_ext_5201,Клиент 5201,+79990005201,user_5201@example.com,2026-01-27 02:59:12.376173+00:00
cust_ext_5202,Клиент 5202,+79990005202,user_5202@example.com,2026-01-01 16:55:29.345235+00:00
cust_ext_5203,Клиент 5203,+79990005203,user_5203@example.com,2026-01-03 13:48:15.636433+00:00
cust_ext_5204,Клиент 5204,+79990005204,user_5204@example.com,2026-01-05 04:29:21.398534+00:00
cust_ext_5205,Клиент 5205,+79990005205,user_5205@example.com,2026-01-20 14:34:08.686722+00:00
cust_ext_5206,Клиент 5206,+79990005206,user_5206@example.com,2026-02-14 14:23:23.580229+00:00
cust_ext_5207,Клиент 5207,+79990005207,user_5207@example.com,2026-01-24 02:04:06.665836+00:00
cust_ext_5208,Клиент 5208,+79990005208,user_5208@example.com,2026-01-10 09:38:07.069660+00:00
cust_ext_5209,Клиент 5209,+79990005209,user_5209@example.com,2026-01-13 09:03:49.236026+00:00
cust_ext_5210,Клиент 5210,+79990005210,user_5210@example.com,2026-01-31 18:00:24.983804+00:00
cust_ext_5211,Клиент 5211,+79990005211,user_5211@example.com,2026-01-04 20:31:44.227056+00:00
cust_ext_5212,Клиент 5212,+79990005212,user_5212@example.com,2026-01-02 10:59:36.702908+00:00
cust_ext_5213,Клиент 5213,+79990005213,user_5213@example.com,2026-02-03 23:06:27.568363+00:00
cust_ext_5214,Клиент 5214,+79990005214,user_5214@example.com,2026-01-13 03:51:08.023112+00:00
cust_ext_5215,Клиент 5215,+79990005215,user_5215@example.com,2026-02-03 15:57:33.400148+00:00
cust_ext_5216,Клиент 5216,+79990005216,user_5216@example.com,2026-01-21 19:57:54.371517+00:00
cust_ext_5217,Клиент 5217,+79990005217,user_5217@example.com,2026-01-20 17:00:13.628131+00:00
cust_ext_5218,Клиент 5218,+79990005218,user_5218@example.com,2026-02-02 05:07:49.685015+00:00
cust_ext_5219,Клиент 5219,+79990005219,user_5219@example.com,2026-01-02 14:29:07.973861+00:00
cust_ext_5220,Клиент 5220,+79990005220,user_5220@example.com,2026-02-10 06:28:59.998769+00:00
cust_ext_5221,Клиент 5221,+79990005221,user_5221@example.com,2026-01-30 22:38:35.511993+00:00
cust_ext_5222,Клиент 5222,+79990005222,user_5222@example.com,2026-02-09 16:13:02.997637+00:00
cust_ext_5223,Клиент 5223,+79990005223,user_5223@example.com,2026-02-09 03:50:49.131580+00:00
cust_ext_5224,Клиент 5224,+79990005224,user_5224@example.com,2026-02-08 15:14:09.003514+00:00
cust_ext_5225,Клиент 5225,+79990005225,user_5225@example.com,2026-01-01 15:46:06.382213+00:00
cust_ext_5226,Клиент 5226,+79990005226,user_5226@example.com,2026-02-12 16:58:05.114915+00:00
cust_ext_5227,Клиент 5227,+79990005227,user_5227@example.com,2026-02-02 18:02:47.896592+00:00
cust_ext_5228,Клиент 5228,+79990005228,user_5228@example.com,2026-02-04 22:29:39.547341+00:00
cust_ext_5229,Клиент 5229,+79990005229,user_5229@example.com,2026-01-24 17:22:11.271136+00:00
cust_ext_5230,Клиент 5230,+79990005230,user_5230@example.com,2026-01-25 15:18:18.897970+00:00
cust_ext_5231,Клиент 5231,+79990005231,user_5231@example.com,2026-01-21 01:48:00.114298+00:00
cust_ext_5232,Клиент 5232,+79990005232,user_5232@example.com,2026-02-14 13:48:35.944063+00:00
cust_ext_5233,Клиент 5233,+79990005233,user_5233@example.com,2026-01-07 00:17:24.964294+00:00
cust_ext_5234,Клиент 5234,+79990005234,user_5234@example.com,2026-01-04 18:39:07.166481+00:00
cust_ext_5235,Клиент 5235,+79990005235,user_5235@example.com,2026-02-08 11:23:17.040918+00:00
cust_ext_5236,Клиент 5236,+79990005236,user_5236@example.com,2026-01-13 18:39:56.773295+00:00
cust_ext_5237,Клиент 5237,+79990005237,user_5237@example.com,2026-01-08 05:08:24.455632+00:00
cust_ext_5238,Клиент 5238,+79990005238,user_5238@example.com,2026-02-09 20:58:38.205708+00:00
cust_ext_5239,Клиент 5239,+79990005239,user_5239@example.com,2026-01-15 02:51:20.198324+00:00
cust_ext_5240,Клиент 5240,+79990005240,user_5240@example.com,2026-01-05 05:12:50.319340+00:00
cust_ext_5241,Клиент 5241,+79990005241,user_5241@example.com,2026-01-05 21:07:17.500321+00:00
cust_ext_5242,Клиент 5242,+79990005242,user_5242@example.com,2026-01-11 22:01:34.508144+00:00
cust_ext_5243,Клиент 5243,+79990005243,user_5243@example.com,2026-02-13 13:41:13.322013+00:00
cust_ext_5244,Клиент 5244,+79990005244,user_5244@example.com,2026-02-09 12:24:39.955923+00:00
cust_ext_5245,Клиент 5245,+79990005245,user_5245@example.com,2026-01-27 07:11:59.033523+00:00
cust_ext_5246,Клиент 5246,+79990005246,user_5246@example.com,2026-01-29 14:25:31.182923+00:00
cust_ext_5247,Клиент 5247,+79990005247,user_5247@example.com,2026-01-24 01:21:26.285768+00:00
cust_ext_5248,Клиент 5248,+79990005248,user_5248@example.com,2026-01-07 08:29:51.053823+00:00
cust_ext_5249,Клиент 5249,+79990005249,user_5249@example.com,2026-01-19 10:33:21.429866+00:00
cust_ext_5250,Клиент 5250,+79990005250,user_5250@example.com,2026-01-09 14:52:37.604045+00:00
cust_ext_5251,Клиент 5251,+79990005251,user_5251@example.com,2026-01-05 09:45:54.315129+00:00
cust_ext_5252,Клиент 5252,+79990005252,user_5252@example.com,2026-02-08 20:59:36.580705+00:00
cust_ext_5253,Клиент 5253,+79990005253,user_5253@example.com,2026-01-13 02:20:28.138829+00:00
cust_ext_5254,Клиент 5254,+79990005254,user_5254@example.com,2026-01-23 23:39:14.364555+00:00
cust_ext_5255,Клиент 5255,+79990005255,user_5255@example.com,2026-01-09 10:59:48.273992+00:00
cust_ext_5256,Клиент 5256,+79990005256,user_5256@example.com,2026-01-30 20:12:37.858441+00:00
cust_ext_5257,Клиент 5257,+79990005257,user_5257@example.com,2026-01-04 01:00:04.898481+00:00
cust_ext_5258,Клиент 5258,+79990005258,user_5258@example.com,2026-01-11 05:54:15.601480+00:00
cust_ext_5259,Клиент 5259,+79990005259,user_5259@example.com,2026-01-30 09:22:08.929666+00:00
cust_ext_5260,Клиент 5260,+79990005260,user_5260@example.com,2026-01-14 11:04:19.985328+00:00
cust_ext_5261,Клиент 5261,+79990005261,user_5261@example.com,2026-02-06 20:19:16.658554+00:00
cust_ext_5262,Клиент 5262,+79990005262,user_5262@example.com,2026-02-10 21:24:55.163710+00:00
cust_ext_5263,Клиент 5263,+79990005263,user_5263@example.com,2026-01-21 20:28:15.212164+00:00
cust_ext_5264,Клиент 5264,+79990005264,user_5264@example.com,2026-01-10 10:16:28.135294+00:00
cust_ext_5265,Клиент 5265,+79990005265,user_5265@example.com,2026-02-08 23:05:03.711734+00:00
cust_ext_5266,Клиент 5266,+79990005266,user_5266@example.com,2026-01-10 15:02:08.315749+00:00
cust_ext_5267,Клиент 5267,+79990005267,user_5267@example.com,2026-02-13 01:15:30.997245+00:00
cust_ext_5268,Клиент 5268,+79990005268,user_5268@example.com,2026-02-03 13:10:12.447424+00:00
cust_ext_5269,Клиент 5269,+79990005269,user_5269@example.com,2026-02-08 20:50:00.453187+00:00
cust_ext_5270,Клиент 5270,+79990005270,user_5270@example.com,2026-01-28 01:58:09.845396+00:00
cust_ext_5271,Клиент 5271,+79990005271,user_5271@example.com,2026-02-14 13:37:31.886677+00:00
cust_ext_5272,Клиент 5272,+79990005272,user_5272@example.com,2026-02-01 05:15:40.482539+00:00
cust_ext_5273,Клиент 5273,+79990005273,user_5273@example.com,2026-02-10 16:01:31.201448+00:00
cust_ext_5274,Клиент 5274,+79990005274,user_5274@example.com,2026-01-07 02:55:22.153861+00:00
cust_ext_5275,Клиент 5275,+79990005275,user_5275@example.com,2026-01-20 22:55:08.999042+00:00
cust_ext_5276,Клиент 5276,+79990005276,user_5276@example.com,2026-01-03 20:01:22.560064+00:00
cust_ext_5277,Клиент 5277,+79990005277,user_5277@example.com,2026-01-10 07:13:03.972279+00:00
cust_ext_5278,Клиент 5278,+79990005278,user_5278@example.com,2026-01-26 23:47:00.801570+00:00
cust_ext_5279,Клиент 5279,+79990005279,user_5279@example.com,2026-02-10 13:09:08.775358+00:00
cust_ext_5280,Клиент 5280,+79990005280,user_5280@example.com,2026-02-13 03:22:14.575851+00:00
cust_ext_5281,Клиент 5281,+79990005281,user_5281@example.com,2026-01-16 23:17:32.485115+00:00
cust_ext_5282,Клиент 5282,+79990005282,user_5282@example.com,2026-01-25 08:30:03.575353+00:00
cust_ext_5283,Клиент 5283,+79990005283,user_5283@example.com,2026-02-10 23:19:34.756783+00:00
cust_ext_5284,Клиент 5284,+79990005284,user_5284@example.com,2026-01-08 01:13:33.302698+00:00
cust_ext_5285,Клиент 5285,+79990005285,user_5285@example.com,2026-01-16 05:09:00.039949+00:00
cust_ext_5286,Клиент 5286,+79990005286,user_5286@example.com,2026-01-19 05:22:50.069381+00:00
cust_ext_5287,Клиент 5287,+79990005287,user_5287@example.com,2026-01-23 09:27:51.211427+00:00
cust_ext_5288,Клиент 5288,+79990005288,user_5288@example.com,2026-01-14 00:07:58.097382+00:00
cust_ext_5289,Клиент 5289,+79990005289,user_5289@example.com,2026-01-15 01:31:03.149269+00:00
cust_ext_5290,Клиент 5290,+79990005290,user_5290@example.com,2026-01-14 03:22:26.472304+00:00
cust_ext_5291,Клиент 5291,+79990005291,user_5291@example.com,2026-01-07 17:22:17.471814+00:00
cust_ext_5292,Клиент 5292,+79990005292,user_5292@example.com,2026-01-03 14:21:17.060406+00:00
cust_ext_5293,Клиент 5293,+79990005293,user_5293@example.com,2026-01-06 04:18:41.838345+00:00
cust_ext_5294,Клиент 5294,+79990005294,user_5294@example.com,2026-01-19 09:49:23.127512+00:00
cust_ext_5295,Клиент 5295,+79990005295,user_5295@example.com,2026-01-06 14:17:24.051697+00:00
cust_ext_5296,Клиент 5296,+79990005296,user_5296@example.com,2026-01-04 04:46:13.737304+00:00
cust_ext_5297,Клиент 5297,+79990005297,user_5297@example.com,2026-01-23 13:38:39.861810+00:00
cust_ext_5298,Клиент 5298,+79990005298,user_5298@example.com,2026-01-14 08:09:28.640694+00:00
cust_ext_5299,Клиент 5299,+79990005299,user_5299@example.com,2026-02-14 18:01:50.896633+00:00
cust_ext_5300,Клиент 5300,+79990005300,user_5300@example.com,2026-02-06 07:31:44.971457+00:00
cust_ext_5301,Клиент 5301,+79990005301,user_5301@example.com,2026-01-25 05:02:16.505204+00:00
cust_ext_5302,Клиент 5302,+79990005302,user_5302@example.com,2026-01-16 20:37:19.032868+00:00
cust_ext_5303,Клиент 5303,+79990005303,user_5303@example.com,2026-01-22 07:23:21.768597+00:00
cust_ext_5304,Клиент 5304,+79990005304,user_5304@example.com,2026-01-22 01:05:27.386642+00:00
cust_ext_5305,Клиент 5305,+79990005305,user_5305@example.com,2026-02-13 16:22:42.367026+00:00
cust_ext_5306,Клиент 5306,+79990005306,user_5306@example.com,2026-02-01 03:15:04.713424+00:00
cust_ext_5307,Клиент 5307,+79990005307,user_5307@example.com,2026-01-19 14:55:45.535591+00:00
cust_ext_5308,Клиент 5308,+79990005308,user_5308@example.com,2026-01-12 04:20:35.710718+00:00
cust_ext_5309,Клиент 5309,+79990005309,user_5309@example.com,2026-02-05 22:25:04.432639+00:00
cust_ext_5310,Клиент 5310,+79990005310,user_5310@example.com,2026-01-03 06:37:55.869740+00:00
cust_ext_5311,Клиент 5311,+79990005311,user_5311@example.com,2026-02-01 20:47:31.422041+00:00
cust_ext_5312,Клиент 5312,+79990005312,user_5312@example.com,2026-01-25 11:37:28.005412+00:00
cust_ext_5313,Клиент 5313,+79990005313,user_5313@example.com,2026-01-28 01:08:52.301833+00:00
cust_ext_5314,Клиент 5314,+79990005314,user_5314@example.com,2026-02-07 23:11:23.516468+00:00
cust_ext_5315,Клиент 5315,+79990005315,user_5315@example.com,2026-01-07 09:35:45.357680+00:00
cust_ext_5316,Клиент 5316,+79990005316,user_5316@example.com,2026-02-02 23:29:19.149843+00:00
cust_ext_5317,Клиент 5317,+79990005317,user_5317@example.com,2026-02-12 10:56:08.179121+00:00
cust_ext_5318,Клиент 5318,+79990005318,user_5318@example.com,2026-01-06 01:57:07.799956+00:00
cust_ext_5319,Клиент 5319,+79990005319,user_5319@example.com,2026-02-05 00:47:34.542045+00:00
cust_ext_5320,Клиент 5320,+79990005320,user_5320@example.com,2026-01-01 16:20:39.811302+00:00
cust_ext_5321,Клиент 5321,+79990005321,user_5321@example.com,2026-01-04 12:20:33.815002+00:00
cust_ext_5322,Клиент 5322,+79990005322,user_5322@example.com,2026-02-12 18:37:14.610115+00:00
cust_ext_5323,Клиент 5323,+79990005323,user_5323@example.com,2026-01-19 23:46:21.609409+00:00
cust_ext_5324,Клиент 5324,+79990005324,user_5324@example.com,2026-01-24 13:04:49.804123+00:00
cust_ext_5325,Клиент 5325,+79990005325,user_5325@example.com,2026-01-25 00:06:19.797156+00:00
cust_ext_5326,Клиент 5326,+79990005326,user_5326@example.com,2026-01-04 01:05:33.236466+00:00
cust_ext_5327,Клиент 5327,+79990005327,user_5327@example.com,2026-01-31 08:57:10.387224+00:00
cust_ext_5328,Клиент 5328,+79990005328,user_5328@example.com,2026-01-31 21:48:41.556678+00:00
cust_ext_5329,Клиент 5329,+79990005329,user_5329@example.com,2026-01-08 10:08:05.929563+00:00
cust_ext_5330,Клиент 5330,+79990005330,user_5330@example.com,2026-02-06 22:10:10.412604+00:00
cust_ext_5331,Клиент 5331,+79990005331,user_5331@example.com,2026-02-11 19:08:02.844034+00:00
cust_ext_5332,Клиент 5332,+79990005332,user_5332@example.com,2026-02-03 12:28:15.878990+00:00
cust_ext_5333,Клиент 5333,+79990005333,user_5333@example.com,2026-02-04 06:53:25.257673+00:00
cust_ext_5334,Клиент 5334,+79990005334,user_5334@example.com,2026-02-03 05:20:53.237888+00:00
cust_ext_5335,Клиент 5335,+79990005335,user_5335@example.com,2026-02-07 15:12:33.490834+00:00
cust_ext_5336,Клиент 5336,+79990005336,user_5336@example.com,2026-01-24 10:08:59.204477+00:00
cust_ext_5337,Клиент 5337,+79990005337,user_5337@example.com,2026-01-07 06:06:56.826006+00:00
cust_ext_5338,Клиент 5338,+79990005338,user_5338@example.com,2026-02-03 08:52:20.412759+00:00
cust_ext_5339,Клиент 5339,+79990005339,user_5339@example.com,2026-02-08 20:54:25.581719+00:00
cust_ext_5340,Клиент 5340,+79990005340,user_5340@example.com,2026-01-24 15:41:42.713916+00:00
cust_ext_5341,Клиент 5341,+79990005341,user_5341@example.com,2026-01-02 11:22:45.477251+00:00
cust_ext_5342,Клиент 5342,+79990005342,user_5342@example.com,2026-01-29 08:48:01.140253+00:00
cust_ext_5343,Клиент 5343,+79990005343,user_5343@example.com,2026-02-01 04:53:36.550852+00:00
cust_ext_5344,Клиент 5344,+79990005344,user_5344@example.com,2026-01-12 07:49:18.323133+00:00
cust_ext_5345,Клиент 5345,+79990005345,user_5345@example.com,2026-01-26 21:08:28.154783+00:00
cust_ext_5346,Клиент 5346,+79990005346,user_5346@example.com,2026-01-24 05:08:54.786857+00:00
cust_ext_5347,Клиент 5347,+79990005347,user_5347@example.com,2026-02-06 11:28:04.621314+00:00
cust_ext_5348,Клиент 5348,+79990005348,user_5348@example.com,2026-01-30 01:20:14.400203+00:00
cust_ext_5349,Клиент 5349,+79990005349,user_5349@example.com,2026-01-30 05:36:06.199021+00:00
cust_ext_5350,Клиент 5350,+79990005350,user_5350@example.com,2026-01-28 00:43:08.044426+00:00
cust_ext_5351,Клиент 5351,+79990005351,user_5351@example.com,2026-01-25 13:16:58.437176+00:00
cust_ext_5352,Клиент 5352,+79990005352,user_5352@example.com,2026-02-07 03:44:18.241894+00:00
cust_ext_5353,Клиент 5353,+79990005353,user_5353@example.com,2026-02-11 15:11:37.718158+00:00
cust_ext_5354,Клиент 5354,+79990005354,user_5354@example.com,2026-02-11 01:40:05.407595+00:00
cust_ext_5355,Клиент 5355,+79990005355,user_5355@example.com,2026-01-14 12:07:41.778476+00:00
cust_ext_5356,Клиент 5356,+79990005356,user_5356@example.com,2026-02-06 22:34:05.599207+00:00
cust_ext_5357,Клиент 5357,+79990005357,user_5357@example.com,2026-01-12 16:33:57.559751+00:00
cust_ext_5358,Клиент 5358,+79990005358,user_5358@example.com,2026-02-06 23:08:29.519070+00:00
cust_ext_5359,Клиент 5359,+79990005359,user_5359@example.com,2026-02-13 01:01:12.548782+00:00
cust_ext_5360,Клиент 5360,+79990005360,user_5360@example.com,2026-02-02 01:23:38.554439+00:00
cust_ext_5361,Клиент 5361,+79990005361,user_5361@example.com,2026-02-09 15:08:08.070114+00:00
cust_ext_5362,Клиент 5362,+79990005362,user_5362@example.com,2026-02-09 09:51:26.086168+00:00
cust_ext_5363,Клиент 5363,+79990005363,user_5363@example.com,2026-01-22 22:00:21.049756+00:00
cust_ext_5364,Клиент 5364,+79990005364,user_5364@example.com,2026-02-07 19:37:51.289656+00:00
cust_ext_5365,Клиент 5365,+79990005365,user_5365@example.com,2026-01-22 20:44:18.337502+00:00
cust_ext_5366,Клиент 5366,+79990005366,user_5366@example.com,2026-01-21 14:45:48.482318+00:00
cust_ext_5367,Клиент 5367,+79990005367,user_5367@example.com,2026-02-01 17:50:16.252471+00:00
cust_ext_5368,Клиент 5368,+79990005368,user_5368@example.com,2026-01-18 22:05:08.353945+00:00
cust_ext_5369,Клиент 5369,+79990005369,user_5369@example.com,2026-01-26 03:26:36.627121+00:00
cust_ext_5370,Клиент 5370,+79990005370,user_5370@example.com,2026-01-20 02:17:45.868790+00:00
cust_ext_5371,Клиент 5371,+79990005371,user_5371@example.com,2026-02-07 21:40:14.568232+00:00
cust_ext_5372,Клиент 5372,+79990005372,user_5372@example.com,2026-02-04 22:30:00.821988+00:00
cust_ext_5373,Клиент 5373,+79990005373,user_5373@example.com,2026-01-04 18:02:34.990097+00:00
cust_ext_5374,Клиент 5374,+79990005374,user_5374@example.com,2026-01-25 21:24:13.461088+00:00
cust_ext_5375,Клиент 5375,+79990005375,user_5375@example.com,2026-01-13 07:26:57.813654+00:00
cust_ext_5376,Клиент 5376,+79990005376,user_5376@example.com,2026-02-08 00:34:05.495613+00:00
cust_ext_5377,Клиент 5377,+79990005377,user_5377@example.com,2026-01-03 13:38:20.590062+00:00
cust_ext_5378,Клиент 5378,+79990005378,user_5378@example.com,2026-01-20 06:00:25.048447+00:00
cust_ext_5379,Клиент 5379,+79990005379,user_5379@example.com,2026-01-27 15:52:18.257675+00:00
cust_ext_5380,Клиент 5380,+79990005380,user_5380@example.com,2026-02-08 21:10:42.010035+00:00
cust_ext_5381,Клиент 5381,+79990005381,user_5381@example.com,2026-01-27 15:45:33.648875+00:00
cust_ext_5382,Клиент 5382,+79990005382,user_5382@example.com,2026-02-03 06:49:33.776829+00:00
cust_ext_5383,Клиент 5383,+79990005383,user_5383@example.com,2026-01-25 08:12:56.230221+00:00
cust_ext_5384,Клиент 5384,+79990005384,user_5384@example.com,2026-01-11 04:38:43.869924+00:00
cust_ext_5385,Клиент 5385,+79990005385,user_5385@example.com,2026-01-18 12:53:35.062962+00:00
cust_ext_5386,Клиент 5386,+79990005386,user_5386@example.com,2026-01-19 05:21:18.835166+00:00
cust_ext_5387,Клиент 5387,+79990005387,user_5387@example.com,2026-02-09 22:09:14.289647+00:00
cust_ext_5388,Клиент 5388,+79990005388,user_5388@example.com,2026-02-02 19:03:08.127706+00:00
cust_ext_5389,Клиент 5389,+79990005389,user_5389@example.com,2026-02-08 16:00:23.355885+00:00
cust_ext_5390,Клиент 5390,+79990005390,user_5390@example.com,2026-01-22 22:16:28.087088+00:00
cust_ext_5391,Клиент 5391,+79990005391,user_5391@example.com,2026-01-25 05:16:15.706499+00:00
cust_ext_5392,Клиент 5392,+79990005392,user_5392@example.com,2026-01-25 06:24:39.956964+00:00
cust_ext_5393,Клиент 5393,+79990005393,user_5393@example.com,2026-01-07 06:09:57.332857+00:00
cust_ext_5394,Клиент 5394,+79990005394,user_5394@example.com,2026-01-19 18:20:47.963798+00:00
cust_ext_5395,Клиент 5395,+79990005395,user_5395@example.com,2026-01-29 02:03:29.218700+00:00
cust_ext_5396,Клиент 5396,+79990005396,user_5396@example.com,2026-01-22 04:15:36.380983+00:00
cust_ext_5397,Клиент 5397,+79990005397,user_5397@example.com,2026-01-22 17:46:24.848636+00:00
cust_ext_5398,Клиент 5398,+79990005398,user_5398@example.com,2026-01-16 08:27:01.500005+00:00
cust_ext_5399,Клиент 5399,+79990005399,user_5399@example.com,2026-02-08 14:11:06.862888+00:00
cust_ext_5400,Клиент 5400,+79990005400,user_5400@example.com,2026-02-04 14:51:44.034315+00:00
cust_ext_5401,Клиент 5401,+79990005401,user_5401@example.com,2026-02-02 00:51:42.483485+00:00
cust_ext_5402,Клиент 5402,+79990005402,user_5402@example.com,2026-01-21 17:27:30.591199+00:00
cust_ext_5403,Клиент 5403,+79990005403,user_5403@example.com,2026-01-15 03:54:39.564886+00:00
cust_ext_5404,Клиент 5404,+79990005404,user_5404@example.com,2026-02-07 18:37:15.449612+00:00
cust_ext_5405,Клиент 5405,+79990005405,user_5405@example.com,2026-01-17 14:43:44.346133+00:00
cust_ext_5406,Клиент 5406,+79990005406,user_5406@example.com,2026-01-25 05:01:50.133884+00:00
cust_ext_5407,Клиент 5407,+79990005407,user_5407@example.com,2026-01-21 07:33:53.072503+00:00
cust_ext_5408,Клиент 5408,+79990005408,user_5408@example.com,2026-01-14 13:18:36.512866+00:00
cust_ext_5409,Клиент 5409,+79990005409,user_5409@example.com,2026-01-10 03:56:37.071077+00:00
cust_ext_5410,Клиент 5410,+79990005410,user_5410@example.com,2026-01-18 19:22:19.011184+00:00
cust_ext_5411,Клиент 5411,+79990005411,user_5411@example.com,2026-02-14 16:11:57.470945+00:00
cust_ext_5412,Клиент 5412,+79990005412,user_5412@example.com,2026-02-07 16:30:03.590762+00:00
cust_ext_5413,Клиент 5413,+79990005413,user_5413@example.com,2026-02-04 02:42:05.117033+00:00
cust_ext_5414,Клиент 5414,+79990005414,user_5414@example.com,2026-01-28 14:12:44.454137+00:00
cust_ext_5415,Клиент 5415,+79990005415,user_5415@example.com,2026-02-03 12:53:56.623037+00:00
cust_ext_5416,Клиент 5416,+79990005416,user_5416@example.com,2026-01-13 02:52:15.860819+00:00
cust_ext_5417,Клиент 5417,+79990005417,user_5417@example.com,2026-01-04 00:25:07.396537+00:00
cust_ext_5418,Клиент 5418,+79990005418,user_5418@example.com,2026-01-30 23:51:34.950308+00:00
cust_ext_5419,Клиент 5419,+79990005419,user_5419@example.com,2026-01-20 09:46:08.097713+00:00
cust_ext_5420,Клиент 5420,+79990005420,user_5420@example.com,2026-01-03 23:04:32.552947+00:00
cust_ext_5421,Клиент 5421,+79990005421,user_5421@example.com,2026-01-09 19:36:47.295747+00:00
cust_ext_5422,Клиент 5422,+79990005422,user_5422@example.com,2026-01-26 14:43:29.391919+00:00
cust_ext_5423,Клиент 5423,+79990005423,user_5423@example.com,2026-02-07 15:35:35.821591+00:00
cust_ext_5424,Клиент 5424,+79990005424,user_5424@example.com,2026-01-22 19:42:44.381168+00:00
cust_ext_5425,Клиент 5425,+79990005425,user_5425@example.com,2026-02-06 16:29:43.833544+00:00
cust_ext_5426,Клиент 5426,+79990005426,user_5426@example.com,2026-01-31 23:40:45.613199+00:00
cust_ext_5427,Клиент 5427,+79990005427,user_5427@example.com,2026-01-10 10:44:24.214266+00:00
cust_ext_5428,Клиент 5428,+79990005428,user_5428@example.com,2026-02-02 02:24:33.727174+00:00
cust_ext_5429,Клиент 5429,+79990005429,user_5429@example.com,2026-01-10 07:26:58.425183+00:00
cust_ext_5430,Клиент 5430,+79990005430,user_5430@example.com,2026-02-13 01:11:42.398902+00:00
cust_ext_5431,Клиент 5431,+79990005431,user_5431@example.com,2026-01-23 20:06:40.036049+00:00
cust_ext_5432,Клиент 5432,+79990005432,user_5432@example.com,2026-01-26 02:58:52.780674+00:00
cust_ext_5433,Клиент 5433,+79990005433,user_5433@example.com,2026-01-11 14:42:23.042318+00:00
cust_ext_5434,Клиент 5434,+79990005434,user_5434@example.com,2026-02-07 10:00:29.778131+00:00
cust_ext_5435,Клиент 5435,+79990005435,user_5435@example.com,2026-02-09 10:16:01.694548+00:00
cust_ext_5436,Клиент 5436,+79990005436,user_5436@example.com,2026-01-11 23:06:27.955486+00:00
cust_ext_5437,Клиент 5437,+79990005437,user_5437@example.com,2026-01-14 10:33:32.637052+00:00
cust_ext_5438,Клиент 5438,+79990005438,user_5438@example.com,2026-01-01 09:27:21.255445+00:00
cust_ext_5439,Клиент 5439,+79990005439,user_5439@example.com,2026-01-26 01:59:25.389257+00:00
cust_ext_5440,Клиент 5440,+79990005440,user_5440@example.com,2026-01-29 14:25:48.812204+00:00
cust_ext_5441,Клиент 5441,+79990005441,user_5441@example.com,2026-01-21 06:36:48.308372+00:00
cust_ext_5442,Клиент 5442,+79990005442,user_5442@example.com,2026-01-27 20:40:07.220317+00:00
cust_ext_5443,Клиент 5443,+79990005443,user_5443@example.com,2026-02-14 21:36:02.659908+00:00
cust_ext_5444,Клиент 5444,+79990005444,user_5444@example.com,2026-01-22 21:59:40.788874+00:00
cust_ext_5445,Клиент 5445,+79990005445,user_5445@example.com,2026-02-12 15:53:31.490519+00:00
cust_ext_5446,Клиент 5446,+79990005446,user_5446@example.com,2026-01-24 22:17:32.896729+00:00
cust_ext_5447,Клиент 5447,+79990005447,user_5447@example.com,2026-01-05 06:45:22.998385+00:00
cust_ext_5448,Клиент 5448,+79990005448,user_5448@example.com,2026-01-28 03:38:51.918086+00:00
cust_ext_5449,Клиент 5449,+79990005449,user_5449@example.com,2026-01-12 14:06:31.128097+00:00
cust_ext_5450,Клиент 5450,+79990005450,user_5450@example.com,2026-01-26 00:10:52.511276+00:00
cust_ext_5451,Клиент 5451,+79990005451,user_5451@example.com,2026-01-07 00:55:54.004792+00:00
cust_ext_5452,Клиент 5452,+79990005452,user_5452@example.com,2026-01-23 02:12:12.888246+00:00
cust_ext_5453,Клиент 5453,+79990005453,user_5453@example.com,2026-01-21 22:06:38.626471+00:00
cust_ext_5454,Клиент 5454,+79990005454,user_5454@example.com,2026-01-18 16:41:07.915071+00:00
cust_ext_5455,Клиент 5455,+79990005455,user_5455@example.com,2026-01-08 05:27:16.176957+00:00
cust_ext_5456,Клиент 5456,+79990005456,user_5456@example.com,2026-02-03 08:23:58.778250+00:00
cust_ext_5457,Клиент 5457,+79990005457,user_5457@example.com,2026-02-04 04:55:53.031182+00:00
cust_ext_5458,Клиент 5458,+79990005458,user_5458@example.com,2026-01-30 10:09:08.451921+00:00
cust_ext_5459,Клиент 5459,+79990005459,user_5459@example.com,2026-02-10 00:42:15.461846+00:00
cust_ext_5460,Клиент 5460,+79990005460,user_5460@example.com,2026-01-03 03:05:20.002336+00:00
cust_ext_5461,Клиент 5461,+79990005461,user_5461@example.com,2026-01-26 22:34:06.312928+00:00
cust_ext_5462,Клиент 5462,+79990005462,user_5462@example.com,2026-01-05 05:53:57.398254+00:00
cust_ext_5463,Клиент 5463,+79990005463,user_5463@example.com,2026-01-03 06:56:17.040831+00:00
cust_ext_5464,Клиент 5464,+79990005464,user_5464@example.com,2026-02-13 05:09:26.635640+00:00
cust_ext_5465,Клиент 5465,+79990005465,user_5465@example.com,2026-01-31 19:57:36.970982+00:00
cust_ext_5466,Клиент 5466,+79990005466,user_5466@example.com,2026-02-03 01:43:28.043850+00:00
cust_ext_5467,Клиент 5467,+79990005467,user_5467@example.com,2026-01-11 02:37:36.425635+00:00
cust_ext_5468,Клиент 5468,+79990005468,user_5468@example.com,2026-01-01 13:58:53.995243+00:00
cust_ext_5469,Клиент 5469,+79990005469,user_5469@example.com,2026-01-05 11:56:32.858571+00:00
cust_ext_5470,Клиент 5470,+79990005470,user_5470@example.com,2026-01-25 07:29:22.667399+00:00
cust_ext_5471,Клиент 5471,+79990005471,user_5471@example.com,2026-01-16 02:48:37.161536+00:00
cust_ext_5472,Клиент 5472,+79990005472,user_5472@example.com,2026-01-22 14:01:45.447184+00:00
cust_ext_5473,Клиент 5473,+79990005473,user_5473@example.com,2026-01-29 11:43:55.934263+00:00
cust_ext_5474,Клиент 5474,+79990005474,user_5474@example.com,2026-01-29 05:18:22.509315+00:00
cust_ext_5475,Клиент 5475,+79990005475,user_5475@example.com,2026-01-11 17:33:49.586570+00:00
cust_ext_5476,Клиент 5476,+79990005476,user_5476@example.com,2026-01-16 17:41:14.409658+00:00
cust_ext_5477,Клиент 5477,+79990005477,user_5477@example.com,2026-01-17 18:47:20.830180+00:00
cust_ext_5478,Клиент 5478,+79990005478,user_5478@example.com,2026-01-15 23:41:09.360894+00:00
cust_ext_5479,Клиент 5479,+79990005479,user_5479@example.com,2026-02-05 18:31:45.185725+00:00
cust_ext_5480,Клиент 5480,+79990005480,user_5480@example.com,2026-01-10 15:56:26.224760+00:00
cust_ext_5481,Клиент 5481,+79990005481,user_5481@example.com,2026-01-13 07:13:08.771336+00:00
cust_ext_5482,Клиент 5482,+79990005482,user_5482@example.com,2026-01-19 11:39:56.787333+00:00
cust_ext_5483,Клиент 5483,+79990005483,user_5483@example.com,2026-02-05 02:28:56.135283+00:00
cust_ext_5484,Клиент 5484,+79990005484,user_5484@example.com,2026-02-02 13:46:47.190136+00:00
cust_ext_5485,Клиент 5485,+79990005485,user_5485@example.com,2026-01-14 23:50:16.914484+00:00
cust_ext_5486,Клиент 5486,+79990005486,user_5486@example.com,2026-01-16 04:29:51.037223+00:00
cust_ext_5487,Клиент 5487,+79990005487,user_5487@example.com,2026-01-05 18:09:59.951488+00:00
cust_ext_5488,Клиент 5488,+79990005488,user_5488@example.com,2026-01-06 16:46:31.791671+00:00
cust_ext_5489,Клиент 5489,+79990005489,user_5489@example.com,2026-01-26 00:17:32.805242+00:00
cust_ext_5490,Клиент 5490,+79990005490,user_5490@example.com,2026-02-10 14:42:41.357767+00:00
cust_ext_5491,Клиент 5491,+79990005491,user_5491@example.com,2026-01-09 06:48:18.238847+00:00
cust_ext_5492,Клиент 5492,+79990005492,user_5492@example.com,2026-01-20 20:52:11.465787+00:00
cust_ext_5493,Клиент 5493,+79990005493,user_5493@example.com,2026-02-08 18:55:10.332148+00:00
cust_ext_5494,Клиент 5494,+79990005494,user_5494@example.com,2026-01-18 05:28:29.841336+00:00
cust_ext_5495,Клиент 5495,+79990005495,user_5495@example.com,2026-01-11 18:25:13.968175+00:00
cust_ext_5496,Клиент 5496,+79990005496,user_5496@example.com,2026-01-20 19:21:22.464891+00:00
cust_ext_5497,Клиент 5497,+79990005497,user_5497@example.com,2026-01-24 01:19:26.806259+00:00
cust_ext_5498,Клиент 5498,+79990005498,user_5498@example.com,2026-01-09 08:04:16.373593+00:00
cust_ext_5499,Клиент 5499,+79990005499,user_5499@example.com,2026-01-08 19:34:40.403187+00:00
cust_ext_5500,Клиент 5500,+79990005500,user_5500@example.com,2026-02-07 23:30:43.263701+00:00
cust_ext_5501,Клиент 5501,+79990005501,user_5501@example.com,2026-01-09 08:16:18.796470+00:00
cust_ext_5502,Клиент 5502,+79990005502,user_5502@example.com,2026-02-14 23:24:09.241387+00:00
cust_ext_5503,Клиент 5503,+79990005503,user_5503@example.com,2026-01-24 18:09:38.120518+00:00
cust_ext_5504,Клиент 5504,+79990005504,user_5504@example.com,2026-01-19 15:33:14.339136+00:00
cust_ext_5505,Клиент 5505,+79990005505,user_5505@example.com,2026-01-05 21:38:33.598010+00:00
cust_ext_5506,Клиент 5506,+79990005506,user_5506@example.com,2026-01-17 18:30:42.947881+00:00
cust_ext_5507,Клиент 5507,+79990005507,user_5507@example.com,2026-01-18 21:03:11.009653+00:00
cust_ext_5508,Клиент 5508,+79990005508,user_5508@example.com,2026-02-11 07:50:04.650887+00:00
cust_ext_5509,Клиент 5509,+79990005509,user_5509@example.com,2026-01-26 12:45:25.249372+00:00
cust_ext_5510,Клиент 5510,+79990005510,user_5510@example.com,2026-01-31 20:18:57.730315+00:00
cust_ext_5511,Клиент 5511,+79990005511,user_5511@example.com,2026-01-16 07:42:42.152847+00:00
cust_ext_5512,Клиент 5512,+79990005512,user_5512@example.com,2026-01-13 11:36:22.579866+00:00
cust_ext_5513,Клиент 5513,+79990005513,user_5513@example.com,2026-02-14 07:13:12.354315+00:00
cust_ext_5514,Клиент 5514,+79990005514,user_5514@example.com,2026-01-06 19:05:25.505811+00:00
cust_ext_5515,Клиент 5515,+79990005515,user_5515@example.com,2026-01-11 22:50:13.540063+00:00
cust_ext_5516,Клиент 5516,+79990005516,user_5516@example.com,2026-01-26 08:06:54.760365+00:00
cust_ext_5517,Клиент 5517,+79990005517,user_5517@example.com,2026-01-22 02:59:23.567387+00:00
cust_ext_5518,Клиент 5518,+79990005518,user_5518@example.com,2026-01-04 23:08:39.898744+00:00
cust_ext_5519,Клиент 5519,+79990005519,user_5519@example.com,2026-01-02 05:54:45.928038+00:00
cust_ext_5520,Клиент 5520,+79990005520,user_5520@example.com,2026-01-16 15:09:58.920489+00:00
cust_ext_5521,Клиент 5521,+79990005521,user_5521@example.com,2026-02-05 09:03:17.725315+00:00
cust_ext_5522,Клиент 5522,+79990005522,user_5522@example.com,2026-02-12 19:02:53.677641+00:00
cust_ext_5523,Клиент 5523,+79990005523,user_5523@example.com,2026-01-26 03:07:06.112838+00:00
cust_ext_5524,Клиент 5524,+79990005524,user_5524@example.com,2026-02-01 09:38:26.099424+00:00
cust_ext_5525,Клиент 5525,+79990005525,user_5525@example.com,2026-02-04 23:32:27.913344+00:00
cust_ext_5526,Клиент 5526,+79990005526,user_5526@example.com,2026-01-27 21:20:26.452968+00:00
cust_ext_5527,Клиент 5527,+79990005527,user_5527@example.com,2026-01-29 07:19:27.915784+00:00
cust_ext_5528,Клиент 5528,+79990005528,user_5528@example.com,2026-01-15 16:04:01.322857+00:00
cust_ext_5529,Клиент 5529,+79990005529,user_5529@example.com,2026-01-24 23:24:24.818207+00:00
cust_ext_5530,Клиент 5530,+79990005530,user_5530@example.com,2026-01-24 13:52:14.854637+00:00
cust_ext_5531,Клиент 5531,+79990005531,user_5531@example.com,2026-02-04 09:56:46.559282+00:00
cust_ext_5532,Клиент 5532,+79990005532,user_5532@example.com,2026-01-31 13:41:59.816514+00:00
cust_ext_5533,Клиент 5533,+79990005533,user_5533@example.com,2026-01-25 05:10:06.908573+00:00
cust_ext_5534,Клиент 5534,+79990005534,user_5534@example.com,2026-01-07 04:51:24.081257+00:00
cust_ext_5535,Клиент 5535,+79990005535,user_5535@example.com,2026-02-11 23:34:02.442854+00:00
cust_ext_5536,Клиент 5536,+79990005536,user_5536@example.com,2026-01-13 18:46:23.941318+00:00
cust_ext_5537,Клиент 5537,+79990005537,user_5537@example.com,2026-01-12 04:35:22.006253+00:00
cust_ext_5538,Клиент 5538,+79990005538,user_5538@example.com,2026-01-04 08:28:42.760825+00:00
cust_ext_5539,Клиент 5539,+79990005539,user_5539@example.com,2026-01-11 18:46:53.607970+00:00
cust_ext_5540,Клиент 5540,+79990005540,user_5540@example.com,2026-01-10 16:00:42.410732+00:00
cust_ext_5541,Клиент 5541,+79990005541,user_5541@example.com,2026-01-07 15:51:07.969371+00:00
cust_ext_5542,Клиент 5542,+79990005542,user_5542@example.com,2026-01-08 01:28:39.558726+00:00
cust_ext_5543,Клиент 5543,+79990005543,user_5543@example.com,2026-01-28 08:01:19.037099+00:00
cust_ext_5544,Клиент 5544,+79990005544,user_5544@example.com,2026-01-25 11:12:58.721242+00:00
cust_ext_5545,Клиент 5545,+79990005545,user_5545@example.com,2026-02-06 11:35:05.226121+00:00
cust_ext_5546,Клиент 5546,+79990005546,user_5546@example.com,2026-02-13 15:34:30.786245+00:00
cust_ext_5547,Клиент 5547,+79990005547,user_5547@example.com,2026-01-22 16:43:05.952954+00:00
cust_ext_5548,Клиент 5548,+79990005548,user_5548@example.com,2026-02-10 14:02:13.139339+00:00
cust_ext_5549,Клиент 5549,+79990005549,user_5549@example.com,2026-01-13 16:31:04.940776+00:00
cust_ext_5550,Клиент 5550,+79990005550,user_5550@example.com,2026-01-09 10:15:36.764445+00:00
cust_ext_5551,Клиент 5551,+79990005551,user_5551@example.com,2026-02-06 09:59:45.884761+00:00
cust_ext_5552,Клиент 5552,+79990005552,user_5552@example.com,2026-02-03 02:32:15.273332+00:00
cust_ext_5553,Клиент 5553,+79990005553,user_5553@example.com,2026-01-31 16:21:47.500028+00:00
cust_ext_5554,Клиент 5554,+79990005554,user_5554@example.com,2026-01-08 01:38:24.650551+00:00
cust_ext_5555,Клиент 5555,+79990005555,user_5555@example.com,2026-02-07 00:28:54.462217+00:00
cust_ext_5556,Клиент 5556,+79990005556,user_5556@example.com,2026-01-23 18:33:08.496341+00:00
cust_ext_5557,Клиент 5557,+79990005557,user_5557@example.com,2026-02-01 14:38:07.666672+00:00
cust_ext_5558,Клиент 5558,+79990005558,user_5558@example.com,2026-01-30 06:19:14.273363+00:00
cust_ext_5559,Клиент 5559,+79990005559,user_5559@example.com,2026-01-30 01:13:26.489957+00:00
cust_ext_5560,Клиент 5560,+79990005560,user_5560@example.com,2026-02-12 12:03:52.935043+00:00
cust_ext_5561,Клиент 5561,+79990005561,user_5561@example.com,2026-02-14 17:21:43.727657+00:00
cust_ext_5562,Клиент 5562,+79990005562,user_5562@example.com,2026-02-01 03:49:25.927873+00:00
cust_ext_5563,Клиент 5563,+79990005563,user_5563@example.com,2026-01-18 22:17:19.077009+00:00
cust_ext_5564,Клиент 5564,+79990005564,user_5564@example.com,2026-01-10 06:15:36.911707+00:00
cust_ext_5565,Клиент 5565,+79990005565,user_5565@example.com,2026-01-28 06:05:30.449307+00:00
cust_ext_5566,Клиент 5566,+79990005566,user_5566@example.com,2026-01-19 23:57:28.985815+00:00
cust_ext_5567,Клиент 5567,+79990005567,user_5567@example.com,2026-01-25 18:30:23.045789+00:00
cust_ext_5568,Клиент 5568,+79990005568,user_5568@example.com,2026-01-08 21:51:56.608860+00:00
cust_ext_5569,Клиент 5569,+79990005569,user_5569@example.com,2026-01-19 19:28:14.693896+00:00
cust_ext_5570,Клиент 5570,+79990005570,user_5570@example.com,2026-02-03 04:27:17.629888+00:00
cust_ext_5571,Клиент 5571,+79990005571,user_5571@example.com,2026-02-11 07:54:15.214326+00:00
cust_ext_5572,Клиент 5572,+79990005572,user_5572@example.com,2026-01-19 07:32:33.576363+00:00
cust_ext_5573,Клиент 5573,+79990005573,user_5573@example.com,2026-02-11 13:25:50.642907+00:00
cust_ext_5574,Клиент 5574,+79990005574,user_5574@example.com,2026-01-26 04:04:23.751824+00:00
cust_ext_5575,Клиент 5575,+79990005575,user_5575@example.com,2026-01-27 23:46:23.474671+00:00
cust_ext_5576,Клиент 5576,+79990005576,user_5576@example.com,2026-01-16 19:45:23.529930+00:00
cust_ext_5577,Клиент 5577,+79990005577,user_5577@example.com,2026-01-06 22:13:34.246264+00:00
cust_ext_5578,Клиент 5578,+79990005578,user_5578@example.com,2026-01-10 20:58:04.133154+00:00
cust_ext_5579,Клиент 5579,+79990005579,user_5579@example.com,2026-02-04 13:32:45.905186+00:00
cust_ext_5580,Клиент 5580,+79990005580,user_5580@example.com,2026-01-01 05:56:42.881531+00:00
cust_ext_5581,Клиент 5581,+79990005581,user_5581@example.com,2026-01-28 15:37:04.937805+00:00
cust_ext_5582,Клиент 5582,+79990005582,user_5582@example.com,2026-01-17 08:53:58.103588+00:00
cust_ext_5583,Клиент 5583,+79990005583,user_5583@example.com,2026-01-31 18:44:31.788125+00:00
cust_ext_5584,Клиент 5584,+79990005584,user_5584@example.com,2026-01-10 04:35:27.393467+00:00
cust_ext_5585,Клиент 5585,+79990005585,user_5585@example.com,2026-01-24 02:30:38.020837+00:00
cust_ext_5586,Клиент 5586,+79990005586,user_5586@example.com,2026-02-04 04:17:34.381747+00:00
cust_ext_5587,Клиент 5587,+79990005587,user_5587@example.com,2026-01-29 01:58:23.798531+00:00
cust_ext_5588,Клиент 5588,+79990005588,user_5588@example.com,2026-02-05 12:01:29.299476+00:00
cust_ext_5589,Клиент 5589,+79990005589,user_5589@example.com,2026-01-11 18:54:50.381363+00:00
cust_ext_5590,Клиент 5590,+79990005590,user_5590@example.com,2026-02-03 11:49:56.763437+00:00
cust_ext_5591,Клиент 5591,+79990005591,user_5591@example.com,2026-01-25 10:33:47.740239+00:00
cust_ext_5592,Клиент 5592,+79990005592,user_5592@example.com,2026-01-15 22:22:01.817358+00:00
cust_ext_5593,Клиент 5593,+79990005593,user_5593@example.com,2026-01-28 19:47:11.947741+00:00
cust_ext_5594,Клиент 5594,+79990005594,user_5594@example.com,2026-01-15 02:23:01.977367+00:00
cust_ext_5595,Клиент 5595,+79990005595,user_5595@example.com,2026-01-24 22:48:31.499670+00:00
cust_ext_5596,Клиент 5596,+79990005596,user_5596@example.com,2026-02-13 15:28:11.761687+00:00
cust_ext_5597,Клиент 5597,+79990005597,user_5597@example.com,2026-01-06 14:08:42.505781+00:00
cust_ext_5598,Клиент 5598,+79990005598,user_5598@example.com,2026-01-13 22:18:11.522186+00:00
cust_ext_5599,Клиент 5599,+79990005599,user_5599@example.com,2026-01-18 10:00:50.946346+00:00
cust_ext_5600,Клиент 5600,+79990005600,user_5600@example.com,2026-02-06 09:27:34.119003+00:00
cust_ext_5601,Клиент 5601,+79990005601,user_5601@example.com,2026-01-09 19:36:34.571507+00:00
cust_ext_5602,Клиент 5602,+79990005602,user_5602@example.com,2026-02-13 01:28:45.103702+00:00
cust_ext_5603,Клиент 5603,+79990005603,user_5603@example.com,2026-02-01 12:43:07.339710+00:00
cust_ext_5604,Клиент 5604,+79990005604,user_5604@example.com,2026-01-12 00:39:38.783027+00:00
cust_ext_5605,Клиент 5605,+79990005605,user_5605@example.com,2026-01-19 16:21:00.946493+00:00
cust_ext_5606,Клиент 5606,+79990005606,user_5606@example.com,2026-01-25 04:09:47.030706+00:00
cust_ext_5607,Клиент 5607,+79990005607,user_5607@example.com,2026-02-12 17:40:55.008375+00:00
cust_ext_5608,Клиент 5608,+79990005608,user_5608@example.com,2026-02-07 23:35:18.838854+00:00
cust_ext_5609,Клиент 5609,+79990005609,user_5609@example.com,2026-02-14 18:40:16.561166+00:00
cust_ext_5610,Клиент 5610,+79990005610,user_5610@example.com,2026-01-28 02:46:04.417680+00:00
cust_ext_5611,Клиент 5611,+79990005611,user_5611@example.com,2026-02-03 18:13:51.462056+00:00
cust_ext_5612,Клиент 5612,+79990005612,user_5612@example.com,2026-01-26 02:48:24.045528+00:00
cust_ext_5613,Клиент 5613,+79990005613,user_5613@example.com,2026-01-28 23:10:26.622255+00:00
cust_ext_5614,Клиент 5614,+79990005614,user_5614@example.com,2026-01-01 18:40:42.158080+00:00
cust_ext_5615,Клиент 5615,+79990005615,user_5615@example.com,2026-01-17 20:41:48.048077+00:00
cust_ext_5616,Клиент 5616,+79990005616,user_5616@example.com,2026-01-15 17:07:30.995053+00:00
cust_ext_5617,Клиент 5617,+79990005617,user_5617@example.com,2026-01-21 17:35:07.303766+00:00
cust_ext_5618,Клиент 5618,+79990005618,user_5618@example.com,2026-02-12 23:54:44.662744+00:00
cust_ext_5619,Клиент 5619,+79990005619,user_5619@example.com,2026-01-22 22:47:47.354597+00:00
cust_ext_5620,Клиент 5620,+79990005620,user_5620@example.com,2026-01-08 19:19:59.859513+00:00
cust_ext_5621,Клиент 5621,+79990005621,user_5621@example.com,2026-01-07 16:26:52.895543+00:00
cust_ext_5622,Клиент 5622,+79990005622,user_5622@example.com,2026-01-27 20:11:35.440086+00:00
cust_ext_5623,Клиент 5623,+79990005623,user_5623@example.com,2026-01-28 21:01:33.007171+00:00
cust_ext_5624,Клиент 5624,+79990005624,user_5624@example.com,2026-02-06 21:08:37.227950+00:00
cust_ext_5625,Клиент 5625,+79990005625,user_5625@example.com,2026-02-03 12:46:53.872534+00:00
cust_ext_5626,Клиент 5626,+79990005626,user_5626@example.com,2026-01-05 06:30:38.884062+00:00
cust_ext_5627,Клиент 5627,+79990005627,user_5627@example.com,2026-01-03 00:47:45.174714+00:00
cust_ext_5628,Клиент 5628,+79990005628,user_5628@example.com,2026-01-30 04:47:00.160821+00:00
cust_ext_5629,Клиент 5629,+79990005629,user_5629@example.com,2026-01-22 10:34:14.700552+00:00
cust_ext_5630,Клиент 5630,+79990005630,user_5630@example.com,2026-01-13 04:50:32.898167+00:00
cust_ext_5631,Клиент 5631,+79990005631,user_5631@example.com,2026-01-24 05:51:15.181685+00:00
cust_ext_5632,Клиент 5632,+79990005632,user_5632@example.com,2026-01-26 07:02:04.614139+00:00
cust_ext_5633,Клиент 5633,+79990005633,user_5633@example.com,2026-01-09 15:23:31.424882+00:00
cust_ext_5634,Клиент 5634,+79990005634,user_5634@example.com,2026-02-03 06:11:48.027975+00:00
cust_ext_5635,Клиент 5635,+79990005635,user_5635@example.com,2026-01-03 17:29:09.002576+00:00
cust_ext_5636,Клиент 5636,+79990005636,user_5636@example.com,2026-02-14 13:23:08.375989+00:00
cust_ext_5637,Клиент 5637,+79990005637,user_5637@example.com,2026-02-06 06:36:15.132631+00:00
cust_ext_5638,Клиент 5638,+79990005638,user_5638@example.com,2026-02-04 10:53:42.575957+00:00
cust_ext_5639,Клиент 5639,+79990005639,user_5639@example.com,2026-01-17 05:26:55.443296+00:00
cust_ext_5640,Клиент 5640,+79990005640,user_5640@example.com,2026-01-04 01:46:52.304475+00:00
cust_ext_5641,Клиент 5641,+79990005641,user_5641@example.com,2026-01-31 05:15:26.624064+00:00
cust_ext_5642,Клиент 5642,+79990005642,user_5642@example.com,2026-01-29 02:31:41.114160+00:00
cust_ext_5643,Клиент 5643,+79990005643,user_5643@example.com,2026-02-09 18:08:53.701199+00:00
cust_ext_5644,Клиент 5644,+79990005644,user_5644@example.com,2026-01-02 05:09:58.839672+00:00
cust_ext_5645,Клиент 5645,+79990005645,user_5645@example.com,2026-01-27 17:50:54.360665+00:00
cust_ext_5646,Клиент 5646,+79990005646,user_5646@example.com,2026-01-11 12:59:05.069888+00:00
cust_ext_5647,Клиент 5647,+79990005647,user_5647@example.com,2026-02-01 04:14:01.526577+00:00
cust_ext_5648,Клиент 5648,+79990005648,user_5648@example.com,2026-02-13 02:59:40.525360+00:00
cust_ext_5649,Клиент 5649,+79990005649,user_5649@example.com,2026-02-06 01:19:45.862944+00:00
cust_ext_5650,Клиент 5650,+79990005650,user_5650@example.com,2026-01-20 16:24:41.259862+00:00
cust_ext_5651,Клиент 5651,+79990005651,user_5651@example.com,2026-01-08 22:15:43.529416+00:00
cust_ext_5652,Клиент 5652,+79990005652,user_5652@example.com,2026-01-18 00:52:26.504947+00:00
cust_ext_5653,Клиент 5653,+79990005653,user_5653@example.com,2026-02-14 18:01:44.774076+00:00
cust_ext_5654,Клиент 5654,+79990005654,user_5654@example.com,2026-02-05 00:01:21.328171+00:00
cust_ext_5655,Клиент 5655,+79990005655,user_5655@example.com,2026-01-28 05:37:24.036512+00:00
cust_ext_5656,Клиент 5656,+79990005656,user_5656@example.com,2026-02-10 01:29:08.674346+00:00
cust_ext_5657,Клиент 5657,+79990005657,user_5657@example.com,2026-02-02 10:02:42.452587+00:00
cust_ext_5658,Клиент 5658,+79990005658,user_5658@example.com,2026-01-06 22:07:13.068232+00:00
cust_ext_5659,Клиент 5659,+79990005659,user_5659@example.com,2026-01-10 07:02:25.887721+00:00
cust_ext_5660,Клиент 5660,+79990005660,user_5660@example.com,2026-02-04 07:23:23.213195+00:00
cust_ext_5661,Клиент 5661,+79990005661,user_5661@example.com,2026-01-13 19:11:52.818551+00:00
cust_ext_5662,Клиент 5662,+79990005662,user_5662@example.com,2026-01-25 22:56:09.705514+00:00
cust_ext_5663,Клиент 5663,+79990005663,user_5663@example.com,2026-01-21 11:25:20.350249+00:00
cust_ext_5664,Клиент 5664,+79990005664,user_5664@example.com,2026-02-12 18:27:26.995601+00:00
cust_ext_5665,Клиент 5665,+79990005665,user_5665@example.com,2026-01-07 19:13:31.436674+00:00
cust_ext_5666,Клиент 5666,+79990005666,user_5666@example.com,2026-01-03 23:18:14.142462+00:00
cust_ext_5667,Клиент 5667,+79990005667,user_5667@example.com,2026-01-12 04:33:50.109058+00:00
cust_ext_5668,Клиент 5668,+79990005668,user_5668@example.com,2026-01-22 04:52:13.354440+00:00
cust_ext_5669,Клиент 5669,+79990005669,user_5669@example.com,2026-02-05 02:09:38.976919+00:00
cust_ext_5670,Клиент 5670,+79990005670,user_5670@example.com,2026-01-22 22:32:38.767606+00:00
cust_ext_5671,Клиент 5671,+79990005671,user_5671@example.com,2026-01-11 02:11:55.057630+00:00
cust_ext_5672,Клиент 5672,+79990005672,user_5672@example.com,2026-02-08 18:30:23.636290+00:00
cust_ext_5673,Клиент 5673,+79990005673,user_5673@example.com,2026-01-09 18:31:06.286527+00:00
cust_ext_5674,Клиент 5674,+79990005674,user_5674@example.com,2026-02-04 21:14:47.077618+00:00
cust_ext_5675,Клиент 5675,+79990005675,user_5675@example.com,2026-01-09 05:53:02.631942+00:00
cust_ext_5676,Клиент 5676,+79990005676,user_5676@example.com,2026-01-08 14:53:36.938913+00:00
cust_ext_5677,Клиент 5677,+79990005677,user_5677@example.com,2026-02-04 13:26:01.939881+00:00
cust_ext_5678,Клиент 5678,+79990005678,user_5678@example.com,2026-01-21 16:32:54.647791+00:00
cust_ext_5679,Клиент 5679,+79990005679,user_5679@example.com,2026-02-11 08:18:22.539313+00:00
cust_ext_5680,Клиент 5680,+79990005680,user_5680@example.com,2026-01-28 01:47:46.900570+00:00
cust_ext_5681,Клиент 5681,+79990005681,user_5681@example.com,2026-02-04 01:46:50.934756+00:00
cust_ext_5682,Клиент 5682,+79990005682,user_5682@example.com,2026-01-17 12:37:25.688345+00:00
cust_ext_5683,Клиент 5683,+79990005683,user_5683@example.com,2026-01-05 04:19:00.506359+00:00
cust_ext_5684,Клиент 5684,+79990005684,user_5684@example.com,2026-02-08 09:07:30.123006+00:00
cust_ext_5685,Клиент 5685,+79990005685,user_5685@example.com,2026-01-02 23:07:35.524590+00:00
cust_ext_5686,Клиент 5686,+79990005686,user_5686@example.com,2026-01-28 00:59:05.475320+00:00
cust_ext_5687,Клиент 5687,+79990005687,user_5687@example.com,2026-01-08 02:38:41.760899+00:00
cust_ext_5688,Клиент 5688,+79990005688,user_5688@example.com,2026-01-23 17:03:58.319895+00:00
cust_ext_5689,Клиент 5689,+79990005689,user_5689@example.com,2026-01-14 13:11:49.953996+00:00
cust_ext_5690,Клиент 5690,+79990005690,user_5690@example.com,2026-02-04 18:56:41.120319+00:00
cust_ext_5691,Клиент 5691,+79990005691,user_5691@example.com,2026-02-11 02:39:58.772284+00:00
cust_ext_5692,Клиент 5692,+79990005692,user_5692@example.com,2026-01-23 09:02:46.610554+00:00
cust_ext_5693,Клиент 5693,+79990005693,user_5693@example.com,2026-01-21 00:28:34.348058+00:00
cust_ext_5694,Клиент 5694,+79990005694,user_5694@example.com,2026-01-18 03:34:20.367340+00:00
cust_ext_5695,Клиент 5695,+79990005695,user_5695@example.com,2026-01-24 10:56:42.775814+00:00
cust_ext_5696,Клиент 5696,+79990005696,user_5696@example.com,2026-01-07 13:25:02.340236+00:00
cust_ext_5697,Клиент 5697,+79990005697,user_5697@example.com,2026-01-28 13:28:05.620386+00:00
cust_ext_5698,Клиент 5698,+79990005698,user_5698@example.com,2026-02-07 03:21:36.668697+00:00
cust_ext_5699,Клиент 5699,+79990005699,user_5699@example.com,2026-01-10 02:55:18.722704+00:00
cust_ext_5700,Клиент 5700,+79990005700,user_5700@example.com,2026-01-05 23:47:38.116305+00:00
cust_ext_5701,Клиент 5701,+79990005701,user_5701@example.com,2026-02-08 23:51:16.216389+00:00
cust_ext_5702,Клиент 5702,+79990005702,user_5702@example.com,2026-01-31 19:34:55.328808+00:00
cust_ext_5703,Клиент 5703,+79990005703,user_5703@example.com,2026-01-08 07:57:48.197807+00:00
cust_ext_5704,Клиент 5704,+79990005704,user_5704@example.com,2026-01-31 07:58:50.103930+00:00
cust_ext_5705,Клиент 5705,+79990005705,user_5705@example.com,2026-01-30 04:29:43.943054+00:00
cust_ext_5706,Клиент 5706,+79990005706,user_5706@example.com,2026-01-01 07:17:39.752829+00:00
cust_ext_5707,Клиент 5707,+79990005707,user_5707@example.com,2026-01-30 01:07:05.756106+00:00
cust_ext_5708,Клиент 5708,+79990005708,user_5708@example.com,2026-01-05 10:11:40.819140+00:00
cust_ext_5709,Клиент 5709,+79990005709,user_5709@example.com,2026-01-09 06:12:00.987687+00:00
cust_ext_5710,Клиент 5710,+79990005710,user_5710@example.com,2026-01-05 09:20:38.685934+00:00
cust_ext_5711,Клиент 5711,+79990005711,user_5711@example.com,2026-01-08 19:32:36.593172+00:00
cust_ext_5712,Клиент 5712,+79990005712,user_5712@example.com,2026-02-01 20:24:03.146818+00:00
cust_ext_5713,Клиент 5713,+79990005713,user_5713@example.com,2026-02-13 18:37:06.946900+00:00
cust_ext_5714,Клиент 5714,+79990005714,user_5714@example.com,2026-01-14 15:33:06.328594+00:00
cust_ext_5715,Клиент 5715,+79990005715,user_5715@example.com,2026-01-19 04:21:14.613225+00:00
cust_ext_5716,Клиент 5716,+79990005716,user_5716@example.com,2026-01-07 13:13:04.638221+00:00
cust_ext_5717,Клиент 5717,+79990005717,user_5717@example.com,2026-01-06 06:03:01.712554+00:00
cust_ext_5718,Клиент 5718,+79990005718,user_5718@example.com,2026-02-05 16:10:32.590962+00:00
cust_ext_5719,Клиент 5719,+79990005719,user_5719@example.com,2026-02-06 23:40:47.690477+00:00
cust_ext_5720,Клиент 5720,+79990005720,user_5720@example.com,2026-01-07 15:55:02.230127+00:00
cust_ext_5721,Клиент 5721,+79990005721,user_5721@example.com,2026-01-18 15:39:05.901008+00:00
cust_ext_5722,Клиент 5722,+79990005722,user_5722@example.com,2026-01-01 15:49:52.249857+00:00
cust_ext_5723,Клиент 5723,+79990005723,user_5723@example.com,2026-01-12 19:41:29.134047+00:00
cust_ext_5724,Клиент 5724,+79990005724,user_5724@example.com,2026-02-08 04:57:49.065601+00:00
cust_ext_5725,Клиент 5725,+79990005725,user_5725@example.com,2026-01-07 23:45:15.078355+00:00
cust_ext_5726,Клиент 5726,+79990005726,user_5726@example.com,2026-01-21 18:18:54.119350+00:00
cust_ext_5727,Клиент 5727,+79990005727,user_5727@example.com,2026-01-18 03:38:33.402457+00:00
cust_ext_5728,Клиент 5728,+79990005728,user_5728@example.com,2026-01-09 15:28:32.864168+00:00
cust_ext_5729,Клиент 5729,+79990005729,user_5729@example.com,2026-02-06 15:16:37.410841+00:00
cust_ext_5730,Клиент 5730,+79990005730,user_5730@example.com,2026-02-06 16:51:49.100391+00:00
cust_ext_5731,Клиент 5731,+79990005731,user_5731@example.com,2026-01-21 23:28:15.771949+00:00
cust_ext_5732,Клиент 5732,+79990005732,user_5732@example.com,2026-02-01 14:12:27.964851+00:00
cust_ext_5733,Клиент 5733,+79990005733,user_5733@example.com,2026-01-21 02:52:58.783432+00:00
cust_ext_5734,Клиент 5734,+79990005734,user_5734@example.com,2026-01-28 08:49:22.837869+00:00
cust_ext_5735,Клиент 5735,+79990005735,user_5735@example.com,2026-02-08 03:35:06.326011+00:00
cust_ext_5736,Клиент 5736,+79990005736,user_5736@example.com,2026-02-09 04:13:33.209207+00:00
cust_ext_5737,Клиент 5737,+79990005737,user_5737@example.com,2026-01-26 08:29:00.771068+00:00
cust_ext_5738,Клиент 5738,+79990005738,user_5738@example.com,2026-01-19 01:44:56.821924+00:00
cust_ext_5739,Клиент 5739,+79990005739,user_5739@example.com,2026-01-26 09:15:59.849492+00:00
cust_ext_5740,Клиент 5740,+79990005740,user_5740@example.com,2026-01-31 12:30:58.529196+00:00
cust_ext_5741,Клиент 5741,+79990005741,user_5741@example.com,2026-02-11 17:48:38.283141+00:00
cust_ext_5742,Клиент 5742,+79990005742,user_5742@example.com,2026-01-06 03:28:30.618901+00:00
cust_ext_5743,Клиент 5743,+79990005743,user_5743@example.com,2026-01-14 03:36:46.222631+00:00
cust_ext_5744,Клиент 5744,+79990005744,user_5744@example.com,2026-01-28 23:41:15.212673+00:00
cust_ext_5745,Клиент 5745,+79990005745,user_5745@example.com,2026-01-16 15:23:11.410883+00:00
cust_ext_5746,Клиент 5746,+79990005746,user_5746@example.com,2026-01-25 07:51:49.991681+00:00
cust_ext_5747,Клиент 5747,+79990005747,user_5747@example.com,2026-02-07 21:54:11.092830+00:00
cust_ext_5748,Клиент 5748,+79990005748,user_5748@example.com,2026-01-05 14:14:35.221086+00:00
cust_ext_5749,Клиент 5749,+79990005749,user_5749@example.com,2026-01-23 20:54:50.742320+00:00
cust_ext_5750,Клиент 5750,+79990005750,user_5750@example.com,2026-01-14 17:10:56.040767+00:00
cust_ext_5751,Клиент 5751,+79990005751,user_5751@example.com,2026-02-06 17:25:07.001373+00:00
cust_ext_5752,Клиент 5752,+79990005752,user_5752@example.com,2026-02-03 05:18:01.951307+00:00
cust_ext_5753,Клиент 5753,+79990005753,user_5753@example.com,2026-01-04 13:25:52.376026+00:00
cust_ext_5754,Клиент 5754,+79990005754,user_5754@example.com,2026-01-29 06:06:27.464107+00:00
cust_ext_5755,Клиент 5755,+79990005755,user_5755@example.com,2026-02-14 14:10:53.736478+00:00
cust_ext_5756,Клиент 5756,+79990005756,user_5756@example.com,2026-01-14 05:28:08.310085+00:00
cust_ext_5757,Клиент 5757,+79990005757,user_5757@example.com,2026-02-13 04:30:47.708171+00:00
cust_ext_5758,Клиент 5758,+79990005758,user_5758@example.com,2026-02-09 10:37:28.504018+00:00
cust_ext_5759,Клиент 5759,+79990005759,user_5759@example.com,2026-01-01 22:38:28.437719+00:00
cust_ext_5760,Клиент 5760,+79990005760,user_5760@example.com,2026-01-12 05:13:26.843907+00:00
cust_ext_5761,Клиент 5761,+79990005761,user_5761@example.com,2026-01-19 18:27:35.617973+00:00
cust_ext_5762,Клиент 5762,+79990005762,user_5762@example.com,2026-01-12 22:32:37.086759+00:00
cust_ext_5763,Клиент 5763,+79990005763,user_5763@example.com,2026-01-14 06:34:28.755529+00:00
cust_ext_5764,Клиент 5764,+79990005764,user_5764@example.com,2026-02-10 11:05:33.948095+00:00
cust_ext_5765,Клиент 5765,+79990005765,user_5765@example.com,2026-01-28 20:01:47.162492+00:00
cust_ext_5766,Клиент 5766,+79990005766,user_5766@example.com,2026-01-31 02:17:15.839544+00:00
cust_ext_5767,Клиент 5767,+79990005767,user_5767@example.com,2026-01-12 21:49:11.749682+00:00
cust_ext_5768,Клиент 5768,+79990005768,user_5768@example.com,2026-02-04 17:51:44.934584+00:00
cust_ext_5769,Клиент 5769,+79990005769,user_5769@example.com,2026-02-09 21:53:53.060504+00:00
cust_ext_5770,Клиент 5770,+79990005770,user_5770@example.com,2026-01-08 16:56:58.367722+00:00
cust_ext_5771,Клиент 5771,+79990005771,user_5771@example.com,2026-02-04 17:14:46.684048+00:00
cust_ext_5772,Клиент 5772,+79990005772,user_5772@example.com,2026-02-06 11:24:26.626462+00:00
cust_ext_5773,Клиент 5773,+79990005773,user_5773@example.com,2026-02-10 23:37:19.390849+00:00
cust_ext_5774,Клиент 5774,+79990005774,user_5774@example.com,2026-02-05 21:22:58.180091+00:00
cust_ext_5775,Клиент 5775,+79990005775,user_5775@example.com,2026-01-05 14:27:20.096049+00:00
cust_ext_5776,Клиент 5776,+79990005776,user_5776@example.com,2026-01-20 22:42:16.600261+00:00
cust_ext_5777,Клиент 5777,+79990005777,user_5777@example.com,2026-01-02 11:21:51.732701+00:00
cust_ext_5778,Клиент 5778,+79990005778,user_5778@example.com,2026-01-08 23:44:32.111930+00:00
cust_ext_5779,Клиент 5779,+79990005779,user_5779@example.com,2026-01-20 02:46:54.791923+00:00
cust_ext_5780,Клиент 5780,+79990005780,user_5780@example.com,2026-01-02 03:30:57.264125+00:00
cust_ext_5781,Клиент 5781,+79990005781,user_5781@example.com,2026-01-26 07:59:53.724047+00:00
cust_ext_5782,Клиент 5782,+79990005782,user_5782@example.com,2026-01-27 14:31:16.446343+00:00
cust_ext_5783,Клиент 5783,+79990005783,user_5783@example.com,2026-02-03 20:21:44.918415+00:00
cust_ext_5784,Клиент 5784,+79990005784,user_5784@example.com,2026-01-03 17:06:20.909045+00:00
cust_ext_5785,Клиент 5785,+79990005785,user_5785@example.com,2026-01-03 04:07:50.010591+00:00
cust_ext_5786,Клиент 5786,+79990005786,user_5786@example.com,2026-01-18 09:44:32.784987+00:00
cust_ext_5787,Клиент 5787,+79990005787,user_5787@example.com,2026-02-03 23:48:45.973432+00:00
cust_ext_5788,Клиент 5788,+79990005788,user_5788@example.com,2026-01-01 09:02:44.326085+00:00
cust_ext_5789,Клиент 5789,+79990005789,user_5789@example.com,2026-02-07 03:49:27.133676+00:00
cust_ext_5790,Клиент 5790,+79990005790,user_5790@example.com,2026-01-05 02:39:11.785503+00:00
cust_ext_5791,Клиент 5791,+79990005791,user_5791@example.com,2026-01-23 21:58:17.702209+00:00
cust_ext_5792,Клиент 5792,+79990005792,user_5792@example.com,2026-02-05 00:08:06.581702+00:00
cust_ext_5793,Клиент 5793,+79990005793,user_5793@example.com,2026-01-10 20:48:57.149818+00:00
cust_ext_5794,Клиент 5794,+79990005794,user_5794@example.com,2026-01-29 05:17:41.836503+00:00
cust_ext_5795,Клиент 5795,+79990005795,user_5795@example.com,2026-02-12 12:24:27.131104+00:00
cust_ext_5796,Клиент 5796,+79990005796,user_5796@example.com,2026-01-08 11:27:43.636308+00:00
cust_ext_5797,Клиент 5797,+79990005797,user_5797@example.com,2026-01-27 02:31:55.800839+00:00
cust_ext_5798,Клиент 5798,+79990005798,user_5798@example.com,2026-02-08 10:40:14.095213+00:00
cust_ext_5799,Клиент 5799,+79990005799,user_5799@example.com,2026-01-22 07:35:09.634151+00:00
cust_ext_5800,Клиент 5800,+79990005800,user_5800@example.com,2026-01-29 06:20:58.235679+00:00
cust_ext_5801,Клиент 5801,+79990005801,user_5801@example.com,2026-02-07 19:53:45.654924+00:00
cust_ext_5802,Клиент 5802,+79990005802,user_5802@example.com,2026-01-08 14:14:29.486513+00:00
cust_ext_5803,Клиент 5803,+79990005803,user_5803@example.com,2026-01-01 02:36:40.594509+00:00
cust_ext_5804,Клиент 5804,+79990005804,user_5804@example.com,2026-02-05 07:54:07.986181+00:00
cust_ext_5805,Клиент 5805,+79990005805,user_5805@example.com,2026-01-28 00:07:00.368080+00:00
cust_ext_5806,Клиент 5806,+79990005806,user_5806@example.com,2026-02-08 02:43:25.722480+00:00
cust_ext_5807,Клиент 5807,+79990005807,user_5807@example.com,2026-02-04 07:10:49.452300+00:00
cust_ext_5808,Клиент 5808,+79990005808,user_5808@example.com,2026-02-03 02:45:59.829474+00:00
cust_ext_5809,Клиент 5809,+79990005809,user_5809@example.com,2026-01-31 18:47:44.472175+00:00
cust_ext_5810,Клиент 5810,+79990005810,user_5810@example.com,2026-02-09 08:26:35.367842+00:00
cust_ext_5811,Клиент 5811,+79990005811,user_5811@example.com,2026-01-02 15:49:21.235035+00:00
cust_ext_5812,Клиент 5812,+79990005812,user_5812@example.com,2026-02-02 17:05:30.863041+00:00
cust_ext_5813,Клиент 5813,+79990005813,user_5813@example.com,2026-01-24 16:10:22.269819+00:00
cust_ext_5814,Клиент 5814,+79990005814,user_5814@example.com,2026-01-16 05:20:50.505894+00:00
cust_ext_5815,Клиент 5815,+79990005815,user_5815@example.com,2026-01-10 07:46:01.534682+00:00
cust_ext_5816,Клиент 5816,+79990005816,user_5816@example.com,2026-01-10 08:19:48.428408+00:00
cust_ext_5817,Клиент 5817,+79990005817,user_5817@example.com,2026-01-14 03:13:39.783701+00:00
cust_ext_5818,Клиент 5818,+79990005818,user_5818@example.com,2026-01-05 08:07:25.609938+00:00
cust_ext_5819,Клиент 5819,+79990005819,user_5819@example.com,2026-02-10 03:10:56.613980+00:00
cust_ext_5820,Клиент 5820,+79990005820,user_5820@example.com,2026-01-30 22:53:12.836977+00:00
cust_ext_5821,Клиент 5821,+79990005821,user_5821@example.com,2026-01-25 14:17:13.402328+00:00
cust_ext_5822,Клиент 5822,+79990005822,user_5822@example.com,2026-01-01 22:26:39.720181+00:00
cust_ext_5823,Клиент 5823,+79990005823,user_5823@example.com,2026-01-09 20:41:55.037594+00:00
cust_ext_5824,Клиент 5824,+79990005824,user_5824@example.com,2026-01-05 08:24:30.733231+00:00
cust_ext_5825,Клиент 5825,+79990005825,user_5825@example.com,2026-01-15 05:30:13.886684+00:00
cust_ext_5826,Клиент 5826,+79990005826,user_5826@example.com,2026-02-14 04:11:33.990483+00:00
cust_ext_5827,Клиент 5827,+79990005827,user_5827@example.com,2026-01-15 00:31:18.306991+00:00
cust_ext_5828,Клиент 5828,+79990005828,user_5828@example.com,2026-02-06 03:26:58.525047+00:00
cust_ext_5829,Клиент 5829,+79990005829,user_5829@example.com,2026-01-21 00:47:20.770089+00:00
cust_ext_5830,Клиент 5830,+79990005830,user_5830@example.com,2026-02-11 23:47:00.731321+00:00
cust_ext_5831,Клиент 5831,+79990005831,user_5831@example.com,2026-02-12 11:18:55.808022+00:00
cust_ext_5832,Клиент 5832,+79990005832,user_5832@example.com,2026-01-12 17:21:51.871716+00:00
cust_ext_5833,Клиент 5833,+79990005833,user_5833@example.com,2026-01-13 15:49:30.527323+00:00
cust_ext_5834,Клиент 5834,+79990005834,user_5834@example.com,2026-01-30 12:00:57.036017+00:00
cust_ext_5835,Клиент 5835,+79990005835,user_5835@example.com,2026-01-31 01:21:27.324766+00:00
cust_ext_5836,Клиент 5836,+79990005836,user_5836@example.com,2026-01-15 04:25:23.607128+00:00
cust_ext_5837,Клиент 5837,+79990005837,user_5837@example.com,2026-02-07 18:42:08.804278+00:00
cust_ext_5838,Клиент 5838,+79990005838,user_5838@example.com,2026-01-31 01:26:06.092347+00:00
cust_ext_5839,Клиент 5839,+79990005839,user_5839@example.com,2026-01-12 08:16:31.035156+00:00
cust_ext_5840,Клиент 5840,+79990005840,user_5840@example.com,2026-02-04 02:32:22.814546+00:00
cust_ext_5841,Клиент 5841,+79990005841,user_5841@example.com,2026-01-11 12:08:12.605972+00:00
cust_ext_5842,Клиент 5842,+79990005842,user_5842@example.com,2026-01-10 06:00:17.429461+00:00
cust_ext_5843,Клиент 5843,+79990005843,user_5843@example.com,2026-02-12 08:44:00.465002+00:00
cust_ext_5844,Клиент 5844,+79990005844,user_5844@example.com,2026-01-06 14:22:15.325875+00:00
cust_ext_5845,Клиент 5845,+79990005845,user_5845@example.com,2026-01-22 03:29:17.920989+00:00
cust_ext_5846,Клиент 5846,+79990005846,user_5846@example.com,2026-01-14 17:09:56.042909+00:00
cust_ext_5847,Клиент 5847,+79990005847,user_5847@example.com,2026-01-05 21:56:52.952275+00:00
cust_ext_5848,Клиент 5848,+79990005848,user_5848@example.com,2026-01-12 09:16:22.806842+00:00
cust_ext_5849,Клиент 5849,+79990005849,user_5849@example.com,2026-01-28 12:34:33.677613+00:00
cust_ext_5850,Клиент 5850,+79990005850,user_5850@example.com,2026-01-24 00:00:51.900770+00:00
cust_ext_5851,Клиент 5851,+79990005851,user_5851@example.com,2026-02-01 17:47:57.186514+00:00
cust_ext_5852,Клиент 5852,+79990005852,user_5852@example.com,2026-01-06 16:58:45.904835+00:00
cust_ext_5853,Клиент 5853,+79990005853,user_5853@example.com,2026-01-21 17:14:07.383995+00:00
cust_ext_5854,Клиент 5854,+79990005854,user_5854@example.com,2026-02-06 07:42:50.640206+00:00
cust_ext_5855,Клиент 5855,+79990005855,user_5855@example.com,2026-01-13 06:23:44.909748+00:00
cust_ext_5856,Клиент 5856,+79990005856,user_5856@example.com,2026-01-25 21:10:22.386986+00:00
cust_ext_5857,Клиент 5857,+79990005857,user_5857@example.com,2026-01-20 11:42:24.726535+00:00
cust_ext_5858,Клиент 5858,+79990005858,user_5858@example.com,2026-01-16 09:25:47.727325+00:00
cust_ext_5859,Клиент 5859,+79990005859,user_5859@example.com,2026-01-02 13:47:41.794266+00:00
cust_ext_5860,Клиент 5860,+79990005860,user_5860@example.com,2026-01-26 05:28:38.554382+00:00
cust_ext_5861,Клиент 5861,+79990005861,user_5861@example.com,2026-02-04 00:47:12.964543+00:00
cust_ext_5862,Клиент 5862,+79990005862,user_5862@example.com,2026-02-12 06:17:57.767821+00:00
cust_ext_5863,Клиент 5863,+79990005863,user_5863@example.com,2026-02-01 17:37:20.030791+00:00
cust_ext_5864,Клиент 5864,+79990005864,user_5864@example.com,2026-01-23 19:40:15.576685+00:00
cust_ext_5865,Клиент 5865,+79990005865,user_5865@example.com,2026-02-05 08:00:22.939197+00:00
cust_ext_5866,Клиент 5866,+79990005866,user_5866@example.com,2026-01-05 11:42:43.408644+00:00
cust_ext_5867,Клиент 5867,+79990005867,user_5867@example.com,2026-01-23 10:59:56.721613+00:00
cust_ext_5868,Клиент 5868,+79990005868,user_5868@example.com,2026-01-16 02:09:29.667379+00:00
cust_ext_5869,Клиент 5869,+79990005869,user_5869@example.com,2026-02-12 10:16:52.934671+00:00
cust_ext_5870,Клиент 5870,+79990005870,user_5870@example.com,2026-02-08 08:15:51.055631+00:00
cust_ext_5871,Клиент 5871,+79990005871,user_5871@example.com,2026-01-14 11:01:09.415870+00:00
cust_ext_5872,Клиент 5872,+79990005872,user_5872@example.com,2026-01-26 07:39:16.260448+00:00
cust_ext_5873,Клиент 5873,+79990005873,user_5873@example.com,2026-01-29 17:32:47.196642+00:00
cust_ext_5874,Клиент 5874,+79990005874,user_5874@example.com,2026-02-12 20:53:30.774323+00:00
cust_ext_5875,Клиент 5875,+79990005875,user_5875@example.com,2026-02-04 04:11:26.682301+00:00
cust_ext_5876,Клиент 5876,+79990005876,user_5876@example.com,2026-02-14 14:18:18.118783+00:00
cust_ext_5877,Клиент 5877,+79990005877,user_5877@example.com,2026-02-09 16:07:41.772521+00:00
cust_ext_5878,Клиент 5878,+79990005878,user_5878@example.com,2026-01-11 09:54:38.545781+00:00
cust_ext_5879,Клиент 5879,+79990005879,user_5879@example.com,2026-01-27 02:47:38.463253+00:00
cust_ext_5880,Клиент 5880,+79990005880,user_5880@example.com,2026-01-23 02:44:46.782559+00:00
cust_ext_5881,Клиент 5881,+79990005881,user_5881@example.com,2026-02-13 13:23:53.989346+00:00
cust_ext_5882,Клиент 5882,+79990005882,user_5882@example.com,2026-02-02 23:04:38.344378+00:00
cust_ext_5883,Клиент 5883,+79990005883,user_5883@example.com,2026-01-09 18:05:52.163889+00:00
cust_ext_5884,Клиент 5884,+79990005884,user_5884@example.com,2026-02-11 10:11:40.843966+00:00
cust_ext_5885,Клиент 5885,+79990005885,user_5885@example.com,2026-02-06 10:30:07.013831+00:00
cust_ext_5886,Клиент 5886,+79990005886,user_5886@example.com,2026-02-03 03:33:01.973228+00:00
cust_ext_5887,Клиент 5887,+79990005887,user_5887@example.com,2026-02-08 09:53:43.566988+00:00
cust_ext_5888,Клиент 5888,+79990005888,user_5888@example.com,2026-01-18 05:47:16.873574+00:00
cust_ext_5889,Клиент 5889,+79990005889,user_5889@example.com,2026-01-08 15:01:41.266352+00:00
cust_ext_5890,Клиент 5890,+79990005890,user_5890@example.com,2026-01-28 12:32:26.823662+00:00
cust_ext_5891,Клиент 5891,+79990005891,user_5891@example.com,2026-01-02 08:18:20.075538+00:00
cust_ext_5892,Клиент 5892,+79990005892,user_5892@example.com,2026-02-03 04:16:09.205513+00:00
cust_ext_5893,Клиент 5893,+79990005893,user_5893@example.com,2026-01-01 03:02:12.084139+00:00
cust_ext_5894,Клиент 5894,+79990005894,user_5894@example.com,2026-01-18 01:54:44.958460+00:00
cust_ext_5895,Клиент 5895,+79990005895,user_5895@example.com,2026-01-15 23:22:20.322041+00:00
cust_ext_5896,Клиент 5896,+79990005896,user_5896@example.com,2026-01-28 13:12:17.022845+00:00
cust_ext_5897,Клиент 5897,+79990005897,user_5897@example.com,2026-01-06 05:47:29.756419+00:00
cust_ext_5898,Клиент 5898,+79990005898,user_5898@example.com,2026-01-26 02:17:23.402363+00:00
cust_ext_5899,Клиент 5899,+79990005899,user_5899@example.com,2026-01-09 07:49:53.182208+00:00
cust_ext_5900,Клиент 5900,+79990005900,user_5900@example.com,2026-01-09 09:23:57.540584+00:00
cust_ext_5901,Клиент 5901,+79990005901,user_5901@example.com,2026-02-04 19:52:16.712559+00:00
cust_ext_5902,Клиент 5902,+79990005902,user_5902@example.com,2026-01-07 06:23:24.259844+00:00
cust_ext_5903,Клиент 5903,+79990005903,user_5903@example.com,2026-01-27 11:56:00.755662+00:00
cust_ext_5904,Клиент 5904,+79990005904,user_5904@example.com,2026-02-03 03:44:06.884634+00:00
cust_ext_5905,Клиент 5905,+79990005905,user_5905@example.com,2026-01-29 05:31:04.107975+00:00
cust_ext_5906,Клиент 5906,+79990005906,user_5906@example.com,2026-02-13 14:09:24.676246+00:00
cust_ext_5907,Клиент 5907,+79990005907,user_5907@example.com,2026-01-10 18:38:28.597900+00:00
cust_ext_5908,Клиент 5908,+79990005908,user_5908@example.com,2026-01-21 21:30:40.429662+00:00
cust_ext_5909,Клиент 5909,+79990005909,user_5909@example.com,2026-01-23 12:27:58.680410+00:00
cust_ext_5910,Клиент 5910,+79990005910,user_5910@example.com,2026-02-08 01:00:41.161250+00:00
cust_ext_5911,Клиент 5911,+79990005911,user_5911@example.com,2026-02-11 01:52:22.714454+00:00
cust_ext_5912,Клиент 5912,+79990005912,user_5912@example.com,2026-01-25 13:31:11.278794+00:00
cust_ext_5913,Клиент 5913,+79990005913,user_5913@example.com,2026-01-31 17:06:28.714801+00:00
cust_ext_5914,Клиент 5914,+79990005914,user_5914@example.com,2026-01-04 02:16:16.451506+00:00
cust_ext_5915,Клиент 5915,+79990005915,user_5915@example.com,2026-02-14 09:42:39.172783+00:00
cust_ext_5916,Клиент 5916,+79990005916,user_5916@example.com,2026-02-01 04:43:10.539719+00:00
cust_ext_5917,Клиент 5917,+79990005917,user_5917@example.com,2026-01-12 03:56:11.655125+00:00
cust_ext_5918,Клиент 5918,+79990005918,user_5918@example.com,2026-01-04 16:15:50.375593+00:00
cust_ext_5919,Клиент 5919,+79990005919,user_5919@example.com,2026-01-19 07:36:16.461189+00:00
cust_ext_5920,Клиент 5920,+79990005920,user_5920@example.com,2026-01-25 11:52:55.376868+00:00
cust_ext_5921,Клиент 5921,+79990005921,user_5921@example.com,2026-02-14 09:54:19.938374+00:00
cust_ext_5922,Клиент 5922,+79990005922,user_5922@example.com,2026-01-15 21:12:06.519061+00:00
cust_ext_5923,Клиент 5923,+79990005923,user_5923@example.com,2026-02-05 03:10:04.096476+00:00
cust_ext_5924,Клиент 5924,+79990005924,user_5924@example.com,2026-01-16 07:11:13.351325+00:00
cust_ext_5925,Клиент 5925,+79990005925,user_5925@example.com,2026-02-04 23:43:25.976199+00:00
cust_ext_5926,Клиент 5926,+79990005926,user_5926@example.com,2026-01-14 15:23:47.123595+00:00
cust_ext_5927,Клиент 5927,+79990005927,user_5927@example.com,2026-01-06 12:35:08.148450+00:00
cust_ext_5928,Клиент 5928,+79990005928,user_5928@example.com,2026-01-05 08:22:28.983781+00:00
cust_ext_5929,Клиент 5929,+79990005929,user_5929@example.com,2026-01-10 22:34:54.103975+00:00
cust_ext_5930,Клиент 5930,+79990005930,user_5930@example.com,2026-01-20 07:23:47.482803+00:00
cust_ext_5931,Клиент 5931,+79990005931,user_5931@example.com,2026-01-06 03:52:59.287924+00:00
cust_ext_5932,Клиент 5932,+79990005932,user_5932@example.com,2026-01-10 15:28:25.462497+00:00
cust_ext_5933,Клиент 5933,+79990005933,user_5933@example.com,2026-01-16 00:11:15.622497+00:00
cust_ext_5934,Клиент 5934,+79990005934,user_5934@example.com,2026-02-12 00:17:19.326042+00:00
cust_ext_5935,Клиент 5935,+79990005935,user_5935@example.com,2026-01-21 07:34:07.861765+00:00
cust_ext_5936,Клиент 5936,+79990005936,user_5936@example.com,2026-01-24 07:18:19.994622+00:00
cust_ext_5937,Клиент 5937,+79990005937,user_5937@example.com,2026-01-16 12:36:37.756526+00:00
cust_ext_5938,Клиент 5938,+79990005938,user_5938@example.com,2026-01-21 23:13:44.427239+00:00
cust_ext_5939,Клиент 5939,+79990005939,user_5939@example.com,2026-02-06 14:34:57.813927+00:00
cust_ext_5940,Клиент 5940,+79990005940,user_5940@example.com,2026-01-12 20:49:53.730714+00:00
cust_ext_5941,Клиент 5941,+79990005941,user_5941@example.com,2026-01-29 16:43:00.888208+00:00
cust_ext_5942,Клиент 5942,+79990005942,user_5942@example.com,2026-02-09 16:55:46.198613+00:00
cust_ext_5943,Клиент 5943,+79990005943,user_5943@example.com,2026-01-31 14:05:18.559084+00:00
cust_ext_5944,Клиент 5944,+79990005944,user_5944@example.com,2026-02-03 12:38:28.852437+00:00
cust_ext_5945,Клиент 5945,+79990005945,user_5945@example.com,2026-01-21 05:47:30.333468+00:00
cust_ext_5946,Клиент 5946,+79990005946,user_5946@example.com,2026-02-13 20:06:13.332056+00:00
cust_ext_5947,Клиент 5947,+79990005947,user_5947@example.com,2026-01-05 18:42:53.024301+00:00
cust_ext_5948,Клиент 5948,+79990005948,user_5948@example.com,2026-01-16 11:12:33.356159+00:00
cust_ext_5949,Клиент 5949,+79990005949,user_5949@example.com,2026-01-11 07:06:31.022211+00:00
cust_ext_5950,Клиент 5950,+79990005950,user_5950@example.com,2026-01-20 15:43:39.203878+00:00
cust_ext_5951,Клиент 5951,+79990005951,user_5951@example.com,2026-02-01 03:23:11.370612+00:00
cust_ext_5952,Клиент 5952,+79990005952,user_5952@example.com,2026-01-10 21:23:09.273233+00:00
cust_ext_5953,Клиент 5953,+79990005953,user_5953@example.com,2026-02-08 11:28:26.784903+00:00
cust_ext_5954,Клиент 5954,+79990005954,user_5954@example.com,2026-01-22 03:42:38.358935+00:00
cust_ext_5955,Клиент 5955,+79990005955,user_5955@example.com,2026-02-03 16:33:04.451311+00:00
cust_ext_5956,Клиент 5956,+79990005956,user_5956@example.com,2026-01-08 08:03:21.748544+00:00
cust_ext_5957,Клиент 5957,+79990005957,user_5957@example.com,2026-02-14 11:06:11.433579+00:00
cust_ext_5958,Клиент 5958,+79990005958,user_5958@example.com,2026-01-02 09:44:31.481964+00:00
cust_ext_5959,Клиент 5959,+79990005959,user_5959@example.com,2026-02-10 08:03:15.196355+00:00
cust_ext_5960,Клиент 5960,+79990005960,user_5960@example.com,2026-01-25 13:40:47.793979+00:00
cust_ext_5961,Клиент 5961,+79990005961,user_5961@example.com,2026-01-07 23:26:07.885685+00:00
cust_ext_5962,Клиент 5962,+79990005962,user_5962@example.com,2026-02-09 19:23:31.931313+00:00
cust_ext_5963,Клиент 5963,+79990005963,user_5963@example.com,2026-01-16 11:29:12.991665+00:00
cust_ext_5964,Клиент 5964,+79990005964,user_5964@example.com,2026-01-20 14:11:00.498736+00:00
cust_ext_5965,Клиент 5965,+79990005965,user_5965@example.com,2026-02-03 06:36:33.706435+00:00
cust_ext_5966,Клиент 5966,+79990005966,user_5966@example.com,2026-02-05 16:45:11.603164+00:00
cust_ext_5967,Клиент 5967,+79990005967,user_5967@example.com,2026-01-14 00:21:41.415674+00:00
cust_ext_5968,Клиент 5968,+79990005968,user_5968@example.com,2026-02-06 16:16:05.836914+00:00
cust_ext_5969,Клиент 5969,+79990005969,user_5969@example.com,2026-01-21 20:54:01.066381+00:00
cust_ext_5970,Клиент 5970,+79990005970,user_5970@example.com,2026-02-08 11:50:45.842353+00:00
cust_ext_5971,Клиент 5971,+79990005971,user_5971@example.com,2026-01-31 09:36:24.717440+00:00
cust_ext_5972,Клиент 5972,+79990005972,user_5972@example.com,2026-02-08 02:03:58.486690+00:00
cust_ext_5973,Клиент 5973,+79990005973,user_5973@example.com,2026-01-23 13:59:34.767113+00:00
cust_ext_5974,Клиент 5974,+79990005974,user_5974@example.com,2026-02-03 17:05:41.671133+00:00
cust_ext_5975,Клиент 5975,+79990005975,user_5975@example.com,2026-01-28 19:22:47.862510+00:00
cust_ext_5976,Клиент 5976,+79990005976,user_5976@example.com,2026-01-20 11:28:32.968827+00:00
cust_ext_5977,Клиент 5977,+79990005977,user_5977@example.com,2026-02-02 15:47:26.380230+00:00
cust_ext_5978,Клиент 5978,+79990005978,user_5978@example.com,2026-01-29 06:01:58.565463+00:00
cust_ext_5979,Клиент 5979,+79990005979,user_5979@example.com,2026-01-26 02:21:10.181068+00:00
cust_ext_5980,Клиент 5980,+79990005980,user_5980@example.com,2026-01-15 21:53:39.349562+00:00
cust_ext_5981,Клиент 5981,+79990005981,user_5981@example.com,2026-02-11 09:49:48.145654+00:00
cust_ext_5982,Клиент 5982,+79990005982,user_5982@example.com,2026-02-10 00:16:36.615652+00:00
cust_ext_5983,Клиент 5983,+79990005983,user_5983@example.com,2026-01-12 03:17:51.771075+00:00
cust_ext_5984,Клиент 5984,+79990005984,user_5984@example.com,2026-01-28 20:00:07.469701+00:00
cust_ext_5985,Клиент 5985,+79990005985,user_5985@example.com,2026-01-20 13:59:14.863852+00:00
cust_ext_5986,Клиент 5986,+79990005986,user_5986@example.com,2026-01-03 20:38:12.582802+00:00
cust_ext_5987,Клиент 5987,+79990005987,user_5987@example.com,2026-01-30 19:05:54.367179+00:00
cust_ext_5988,Клиент 5988,+79990005988,user_5988@example.com,2026-01-20 18:02:57.866152+00:00
cust_ext_5989,Клиент 5989,+79990005989,user_5989@example.com,2026-01-20 10:13:19.381438+00:00
cust_ext_5990,Клиент 5990,+79990005990,user_5990@example.com,2026-01-06 21:29:48.793906+00:00
cust_ext_5991,Клиент 5991,+79990005991,user_5991@example.com,2026-01-27 02:34:48.997774+00:00
cust_ext_5992,Клиент 5992,+79990005992,user_5992@example.com,2026-01-15 16:44:28.368855+00:00
cust_ext_5993,Клиент 5993,+79990005993,user_5993@example.com,2026-01-11 18:20:50.531196+00:00
cust_ext_5994,Клиент 5994,+79990005994,user_5994@example.com,2026-01-08 20:49:14.749005+00:00
cust_ext_5995,Клиент 5995,+79990005995,user_5995@example.com,2026-02-10 15:58:46.673242+00:00
cust_ext_5996,Клиент 5996,+79990005996,user_5996@example.com,2026-02-03 15:21:35.831483+00:00
cust_ext_5997,Клиент 5997,+79990005997,user_5997@example.com,2026-01-28 17:30:34.796790+00:00
cust_ext_5998,Клиент 5998,+79990005998,user_5998@example.com,2026-01-14 06:16:54.043753+00:00
cust_ext_5999,Клиент 5999,+79990005999,user_5999@example.com,2026-01-17 07:17:11.736284+00:00
cust_ext_6000,Клиент 6000,+79990006000,user_6000@example.com,2026-01-09 03:41:37.391048+00:00
cust_ext_6001,Клиент 6001,+79990006001,user_6001@example.com,2026-02-04 00:26:18.501514+00:00
cust_ext_6002,Клиент 6002,+79990006002,user_6002@example.com,2026-01-29 17:24:34.048365+00:00
cust_ext_6003,Клиент 6003,+79990006003,user_6003@example.com,2026-01-21 15:56:05.330949+00:00
cust_ext_6004,Клиент 6004,+79990006004,user_6004@example.com,2026-01-14 13:56:08.186715+00:00
cust_ext_6005,Клиент 6005,+79990006005,user_6005@example.com,2026-01-31 10:50:21.842071+00:00
cust_ext_6006,Клиент 6006,+79990006006,user_6006@example.com,2026-02-10 05:33:47.018054+00:00
cust_ext_6007,Клиент 6007,+79990006007,user_6007@example.com,2026-02-02 06:44:53.255411+00:00
cust_ext_6008,Клиент 6008,+79990006008,user_6008@example.com,2026-01-01 03:58:27.896037+00:00
cust_ext_6009,Клиент 6009,+79990006009,user_6009@example.com,2026-02-07 04:08:33.694678+00:00
cust_ext_6010,Клиент 6010,+79990006010,user_6010@example.com,2026-02-03 23:11:13.206599+00:00
cust_ext_6011,Клиент 6011,+79990006011,user_6011@example.com,2026-01-13 17:32:32.706621+00:00
cust_ext_6012,Клиент 6012,+79990006012,user_6012@example.com,2026-01-11 05:23:33.230276+00:00
cust_ext_6013,Клиент 6013,+79990006013,user_6013@example.com,2026-01-09 21:43:40.777212+00:00
cust_ext_6014,Клиент 6014,+79990006014,user_6014@example.com,2026-01-25 00:54:13.494011+00:00
cust_ext_6015,Клиент 6015,+79990006015,user_6015@example.com,2026-01-30 21:11:25.942347+00:00
cust_ext_6016,Клиент 6016,+79990006016,user_6016@example.com,2026-02-13 03:44:51.249342+00:00
cust_ext_6017,Клиент 6017,+79990006017,user_6017@example.com,2026-01-23 12:11:30.965312+00:00
cust_ext_6018,Клиент 6018,+79990006018,user_6018@example.com,2026-01-03 21:04:08.675655+00:00
cust_ext_6019,Клиент 6019,+79990006019,user_6019@example.com,2026-01-08 16:21:41.005124+00:00
cust_ext_6020,Клиент 6020,+79990006020,user_6020@example.com,2026-01-03 22:16:17.847365+00:00
cust_ext_6021,Клиент 6021,+79990006021,user_6021@example.com,2026-02-04 04:32:55.296442+00:00
cust_ext_6022,Клиент 6022,+79990006022,user_6022@example.com,2026-02-03 23:36:38.481019+00:00
cust_ext_6023,Клиент 6023,+79990006023,user_6023@example.com,2026-01-05 09:04:43.086761+00:00
cust_ext_6024,Клиент 6024,+79990006024,user_6024@example.com,2026-02-09 22:28:33.178312+00:00
cust_ext_6025,Клиент 6025,+79990006025,user_6025@example.com,2026-01-06 03:08:33.889960+00:00
cust_ext_6026,Клиент 6026,+79990006026,user_6026@example.com,2026-01-19 16:35:59.468166+00:00
cust_ext_6027,Клиент 6027,+79990006027,user_6027@example.com,2026-02-11 12:56:18.556240+00:00
cust_ext_6028,Клиент 6028,+79990006028,user_6028@example.com,2026-01-10 17:09:14.173974+00:00
cust_ext_6029,Клиент 6029,+79990006029,user_6029@example.com,2026-01-13 03:42:35.473670+00:00
cust_ext_6030,Клиент 6030,+79990006030,user_6030@example.com,2026-01-07 05:21:20.434581+00:00
cust_ext_6031,Клиент 6031,+79990006031,user_6031@example.com,2026-01-22 00:45:17.942257+00:00
cust_ext_6032,Клиент 6032,+79990006032,user_6032@example.com,2026-01-26 19:28:54.058980+00:00
cust_ext_6033,Клиент 6033,+79990006033,user_6033@example.com,2026-02-11 14:58:29.790797+00:00
cust_ext_6034,Клиент 6034,+79990006034,user_6034@example.com,2026-02-02 05:10:53.525242+00:00
cust_ext_6035,Клиент 6035,+79990006035,user_6035@example.com,2026-01-04 21:03:27.339205+00:00
cust_ext_6036,Клиент 6036,+79990006036,user_6036@example.com,2026-01-01 06:50:48.716099+00:00
cust_ext_6037,Клиент 6037,+79990006037,user_6037@example.com,2026-01-05 02:10:31.082293+00:00
cust_ext_6038,Клиент 6038,+79990006038,user_6038@example.com,2026-01-01 21:44:54.657828+00:00
cust_ext_6039,Клиент 6039,+79990006039,user_6039@example.com,2026-01-05 04:35:07.389330+00:00
cust_ext_6040,Клиент 6040,+79990006040,user_6040@example.com,2026-01-02 08:55:15.806080+00:00
cust_ext_6041,Клиент 6041,+79990006041,user_6041@example.com,2026-02-11 21:25:16.102280+00:00
cust_ext_6042,Клиент 6042,+79990006042,user_6042@example.com,2026-02-12 18:19:48.168310+00:00
cust_ext_6043,Клиент 6043,+79990006043,user_6043@example.com,2026-01-21 08:03:23.273118+00:00
cust_ext_6044,Клиент 6044,+79990006044,user_6044@example.com,2026-01-02 19:15:44.716153+00:00
cust_ext_6045,Клиент 6045,+79990006045,user_6045@example.com,2026-02-11 00:12:50.538990+00:00
cust_ext_6046,Клиент 6046,+79990006046,user_6046@example.com,2026-01-30 03:42:40.922086+00:00
cust_ext_6047,Клиент 6047,+79990006047,user_6047@example.com,2026-02-11 22:44:20.577897+00:00
cust_ext_6048,Клиент 6048,+79990006048,user_6048@example.com,2026-02-08 01:30:07.039034+00:00
cust_ext_6049,Клиент 6049,+79990006049,user_6049@example.com,2026-01-27 23:17:54.396173+00:00
cust_ext_6050,Клиент 6050,+79990006050,user_6050@example.com,2026-01-19 09:35:24.147131+00:00
cust_ext_6051,Клиент 6051,+79990006051,user_6051@example.com,2026-02-08 19:50:50.780847+00:00
cust_ext_6052,Клиент 6052,+79990006052,user_6052@example.com,2026-02-11 14:34:13.049180+00:00
cust_ext_6053,Клиент 6053,+79990006053,user_6053@example.com,2026-01-21 01:04:10.076799+00:00
cust_ext_6054,Клиент 6054,+79990006054,user_6054@example.com,2026-02-02 14:31:28.197282+00:00
cust_ext_6055,Клиент 6055,+79990006055,user_6055@example.com,2026-01-31 16:21:51.334361+00:00
cust_ext_6056,Клиент 6056,+79990006056,user_6056@example.com,2026-01-02 10:05:49.933393+00:00
cust_ext_6057,Клиент 6057,+79990006057,user_6057@example.com,2026-01-26 21:25:00.656709+00:00
cust_ext_6058,Клиент 6058,+79990006058,user_6058@example.com,2026-01-16 23:42:51.179164+00:00
cust_ext_6059,Клиент 6059,+79990006059,user_6059@example.com,2026-02-08 20:29:09.463771+00:00
cust_ext_6060,Клиент 6060,+79990006060,user_6060@example.com,2026-01-14 05:30:24.556444+00:00
cust_ext_6061,Клиент 6061,+79990006061,user_6061@example.com,2026-01-23 07:14:44.989333+00:00
cust_ext_6062,Клиент 6062,+79990006062,user_6062@example.com,2026-01-27 13:30:05.151932+00:00
cust_ext_6063,Клиент 6063,+79990006063,user_6063@example.com,2026-01-02 12:48:47.507754+00:00
cust_ext_6064,Клиент 6064,+79990006064,user_6064@example.com,2026-02-03 18:26:55.189154+00:00
cust_ext_6065,Клиент 6065,+79990006065,user_6065@example.com,2026-02-02 02:55:06.968271+00:00
cust_ext_6066,Клиент 6066,+79990006066,user_6066@example.com,2026-01-17 02:12:53.033880+00:00
cust_ext_6067,Клиент 6067,+79990006067,user_6067@example.com,2026-01-09 05:13:30.637960+00:00
cust_ext_6068,Клиент 6068,+79990006068,user_6068@example.com,2026-02-10 00:28:23.019458+00:00
cust_ext_6069,Клиент 6069,+79990006069,user_6069@example.com,2026-02-09 22:21:43.268985+00:00
cust_ext_6070,Клиент 6070,+79990006070,user_6070@example.com,2026-01-07 17:33:28.496728+00:00
cust_ext_6071,Клиент 6071,+79990006071,user_6071@example.com,2026-01-26 00:51:47.307909+00:00
cust_ext_6072,Клиент 6072,+79990006072,user_6072@example.com,2026-01-02 05:43:22.464298+00:00
cust_ext_6073,Клиент 6073,+79990006073,user_6073@example.com,2026-01-23 05:11:47.338055+00:00
cust_ext_6074,Клиент 6074,+79990006074,user_6074@example.com,2026-01-08 07:06:28.376168+00:00
cust_ext_6075,Клиент 6075,+79990006075,user_6075@example.com,2026-01-02 04:50:19.407129+00:00
cust_ext_6076,Клиент 6076,+79990006076,user_6076@example.com,2026-02-01 11:50:31.905349+00:00
cust_ext_6077,Клиент 6077,+79990006077,user_6077@example.com,2026-01-17 21:58:22.058145+00:00
cust_ext_6078,Клиент 6078,+79990006078,user_6078@example.com,2026-02-12 03:05:55.228367+00:00
cust_ext_6079,Клиент 6079,+79990006079,user_6079@example.com,2026-02-09 05:13:27.787859+00:00
cust_ext_6080,Клиент 6080,+79990006080,user_6080@example.com,2026-01-10 01:10:12.995375+00:00
cust_ext_6081,Клиент 6081,+79990006081,user_6081@example.com,2026-01-24 20:55:43.845243+00:00
cust_ext_6082,Клиент 6082,+79990006082,user_6082@example.com,2026-02-02 09:55:37.404936+00:00
cust_ext_6083,Клиент 6083,+79990006083,user_6083@example.com,2026-01-15 13:27:18.917843+00:00
cust_ext_6084,Клиент 6084,+79990006084,user_6084@example.com,2026-01-04 06:46:41.174826+00:00
cust_ext_6085,Клиент 6085,+79990006085,user_6085@example.com,2026-01-04 08:37:00.544932+00:00
cust_ext_6086,Клиент 6086,+79990006086,user_6086@example.com,2026-02-02 02:22:44.056464+00:00
cust_ext_6087,Клиент 6087,+79990006087,user_6087@example.com,2026-01-27 15:54:58.445801+00:00
cust_ext_6088,Клиент 6088,+79990006088,user_6088@example.com,2026-02-11 05:39:05.143634+00:00
cust_ext_6089,Клиент 6089,+79990006089,user_6089@example.com,2026-01-16 15:12:59.158176+00:00
cust_ext_6090,Клиент 6090,+79990006090,user_6090@example.com,2026-01-19 17:22:31.270694+00:00
cust_ext_6091,Клиент 6091,+79990006091,user_6091@example.com,2026-01-26 21:59:32.475832+00:00
cust_ext_6092,Клиент 6092,+79990006092,user_6092@example.com,2026-01-30 11:06:37.039057+00:00
cust_ext_6093,Клиент 6093,+79990006093,user_6093@example.com,2026-01-01 15:38:16.067478+00:00
cust_ext_6094,Клиент 6094,+79990006094,user_6094@example.com,2026-02-01 03:10:04.693006+00:00
cust_ext_6095,Клиент 6095,+79990006095,user_6095@example.com,2026-02-05 10:23:07.818747+00:00
cust_ext_6096,Клиент 6096,+79990006096,user_6096@example.com,2026-02-12 14:51:27.470161+00:00
cust_ext_6097,Клиент 6097,+79990006097,user_6097@example.com,2026-01-02 02:46:31.478278+00:00
cust_ext_6098,Клиент 6098,+79990006098,user_6098@example.com,2026-01-29 05:32:24.005217+00:00
cust_ext_6099,Клиент 6099,+79990006099,user_6099@example.com,2026-01-28 23:34:25.955626+00:00
cust_ext_6100,Клиент 6100,+79990006100,user_6100@example.com,2026-02-06 23:50:15.679575+00:00
cust_ext_6101,Клиент 6101,+79990006101,user_6101@example.com,2026-01-07 03:57:31.441720+00:00
cust_ext_6102,Клиент 6102,+79990006102,user_6102@example.com,2026-01-20 07:59:38.433926+00:00
cust_ext_6103,Клиент 6103,+79990006103,user_6103@example.com,2026-01-27 23:21:43.019624+00:00
cust_ext_6104,Клиент 6104,+79990006104,user_6104@example.com,2026-01-06 07:29:36.066018+00:00
cust_ext_6105,Клиент 6105,+79990006105,user_6105@example.com,2026-01-21 20:11:18.914459+00:00
cust_ext_6106,Клиент 6106,+79990006106,user_6106@example.com,2026-02-10 23:08:12.678182+00:00
cust_ext_6107,Клиент 6107,+79990006107,user_6107@example.com,2026-01-29 11:03:19.537399+00:00
cust_ext_6108,Клиент 6108,+79990006108,user_6108@example.com,2026-01-01 09:21:36.601867+00:00
cust_ext_6109,Клиент 6109,+79990006109,user_6109@example.com,2026-02-04 04:37:03.902529+00:00
cust_ext_6110,Клиент 6110,+79990006110,user_6110@example.com,2026-01-03 06:10:40.458279+00:00
cust_ext_6111,Клиент 6111,+79990006111,user_6111@example.com,2026-01-22 10:41:38.208671+00:00
cust_ext_6112,Клиент 6112,+79990006112,user_6112@example.com,2026-01-14 16:11:51.198803+00:00
cust_ext_6113,Клиент 6113,+79990006113,user_6113@example.com,2026-01-19 13:11:10.735090+00:00
cust_ext_6114,Клиент 6114,+79990006114,user_6114@example.com,2026-01-16 05:28:04.031486+00:00
cust_ext_6115,Клиент 6115,+79990006115,user_6115@example.com,2026-01-01 17:24:05.189245+00:00
cust_ext_6116,Клиент 6116,+79990006116,user_6116@example.com,2026-01-07 09:16:01.956357+00:00
cust_ext_6117,Клиент 6117,+79990006117,user_6117@example.com,2026-01-02 21:15:34.842856+00:00
cust_ext_6118,Клиент 6118,+79990006118,user_6118@example.com,2026-01-04 14:36:03.244253+00:00
cust_ext_6119,Клиент 6119,+79990006119,user_6119@example.com,2026-01-29 07:37:32.254225+00:00
cust_ext_6120,Клиент 6120,+79990006120,user_6120@example.com,2026-01-29 06:14:53.884064+00:00
cust_ext_6121,Клиент 6121,+79990006121,user_6121@example.com,2026-01-05 16:03:11.341566+00:00
cust_ext_6122,Клиент 6122,+79990006122,user_6122@example.com,2026-01-20 16:33:09.499149+00:00
cust_ext_6123,Клиент 6123,+79990006123,user_6123@example.com,2026-01-26 08:06:35.290862+00:00
cust_ext_6124,Клиент 6124,+79990006124,user_6124@example.com,2026-02-04 08:58:09.547813+00:00
cust_ext_6125,Клиент 6125,+79990006125,user_6125@example.com,2026-01-12 08:00:20.848437+00:00
cust_ext_6126,Клиент 6126,+79990006126,user_6126@example.com,2026-02-08 21:01:18.521126+00:00
cust_ext_6127,Клиент 6127,+79990006127,user_6127@example.com,2026-01-01 23:08:33.434338+00:00
cust_ext_6128,Клиент 6128,+79990006128,user_6128@example.com,2026-01-31 02:23:38.125140+00:00
cust_ext_6129,Клиент 6129,+79990006129,user_6129@example.com,2026-02-03 08:07:32.156525+00:00
cust_ext_6130,Клиент 6130,+79990006130,user_6130@example.com,2026-01-05 01:33:14.257530+00:00
cust_ext_6131,Клиент 6131,+79990006131,user_6131@example.com,2026-02-08 18:40:44.755731+00:00
cust_ext_6132,Клиент 6132,+79990006132,user_6132@example.com,2026-01-28 17:37:24.296697+00:00
cust_ext_6133,Клиент 6133,+79990006133,user_6133@example.com,2026-01-15 16:08:29.668807+00:00
cust_ext_6134,Клиент 6134,+79990006134,user_6134@example.com,2026-02-08 20:38:01.026747+00:00
cust_ext_6135,Клиент 6135,+79990006135,user_6135@example.com,2026-01-04 13:22:21.524084+00:00
cust_ext_6136,Клиент 6136,+79990006136,user_6136@example.com,2026-01-11 09:56:23.270071+00:00
cust_ext_6137,Клиент 6137,+79990006137,user_6137@example.com,2026-01-08 09:47:25.669194+00:00
cust_ext_6138,Клиент 6138,+79990006138,user_6138@example.com,2026-01-12 19:13:11.805660+00:00
cust_ext_6139,Клиент 6139,+79990006139,user_6139@example.com,2026-01-25 10:17:21.842672+00:00
cust_ext_6140,Клиент 6140,+79990006140,user_6140@example.com,2026-01-20 17:58:04.619574+00:00
cust_ext_6141,Клиент 6141,+79990006141,user_6141@example.com,2026-01-08 13:43:35.386761+00:00
cust_ext_6142,Клиент 6142,+79990006142,user_6142@example.com,2026-02-07 21:12:27.504435+00:00
cust_ext_6143,Клиент 6143,+79990006143,user_6143@example.com,2026-02-08 09:18:47.418309+00:00
cust_ext_6144,Клиент 6144,+79990006144,user_6144@example.com,2026-01-18 21:45:53.402197+00:00
cust_ext_6145,Клиент 6145,+79990006145,user_6145@example.com,2026-01-11 09:40:17.611989+00:00
cust_ext_6146,Клиент 6146,+79990006146,user_6146@example.com,2026-01-19 04:49:49.502887+00:00
cust_ext_6147,Клиент 6147,+79990006147,user_6147@example.com,2026-02-12 06:57:46.554227+00:00
cust_ext_6148,Клиент 6148,+79990006148,user_6148@example.com,2026-01-29 08:06:01.257861+00:00
cust_ext_6149,Клиент 6149,+79990006149,user_6149@example.com,2026-01-07 22:58:18.819336+00:00
cust_ext_6150,Клиент 6150,+79990006150,user_6150@example.com,2026-01-09 09:25:37.743104+00:00
cust_ext_6151,Клиент 6151,+79990006151,user_6151@example.com,2026-01-07 05:11:51.481672+00:00
cust_ext_6152,Клиент 6152,+79990006152,user_6152@example.com,2026-01-16 07:10:34.916351+00:00
cust_ext_6153,Клиент 6153,+79990006153,user_6153@example.com,2026-01-17 03:26:31.072798+00:00
cust_ext_6154,Клиент 6154,+79990006154,user_6154@example.com,2026-01-09 08:16:23.959599+00:00
cust_ext_6155,Клиент 6155,+79990006155,user_6155@example.com,2026-01-12 17:33:42.695015+00:00
cust_ext_6156,Клиент 6156,+79990006156,user_6156@example.com,2026-02-04 17:12:54.351885+00:00
cust_ext_6157,Клиент 6157,+79990006157,user_6157@example.com,2026-01-03 19:16:37.447822+00:00
cust_ext_6158,Клиент 6158,+79990006158,user_6158@example.com,2026-01-12 03:15:40.266214+00:00
cust_ext_6159,Клиент 6159,+79990006159,user_6159@example.com,2026-01-15 09:18:19.589934+00:00
cust_ext_6160,Клиент 6160,+79990006160,user_6160@example.com,2026-02-03 20:03:42.541504+00:00
cust_ext_6161,Клиент 6161,+79990006161,user_6161@example.com,2026-01-21 14:48:00.892933+00:00
cust_ext_6162,Клиент 6162,+79990006162,user_6162@example.com,2026-01-09 05:52:22.334622+00:00
cust_ext_6163,Клиент 6163,+79990006163,user_6163@example.com,2026-01-10 00:15:59.564451+00:00
cust_ext_6164,Клиент 6164,+79990006164,user_6164@example.com,2026-01-05 01:27:54.386821+00:00
cust_ext_6165,Клиент 6165,+79990006165,user_6165@example.com,2026-01-12 13:02:34.038253+00:00
cust_ext_6166,Клиент 6166,+79990006166,user_6166@example.com,2026-01-27 17:51:54.931249+00:00
cust_ext_6167,Клиент 6167,+79990006167,user_6167@example.com,2026-02-02 01:38:57.909206+00:00
cust_ext_6168,Клиент 6168,+79990006168,user_6168@example.com,2026-02-14 01:29:50.572607+00:00
cust_ext_6169,Клиент 6169,+79990006169,user_6169@example.com,2026-01-29 11:36:28.906261+00:00
cust_ext_6170,Клиент 6170,+79990006170,user_6170@example.com,2026-01-09 13:43:59.107138+00:00
cust_ext_6171,Клиент 6171,+79990006171,user_6171@example.com,2026-01-14 20:53:28.786333+00:00
cust_ext_6172,Клиент 6172,+79990006172,user_6172@example.com,2026-01-27 04:28:47.947757+00:00
cust_ext_6173,Клиент 6173,+79990006173,user_6173@example.com,2026-01-14 05:46:00.731207+00:00
cust_ext_6174,Клиент 6174,+79990006174,user_6174@example.com,2026-01-30 22:10:37.202189+00:00
cust_ext_6175,Клиент 6175,+79990006175,user_6175@example.com,2026-01-27 19:51:11.148293+00:00
cust_ext_6176,Клиент 6176,+79990006176,user_6176@example.com,2026-02-06 01:56:52.210281+00:00
cust_ext_6177,Клиент 6177,+79990006177,user_6177@example.com,2026-01-11 12:32:07.153057+00:00
cust_ext_6178,Клиент 6178,+79990006178,user_6178@example.com,2026-01-28 11:38:35.429859+00:00
cust_ext_6179,Клиент 6179,+79990006179,user_6179@example.com,2026-01-05 15:16:18.926155+00:00
cust_ext_6180,Клиент 6180,+79990006180,user_6180@example.com,2026-01-27 02:32:12.984538+00:00
cust_ext_6181,Клиент 6181,+79990006181,user_6181@example.com,2026-01-04 22:32:43.908696+00:00
cust_ext_6182,Клиент 6182,+79990006182,user_6182@example.com,2026-02-10 00:21:04.771058+00:00
cust_ext_6183,Клиент 6183,+79990006183,user_6183@example.com,2026-01-22 01:26:06.697086+00:00
cust_ext_6184,Клиент 6184,+79990006184,user_6184@example.com,2026-01-31 03:05:43.379851+00:00
cust_ext_6185,Клиент 6185,+79990006185,user_6185@example.com,2026-02-03 17:41:19.593468+00:00
cust_ext_6186,Клиент 6186,+79990006186,user_6186@example.com,2026-01-08 02:32:38.107038+00:00
cust_ext_6187,Клиент 6187,+79990006187,user_6187@example.com,2026-01-16 17:05:51.260736+00:00
cust_ext_6188,Клиент 6188,+79990006188,user_6188@example.com,2026-02-03 08:24:52.307932+00:00
cust_ext_6189,Клиент 6189,+79990006189,user_6189@example.com,2026-01-26 14:54:34.060978+00:00
cust_ext_6190,Клиент 6190,+79990006190,user_6190@example.com,2026-01-29 10:13:26.050901+00:00
cust_ext_6191,Клиент 6191,+79990006191,user_6191@example.com,2026-02-03 16:27:24.327891+00:00
cust_ext_6192,Клиент 6192,+79990006192,user_6192@example.com,2026-02-14 20:07:00.304595+00:00
cust_ext_6193,Клиент 6193,+79990006193,user_6193@example.com,2026-01-08 10:26:42.247005+00:00
cust_ext_6194,Клиент 6194,+79990006194,user_6194@example.com,2026-01-09 12:01:08.325741+00:00
cust_ext_6195,Клиент 6195,+79990006195,user_6195@example.com,2026-02-14 15:20:11.146754+00:00
cust_ext_6196,Клиент 6196,+79990006196,user_6196@example.com,2026-01-07 11:38:21.607797+00:00
cust_ext_6197,Клиент 6197,+79990006197,user_6197@example.com,2026-01-08 18:14:42.609709+00:00
cust_ext_6198,Клиент 6198,+79990006198,user_6198@example.com,2026-02-07 22:22:34.725187+00:00
cust_ext_6199,Клиент 6199,+79990006199,user_6199@example.com,2026-02-02 08:05:43.090510+00:00
cust_ext_6200,Клиент 6200,+79990006200,user_6200@example.com,2026-01-14 14:32:37.397318+00:00
cust_ext_6201,Клиент 6201,+79990006201,user_6201@example.com,2026-01-19 19:57:35.623543+00:00
cust_ext_6202,Клиент 6202,+79990006202,user_6202@example.com,2026-02-06 00:22:54.705090+00:00
cust_ext_6203,Клиент 6203,+79990006203,user_6203@example.com,2026-02-12 02:36:48.244446+00:00
cust_ext_6204,Клиент 6204,+79990006204,user_6204@example.com,2026-01-29 19:36:10.000839+00:00
cust_ext_6205,Клиент 6205,+79990006205,user_6205@example.com,2026-01-16 04:02:48.994315+00:00
cust_ext_6206,Клиент 6206,+79990006206,user_6206@example.com,2026-02-01 03:31:10.255058+00:00
cust_ext_6207,Клиент 6207,+79990006207,user_6207@example.com,2026-01-05 13:30:32.397470+00:00
cust_ext_6208,Клиент 6208,+79990006208,user_6208@example.com,2026-01-29 09:50:29.601894+00:00
cust_ext_6209,Клиент 6209,+79990006209,user_6209@example.com,2026-01-26 17:45:33.358469+00:00
cust_ext_6210,Клиент 6210,+79990006210,user_6210@example.com,2026-01-02 05:52:02.475453+00:00
cust_ext_6211,Клиент 6211,+79990006211,user_6211@example.com,2026-02-08 19:35:41.338672+00:00
cust_ext_6212,Клиент 6212,+79990006212,user_6212@example.com,2026-01-14 16:12:24.592549+00:00
cust_ext_6213,Клиент 6213,+79990006213,user_6213@example.com,2026-01-07 14:11:36.615351+00:00
cust_ext_6214,Клиент 6214,+79990006214,user_6214@example.com,2026-01-10 08:40:54.439586+00:00
cust_ext_6215,Клиент 6215,+79990006215,user_6215@example.com,2026-01-28 21:20:42.946697+00:00
cust_ext_6216,Клиент 6216,+79990006216,user_6216@example.com,2026-01-18 00:53:28.460344+00:00
cust_ext_6217,Клиент 6217,+79990006217,user_6217@example.com,2026-01-14 20:40:23.408953+00:00
cust_ext_6218,Клиент 6218,+79990006218,user_6218@example.com,2026-01-13 00:06:12.820381+00:00
cust_ext_6219,Клиент 6219,+79990006219,user_6219@example.com,2026-01-22 19:24:32.829312+00:00
cust_ext_6220,Клиент 6220,+79990006220,user_6220@example.com,2026-01-14 11:29:49.553049+00:00
cust_ext_6221,Клиент 6221,+79990006221,user_6221@example.com,2026-01-17 17:10:47.442908+00:00
cust_ext_6222,Клиент 6222,+79990006222,user_6222@example.com,2026-01-27 19:56:27.100013+00:00
cust_ext_6223,Клиент 6223,+79990006223,user_6223@example.com,2026-01-04 08:42:07.577155+00:00
cust_ext_6224,Клиент 6224,+79990006224,user_6224@example.com,2026-02-02 02:45:41.185069+00:00
cust_ext_6225,Клиент 6225,+79990006225,user_6225@example.com,2026-02-03 04:01:18.366024+00:00
cust_ext_6226,Клиент 6226,+79990006226,user_6226@example.com,2026-01-05 02:40:49.839779+00:00
cust_ext_6227,Клиент 6227,+79990006227,user_6227@example.com,2026-01-31 06:11:38.847961+00:00
cust_ext_6228,Клиент 6228,+79990006228,user_6228@example.com,2026-01-27 00:28:44.667554+00:00
cust_ext_6229,Клиент 6229,+79990006229,user_6229@example.com,2026-02-04 07:41:57.340740+00:00
cust_ext_6230,Клиент 6230,+79990006230,user_6230@example.com,2026-01-19 18:28:49.034202+00:00
cust_ext_6231,Клиент 6231,+79990006231,user_6231@example.com,2026-02-08 05:48:58.606260+00:00
cust_ext_6232,Клиент 6232,+79990006232,user_6232@example.com,2026-01-06 06:15:34.279241+00:00
cust_ext_6233,Клиент 6233,+79990006233,user_6233@example.com,2026-01-29 19:28:43.927205+00:00
cust_ext_6234,Клиент 6234,+79990006234,user_6234@example.com,2026-01-12 18:03:55.009286+00:00
cust_ext_6235,Клиент 6235,+79990006235,user_6235@example.com,2026-01-14 16:00:39.795311+00:00
cust_ext_6236,Клиент 6236,+79990006236,user_6236@example.com,2026-01-22 11:24:47.889816+00:00
cust_ext_6237,Клиент 6237,+79990006237,user_6237@example.com,2026-01-13 08:30:27.601878+00:00
cust_ext_6238,Клиент 6238,+79990006238,user_6238@example.com,2026-02-01 12:24:36.536408+00:00
cust_ext_6239,Клиент 6239,+79990006239,user_6239@example.com,2026-02-05 00:24:55.642606+00:00
cust_ext_6240,Клиент 6240,+79990006240,user_6240@example.com,2026-02-04 11:50:25.039744+00:00
cust_ext_6241,Клиент 6241,+79990006241,user_6241@example.com,2026-01-30 22:54:52.706098+00:00
cust_ext_6242,Клиент 6242,+79990006242,user_6242@example.com,2026-01-03 10:56:44.853788+00:00
cust_ext_6243,Клиент 6243,+79990006243,user_6243@example.com,2026-01-26 12:42:48.187086+00:00
cust_ext_6244,Клиент 6244,+79990006244,user_6244@example.com,2026-02-08 19:06:06.801864+00:00
cust_ext_6245,Клиент 6245,+79990006245,user_6245@example.com,2026-01-05 00:28:21.748325+00:00
cust_ext_6246,Клиент 6246,+79990006246,user_6246@example.com,2026-01-22 22:35:09.457541+00:00
cust_ext_6247,Клиент 6247,+79990006247,user_6247@example.com,2026-01-09 23:59:18.387896+00:00
cust_ext_6248,Клиент 6248,+79990006248,user_6248@example.com,2026-02-06 21:18:05.587964+00:00
cust_ext_6249,Клиент 6249,+79990006249,user_6249@example.com,2026-01-29 11:02:14.696617+00:00
cust_ext_6250,Клиент 6250,+79990006250,user_6250@example.com,2026-01-16 02:36:28.100538+00:00
cust_ext_6251,Клиент 6251,+79990006251,user_6251@example.com,2026-02-02 14:08:27.303373+00:00
cust_ext_6252,Клиент 6252,+79990006252,user_6252@example.com,2026-01-19 00:13:31.336309+00:00
cust_ext_6253,Клиент 6253,+79990006253,user_6253@example.com,2026-02-07 18:15:06.214508+00:00
cust_ext_6254,Клиент 6254,+79990006254,user_6254@example.com,2026-02-01 19:31:39.937268+00:00
cust_ext_6255,Клиент 6255,+79990006255,user_6255@example.com,2026-01-09 09:07:02.751021+00:00
cust_ext_6256,Клиент 6256,+79990006256,user_6256@example.com,2026-01-08 12:03:11.817317+00:00
cust_ext_6257,Клиент 6257,+79990006257,user_6257@example.com,2026-02-02 22:56:41.016611+00:00
cust_ext_6258,Клиент 6258,+79990006258,user_6258@example.com,2026-02-08 22:37:59.553677+00:00
cust_ext_6259,Клиент 6259,+79990006259,user_6259@example.com,2026-01-01 15:07:38.245996+00:00
cust_ext_6260,Клиент 6260,+79990006260,user_6260@example.com,2026-02-12 03:58:24.973814+00:00
cust_ext_6261,Клиент 6261,+79990006261,user_6261@example.com,2026-01-12 11:29:45.726456+00:00
cust_ext_6262,Клиент 6262,+79990006262,user_6262@example.com,2026-01-23 07:20:18.003469+00:00
cust_ext_6263,Клиент 6263,+79990006263,user_6263@example.com,2026-01-14 03:06:24.923203+00:00
cust_ext_6264,Клиент 6264,+79990006264,user_6264@example.com,2026-01-03 03:42:49.191724+00:00
cust_ext_6265,Клиент 6265,+79990006265,user_6265@example.com,2026-01-19 17:38:17.679249+00:00
cust_ext_6266,Клиент 6266,+79990006266,user_6266@example.com,2026-02-14 05:49:29.378414+00:00
cust_ext_6267,Клиент 6267,+79990006267,user_6267@example.com,2026-01-05 15:33:18.890445+00:00
cust_ext_6268,Клиент 6268,+79990006268,user_6268@example.com,2026-01-31 21:20:55.923053+00:00
cust_ext_6269,Клиент 6269,+79990006269,user_6269@example.com,2026-01-25 12:45:12.213821+00:00
cust_ext_6270,Клиент 6270,+79990006270,user_6270@example.com,2026-01-16 00:28:24.534639+00:00
cust_ext_6271,Клиент 6271,+79990006271,user_6271@example.com,2026-01-10 20:30:06.794767+00:00
cust_ext_6272,Клиент 6272,+79990006272,user_6272@example.com,2026-01-18 07:33:21.833648+00:00
cust_ext_6273,Клиент 6273,+79990006273,user_6273@example.com,2026-01-23 08:00:04.940341+00:00
cust_ext_6274,Клиент 6274,+79990006274,user_6274@example.com,2026-02-13 08:37:54.328918+00:00
cust_ext_6275,Клиент 6275,+79990006275,user_6275@example.com,2026-01-09 03:01:57.353999+00:00
cust_ext_6276,Клиент 6276,+79990006276,user_6276@example.com,2026-01-15 07:59:16.840126+00:00
cust_ext_6277,Клиент 6277,+79990006277,user_6277@example.com,2026-01-07 19:18:12.429293+00:00
cust_ext_6278,Клиент 6278,+79990006278,user_6278@example.com,2026-01-04 07:34:27.264764+00:00
cust_ext_6279,Клиент 6279,+79990006279,user_6279@example.com,2026-01-29 05:40:08.453020+00:00
cust_ext_6280,Клиент 6280,+79990006280,user_6280@example.com,2026-02-09 16:36:05.145176+00:00
cust_ext_6281,Клиент 6281,+79990006281,user_6281@example.com,2026-01-25 09:56:45.440031+00:00
cust_ext_6282,Клиент 6282,+79990006282,user_6282@example.com,2026-02-14 09:18:35.204275+00:00
cust_ext_6283,Клиент 6283,+79990006283,user_6283@example.com,2026-02-01 15:42:04.429613+00:00
cust_ext_6284,Клиент 6284,+79990006284,user_6284@example.com,2026-01-09 01:24:00.291307+00:00
cust_ext_6285,Клиент 6285,+79990006285,user_6285@example.com,2026-01-23 00:57:55.501059+00:00
cust_ext_6286,Клиент 6286,+79990006286,user_6286@example.com,2026-01-16 23:03:52.477533+00:00
cust_ext_6287,Клиент 6287,+79990006287,user_6287@example.com,2026-01-20 16:23:51.810582+00:00
cust_ext_6288,Клиент 6288,+79990006288,user_6288@example.com,2026-02-06 03:50:31.439080+00:00
cust_ext_6289,Клиент 6289,+79990006289,user_6289@example.com,2026-02-08 07:07:58.053547+00:00
cust_ext_6290,Клиент 6290,+79990006290,user_6290@example.com,2026-01-16 22:16:53.117518+00:00
cust_ext_6291,Клиент 6291,+79990006291,user_6291@example.com,2026-01-15 18:12:16.621733+00:00
cust_ext_6292,Клиент 6292,+79990006292,user_6292@example.com,2026-01-31 16:53:25.857061+00:00
cust_ext_6293,Клиент 6293,+79990006293,user_6293@example.com,2026-01-16 11:55:27.182103+00:00
cust_ext_6294,Клиент 6294,+79990006294,user_6294@example.com,2026-02-10 04:57:42.004794+00:00
cust_ext_6295,Клиент 6295,+79990006295,user_6295@example.com,2026-02-01 21:55:21.361172+00:00
cust_ext_6296,Клиент 6296,+79990006296,user_6296@example.com,2026-01-03 11:20:03.754052+00:00
cust_ext_6297,Клиент 6297,+79990006297,user_6297@example.com,2026-02-14 14:13:13.435024+00:00
cust_ext_6298,Клиент 6298,+79990006298,user_6298@example.com,2026-02-07 06:16:21.566596+00:00
cust_ext_6299,Клиент 6299,+79990006299,user_6299@example.com,2026-02-06 22:27:28.093600+00:00
cust_ext_6300,Клиент 6300,+79990006300,user_6300@example.com,2026-01-11 20:53:03.974750+00:00
cust_ext_6301,Клиент 6301,+79990006301,user_6301@example.com,2026-01-11 11:12:02.512995+00:00
cust_ext_6302,Клиент 6302,+79990006302,user_6302@example.com,2026-02-04 04:42:13.781383+00:00
cust_ext_6303,Клиент 6303,+79990006303,user_6303@example.com,2026-01-03 09:35:04.549151+00:00
cust_ext_6304,Клиент 6304,+79990006304,user_6304@example.com,2026-02-03 22:00:10.058452+00:00
cust_ext_6305,Клиент 6305,+79990006305,user_6305@example.com,2026-01-08 11:01:31.052491+00:00
cust_ext_6306,Клиент 6306,+79990006306,user_6306@example.com,2026-02-13 01:11:17.737954+00:00
cust_ext_6307,Клиент 6307,+79990006307,user_6307@example.com,2026-02-11 20:20:26.300024+00:00
cust_ext_6308,Клиент 6308,+79990006308,user_6308@example.com,2026-01-09 20:50:40.160350+00:00
cust_ext_6309,Клиент 6309,+79990006309,user_6309@example.com,2026-02-05 12:39:18.531318+00:00
cust_ext_6310,Клиент 6310,+79990006310,user_6310@example.com,2026-01-05 09:47:46.788085+00:00
cust_ext_6311,Клиент 6311,+79990006311,user_6311@example.com,2026-02-10 07:33:48.513939+00:00
cust_ext_6312,Клиент 6312,+79990006312,user_6312@example.com,2026-01-09 08:44:06.024113+00:00
cust_ext_6313,Клиент 6313,+79990006313,user_6313@example.com,2026-02-09 17:08:49.696787+00:00
cust_ext_6314,Клиент 6314,+79990006314,user_6314@example.com,2026-01-04 15:37:10.314754+00:00
cust_ext_6315,Клиент 6315,+79990006315,user_6315@example.com,2026-02-08 00:51:59.057775+00:00
cust_ext_6316,Клиент 6316,+79990006316,user_6316@example.com,2026-01-16 23:50:12.383599+00:00
cust_ext_6317,Клиент 6317,+79990006317,user_6317@example.com,2026-01-06 07:33:53.276792+00:00
cust_ext_6318,Клиент 6318,+79990006318,user_6318@example.com,2026-01-09 03:49:17.474469+00:00
cust_ext_6319,Клиент 6319,+79990006319,user_6319@example.com,2026-01-15 10:51:23.954674+00:00
cust_ext_6320,Клиент 6320,+79990006320,user_6320@example.com,2026-01-18 04:02:48.658613+00:00
cust_ext_6321,Клиент 6321,+79990006321,user_6321@example.com,2026-01-17 03:07:59.274113+00:00
cust_ext_6322,Клиент 6322,+79990006322,user_6322@example.com,2026-02-12 20:15:58.858256+00:00
cust_ext_6323,Клиент 6323,+79990006323,user_6323@example.com,2026-02-13 14:40:29.337580+00:00
cust_ext_6324,Клиент 6324,+79990006324,user_6324@example.com,2026-01-22 10:09:43.371853+00:00
cust_ext_6325,Клиент 6325,+79990006325,user_6325@example.com,2026-01-05 07:14:25.689443+00:00
cust_ext_6326,Клиент 6326,+79990006326,user_6326@example.com,2026-01-16 15:20:40.535845+00:00
cust_ext_6327,Клиент 6327,+79990006327,user_6327@example.com,2026-02-07 04:03:44.781266+00:00
cust_ext_6328,Клиент 6328,+79990006328,user_6328@example.com,2026-01-16 21:47:06.884503+00:00
cust_ext_6329,Клиент 6329,+79990006329,user_6329@example.com,2026-02-06 11:36:14.801658+00:00
cust_ext_6330,Клиент 6330,+79990006330,user_6330@example.com,2026-02-01 11:39:09.053534+00:00
cust_ext_6331,Клиент 6331,+79990006331,user_6331@example.com,2026-01-08 14:09:44.311030+00:00
cust_ext_6332,Клиент 6332,+79990006332,user_6332@example.com,2026-02-09 03:24:02.277011+00:00
cust_ext_6333,Клиент 6333,+79990006333,user_6333@example.com,2026-01-16 16:55:38.617272+00:00
cust_ext_6334,Клиент 6334,+79990006334,user_6334@example.com,2026-01-27 03:27:14.410126+00:00
cust_ext_6335,Клиент 6335,+79990006335,user_6335@example.com,2026-01-23 14:04:33.181949+00:00
cust_ext_6336,Клиент 6336,+79990006336,user_6336@example.com,2026-01-08 09:41:26.513715+00:00
cust_ext_6337,Клиент 6337,+79990006337,user_6337@example.com,2026-01-25 08:44:00.072673+00:00
cust_ext_6338,Клиент 6338,+79990006338,user_6338@example.com,2026-02-11 03:33:44.871164+00:00
cust_ext_6339,Клиент 6339,+79990006339,user_6339@example.com,2026-01-22 00:48:18.690215+00:00
cust_ext_6340,Клиент 6340,+79990006340,user_6340@example.com,2026-01-07 00:37:51.235681+00:00
cust_ext_6341,Клиент 6341,+79990006341,user_6341@example.com,2026-01-20 08:09:43.951108+00:00
cust_ext_6342,Клиент 6342,+79990006342,user_6342@example.com,2026-01-30 09:58:59.390937+00:00
cust_ext_6343,Клиент 6343,+79990006343,user_6343@example.com,2026-01-08 19:44:38.616735+00:00
cust_ext_6344,Клиент 6344,+79990006344,user_6344@example.com,2026-01-15 06:18:35.709029+00:00
cust_ext_6345,Клиент 6345,+79990006345,user_6345@example.com,2026-01-14 19:34:28.001601+00:00
cust_ext_6346,Клиент 6346,+79990006346,user_6346@example.com,2026-01-19 12:46:44.083203+00:00
cust_ext_6347,Клиент 6347,+79990006347,user_6347@example.com,2026-01-24 03:25:53.017921+00:00
cust_ext_6348,Клиент 6348,+79990006348,user_6348@example.com,2026-01-08 11:38:33.663220+00:00
cust_ext_6349,Клиент 6349,+79990006349,user_6349@example.com,2026-02-12 14:38:32.393940+00:00
cust_ext_6350,Клиент 6350,+79990006350,user_6350@example.com,2026-01-25 12:47:04.312630+00:00
cust_ext_6351,Клиент 6351,+79990006351,user_6351@example.com,2026-02-09 23:25:13.171026+00:00
cust_ext_6352,Клиент 6352,+79990006352,user_6352@example.com,2026-01-20 10:55:54.801678+00:00
cust_ext_6353,Клиент 6353,+79990006353,user_6353@example.com,2026-01-18 01:46:44.172168+00:00
cust_ext_6354,Клиент 6354,+79990006354,user_6354@example.com,2026-01-11 00:34:12.304330+00:00
cust_ext_6355,Клиент 6355,+79990006355,user_6355@example.com,2026-01-07 07:05:08.675516+00:00
cust_ext_6356,Клиент 6356,+79990006356,user_6356@example.com,2026-01-08 03:35:23.335199+00:00
cust_ext_6357,Клиент 6357,+79990006357,user_6357@example.com,2026-02-03 07:10:39.035542+00:00
cust_ext_6358,Клиент 6358,+79990006358,user_6358@example.com,2026-01-05 03:02:30.160168+00:00
cust_ext_6359,Клиент 6359,+79990006359,user_6359@example.com,2026-01-31 21:05:18.134480+00:00
cust_ext_6360,Клиент 6360,+79990006360,user_6360@example.com,2026-01-08 16:24:08.163381+00:00
cust_ext_6361,Клиент 6361,+79990006361,user_6361@example.com,2026-02-09 21:33:19.924145+00:00
cust_ext_6362,Клиент 6362,+79990006362,user_6362@example.com,2026-02-04 23:36:26.405695+00:00
cust_ext_6363,Клиент 6363,+79990006363,user_6363@example.com,2026-02-03 07:55:47.395201+00:00
cust_ext_6364,Клиент 6364,+79990006364,user_6364@example.com,2026-01-30 21:47:44.633892+00:00
cust_ext_6365,Клиент 6365,+79990006365,user_6365@example.com,2026-01-08 20:30:58.688910+00:00
cust_ext_6366,Клиент 6366,+79990006366,user_6366@example.com,2026-01-04 13:26:16.313872+00:00
cust_ext_6367,Клиент 6367,+79990006367,user_6367@example.com,2026-01-14 07:28:38.085642+00:00
cust_ext_6368,Клиент 6368,+79990006368,user_6368@example.com,2026-01-15 03:10:23.615182+00:00
cust_ext_6369,Клиент 6369,+79990006369,user_6369@example.com,2026-01-26 09:51:27.573684+00:00
cust_ext_6370,Клиент 6370,+79990006370,user_6370@example.com,2026-01-16 16:21:53.515281+00:00
cust_ext_6371,Клиент 6371,+79990006371,user_6371@example.com,2026-01-19 08:27:18.263560+00:00
cust_ext_6372,Клиент 6372,+79990006372,user_6372@example.com,2026-01-21 12:24:33.827502+00:00
cust_ext_6373,Клиент 6373,+79990006373,user_6373@example.com,2026-01-16 01:46:48.096583+00:00
cust_ext_6374,Клиент 6374,+79990006374,user_6374@example.com,2026-02-10 12:52:17.402435+00:00
cust_ext_6375,Клиент 6375,+79990006375,user_6375@example.com,2026-01-29 04:37:09.574666+00:00
cust_ext_6376,Клиент 6376,+79990006376,user_6376@example.com,2026-01-08 13:47:56.134643+00:00
cust_ext_6377,Клиент 6377,+79990006377,user_6377@example.com,2026-02-06 20:59:15.204722+00:00
cust_ext_6378,Клиент 6378,+79990006378,user_6378@example.com,2026-01-19 20:14:49.896570+00:00
cust_ext_6379,Клиент 6379,+79990006379,user_6379@example.com,2026-01-07 13:58:16.470926+00:00
cust_ext_6380,Клиент 6380,+79990006380,user_6380@example.com,2026-01-13 00:23:06.523618+00:00
cust_ext_6381,Клиент 6381,+79990006381,user_6381@example.com,2026-01-18 16:19:06.077101+00:00
cust_ext_6382,Клиент 6382,+79990006382,user_6382@example.com,2026-01-20 09:15:57.248594+00:00
cust_ext_6383,Клиент 6383,+79990006383,user_6383@example.com,2026-01-06 15:19:13.188609+00:00
cust_ext_6384,Клиент 6384,+79990006384,user_6384@example.com,2026-02-10 06:26:37.955517+00:00
cust_ext_6385,Клиент 6385,+79990006385,user_6385@example.com,2026-01-26 18:21:29.989927+00:00
cust_ext_6386,Клиент 6386,+79990006386,user_6386@example.com,2026-01-09 00:00:55.654453+00:00
cust_ext_6387,Клиент 6387,+79990006387,user_6387@example.com,2026-01-10 22:19:35.902362+00:00
cust_ext_6388,Клиент 6388,+79990006388,user_6388@example.com,2026-02-09 00:38:08.210473+00:00
cust_ext_6389,Клиент 6389,+79990006389,user_6389@example.com,2026-01-07 06:38:23.199111+00:00
cust_ext_6390,Клиент 6390,+79990006390,user_6390@example.com,2026-01-21 00:25:44.533267+00:00
cust_ext_6391,Клиент 6391,+79990006391,user_6391@example.com,2026-01-10 01:39:04.470295+00:00
cust_ext_6392,Клиент 6392,+79990006392,user_6392@example.com,2026-01-26 04:53:52.465738+00:00
cust_ext_6393,Клиент 6393,+79990006393,user_6393@example.com,2026-02-11 02:24:24.429797+00:00
cust_ext_6394,Клиент 6394,+79990006394,user_6394@example.com,2026-01-14 20:55:39.857418+00:00
cust_ext_6395,Клиент 6395,+79990006395,user_6395@example.com,2026-01-12 08:25:59.440222+00:00
cust_ext_6396,Клиент 6396,+79990006396,user_6396@example.com,2026-01-27 10:54:22.945798+00:00
cust_ext_6397,Клиент 6397,+79990006397,user_6397@example.com,2026-01-20 17:15:25.527670+00:00
cust_ext_6398,Клиент 6398,+79990006398,user_6398@example.com,2026-01-24 15:12:43.662194+00:00
cust_ext_6399,Клиент 6399,+79990006399,user_6399@example.com,2026-01-15 08:46:02.059781+00:00
cust_ext_6400,Клиент 6400,+79990006400,user_6400@example.com,2026-02-11 04:16:27.756316+00:00
cust_ext_6401,Клиент 6401,+79990006401,user_6401@example.com,2026-01-08 19:45:34.742317+00:00
cust_ext_6402,Клиент 6402,+79990006402,user_6402@example.com,2026-01-14 04:25:47.818374+00:00
cust_ext_6403,Клиент 6403,+79990006403,user_6403@example.com,2026-01-27 05:19:30.251177+00:00
cust_ext_6404,Клиент 6404,+79990006404,user_6404@example.com,2026-01-25 16:17:11.613797+00:00
cust_ext_6405,Клиент 6405,+79990006405,user_6405@example.com,2026-01-19 19:28:54.124031+00:00
cust_ext_6406,Клиент 6406,+79990006406,user_6406@example.com,2026-01-31 07:03:08.598422+00:00
cust_ext_6407,Клиент 6407,+79990006407,user_6407@example.com,2026-02-05 18:03:57.246713+00:00
cust_ext_6408,Клиент 6408,+79990006408,user_6408@example.com,2026-01-22 20:01:48.749187+00:00
cust_ext_6409,Клиент 6409,+79990006409,user_6409@example.com,2026-01-27 04:21:37.617666+00:00
cust_ext_6410,Клиент 6410,+79990006410,user_6410@example.com,2026-01-14 07:47:20.135037+00:00
cust_ext_6411,Клиент 6411,+79990006411,user_6411@example.com,2026-01-03 17:10:49.018759+00:00
cust_ext_6412,Клиент 6412,+79990006412,user_6412@example.com,2026-02-14 16:21:50.053381+00:00
cust_ext_6413,Клиент 6413,+79990006413,user_6413@example.com,2026-01-25 16:39:06.118678+00:00
cust_ext_6414,Клиент 6414,+79990006414,user_6414@example.com,2026-02-10 11:42:54.062286+00:00
cust_ext_6415,Клиент 6415,+79990006415,user_6415@example.com,2026-01-24 09:48:11.716410+00:00
cust_ext_6416,Клиент 6416,+79990006416,user_6416@example.com,2026-02-08 15:26:09.394384+00:00
cust_ext_6417,Клиент 6417,+79990006417,user_6417@example.com,2026-01-24 08:32:54.064017+00:00
cust_ext_6418,Клиент 6418,+79990006418,user_6418@example.com,2026-02-02 06:44:09.059928+00:00
cust_ext_6419,Клиент 6419,+79990006419,user_6419@example.com,2026-01-29 10:26:40.356003+00:00
cust_ext_6420,Клиент 6420,+79990006420,user_6420@example.com,2026-01-19 06:57:55.239851+00:00
cust_ext_6421,Клиент 6421,+79990006421,user_6421@example.com,2026-02-09 23:50:56.106959+00:00
cust_ext_6422,Клиент 6422,+79990006422,user_6422@example.com,2026-01-12 02:13:48.284051+00:00
cust_ext_6423,Клиент 6423,+79990006423,user_6423@example.com,2026-01-27 06:52:07.052217+00:00
cust_ext_6424,Клиент 6424,+79990006424,user_6424@example.com,2026-02-13 05:43:24.448829+00:00
cust_ext_6425,Клиент 6425,+79990006425,user_6425@example.com,2026-01-04 12:09:33.616447+00:00
cust_ext_6426,Клиент 6426,+79990006426,user_6426@example.com,2026-01-27 14:43:31.240093+00:00
cust_ext_6427,Клиент 6427,+79990006427,user_6427@example.com,2026-01-19 11:55:40.831360+00:00
cust_ext_6428,Клиент 6428,+79990006428,user_6428@example.com,2026-01-01 11:23:38.101152+00:00
cust_ext_6429,Клиент 6429,+79990006429,user_6429@example.com,2026-01-06 17:33:16.413876+00:00
cust_ext_6430,Клиент 6430,+79990006430,user_6430@example.com,2026-01-31 18:37:09.205563+00:00
cust_ext_6431,Клиент 6431,+79990006431,user_6431@example.com,2026-02-13 03:55:15.528941+00:00
cust_ext_6432,Клиент 6432,+79990006432,user_6432@example.com,2026-02-05 11:58:44.487889+00:00
cust_ext_6433,Клиент 6433,+79990006433,user_6433@example.com,2026-01-29 08:39:06.532939+00:00
cust_ext_6434,Клиент 6434,+79990006434,user_6434@example.com,2026-01-14 09:39:49.699040+00:00
cust_ext_6435,Клиент 6435,+79990006435,user_6435@example.com,2026-02-02 20:30:15.754724+00:00
cust_ext_6436,Клиент 6436,+79990006436,user_6436@example.com,2026-01-15 05:00:47.085207+00:00
cust_ext_6437,Клиент 6437,+79990006437,user_6437@example.com,2026-01-21 17:19:01.859522+00:00
cust_ext_6438,Клиент 6438,+79990006438,user_6438@example.com,2026-01-30 18:22:41.580503+00:00
cust_ext_6439,Клиент 6439,+79990006439,user_6439@example.com,2026-01-02 07:19:10.527685+00:00
cust_ext_6440,Клиент 6440,+79990006440,user_6440@example.com,2026-01-21 00:51:16.799246+00:00
cust_ext_6441,Клиент 6441,+79990006441,user_6441@example.com,2026-01-13 23:08:47.880078+00:00
cust_ext_6442,Клиент 6442,+79990006442,user_6442@example.com,2026-01-29 06:02:47.958242+00:00
cust_ext_6443,Клиент 6443,+79990006443,user_6443@example.com,2026-02-12 00:39:41.361249+00:00
cust_ext_6444,Клиент 6444,+79990006444,user_6444@example.com,2026-02-01 04:04:28.291270+00:00
cust_ext_6445,Клиент 6445,+79990006445,user_6445@example.com,2026-01-22 17:35:10.197206+00:00
cust_ext_6446,Клиент 6446,+79990006446,user_6446@example.com,2026-02-06 19:52:07.814728+00:00
cust_ext_6447,Клиент 6447,+79990006447,user_6447@example.com,2026-02-03 08:25:02.225561+00:00
cust_ext_6448,Клиент 6448,+79990006448,user_6448@example.com,2026-01-05 14:41:35.784408+00:00
cust_ext_6449,Клиент 6449,+79990006449,user_6449@example.com,2026-01-19 07:01:17.828430+00:00
cust_ext_6450,Клиент 6450,+79990006450,user_6450@example.com,2026-02-12 06:24:11.307344+00:00
cust_ext_6451,Клиент 6451,+79990006451,user_6451@example.com,2026-02-12 22:04:13.633137+00:00
cust_ext_6452,Клиент 6452,+79990006452,user_6452@example.com,2026-01-10 05:06:01.750940+00:00
cust_ext_6453,Клиент 6453,+79990006453,user_6453@example.com,2026-02-10 15:03:56.026605+00:00
cust_ext_6454,Клиент 6454,+79990006454,user_6454@example.com,2026-02-01 08:19:51.668738+00:00
cust_ext_6455,Клиент 6455,+79990006455,user_6455@example.com,2026-02-08 23:44:17.938213+00:00
cust_ext_6456,Клиент 6456,+79990006456,user_6456@example.com,2026-01-30 01:24:19.249080+00:00
cust_ext_6457,Клиент 6457,+79990006457,user_6457@example.com,2026-02-10 07:34:59.443480+00:00
cust_ext_6458,Клиент 6458,+79990006458,user_6458@example.com,2026-01-14 01:27:45.129217+00:00
cust_ext_6459,Клиент 6459,+79990006459,user_6459@example.com,2026-01-14 12:46:59.111876+00:00
cust_ext_6460,Клиент 6460,+79990006460,user_6460@example.com,2026-02-01 06:55:05.746384+00:00
cust_ext_6461,Клиент 6461,+79990006461,user_6461@example.com,2026-01-14 08:43:01.545351+00:00
cust_ext_6462,Клиент 6462,+79990006462,user_6462@example.com,2026-02-10 10:36:47.801152+00:00
cust_ext_6463,Клиент 6463,+79990006463,user_6463@example.com,2026-01-26 11:36:44.940131+00:00
cust_ext_6464,Клиент 6464,+79990006464,user_6464@example.com,2026-01-01 23:08:44.549525+00:00
cust_ext_6465,Клиент 6465,+79990006465,user_6465@example.com,2026-01-17 22:16:46.020898+00:00
cust_ext_6466,Клиент 6466,+79990006466,user_6466@example.com,2026-01-31 06:43:05.031579+00:00
cust_ext_6467,Клиент 6467,+79990006467,user_6467@example.com,2026-01-08 14:42:30.150147+00:00
cust_ext_6468,Клиент 6468,+79990006468,user_6468@example.com,2026-01-10 00:25:37.267555+00:00
cust_ext_6469,Клиент 6469,+79990006469,user_6469@example.com,2026-02-14 14:56:22.322441+00:00
cust_ext_6470,Клиент 6470,+79990006470,user_6470@example.com,2026-01-18 03:23:01.214236+00:00
cust_ext_6471,Клиент 6471,+79990006471,user_6471@example.com,2026-01-24 21:47:34.359399+00:00
cust_ext_6472,Клиент 6472,+79990006472,user_6472@example.com,2026-01-20 11:19:38.283763+00:00
cust_ext_6473,Клиент 6473,+79990006473,user_6473@example.com,2026-02-04 22:29:59.121038+00:00
cust_ext_6474,Клиент 6474,+79990006474,user_6474@example.com,2026-01-16 02:43:27.108558+00:00
cust_ext_6475,Клиент 6475,+79990006475,user_6475@example.com,2026-02-14 09:17:00.177766+00:00
cust_ext_6476,Клиент 6476,+79990006476,user_6476@example.com,2026-02-10 10:19:17.698738+00:00
cust_ext_6477,Клиент 6477,+79990006477,user_6477@example.com,2026-02-02 20:47:13.175856+00:00
cust_ext_6478,Клиент 6478,+79990006478,user_6478@example.com,2026-01-02 18:07:54.203329+00:00
cust_ext_6479,Клиент 6479,+79990006479,user_6479@example.com,2026-02-05 13:13:53.003733+00:00
cust_ext_6480,Клиент 6480,+79990006480,user_6480@example.com,2026-02-02 03:37:48.882564+00:00
cust_ext_6481,Клиент 6481,+79990006481,user_6481@example.com,2026-01-27 12:50:48.553084+00:00
cust_ext_6482,Клиент 6482,+79990006482,user_6482@example.com,2026-01-12 05:21:30.636370+00:00
cust_ext_6483,Клиент 6483,+79990006483,user_6483@example.com,2026-02-06 16:27:13.310364+00:00
cust_ext_6484,Клиент 6484,+79990006484,user_6484@example.com,2026-02-11 22:11:36.330905+00:00
cust_ext_6485,Клиент 6485,+79990006485,user_6485@example.com,2026-01-01 13:29:16.487377+00:00
cust_ext_6486,Клиент 6486,+79990006486,user_6486@example.com,2026-02-13 17:46:06.500072+00:00
cust_ext_6487,Клиент 6487,+79990006487,user_6487@example.com,2026-01-26 07:44:10.012830+00:00
cust_ext_6488,Клиент 6488,+79990006488,user_6488@example.com,2026-02-14 17:08:46.230256+00:00
cust_ext_6489,Клиент 6489,+79990006489,user_6489@example.com,2026-02-11 17:23:42.409741+00:00
cust_ext_6490,Клиент 6490,+79990006490,user_6490@example.com,2026-02-04 10:32:45.064135+00:00
cust_ext_6491,Клиент 6491,+79990006491,user_6491@example.com,2026-01-05 05:49:45.083676+00:00
cust_ext_6492,Клиент 6492,+79990006492,user_6492@example.com,2026-01-26 17:47:14.364715+00:00
cust_ext_6493,Клиент 6493,+79990006493,user_6493@example.com,2026-02-14 13:30:08.482978+00:00
cust_ext_6494,Клиент 6494,+79990006494,user_6494@example.com,2026-01-07 04:04:37.863786+00:00
cust_ext_6495,Клиент 6495,+79990006495,user_6495@example.com,2026-02-03 21:07:56.380116+00:00
cust_ext_6496,Клиент 6496,+79990006496,user_6496@example.com,2026-02-13 01:25:37.567582+00:00
cust_ext_6497,Клиент 6497,+79990006497,user_6497@example.com,2026-02-06 09:56:48.916527+00:00
cust_ext_6498,Клиент 6498,+79990006498,user_6498@example.com,2026-02-09 06:20:54.164995+00:00
cust_ext_6499,Клиент 6499,+79990006499,user_6499@example.com,2026-01-09 09:32:38.999459+00:00
cust_ext_6500,Клиент 6500,+79990006500,user_6500@example.com,2026-02-02 14:16:09.787791+00:00
cust_ext_6501,Клиент 6501,+79990006501,user_6501@example.com,2026-01-27 21:05:38.527826+00:00
cust_ext_6502,Клиент 6502,+79990006502,user_6502@example.com,2026-02-09 16:44:51.533872+00:00
cust_ext_6503,Клиент 6503,+79990006503,user_6503@example.com,2026-01-08 07:29:36.734082+00:00
cust_ext_6504,Клиент 6504,+79990006504,user_6504@example.com,2026-01-13 01:19:19.961577+00:00
cust_ext_6505,Клиент 6505,+79990006505,user_6505@example.com,2026-02-09 13:46:22.279973+00:00
cust_ext_6506,Клиент 6506,+79990006506,user_6506@example.com,2026-02-07 11:45:31.301302+00:00
cust_ext_6507,Клиент 6507,+79990006507,user_6507@example.com,2026-01-05 19:46:17.637589+00:00
cust_ext_6508,Клиент 6508,+79990006508,user_6508@example.com,2026-01-28 21:46:28.212522+00:00
cust_ext_6509,Клиент 6509,+79990006509,user_6509@example.com,2026-01-02 11:54:39.537350+00:00
cust_ext_6510,Клиент 6510,+79990006510,user_6510@example.com,2026-01-01 15:43:27.666851+00:00
cust_ext_6511,Клиент 6511,+79990006511,user_6511@example.com,2026-01-09 22:18:47.403078+00:00
cust_ext_6512,Клиент 6512,+79990006512,user_6512@example.com,2026-02-08 01:11:23.372866+00:00
cust_ext_6513,Клиент 6513,+79990006513,user_6513@example.com,2026-01-13 07:24:33.649472+00:00
cust_ext_6514,Клиент 6514,+79990006514,user_6514@example.com,2026-01-01 18:11:23.451712+00:00
cust_ext_6515,Клиент 6515,+79990006515,user_6515@example.com,2026-01-19 05:14:32.612690+00:00
cust_ext_6516,Клиент 6516,+79990006516,user_6516@example.com,2026-01-09 03:33:32.018540+00:00
cust_ext_6517,Клиент 6517,+79990006517,user_6517@example.com,2026-01-04 23:37:50.701027+00:00
cust_ext_6518,Клиент 6518,+79990006518,user_6518@example.com,2026-01-15 03:14:48.686862+00:00
cust_ext_6519,Клиент 6519,+79990006519,user_6519@example.com,2026-01-10 07:21:53.218765+00:00
cust_ext_6520,Клиент 6520,+79990006520,user_6520@example.com,2026-02-01 06:52:11.505695+00:00
cust_ext_6521,Клиент 6521,+79990006521,user_6521@example.com,2026-01-07 06:21:54.112326+00:00
cust_ext_6522,Клиент 6522,+79990006522,user_6522@example.com,2026-01-21 20:38:57.637651+00:00
cust_ext_6523,Клиент 6523,+79990006523,user_6523@example.com,2026-01-14 20:34:54.053383+00:00
cust_ext_6524,Клиент 6524,+79990006524,user_6524@example.com,2026-02-01 00:34:04.334857+00:00
cust_ext_6525,Клиент 6525,+79990006525,user_6525@example.com,2026-01-25 14:49:39.865347+00:00
cust_ext_6526,Клиент 6526,+79990006526,user_6526@example.com,2026-02-03 09:42:17.903526+00:00
cust_ext_6527,Клиент 6527,+79990006527,user_6527@example.com,2026-02-08 12:23:00.617340+00:00
cust_ext_6528,Клиент 6528,+79990006528,user_6528@example.com,2026-02-11 08:46:49.192580+00:00
cust_ext_6529,Клиент 6529,+79990006529,user_6529@example.com,2026-01-21 20:47:04.300825+00:00
cust_ext_6530,Клиент 6530,+79990006530,user_6530@example.com,2026-01-19 00:39:20.109267+00:00
cust_ext_6531,Клиент 6531,+79990006531,user_6531@example.com,2026-01-27 03:12:21.675837+00:00
cust_ext_6532,Клиент 6532,+79990006532,user_6532@example.com,2026-01-19 00:09:12.207299+00:00
cust_ext_6533,Клиент 6533,+79990006533,user_6533@example.com,2026-01-25 19:20:26.168280+00:00
cust_ext_6534,Клиент 6534,+79990006534,user_6534@example.com,2026-01-30 20:51:56.737263+00:00
cust_ext_6535,Клиент 6535,+79990006535,user_6535@example.com,2026-01-01 12:11:08.290271+00:00
cust_ext_6536,Клиент 6536,+79990006536,user_6536@example.com,2026-01-04 19:08:46.192557+00:00
cust_ext_6537,Клиент 6537,+79990006537,user_6537@example.com,2026-02-11 05:54:52.062174+00:00
cust_ext_6538,Клиент 6538,+79990006538,user_6538@example.com,2026-01-10 12:39:36.117592+00:00
cust_ext_6539,Клиент 6539,+79990006539,user_6539@example.com,2026-01-05 10:22:41.283619+00:00
cust_ext_6540,Клиент 6540,+79990006540,user_6540@example.com,2026-01-27 14:49:49.531854+00:00
cust_ext_6541,Клиент 6541,+79990006541,user_6541@example.com,2026-02-09 18:31:24.924659+00:00
cust_ext_6542,Клиент 6542,+79990006542,user_6542@example.com,2026-01-12 16:05:42.507665+00:00
cust_ext_6543,Клиент 6543,+79990006543,user_6543@example.com,2026-01-19 09:54:29.004782+00:00
cust_ext_6544,Клиент 6544,+79990006544,user_6544@example.com,2026-01-28 14:28:01.822804+00:00
cust_ext_6545,Клиент 6545,+79990006545,user_6545@example.com,2026-02-11 09:09:22.786573+00:00
cust_ext_6546,Клиент 6546,+79990006546,user_6546@example.com,2026-02-07 04:45:43.890191+00:00
cust_ext_6547,Клиент 6547,+79990006547,user_6547@example.com,2026-01-28 10:29:18.753195+00:00
cust_ext_6548,Клиент 6548,+79990006548,user_6548@example.com,2026-01-09 17:21:12.893961+00:00
cust_ext_6549,Клиент 6549,+79990006549,user_6549@example.com,2026-01-06 21:52:53.736291+00:00
cust_ext_6550,Клиент 6550,+79990006550,user_6550@example.com,2026-01-09 23:03:54.233352+00:00
cust_ext_6551,Клиент 6551,+79990006551,user_6551@example.com,2026-01-29 05:28:16.987776+00:00
cust_ext_6552,Клиент 6552,+79990006552,user_6552@example.com,2026-01-10 12:58:32.487610+00:00
cust_ext_6553,Клиент 6553,+79990006553,user_6553@example.com,2026-02-03 14:31:32.591173+00:00
cust_ext_6554,Клиент 6554,+79990006554,user_6554@example.com,2026-01-12 01:44:13.743843+00:00
cust_ext_6555,Клиент 6555,+79990006555,user_6555@example.com,2026-02-04 09:25:38.889203+00:00
cust_ext_6556,Клиент 6556,+79990006556,user_6556@example.com,2026-01-28 03:48:21.939267+00:00
cust_ext_6557,Клиент 6557,+79990006557,user_6557@example.com,2026-02-04 13:35:45.517804+00:00
cust_ext_6558,Клиент 6558,+79990006558,user_6558@example.com,2026-01-04 22:55:00.435851+00:00
cust_ext_6559,Клиент 6559,+79990006559,user_6559@example.com,2026-01-20 05:01:19.859959+00:00
cust_ext_6560,Клиент 6560,+79990006560,user_6560@example.com,2026-01-23 12:57:18.153696+00:00
cust_ext_6561,Клиент 6561,+79990006561,user_6561@example.com,2026-01-05 03:00:18.459977+00:00
cust_ext_6562,Клиент 6562,+79990006562,user_6562@example.com,2026-02-14 18:17:54.312149+00:00
cust_ext_6563,Клиент 6563,+79990006563,user_6563@example.com,2026-02-03 13:30:41.328073+00:00
cust_ext_6564,Клиент 6564,+79990006564,user_6564@example.com,2026-02-08 13:24:40.303538+00:00
cust_ext_6565,Клиент 6565,+79990006565,user_6565@example.com,2026-02-04 09:20:26.419979+00:00
cust_ext_6566,Клиент 6566,+79990006566,user_6566@example.com,2026-01-11 01:19:12.073741+00:00
cust_ext_6567,Клиент 6567,+79990006567,user_6567@example.com,2026-01-03 05:13:47.401306+00:00
cust_ext_6568,Клиент 6568,+79990006568,user_6568@example.com,2026-01-12 13:57:24.659386+00:00
cust_ext_6569,Клиент 6569,+79990006569,user_6569@example.com,2026-02-11 00:04:49.635393+00:00
cust_ext_6570,Клиент 6570,+79990006570,user_6570@example.com,2026-01-22 20:22:06.848229+00:00
cust_ext_6571,Клиент 6571,+79990006571,user_6571@example.com,2026-01-07 00:47:38.411556+00:00
cust_ext_6572,Клиент 6572,+79990006572,user_6572@example.com,2026-01-31 22:25:13.405677+00:00
cust_ext_6573,Клиент 6573,+79990006573,user_6573@example.com,2026-01-04 05:35:52.556836+00:00
cust_ext_6574,Клиент 6574,+79990006574,user_6574@example.com,2026-01-21 07:05:39.880040+00:00
cust_ext_6575,Клиент 6575,+79990006575,user_6575@example.com,2026-01-16 00:52:08.548844+00:00
cust_ext_6576,Клиент 6576,+79990006576,user_6576@example.com,2026-02-09 21:09:23.815304+00:00
cust_ext_6577,Клиент 6577,+79990006577,user_6577@example.com,2026-01-11 00:39:16.896190+00:00
cust_ext_6578,Клиент 6578,+79990006578,user_6578@example.com,2026-01-02 21:24:14.334695+00:00
cust_ext_6579,Клиент 6579,+79990006579,user_6579@example.com,2026-01-17 12:22:43.571215+00:00
cust_ext_6580,Клиент 6580,+79990006580,user_6580@example.com,2026-02-10 20:06:18.790054+00:00
cust_ext_6581,Клиент 6581,+79990006581,user_6581@example.com,2026-01-17 02:51:51.524762+00:00
cust_ext_6582,Клиент 6582,+79990006582,user_6582@example.com,2026-01-06 21:54:34.250967+00:00
cust_ext_6583,Клиент 6583,+79990006583,user_6583@example.com,2026-01-13 11:23:09.779456+00:00
cust_ext_6584,Клиент 6584,+79990006584,user_6584@example.com,2026-02-09 15:24:14.232868+00:00
cust_ext_6585,Клиент 6585,+79990006585,user_6585@example.com,2026-01-02 06:29:03.154323+00:00
cust_ext_6586,Клиент 6586,+79990006586,user_6586@example.com,2026-01-22 07:38:09.526651+00:00
cust_ext_6587,Клиент 6587,+79990006587,user_6587@example.com,2026-01-12 19:56:49.422897+00:00
cust_ext_6588,Клиент 6588,+79990006588,user_6588@example.com,2026-01-10 10:29:45.857566+00:00
cust_ext_6589,Клиент 6589,+79990006589,user_6589@example.com,2026-01-18 07:25:58.335983+00:00
cust_ext_6590,Клиент 6590,+79990006590,user_6590@example.com,2026-01-29 04:15:27.141484+00:00
cust_ext_6591,Клиент 6591,+79990006591,user_6591@example.com,2026-01-22 02:56:01.202906+00:00
cust_ext_6592,Клиент 6592,+79990006592,user_6592@example.com,2026-02-02 13:43:32.081518+00:00
cust_ext_6593,Клиент 6593,+79990006593,user_6593@example.com,2026-01-16 18:29:04.092397+00:00
cust_ext_6594,Клиент 6594,+79990006594,user_6594@example.com,2026-01-06 19:01:35.963975+00:00
cust_ext_6595,Клиент 6595,+79990006595,user_6595@example.com,2026-02-11 09:00:14.852030+00:00
cust_ext_6596,Клиент 6596,+79990006596,user_6596@example.com,2026-02-08 13:06:04.394972+00:00
cust_ext_6597,Клиент 6597,+79990006597,user_6597@example.com,2026-01-25 02:38:48.533785+00:00
cust_ext_6598,Клиент 6598,+79990006598,user_6598@example.com,2026-01-12 20:47:34.959978+00:00
cust_ext_6599,Клиент 6599,+79990006599,user_6599@example.com,2026-02-14 05:30:26.521608+00:00
cust_ext_6600,Клиент 6600,+79990006600,user_6600@example.com,2026-01-22 18:09:34.873912+00:00
cust_ext_6601,Клиент 6601,+79990006601,user_6601@example.com,2026-02-02 01:19:25.756425+00:00
cust_ext_6602,Клиент 6602,+79990006602,user_6602@example.com,2026-01-11 23:47:38.105734+00:00
cust_ext_6603,Клиент 6603,+79990006603,user_6603@example.com,2026-01-30 16:04:42.113998+00:00
cust_ext_6604,Клиент 6604,+79990006604,user_6604@example.com,2026-02-02 04:48:23.519071+00:00
cust_ext_6605,Клиент 6605,+79990006605,user_6605@example.com,2026-01-29 10:38:06.940239+00:00
cust_ext_6606,Клиент 6606,+79990006606,user_6606@example.com,2026-01-30 19:40:45.450146+00:00
cust_ext_6607,Клиент 6607,+79990006607,user_6607@example.com,2026-01-08 13:06:22.624551+00:00
cust_ext_6608,Клиент 6608,+79990006608,user_6608@example.com,2026-01-23 14:42:02.160350+00:00
cust_ext_6609,Клиент 6609,+79990006609,user_6609@example.com,2026-02-03 11:56:00.463851+00:00
cust_ext_6610,Клиент 6610,+79990006610,user_6610@example.com,2026-01-09 08:16:09.077533+00:00
cust_ext_6611,Клиент 6611,+79990006611,user_6611@example.com,2026-01-11 15:06:34.628762+00:00
cust_ext_6612,Клиент 6612,+79990006612,user_6612@example.com,2026-01-16 16:48:19.033283+00:00
cust_ext_6613,Клиент 6613,+79990006613,user_6613@example.com,2026-01-27 15:25:36.096739+00:00
cust_ext_6614,Клиент 6614,+79990006614,user_6614@example.com,2026-01-26 06:34:23.641169+00:00
cust_ext_6615,Клиент 6615,+79990006615,user_6615@example.com,2026-02-12 14:11:33.698246+00:00
cust_ext_6616,Клиент 6616,+79990006616,user_6616@example.com,2026-01-09 13:40:17.971547+00:00
cust_ext_6617,Клиент 6617,+79990006617,user_6617@example.com,2026-01-08 13:28:29.137790+00:00
cust_ext_6618,Клиент 6618,+79990006618,user_6618@example.com,2026-01-12 09:12:36.984117+00:00
cust_ext_6619,Клиент 6619,+79990006619,user_6619@example.com,2026-02-07 05:01:26.739317+00:00
cust_ext_6620,Клиент 6620,+79990006620,user_6620@example.com,2026-01-03 03:04:53.752498+00:00
cust_ext_6621,Клиент 6621,+79990006621,user_6621@example.com,2026-02-11 03:02:34.359114+00:00
cust_ext_6622,Клиент 6622,+79990006622,user_6622@example.com,2026-01-14 10:00:28.390726+00:00
cust_ext_6623,Клиент 6623,+79990006623,user_6623@example.com,2026-02-11 13:54:01.020854+00:00
cust_ext_6624,Клиент 6624,+79990006624,user_6624@example.com,2026-02-09 14:41:19.275528+00:00
cust_ext_6625,Клиент 6625,+79990006625,user_6625@example.com,2026-02-10 01:13:05.242034+00:00
cust_ext_6626,Клиент 6626,+79990006626,user_6626@example.com,2026-01-08 01:33:44.246918+00:00
cust_ext_6627,Клиент 6627,+79990006627,user_6627@example.com,2026-02-14 05:51:01.412367+00:00
cust_ext_6628,Клиент 6628,+79990006628,user_6628@example.com,2026-01-23 23:49:06.671251+00:00
cust_ext_6629,Клиент 6629,+79990006629,user_6629@example.com,2026-01-28 03:28:32.003271+00:00
cust_ext_6630,Клиент 6630,+79990006630,user_6630@example.com,2026-01-29 03:28:14.351676+00:00
cust_ext_6631,Клиент 6631,+79990006631,user_6631@example.com,2026-01-24 16:06:41.165755+00:00
cust_ext_6632,Клиент 6632,+79990006632,user_6632@example.com,2026-02-13 01:52:56.950184+00:00
cust_ext_6633,Клиент 6633,+79990006633,user_6633@example.com,2026-01-09 13:26:16.524379+00:00
cust_ext_6634,Клиент 6634,+79990006634,user_6634@example.com,2026-01-21 19:32:04.494063+00:00
cust_ext_6635,Клиент 6635,+79990006635,user_6635@example.com,2026-02-04 10:47:49.170999+00:00
cust_ext_6636,Клиент 6636,+79990006636,user_6636@example.com,2026-02-10 22:00:55.676887+00:00
cust_ext_6637,Клиент 6637,+79990006637,user_6637@example.com,2026-02-13 06:37:52.333617+00:00
cust_ext_6638,Клиент 6638,+79990006638,user_6638@example.com,2026-01-21 03:58:29.092649+00:00
cust_ext_6639,Клиент 6639,+79990006639,user_6639@example.com,2026-02-11 11:24:07.836238+00:00
cust_ext_6640,Клиент 6640,+79990006640,user_6640@example.com,2026-01-04 15:26:17.476924+00:00
cust_ext_6641,Клиент 6641,+79990006641,user_6641@example.com,2026-01-04 12:07:32.354009+00:00
cust_ext_6642,Клиент 6642,+79990006642,user_6642@example.com,2026-02-06 20:06:44.622248+00:00
cust_ext_6643,Клиент 6643,+79990006643,user_6643@example.com,2026-01-19 04:47:15.992580+00:00
cust_ext_6644,Клиент 6644,+79990006644,user_6644@example.com,2026-02-14 15:41:12.379183+00:00
cust_ext_6645,Клиент 6645,+79990006645,user_6645@example.com,2026-02-11 17:35:57.831103+00:00
cust_ext_6646,Клиент 6646,+79990006646,user_6646@example.com,2026-02-09 04:58:41.529950+00:00
cust_ext_6647,Клиент 6647,+79990006647,user_6647@example.com,2026-01-06 05:19:25.725060+00:00
cust_ext_6648,Клиент 6648,+79990006648,user_6648@example.com,2026-01-27 23:07:49.874319+00:00
cust_ext_6649,Клиент 6649,+79990006649,user_6649@example.com,2026-02-13 20:36:30.081501+00:00
cust_ext_6650,Клиент 6650,+79990006650,user_6650@example.com,2026-01-30 10:42:09.700342+00:00
cust_ext_6651,Клиент 6651,+79990006651,user_6651@example.com,2026-01-04 21:13:54.874043+00:00
cust_ext_6652,Клиент 6652,+79990006652,user_6652@example.com,2026-02-03 11:22:07.834391+00:00
cust_ext_6653,Клиент 6653,+79990006653,user_6653@example.com,2026-01-18 08:20:33.972365+00:00
cust_ext_6654,Клиент 6654,+79990006654,user_6654@example.com,2026-01-01 22:59:07.970953+00:00
cust_ext_6655,Клиент 6655,+79990006655,user_6655@example.com,2026-01-15 20:48:50.324495+00:00
cust_ext_6656,Клиент 6656,+79990006656,user_6656@example.com,2026-02-14 14:53:05.659581+00:00
cust_ext_6657,Клиент 6657,+79990006657,user_6657@example.com,2026-01-14 09:07:39.179831+00:00
cust_ext_6658,Клиент 6658,+79990006658,user_6658@example.com,2026-02-09 18:52:25.500000+00:00
cust_ext_6659,Клиент 6659,+79990006659,user_6659@example.com,2026-01-08 15:38:20.993421+00:00
cust_ext_6660,Клиент 6660,+79990006660,user_6660@example.com,2026-01-18 06:39:00.221691+00:00
cust_ext_6661,Клиент 6661,+79990006661,user_6661@example.com,2026-01-21 20:51:54.388165+00:00
cust_ext_6662,Клиент 6662,+79990006662,user_6662@example.com,2026-01-07 13:57:53.123245+00:00
cust_ext_6663,Клиент 6663,+79990006663,user_6663@example.com,2026-01-30 17:41:42.558897+00:00
cust_ext_6664,Клиент 6664,+79990006664,user_6664@example.com,2026-01-09 08:54:45.401982+00:00
cust_ext_6665,Клиент 6665,+79990006665,user_6665@example.com,2026-01-30 16:37:55.711686+00:00
cust_ext_6666,Клиент 6666,+79990006666,user_6666@example.com,2026-01-13 03:56:50.831640+00:00
cust_ext_6667,Клиент 6667,+79990006667,user_6667@example.com,2026-01-04 19:36:47.907066+00:00
cust_ext_6668,Клиент 6668,+79990006668,user_6668@example.com,2026-01-28 11:57:12.095094+00:00
cust_ext_6669,Клиент 6669,+79990006669,user_6669@example.com,2026-01-18 04:21:01.373706+00:00
cust_ext_6670,Клиент 6670,+79990006670,user_6670@example.com,2026-01-04 01:19:50.096045+00:00
cust_ext_6671,Клиент 6671,+79990006671,user_6671@example.com,2026-01-14 02:30:41.902753+00:00
cust_ext_6672,Клиент 6672,+79990006672,user_6672@example.com,2026-01-16 00:19:27.222545+00:00
cust_ext_6673,Клиент 6673,+79990006673,user_6673@example.com,2026-01-25 19:57:50.280482+00:00
cust_ext_6674,Клиент 6674,+79990006674,user_6674@example.com,2026-01-23 14:41:51.679643+00:00
cust_ext_6675,Клиент 6675,+79990006675,user_6675@example.com,2026-01-19 19:05:15.261632+00:00
cust_ext_6676,Клиент 6676,+79990006676,user_6676@example.com,2026-01-06 12:47:27.131971+00:00
cust_ext_6677,Клиент 6677,+79990006677,user_6677@example.com,2026-02-10 15:53:57.128032+00:00
cust_ext_6678,Клиент 6678,+79990006678,user_6678@example.com,2026-02-12 14:26:41.376715+00:00
cust_ext_6679,Клиент 6679,+79990006679,user_6679@example.com,2026-02-07 09:17:32.243250+00:00
cust_ext_6680,Клиент 6680,+79990006680,user_6680@example.com,2026-02-13 11:21:35.066847+00:00
cust_ext_6681,Клиент 6681,+79990006681,user_6681@example.com,2026-01-16 15:40:46.733638+00:00
cust_ext_6682,Клиент 6682,+79990006682,user_6682@example.com,2026-01-15 16:07:53.171880+00:00
cust_ext_6683,Клиент 6683,+79990006683,user_6683@example.com,2026-01-09 09:36:45.730073+00:00
cust_ext_6684,Клиент 6684,+79990006684,user_6684@example.com,2026-01-26 04:24:39.650563+00:00
cust_ext_6685,Клиент 6685,+79990006685,user_6685@example.com,2026-01-05 01:33:29.485613+00:00
cust_ext_6686,Клиент 6686,+79990006686,user_6686@example.com,2026-01-19 13:37:20.945307+00:00
cust_ext_6687,Клиент 6687,+79990006687,user_6687@example.com,2026-01-03 08:55:42.604677+00:00
cust_ext_6688,Клиент 6688,+79990006688,user_6688@example.com,2026-01-03 01:53:11.107023+00:00
cust_ext_6689,Клиент 6689,+79990006689,user_6689@example.com,2026-01-25 21:44:34.005165+00:00
cust_ext_6690,Клиент 6690,+79990006690,user_6690@example.com,2026-01-12 15:54:26.608156+00:00
cust_ext_6691,Клиент 6691,+79990006691,user_6691@example.com,2026-02-12 08:10:43.877930+00:00
cust_ext_6692,Клиент 6692,+79990006692,user_6692@example.com,2026-02-06 10:35:12.473836+00:00
cust_ext_6693,Клиент 6693,+79990006693,user_6693@example.com,2026-01-01 23:42:53.663497+00:00
cust_ext_6694,Клиент 6694,+79990006694,user_6694@example.com,2026-01-28 10:06:50.999402+00:00
cust_ext_6695,Клиент 6695,+79990006695,user_6695@example.com,2026-01-22 01:54:06.461401+00:00
cust_ext_6696,Клиент 6696,+79990006696,user_6696@example.com,2026-01-30 08:04:25.394894+00:00
cust_ext_6697,Клиент 6697,+79990006697,user_6697@example.com,2026-01-02 04:39:42.763847+00:00
cust_ext_6698,Клиент 6698,+79990006698,user_6698@example.com,2026-02-10 13:47:04.577327+00:00
cust_ext_6699,Клиент 6699,+79990006699,user_6699@example.com,2026-01-16 12:04:40.555433+00:00
cust_ext_6700,Клиент 6700,+79990006700,user_6700@example.com,2026-01-06 04:09:05.379115+00:00
cust_ext_6701,Клиент 6701,+79990006701,user_6701@example.com,2026-01-15 23:39:41.023074+00:00
cust_ext_6702,Клиент 6702,+79990006702,user_6702@example.com,2026-01-27 05:22:43.153262+00:00
cust_ext_6703,Клиент 6703,+79990006703,user_6703@example.com,2026-01-20 18:24:02.030405+00:00
cust_ext_6704,Клиент 6704,+79990006704,user_6704@example.com,2026-01-21 21:04:32.897715+00:00
cust_ext_6705,Клиент 6705,+79990006705,user_6705@example.com,2026-01-04 01:48:35.541746+00:00
cust_ext_6706,Клиент 6706,+79990006706,user_6706@example.com,2026-02-06 22:14:25.438017+00:00
cust_ext_6707,Клиент 6707,+79990006707,user_6707@example.com,2026-01-21 14:07:16.013231+00:00
cust_ext_6708,Клиент 6708,+79990006708,user_6708@example.com,2026-02-07 15:56:53.597649+00:00
cust_ext_6709,Клиент 6709,+79990006709,user_6709@example.com,2026-01-07 03:05:37.295405+00:00
cust_ext_6710,Клиент 6710,+79990006710,user_6710@example.com,2026-02-11 14:29:08.743093+00:00
cust_ext_6711,Клиент 6711,+79990006711,user_6711@example.com,2026-02-11 06:00:24.143641+00:00
cust_ext_6712,Клиент 6712,+79990006712,user_6712@example.com,2026-01-02 02:47:48.700732+00:00
cust_ext_6713,Клиент 6713,+79990006713,user_6713@example.com,2026-02-04 21:01:20.431726+00:00
cust_ext_6714,Клиент 6714,+79990006714,user_6714@example.com,2026-01-18 14:24:28.882057+00:00
cust_ext_6715,Клиент 6715,+79990006715,user_6715@example.com,2026-01-29 04:44:38.459757+00:00
cust_ext_6716,Клиент 6716,+79990006716,user_6716@example.com,2026-02-08 15:21:53.209797+00:00
cust_ext_6717,Клиент 6717,+79990006717,user_6717@example.com,2026-02-03 19:43:45.386782+00:00
cust_ext_6718,Клиент 6718,+79990006718,user_6718@example.com,2026-01-27 18:00:19.350676+00:00
cust_ext_6719,Клиент 6719,+79990006719,user_6719@example.com,2026-01-06 03:17:42.564236+00:00
cust_ext_6720,Клиент 6720,+79990006720,user_6720@example.com,2026-01-09 19:17:50.472076+00:00
cust_ext_6721,Клиент 6721,+79990006721,user_6721@example.com,2026-02-10 14:15:14.792079+00:00
cust_ext_6722,Клиент 6722,+79990006722,user_6722@example.com,2026-02-13 11:37:45.787641+00:00
cust_ext_6723,Клиент 6723,+79990006723,user_6723@example.com,2026-01-27 01:25:38.175544+00:00
cust_ext_6724,Клиент 6724,+79990006724,user_6724@example.com,2026-01-18 23:21:12.686832+00:00
cust_ext_6725,Клиент 6725,+79990006725,user_6725@example.com,2026-01-09 03:40:13.662556+00:00
cust_ext_6726,Клиент 6726,+79990006726,user_6726@example.com,2026-01-12 12:46:34.409396+00:00
cust_ext_6727,Клиент 6727,+79990006727,user_6727@example.com,2026-02-10 00:16:56.072829+00:00
cust_ext_6728,Клиент 6728,+79990006728,user_6728@example.com,2026-02-14 12:23:50.148100+00:00
cust_ext_6729,Клиент 6729,+79990006729,user_6729@example.com,2026-02-10 11:22:35.214023+00:00
cust_ext_6730,Клиент 6730,+79990006730,user_6730@example.com,2026-01-20 20:17:26.340131+00:00
cust_ext_6731,Клиент 6731,+79990006731,user_6731@example.com,2026-01-03 01:19:48.336800+00:00
cust_ext_6732,Клиент 6732,+79990006732,user_6732@example.com,2026-01-05 21:45:29.704555+00:00
cust_ext_6733,Клиент 6733,+79990006733,user_6733@example.com,2026-02-02 23:57:52.393399+00:00
cust_ext_6734,Клиент 6734,+79990006734,user_6734@example.com,2026-01-29 11:25:10.775028+00:00
cust_ext_6735,Клиент 6735,+79990006735,user_6735@example.com,2026-02-07 23:01:51.407134+00:00
cust_ext_6736,Клиент 6736,+79990006736,user_6736@example.com,2026-01-09 02:56:15.876665+00:00
cust_ext_6737,Клиент 6737,+79990006737,user_6737@example.com,2026-01-03 09:28:08.426308+00:00
cust_ext_6738,Клиент 6738,+79990006738,user_6738@example.com,2026-02-11 10:49:38.990251+00:00
cust_ext_6739,Клиент 6739,+79990006739,user_6739@example.com,2026-01-15 23:47:57.270726+00:00
cust_ext_6740,Клиент 6740,+79990006740,user_6740@example.com,2026-02-01 22:45:22.927104+00:00
cust_ext_6741,Клиент 6741,+79990006741,user_6741@example.com,2026-02-01 02:39:45.406507+00:00
cust_ext_6742,Клиент 6742,+79990006742,user_6742@example.com,2026-02-01 11:53:40.914758+00:00
cust_ext_6743,Клиент 6743,+79990006743,user_6743@example.com,2026-01-09 16:09:11.964984+00:00
cust_ext_6744,Клиент 6744,+79990006744,user_6744@example.com,2026-02-13 09:13:38.412419+00:00
cust_ext_6745,Клиент 6745,+79990006745,user_6745@example.com,2026-02-09 00:46:35.205493+00:00
cust_ext_6746,Клиент 6746,+79990006746,user_6746@example.com,2026-01-18 18:43:54.947820+00:00
cust_ext_6747,Клиент 6747,+79990006747,user_6747@example.com,2026-02-02 04:55:10.471493+00:00
cust_ext_6748,Клиент 6748,+79990006748,user_6748@example.com,2026-01-03 20:35:57.391874+00:00
cust_ext_6749,Клиент 6749,+79990006749,user_6749@example.com,2026-01-01 19:55:58.523193+00:00
cust_ext_6750,Клиент 6750,+79990006750,user_6750@example.com,2026-01-09 06:51:41.036784+00:00
cust_ext_6751,Клиент 6751,+79990006751,user_6751@example.com,2026-01-11 18:32:05.215615+00:00
cust_ext_6752,Клиент 6752,+79990006752,user_6752@example.com,2026-01-17 18:18:16.605441+00:00
cust_ext_6753,Клиент 6753,+79990006753,user_6753@example.com,2026-01-05 09:57:36.639165+00:00
cust_ext_6754,Клиент 6754,+79990006754,user_6754@example.com,2026-02-12 19:07:53.245241+00:00
cust_ext_6755,Клиент 6755,+79990006755,user_6755@example.com,2026-02-07 18:29:10.552353+00:00
cust_ext_6756,Клиент 6756,+79990006756,user_6756@example.com,2026-01-17 06:22:26.744086+00:00
cust_ext_6757,Клиент 6757,+79990006757,user_6757@example.com,2026-02-07 04:56:28.208276+00:00
cust_ext_6758,Клиент 6758,+79990006758,user_6758@example.com,2026-01-09 19:56:37.902618+00:00
cust_ext_6759,Клиент 6759,+79990006759,user_6759@example.com,2026-02-07 00:36:01.452624+00:00
cust_ext_6760,Клиент 6760,+79990006760,user_6760@example.com,2026-01-19 20:12:19.044107+00:00
cust_ext_6761,Клиент 6761,+79990006761,user_6761@example.com,2026-01-05 02:13:40.035193+00:00
cust_ext_6762,Клиент 6762,+79990006762,user_6762@example.com,2026-02-09 13:53:17.261993+00:00
cust_ext_6763,Клиент 6763,+79990006763,user_6763@example.com,2026-02-14 16:43:27.437460+00:00
cust_ext_6764,Клиент 6764,+79990006764,user_6764@example.com,2026-01-04 14:19:15.303962+00:00
cust_ext_6765,Клиент 6765,+79990006765,user_6765@example.com,2026-02-03 15:37:12.139514+00:00
cust_ext_6766,Клиент 6766,+79990006766,user_6766@example.com,2026-01-02 19:07:39.001264+00:00
cust_ext_6767,Клиент 6767,+79990006767,user_6767@example.com,2026-01-28 08:36:35.282999+00:00
cust_ext_6768,Клиент 6768,+79990006768,user_6768@example.com,2026-01-09 16:05:34.381100+00:00
cust_ext_6769,Клиент 6769,+79990006769,user_6769@example.com,2026-02-02 05:57:58.223727+00:00
cust_ext_6770,Клиент 6770,+79990006770,user_6770@example.com,2026-01-22 01:58:59.330346+00:00
cust_ext_6771,Клиент 6771,+79990006771,user_6771@example.com,2026-02-06 09:29:36.524928+00:00
cust_ext_6772,Клиент 6772,+79990006772,user_6772@example.com,2026-02-06 22:32:45.021654+00:00
cust_ext_6773,Клиент 6773,+79990006773,user_6773@example.com,2026-01-14 21:43:41.110920+00:00
cust_ext_6774,Клиент 6774,+79990006774,user_6774@example.com,2026-02-12 07:29:36.017310+00:00
cust_ext_6775,Клиент 6775,+79990006775,user_6775@example.com,2026-01-20 10:37:30.384644+00:00
cust_ext_6776,Клиент 6776,+79990006776,user_6776@example.com,2026-01-16 09:04:06.001335+00:00
cust_ext_6777,Клиент 6777,+79990006777,user_6777@example.com,2026-02-05 05:46:36.704516+00:00
cust_ext_6778,Клиент 6778,+79990006778,user_6778@example.com,2026-01-20 19:23:41.134402+00:00
cust_ext_6779,Клиент 6779,+79990006779,user_6779@example.com,2026-01-20 18:56:55.793314+00:00
cust_ext_6780,Клиент 6780,+79990006780,user_6780@example.com,2026-02-02 21:43:16.334149+00:00
cust_ext_6781,Клиент 6781,+79990006781,user_6781@example.com,2026-01-20 07:11:27.312068+00:00
cust_ext_6782,Клиент 6782,+79990006782,user_6782@example.com,2026-01-10 18:28:07.469829+00:00
cust_ext_6783,Клиент 6783,+79990006783,user_6783@example.com,2026-01-30 16:10:49.196502+00:00
cust_ext_6784,Клиент 6784,+79990006784,user_6784@example.com,2026-02-11 23:29:43.598540+00:00
cust_ext_6785,Клиент 6785,+79990006785,user_6785@example.com,2026-01-21 19:37:06.269555+00:00
cust_ext_6786,Клиент 6786,+79990006786,user_6786@example.com,2026-01-26 12:46:15.493660+00:00
cust_ext_6787,Клиент 6787,+79990006787,user_6787@example.com,2026-01-07 22:32:36.839275+00:00
cust_ext_6788,Клиент 6788,+79990006788,user_6788@example.com,2026-02-04 03:35:23.048618+00:00
cust_ext_6789,Клиент 6789,+79990006789,user_6789@example.com,2026-01-25 01:31:06.706389+00:00
cust_ext_6790,Клиент 6790,+79990006790,user_6790@example.com,2026-01-22 07:30:22.515967+00:00
cust_ext_6791,Клиент 6791,+79990006791,user_6791@example.com,2026-01-04 14:47:01.629639+00:00
cust_ext_6792,Клиент 6792,+79990006792,user_6792@example.com,2026-01-25 12:33:33.553349+00:00
cust_ext_6793,Клиент 6793,+79990006793,user_6793@example.com,2026-01-30 00:57:43.071060+00:00
cust_ext_6794,Клиент 6794,+79990006794,user_6794@example.com,2026-01-28 21:08:34.491883+00:00
cust_ext_6795,Клиент 6795,+79990006795,user_6795@example.com,2026-02-11 02:26:35.564412+00:00
cust_ext_6796,Клиент 6796,+79990006796,user_6796@example.com,2026-01-13 03:14:54.040031+00:00
cust_ext_6797,Клиент 6797,+79990006797,user_6797@example.com,2026-02-02 08:25:43.772714+00:00
cust_ext_6798,Клиент 6798,+79990006798,user_6798@example.com,2026-01-07 13:30:48.376657+00:00
cust_ext_6799,Клиент 6799,+79990006799,user_6799@example.com,2026-02-13 12:27:11.680642+00:00
cust_ext_6800,Клиент 6800,+79990006800,user_6800@example.com,2026-01-13 04:41:42.497389+00:00
cust_ext_6801,Клиент 6801,+79990006801,user_6801@example.com,2026-01-21 17:00:43.023192+00:00
cust_ext_6802,Клиент 6802,+79990006802,user_6802@example.com,2026-01-09 03:53:46.147359+00:00
cust_ext_6803,Клиент 6803,+79990006803,user_6803@example.com,2026-01-03 00:45:38.660985+00:00
cust_ext_6804,Клиент 6804,+79990006804,user_6804@example.com,2026-01-28 08:55:31.335200+00:00
cust_ext_6805,Клиент 6805,+79990006805,user_6805@example.com,2026-02-06 11:09:04.853356+00:00
cust_ext_6806,Клиент 6806,+79990006806,user_6806@example.com,2026-01-07 03:18:45.038332+00:00
cust_ext_6807,Клиент 6807,+79990006807,user_6807@example.com,2026-02-01 19:36:47.690534+00:00
cust_ext_6808,Клиент 6808,+79990006808,user_6808@example.com,2026-02-09 05:33:31.263112+00:00
cust_ext_6809,Клиент 6809,+79990006809,user_6809@example.com,2026-02-07 01:30:22.066189+00:00
cust_ext_6810,Клиент 6810,+79990006810,user_6810@example.com,2026-02-03 10:48:55.352064+00:00
cust_ext_6811,Клиент 6811,+79990006811,user_6811@example.com,2026-01-27 10:59:54.687220+00:00
cust_ext_6812,Клиент 6812,+79990006812,user_6812@example.com,2026-01-04 12:33:25.836245+00:00
cust_ext_6813,Клиент 6813,+79990006813,user_6813@example.com,2026-01-23 19:11:24.178133+00:00
cust_ext_6814,Клиент 6814,+79990006814,user_6814@example.com,2026-01-03 02:54:45.007393+00:00
cust_ext_6815,Клиент 6815,+79990006815,user_6815@example.com,2026-01-01 19:45:26.660733+00:00
cust_ext_6816,Клиент 6816,+79990006816,user_6816@example.com,2026-01-05 03:41:45.836559+00:00
cust_ext_6817,Клиент 6817,+79990006817,user_6817@example.com,2026-01-24 18:45:07.143658+00:00
cust_ext_6818,Клиент 6818,+79990006818,user_6818@example.com,2026-02-10 18:19:28.532184+00:00
cust_ext_6819,Клиент 6819,+79990006819,user_6819@example.com,2026-02-03 09:42:24.234048+00:00
cust_ext_6820,Клиент 6820,+79990006820,user_6820@example.com,2026-02-03 17:32:43.582355+00:00
cust_ext_6821,Клиент 6821,+79990006821,user_6821@example.com,2026-01-11 05:35:46.067239+00:00
cust_ext_6822,Клиент 6822,+79990006822,user_6822@example.com,2026-01-23 14:45:18.151965+00:00
cust_ext_6823,Клиент 6823,+79990006823,user_6823@example.com,2026-01-04 11:23:21.234848+00:00
cust_ext_6824,Клиент 6824,+79990006824,user_6824@example.com,2026-02-02 04:54:34.252680+00:00
cust_ext_6825,Клиент 6825,+79990006825,user_6825@example.com,2026-01-24 17:01:55.732884+00:00
cust_ext_6826,Клиент 6826,+79990006826,user_6826@example.com,2026-01-14 17:59:34.789450+00:00
cust_ext_6827,Клиент 6827,+79990006827,user_6827@example.com,2026-01-21 22:41:33.740421+00:00
cust_ext_6828,Клиент 6828,+79990006828,user_6828@example.com,2026-01-01 20:16:52.834942+00:00
cust_ext_6829,Клиент 6829,+79990006829,user_6829@example.com,2026-01-16 18:17:00.018964+00:00
cust_ext_6830,Клиент 6830,+79990006830,user_6830@example.com,2026-01-03 11:40:45.966597+00:00
cust_ext_6831,Клиент 6831,+79990006831,user_6831@example.com,2026-02-13 14:06:34.264373+00:00
cust_ext_6832,Клиент 6832,+79990006832,user_6832@example.com,2026-01-01 15:01:27.989098+00:00
cust_ext_6833,Клиент 6833,+79990006833,user_6833@example.com,2026-01-28 20:10:29.253279+00:00
cust_ext_6834,Клиент 6834,+79990006834,user_6834@example.com,2026-01-06 15:31:39.862193+00:00
cust_ext_6835,Клиент 6835,+79990006835,user_6835@example.com,2026-01-19 08:56:04.517653+00:00
cust_ext_6836,Клиент 6836,+79990006836,user_6836@example.com,2026-02-03 05:41:02.104046+00:00
cust_ext_6837,Клиент 6837,+79990006837,user_6837@example.com,2026-02-06 17:22:43.550537+00:00
cust_ext_6838,Клиент 6838,+79990006838,user_6838@example.com,2026-01-05 12:20:32.650024+00:00
cust_ext_6839,Клиент 6839,+79990006839,user_6839@example.com,2026-02-07 00:08:17.948717+00:00
cust_ext_6840,Клиент 6840,+79990006840,user_6840@example.com,2026-01-19 05:50:37.311130+00:00
cust_ext_6841,Клиент 6841,+79990006841,user_6841@example.com,2026-01-21 05:01:39.304896+00:00
cust_ext_6842,Клиент 6842,+79990006842,user_6842@example.com,2026-01-26 13:55:03.228418+00:00
cust_ext_6843,Клиент 6843,+79990006843,user_6843@example.com,2026-01-08 18:55:16.999911+00:00
cust_ext_6844,Клиент 6844,+79990006844,user_6844@example.com,2026-01-10 13:13:57.881226+00:00
cust_ext_6845,Клиент 6845,+79990006845,user_6845@example.com,2026-02-14 14:33:09.606419+00:00
cust_ext_6846,Клиент 6846,+79990006846,user_6846@example.com,2026-01-27 07:40:03.516036+00:00
cust_ext_6847,Клиент 6847,+79990006847,user_6847@example.com,2026-01-12 20:17:45.964880+00:00
cust_ext_6848,Клиент 6848,+79990006848,user_6848@example.com,2026-01-02 14:35:40.147868+00:00
cust_ext_6849,Клиент 6849,+79990006849,user_6849@example.com,2026-01-02 03:26:19.560744+00:00
cust_ext_6850,Клиент 6850,+79990006850,user_6850@example.com,2026-02-01 23:24:56.424853+00:00
cust_ext_6851,Клиент 6851,+79990006851,user_6851@example.com,2026-01-27 16:01:11.384206+00:00
cust_ext_6852,Клиент 6852,+79990006852,user_6852@example.com,2026-01-15 19:51:23.007489+00:00
cust_ext_6853,Клиент 6853,+79990006853,user_6853@example.com,2026-01-19 15:24:20.574033+00:00
cust_ext_6854,Клиент 6854,+79990006854,user_6854@example.com,2026-01-09 17:04:06.160112+00:00
cust_ext_6855,Клиент 6855,+79990006855,user_6855@example.com,2026-01-01 13:44:31.011536+00:00
cust_ext_6856,Клиент 6856,+79990006856,user_6856@example.com,2026-01-20 03:08:01.851363+00:00
cust_ext_6857,Клиент 6857,+79990006857,user_6857@example.com,2026-01-31 03:45:08.123211+00:00
cust_ext_6858,Клиент 6858,+79990006858,user_6858@example.com,2026-02-11 07:00:05.426725+00:00
cust_ext_6859,Клиент 6859,+79990006859,user_6859@example.com,2026-02-05 17:57:03.831791+00:00
cust_ext_6860,Клиент 6860,+79990006860,user_6860@example.com,2026-01-24 16:15:59.673326+00:00
cust_ext_6861,Клиент 6861,+79990006861,user_6861@example.com,2026-01-19 05:42:15.508483+00:00
cust_ext_6862,Клиент 6862,+79990006862,user_6862@example.com,2026-02-04 18:12:07.286016+00:00
cust_ext_6863,Клиент 6863,+79990006863,user_6863@example.com,2026-01-08 06:04:13.679694+00:00
cust_ext_6864,Клиент 6864,+79990006864,user_6864@example.com,2026-01-09 14:13:08.191737+00:00
cust_ext_6865,Клиент 6865,+79990006865,user_6865@example.com,2026-01-08 17:06:54.632908+00:00
cust_ext_6866,Клиент 6866,+79990006866,user_6866@example.com,2026-02-07 14:01:49.359949+00:00
cust_ext_6867,Клиент 6867,+79990006867,user_6867@example.com,2026-01-06 20:09:23.424959+00:00
cust_ext_6868,Клиент 6868,+79990006868,user_6868@example.com,2026-01-19 19:08:37.877261+00:00
cust_ext_6869,Клиент 6869,+79990006869,user_6869@example.com,2026-02-06 01:19:04.462991+00:00
cust_ext_6870,Клиент 6870,+79990006870,user_6870@example.com,2026-01-30 04:10:14.647192+00:00
cust_ext_6871,Клиент 6871,+79990006871,user_6871@example.com,2026-02-10 11:37:41.122766+00:00
cust_ext_6872,Клиент 6872,+79990006872,user_6872@example.com,2026-01-21 01:12:35.083301+00:00
cust_ext_6873,Клиент 6873,+79990006873,user_6873@example.com,2026-02-03 08:44:02.777116+00:00
cust_ext_6874,Клиент 6874,+79990006874,user_6874@example.com,2026-01-21 19:29:49.491935+00:00
cust_ext_6875,Клиент 6875,+79990006875,user_6875@example.com,2026-01-08 02:07:25.761015+00:00
cust_ext_6876,Клиент 6876,+79990006876,user_6876@example.com,2026-02-05 23:27:16.689127+00:00
cust_ext_6877,Клиент 6877,+79990006877,user_6877@example.com,2026-01-11 07:56:32.258024+00:00
cust_ext_6878,Клиент 6878,+79990006878,user_6878@example.com,2026-01-28 21:05:45.037687+00:00
cust_ext_6879,Клиент 6879,+79990006879,user_6879@example.com,2026-01-10 02:47:08.432653+00:00
cust_ext_6880,Клиент 6880,+79990006880,user_6880@example.com,2026-01-05 09:25:55.637824+00:00
cust_ext_6881,Клиент 6881,+79990006881,user_6881@example.com,2026-01-24 18:08:37.675872+00:00
cust_ext_6882,Клиент 6882,+79990006882,user_6882@example.com,2026-02-06 05:26:22.183377+00:00
cust_ext_6883,Клиент 6883,+79990006883,user_6883@example.com,2026-02-03 01:50:22.156385+00:00
cust_ext_6884,Клиент 6884,+79990006884,user_6884@example.com,2026-02-10 16:47:38.015229+00:00
cust_ext_6885,Клиент 6885,+79990006885,user_6885@example.com,2026-01-18 07:51:01.817112+00:00
cust_ext_6886,Клиент 6886,+79990006886,user_6886@example.com,2026-02-06 03:02:27.913678+00:00
cust_ext_6887,Клиент 6887,+79990006887,user_6887@example.com,2026-01-13 03:47:58.304613+00:00
cust_ext_6888,Клиент 6888,+79990006888,user_6888@example.com,2026-01-19 00:23:11.858085+00:00
cust_ext_6889,Клиент 6889,+79990006889,user_6889@example.com,2026-01-02 00:48:44.488329+00:00
cust_ext_6890,Клиент 6890,+79990006890,user_6890@example.com,2026-01-29 14:09:15.433641+00:00
cust_ext_6891,Клиент 6891,+79990006891,user_6891@example.com,2026-01-11 18:33:18.027915+00:00
cust_ext_6892,Клиент 6892,+79990006892,user_6892@example.com,2026-02-04 06:40:00.210283+00:00
cust_ext_6893,Клиент 6893,+79990006893,user_6893@example.com,2026-01-24 03:29:53.447871+00:00
cust_ext_6894,Клиент 6894,+79990006894,user_6894@example.com,2026-01-05 11:06:03.203924+00:00
cust_ext_6895,Клиент 6895,+79990006895,user_6895@example.com,2026-01-09 10:20:31.173915+00:00
cust_ext_6896,Клиент 6896,+79990006896,user_6896@example.com,2026-02-09 22:26:05.658796+00:00
cust_ext_6897,Клиент 6897,+79990006897,user_6897@example.com,2026-02-14 04:44:39.740906+00:00
cust_ext_6898,Клиент 6898,+79990006898,user_6898@example.com,2026-01-07 08:52:59.301822+00:00
cust_ext_6899,Клиент 6899,+79990006899,user_6899@example.com,2026-01-02 18:02:07.105227+00:00
cust_ext_6900,Клиент 6900,+79990006900,user_6900@example.com,2026-02-02 02:09:25.880808+00:00
cust_ext_6901,Клиент 6901,+79990006901,user_6901@example.com,2026-01-22 22:47:38.733931+00:00
cust_ext_6902,Клиент 6902,+79990006902,user_6902@example.com,2026-01-21 06:06:20.001403+00:00
cust_ext_6903,Клиент 6903,+79990006903,user_6903@example.com,2026-02-01 04:45:43.986755+00:00
cust_ext_6904,Клиент 6904,+79990006904,user_6904@example.com,2026-01-19 02:21:11.805079+00:00
cust_ext_6905,Клиент 6905,+79990006905,user_6905@example.com,2026-02-11 04:33:04.008674+00:00
cust_ext_6906,Клиент 6906,+79990006906,user_6906@example.com,2026-02-13 09:53:00.679814+00:00
cust_ext_6907,Клиент 6907,+79990006907,user_6907@example.com,2026-01-28 21:18:26.857830+00:00
cust_ext_6908,Клиент 6908,+79990006908,user_6908@example.com,2026-01-09 23:32:24.773149+00:00
cust_ext_6909,Клиент 6909,+79990006909,user_6909@example.com,2026-01-04 16:04:53.205129+00:00
cust_ext_6910,Клиент 6910,+79990006910,user_6910@example.com,2026-01-13 08:07:33.942238+00:00
cust_ext_6911,Клиент 6911,+79990006911,user_6911@example.com,2026-01-23 00:19:58.875938+00:00
cust_ext_6912,Клиент 6912,+79990006912,user_6912@example.com,2026-01-20 00:29:13.704725+00:00
cust_ext_6913,Клиент 6913,+79990006913,user_6913@example.com,2026-01-22 12:09:54.780833+00:00
cust_ext_6914,Клиент 6914,+79990006914,user_6914@example.com,2026-02-07 05:22:14.941155+00:00
cust_ext_6915,Клиент 6915,+79990006915,user_6915@example.com,2026-02-09 19:13:07.599497+00:00
cust_ext_6916,Клиент 6916,+79990006916,user_6916@example.com,2026-01-06 07:44:13.221801+00:00
cust_ext_6917,Клиент 6917,+79990006917,user_6917@example.com,2026-02-06 21:54:24.954214+00:00
cust_ext_6918,Клиент 6918,+79990006918,user_6918@example.com,2026-02-10 02:45:09.793141+00:00
cust_ext_6919,Клиент 6919,+79990006919,user_6919@example.com,2026-01-01 04:49:55.069853+00:00
cust_ext_6920,Клиент 6920,+79990006920,user_6920@example.com,2026-01-13 17:47:17.995825+00:00
cust_ext_6921,Клиент 6921,+79990006921,user_6921@example.com,2026-01-31 18:05:42.096018+00:00
cust_ext_6922,Клиент 6922,+79990006922,user_6922@example.com,2026-02-14 19:44:04.196420+00:00
cust_ext_6923,Клиент 6923,+79990006923,user_6923@example.com,2026-01-05 12:43:11.050812+00:00
cust_ext_6924,Клиент 6924,+79990006924,user_6924@example.com,2026-01-18 03:34:09.531080+00:00
cust_ext_6925,Клиент 6925,+79990006925,user_6925@example.com,2026-01-15 03:19:32.671148+00:00
cust_ext_6926,Клиент 6926,+79990006926,user_6926@example.com,2026-01-06 22:02:02.105079+00:00
cust_ext_6927,Клиент 6927,+79990006927,user_6927@example.com,2026-01-10 14:51:15.301474+00:00
cust_ext_6928,Клиент 6928,+79990006928,user_6928@example.com,2026-01-30 08:44:04.149174+00:00
cust_ext_6929,Клиент 6929,+79990006929,user_6929@example.com,2026-01-09 00:31:50.755464+00:00
cust_ext_6930,Клиент 6930,+79990006930,user_6930@example.com,2026-02-02 23:06:44.686433+00:00
cust_ext_6931,Клиент 6931,+79990006931,user_6931@example.com,2026-01-04 14:19:57.658403+00:00
cust_ext_6932,Клиент 6932,+79990006932,user_6932@example.com,2026-01-20 06:46:13.379518+00:00
cust_ext_6933,Клиент 6933,+79990006933,user_6933@example.com,2026-01-26 06:50:10.076946+00:00
cust_ext_6934,Клиент 6934,+79990006934,user_6934@example.com,2026-01-14 22:18:34.496974+00:00
cust_ext_6935,Клиент 6935,+79990006935,user_6935@example.com,2026-02-06 13:27:39.472449+00:00
cust_ext_6936,Клиент 6936,+79990006936,user_6936@example.com,2026-01-22 03:55:31.160620+00:00
cust_ext_6937,Клиент 6937,+79990006937,user_6937@example.com,2026-01-10 15:13:09.607397+00:00
cust_ext_6938,Клиент 6938,+79990006938,user_6938@example.com,2026-01-09 11:30:17.721198+00:00
cust_ext_6939,Клиент 6939,+79990006939,user_6939@example.com,2026-01-17 04:58:55.394504+00:00
cust_ext_6940,Клиент 6940,+79990006940,user_6940@example.com,2026-01-16 11:21:09.156104+00:00
cust_ext_6941,Клиент 6941,+79990006941,user_6941@example.com,2026-01-28 22:45:02.755118+00:00
cust_ext_6942,Клиент 6942,+79990006942,user_6942@example.com,2026-01-12 09:13:30.619853+00:00
cust_ext_6943,Клиент 6943,+79990006943,user_6943@example.com,2026-01-02 13:32:05.368875+00:00
cust_ext_6944,Клиент 6944,+79990006944,user_6944@example.com,2026-01-07 23:52:55.706796+00:00
cust_ext_6945,Клиент 6945,+79990006945,user_6945@example.com,2026-02-02 02:48:11.139969+00:00
cust_ext_6946,Клиент 6946,+79990006946,user_6946@example.com,2026-01-22 21:46:16.809299+00:00
cust_ext_6947,Клиент 6947,+79990006947,user_6947@example.com,2026-01-21 15:41:24.691095+00:00
cust_ext_6948,Клиент 6948,+79990006948,user_6948@example.com,2026-02-14 16:18:49.740486+00:00
cust_ext_6949,Клиент 6949,+79990006949,user_6949@example.com,2026-01-22 21:32:21.460932+00:00
cust_ext_6950,Клиент 6950,+79990006950,user_6950@example.com,2026-02-03 10:18:29.455278+00:00
cust_ext_6951,Клиент 6951,+79990006951,user_6951@example.com,2026-01-09 15:27:58.505604+00:00
cust_ext_6952,Клиент 6952,+79990006952,user_6952@example.com,2026-01-02 17:34:19.368344+00:00
cust_ext_6953,Клиент 6953,+79990006953,user_6953@example.com,2026-02-13 07:01:59.205180+00:00
cust_ext_6954,Клиент 6954,+79990006954,user_6954@example.com,2026-01-05 17:19:31.341343+00:00
cust_ext_6955,Клиент 6955,+79990006955,user_6955@example.com,2026-01-03 03:10:53.063361+00:00
cust_ext_6956,Клиент 6956,+79990006956,user_6956@example.com,2026-02-09 12:54:11.519032+00:00
cust_ext_6957,Клиент 6957,+79990006957,user_6957@example.com,2026-01-19 16:19:06.127468+00:00
cust_ext_6958,Клиент 6958,+79990006958,user_6958@example.com,2026-01-21 17:50:57.861380+00:00
cust_ext_6959,Клиент 6959,+79990006959,user_6959@example.com,2026-02-04 15:55:19.247726+00:00
cust_ext_6960,Клиент 6960,+79990006960,user_6960@example.com,2026-02-06 03:40:25.150271+00:00
cust_ext_6961,Клиент 6961,+79990006961,user_6961@example.com,2026-02-05 22:40:16.148030+00:00
cust_ext_6962,Клиент 6962,+79990006962,user_6962@example.com,2026-01-14 23:52:32.697101+00:00
cust_ext_6963,Клиент 6963,+79990006963,user_6963@example.com,2026-01-20 01:21:23.931636+00:00
cust_ext_6964,Клиент 6964,+79990006964,user_6964@example.com,2026-01-22 06:05:26.719300+00:00
cust_ext_6965,Клиент 6965,+79990006965,user_6965@example.com,2026-02-11 16:50:47.413286+00:00
cust_ext_6966,Клиент 6966,+79990006966,user_6966@example.com,2026-02-10 05:54:30.971483+00:00
cust_ext_6967,Клиент 6967,+79990006967,user_6967@example.com,2026-02-04 10:55:34.706969+00:00
cust_ext_6968,Клиент 6968,+79990006968,user_6968@example.com,2026-02-07 10:17:56.284460+00:00
cust_ext_6969,Клиент 6969,+79990006969,user_6969@example.com,2026-01-17 04:25:48.203656+00:00
cust_ext_6970,Клиент 6970,+79990006970,user_6970@example.com,2026-02-04 13:53:14.384739+00:00
cust_ext_6971,Клиент 6971,+79990006971,user_6971@example.com,2026-01-30 05:17:04.791142+00:00
cust_ext_6972,Клиент 6972,+79990006972,user_6972@example.com,2026-01-07 00:19:01.600782+00:00
cust_ext_6973,Клиент 6973,+79990006973,user_6973@example.com,2026-01-06 09:28:25.914222+00:00
cust_ext_6974,Клиент 6974,+79990006974,user_6974@example.com,2026-01-24 08:29:08.222274+00:00
cust_ext_6975,Клиент 6975,+79990006975,user_6975@example.com,2026-01-31 01:21:33.709493+00:00
cust_ext_6976,Клиент 6976,+79990006976,user_6976@example.com,2026-01-24 08:31:32.252300+00:00
cust_ext_6977,Клиент 6977,+79990006977,user_6977@example.com,2026-02-05 12:14:50.964215+00:00
cust_ext_6978,Клиент 6978,+79990006978,user_6978@example.com,2026-01-27 22:08:24.956425+00:00
cust_ext_6979,Клиент 6979,+79990006979,user_6979@example.com,2026-01-11 20:53:54.827374+00:00
cust_ext_6980,Клиент 6980,+79990006980,user_6980@example.com,2026-01-31 03:33:37.508951+00:00
cust_ext_6981,Клиент 6981,+79990006981,user_6981@example.com,2026-01-14 00:47:29.411797+00:00
cust_ext_6982,Клиент 6982,+79990006982,user_6982@example.com,2026-01-27 12:15:09.317113+00:00
cust_ext_6983,Клиент 6983,+79990006983,user_6983@example.com,2026-02-13 22:40:38.908200+00:00
cust_ext_6984,Клиент 6984,+79990006984,user_6984@example.com,2026-01-13 18:41:21.622902+00:00
cust_ext_6985,Клиент 6985,+79990006985,user_6985@example.com,2026-01-12 22:10:15.295870+00:00
cust_ext_6986,Клиент 6986,+79990006986,user_6986@example.com,2026-01-30 20:45:38.540713+00:00
cust_ext_6987,Клиент 6987,+79990006987,user_6987@example.com,2026-01-30 03:47:58.436662+00:00
cust_ext_6988,Клиент 6988,+79990006988,user_6988@example.com,2026-02-03 19:33:11.054862+00:00
cust_ext_6989,Клиент 6989,+79990006989,user_6989@example.com,2026-01-21 07:51:06.161580+00:00
cust_ext_6990,Клиент 6990,+79990006990,user_6990@example.com,2026-01-24 00:49:50.227076+00:00
cust_ext_6991,Клиент 6991,+79990006991,user_6991@example.com,2026-02-10 07:46:43.052241+00:00
cust_ext_6992,Клиент 6992,+79990006992,user_6992@example.com,2026-01-07 00:51:31.667339+00:00
cust_ext_6993,Клиент 6993,+79990006993,user_6993@example.com,2026-02-10 18:04:40.237250+00:00
cust_ext_6994,Клиент 6994,+79990006994,user_6994@example.com,2026-02-09 17:53:40.953334+00:00
cust_ext_6995,Клиент 6995,+79990006995,user_6995@example.com,2026-01-10 14:47:45.089676+00:00
cust_ext_6996,Клиент 6996,+79990006996,user_6996@example.com,2026-01-29 04:38:38.993988+00:00
cust_ext_6997,Клиент 6997,+79990006997,user_6997@example.com,2026-01-07 19:13:52.371799+00:00
cust_ext_6998,Клиент 6998,+79990006998,user_6998@example.com,2026-02-12 20:23:49.272749+00:00
cust_ext_6999,Клиент 6999,+79990006999,user_6999@example.com,2026-01-12 22:35:13.132027+00:00
cust_ext_7000,Клиент 7000,+79990007000,user_7000@example.com,2026-01-18 22:35:08.080446+00:00
cust_ext_7001,Клиент 7001,+79990007001,user_7001@example.com,2026-01-06 16:34:14.380207+00:00
cust_ext_7002,Клиент 7002,+79990007002,user_7002@example.com,2026-01-31 22:58:38.750315+00:00
cust_ext_7003,Клиент 7003,+79990007003,user_7003@example.com,2026-02-08 18:54:42.518810+00:00
cust_ext_7004,Клиент 7004,+79990007004,user_7004@example.com,2026-01-18 20:50:09.866482+00:00
cust_ext_7005,Клиент 7005,+79990007005,user_7005@example.com,2026-01-21 12:21:21.300054+00:00
cust_ext_7006,Клиент 7006,+79990007006,user_7006@example.com,2026-02-10 08:36:51.415237+00:00
cust_ext_7007,Клиент 7007,+79990007007,user_7007@example.com,2026-01-01 14:54:38.107387+00:00
cust_ext_7008,Клиент 7008,+79990007008,user_7008@example.com,2026-02-08 07:21:50.198679+00:00
cust_ext_7009,Клиент 7009,+79990007009,user_7009@example.com,2026-01-16 03:07:46.832632+00:00
cust_ext_7010,Клиент 7010,+79990007010,user_7010@example.com,2026-01-24 14:08:46.581005+00:00
cust_ext_7011,Клиент 7011,+79990007011,user_7011@example.com,2026-01-06 21:01:08.693061+00:00
cust_ext_7012,Клиент 7012,+79990007012,user_7012@example.com,2026-02-08 11:03:39.890024+00:00
cust_ext_7013,Клиент 7013,+79990007013,user_7013@example.com,2026-01-31 10:35:53.794951+00:00
cust_ext_7014,Клиент 7014,+79990007014,user_7014@example.com,2026-02-07 06:45:20.847727+00:00
cust_ext_7015,Клиент 7015,+79990007015,user_7015@example.com,2026-02-14 00:40:24.337276+00:00
cust_ext_7016,Клиент 7016,+79990007016,user_7016@example.com,2026-02-01 16:48:34.434502+00:00
cust_ext_7017,Клиент 7017,+79990007017,user_7017@example.com,2026-01-15 13:23:01.141510+00:00
cust_ext_7018,Клиент 7018,+79990007018,user_7018@example.com,2026-01-13 22:02:38.709579+00:00
cust_ext_7019,Клиент 7019,+79990007019,user_7019@example.com,2026-02-05 08:00:29.222270+00:00
cust_ext_7020,Клиент 7020,+79990007020,user_7020@example.com,2026-02-11 07:36:39.175744+00:00
cust_ext_7021,Клиент 7021,+79990007021,user_7021@example.com,2026-01-02 14:20:32.807048+00:00
cust_ext_7022,Клиент 7022,+79990007022,user_7022@example.com,2026-01-15 04:48:37.086041+00:00
cust_ext_7023,Клиент 7023,+79990007023,user_7023@example.com,2026-01-13 02:30:48.785515+00:00
cust_ext_7024,Клиент 7024,+79990007024,user_7024@example.com,2026-02-01 09:56:18.161675+00:00
cust_ext_7025,Клиент 7025,+79990007025,user_7025@example.com,2026-01-30 20:53:12.707906+00:00
cust_ext_7026,Клиент 7026,+79990007026,user_7026@example.com,2026-01-19 15:33:20.259755+00:00
cust_ext_7027,Клиент 7027,+79990007027,user_7027@example.com,2026-01-18 17:06:20.664266+00:00
cust_ext_7028,Клиент 7028,+79990007028,user_7028@example.com,2026-01-24 02:28:05.316111+00:00
cust_ext_7029,Клиент 7029,+79990007029,user_7029@example.com,2026-01-31 06:08:55.693944+00:00
cust_ext_7030,Клиент 7030,+79990007030,user_7030@example.com,2026-01-10 12:21:14.307727+00:00
cust_ext_7031,Клиент 7031,+79990007031,user_7031@example.com,2026-01-20 00:25:25.993013+00:00
cust_ext_7032,Клиент 7032,+79990007032,user_7032@example.com,2026-02-06 15:24:38.237305+00:00
cust_ext_7033,Клиент 7033,+79990007033,user_7033@example.com,2026-02-02 09:59:55.778013+00:00
cust_ext_7034,Клиент 7034,+79990007034,user_7034@example.com,2026-01-11 22:36:06.727612+00:00
cust_ext_7035,Клиент 7035,+79990007035,user_7035@example.com,2026-01-28 11:00:36.070012+00:00
cust_ext_7036,Клиент 7036,+79990007036,user_7036@example.com,2026-02-10 19:08:36.137540+00:00
cust_ext_7037,Клиент 7037,+79990007037,user_7037@example.com,2026-01-04 21:59:16.388343+00:00
cust_ext_7038,Клиент 7038,+79990007038,user_7038@example.com,2026-01-04 16:24:51.700722+00:00
cust_ext_7039,Клиент 7039,+79990007039,user_7039@example.com,2026-02-01 12:50:00.062964+00:00
cust_ext_7040,Клиент 7040,+79990007040,user_7040@example.com,2026-01-16 17:35:32.447149+00:00
cust_ext_7041,Клиент 7041,+79990007041,user_7041@example.com,2026-01-25 10:44:27.298533+00:00
cust_ext_7042,Клиент 7042,+79990007042,user_7042@example.com,2026-01-13 11:02:10.102395+00:00
cust_ext_7043,Клиент 7043,+79990007043,user_7043@example.com,2026-01-10 14:55:45.897912+00:00
cust_ext_7044,Клиент 7044,+79990007044,user_7044@example.com,2026-01-29 08:51:19.018190+00:00
cust_ext_7045,Клиент 7045,+79990007045,user_7045@example.com,2026-01-19 07:34:29.939567+00:00
cust_ext_7046,Клиент 7046,+79990007046,user_7046@example.com,2026-01-27 06:02:24.906945+00:00
cust_ext_7047,Клиент 7047,+79990007047,user_7047@example.com,2026-02-08 19:25:34.329112+00:00
cust_ext_7048,Клиент 7048,+79990007048,user_7048@example.com,2026-02-05 20:21:24.989204+00:00
cust_ext_7049,Клиент 7049,+79990007049,user_7049@example.com,2026-01-07 07:03:29.368032+00:00
cust_ext_7050,Клиент 7050,+79990007050,user_7050@example.com,2026-01-02 21:14:00.853209+00:00
cust_ext_7051,Клиент 7051,+79990007051,user_7051@example.com,2026-01-28 13:27:05.548048+00:00
cust_ext_7052,Клиент 7052,+79990007052,user_7052@example.com,2026-01-20 04:44:01.300421+00:00
cust_ext_7053,Клиент 7053,+79990007053,user_7053@example.com,2026-02-08 12:33:38.331345+00:00
cust_ext_7054,Клиент 7054,+79990007054,user_7054@example.com,2026-01-13 01:05:48.100210+00:00
cust_ext_7055,Клиент 7055,+79990007055,user_7055@example.com,2026-01-29 02:52:00.049983+00:00
cust_ext_7056,Клиент 7056,+79990007056,user_7056@example.com,2026-02-03 15:46:53.988649+00:00
cust_ext_7057,Клиент 7057,+79990007057,user_7057@example.com,2026-01-04 13:34:43.186917+00:00
cust_ext_7058,Клиент 7058,+79990007058,user_7058@example.com,2026-01-09 01:35:41.711107+00:00
cust_ext_7059,Клиент 7059,+79990007059,user_7059@example.com,2026-01-27 05:55:34.846453+00:00
cust_ext_7060,Клиент 7060,+79990007060,user_7060@example.com,2026-01-17 17:50:30.968552+00:00
cust_ext_7061,Клиент 7061,+79990007061,user_7061@example.com,2026-02-01 15:32:05.721776+00:00
cust_ext_7062,Клиент 7062,+79990007062,user_7062@example.com,2026-02-11 23:42:10.096730+00:00
cust_ext_7063,Клиент 7063,+79990007063,user_7063@example.com,2026-01-20 14:16:18.473239+00:00
cust_ext_7064,Клиент 7064,+79990007064,user_7064@example.com,2026-01-06 16:03:14.914498+00:00
cust_ext_7065,Клиент 7065,+79990007065,user_7065@example.com,2026-01-08 21:33:16.881625+00:00
cust_ext_7066,Клиент 7066,+79990007066,user_7066@example.com,2026-01-10 14:51:01.822496+00:00
cust_ext_7067,Клиент 7067,+79990007067,user_7067@example.com,2026-02-05 02:08:28.894531+00:00
cust_ext_7068,Клиент 7068,+79990007068,user_7068@example.com,2026-02-06 16:23:27.249183+00:00
cust_ext_7069,Клиент 7069,+79990007069,user_7069@example.com,2026-01-05 23:31:09.597248+00:00
cust_ext_7070,Клиент 7070,+79990007070,user_7070@example.com,2026-01-25 09:44:48.839912+00:00
cust_ext_7071,Клиент 7071,+79990007071,user_7071@example.com,2026-01-03 22:07:36.919357+00:00
cust_ext_7072,Клиент 7072,+79990007072,user_7072@example.com,2026-01-02 02:31:37.574057+00:00
cust_ext_7073,Клиент 7073,+79990007073,user_7073@example.com,2026-01-19 13:11:54.129979+00:00
cust_ext_7074,Клиент 7074,+79990007074,user_7074@example.com,2026-01-11 16:45:03.456003+00:00
cust_ext_7075,Клиент 7075,+79990007075,user_7075@example.com,2026-01-08 20:39:37.324241+00:00
cust_ext_7076,Клиент 7076,+79990007076,user_7076@example.com,2026-01-03 22:53:27.290823+00:00
cust_ext_7077,Клиент 7077,+79990007077,user_7077@example.com,2026-01-06 17:58:18.819795+00:00
cust_ext_7078,Клиент 7078,+79990007078,user_7078@example.com,2026-02-03 19:47:53.437909+00:00
cust_ext_7079,Клиент 7079,+79990007079,user_7079@example.com,2026-01-18 00:05:55.100159+00:00
cust_ext_7080,Клиент 7080,+79990007080,user_7080@example.com,2026-02-01 13:19:19.517976+00:00
cust_ext_7081,Клиент 7081,+79990007081,user_7081@example.com,2026-01-14 01:02:42.938895+00:00
cust_ext_7082,Клиент 7082,+79990007082,user_7082@example.com,2026-01-22 19:37:02.894988+00:00
cust_ext_7083,Клиент 7083,+79990007083,user_7083@example.com,2026-01-10 01:57:06.064132+00:00
cust_ext_7084,Клиент 7084,+79990007084,user_7084@example.com,2026-02-13 04:26:14.820117+00:00
cust_ext_7085,Клиент 7085,+79990007085,user_7085@example.com,2026-02-05 19:12:06.526741+00:00
cust_ext_7086,Клиент 7086,+79990007086,user_7086@example.com,2026-02-13 23:09:50.326423+00:00
cust_ext_7087,Клиент 7087,+79990007087,user_7087@example.com,2026-01-22 21:40:09.019059+00:00
cust_ext_7088,Клиент 7088,+79990007088,user_7088@example.com,2026-02-08 00:43:33.364394+00:00
cust_ext_7089,Клиент 7089,+79990007089,user_7089@example.com,2026-01-24 18:22:08.672914+00:00
cust_ext_7090,Клиент 7090,+79990007090,user_7090@example.com,2026-01-21 16:48:34.079738+00:00
cust_ext_7091,Клиент 7091,+79990007091,user_7091@example.com,2026-02-09 00:04:38.390378+00:00
cust_ext_7092,Клиент 7092,+79990007092,user_7092@example.com,2026-02-02 16:01:26.282730+00:00
cust_ext_7093,Клиент 7093,+79990007093,user_7093@example.com,2026-01-06 23:42:40.906802+00:00
cust_ext_7094,Клиент 7094,+79990007094,user_7094@example.com,2026-02-06 20:22:34.799748+00:00
cust_ext_7095,Клиент 7095,+79990007095,user_7095@example.com,2026-02-14 13:04:19.277956+00:00
cust_ext_7096,Клиент 7096,+79990007096,user_7096@example.com,2026-01-23 22:47:02.498287+00:00
cust_ext_7097,Клиент 7097,+79990007097,user_7097@example.com,2026-01-05 23:15:14.821954+00:00
cust_ext_7098,Клиент 7098,+79990007098,user_7098@example.com,2026-02-08 14:59:58.146513+00:00
cust_ext_7099,Клиент 7099,+79990007099,user_7099@example.com,2026-01-03 16:21:28.199321+00:00
cust_ext_7100,Клиент 7100,+79990007100,user_7100@example.com,2026-01-29 04:51:48.893200+00:00
cust_ext_7101,Клиент 7101,+79990007101,user_7101@example.com,2026-01-05 06:14:40.939170+00:00
cust_ext_7102,Клиент 7102,+79990007102,user_7102@example.com,2026-01-05 22:33:44.257476+00:00
cust_ext_7103,Клиент 7103,+79990007103,user_7103@example.com,2026-01-15 17:01:22.858857+00:00
cust_ext_7104,Клиент 7104,+79990007104,user_7104@example.com,2026-01-09 03:50:08.477669+00:00
cust_ext_7105,Клиент 7105,+79990007105,user_7105@example.com,2026-01-03 07:00:57.478746+00:00
cust_ext_7106,Клиент 7106,+79990007106,user_7106@example.com,2026-01-15 20:23:51.663205+00:00
cust_ext_7107,Клиент 7107,+79990007107,user_7107@example.com,2026-02-01 22:35:53.052360+00:00
cust_ext_7108,Клиент 7108,+79990007108,user_7108@example.com,2026-01-31 10:46:08.951874+00:00
cust_ext_7109,Клиент 7109,+79990007109,user_7109@example.com,2026-01-10 06:39:38.090403+00:00
cust_ext_7110,Клиент 7110,+79990007110,user_7110@example.com,2026-01-05 04:27:31.767789+00:00
cust_ext_7111,Клиент 7111,+79990007111,user_7111@example.com,2026-01-15 02:20:38.104644+00:00
cust_ext_7112,Клиент 7112,+79990007112,user_7112@example.com,2026-02-13 00:24:08.302529+00:00
cust_ext_7113,Клиент 7113,+79990007113,user_7113@example.com,2026-02-12 10:33:41.088753+00:00
cust_ext_7114,Клиент 7114,+79990007114,user_7114@example.com,2026-01-19 01:06:49.476389+00:00
cust_ext_7115,Клиент 7115,+79990007115,user_7115@example.com,2026-02-06 07:31:50.024824+00:00
cust_ext_7116,Клиент 7116,+79990007116,user_7116@example.com,2026-01-12 00:54:06.453925+00:00
cust_ext_7117,Клиент 7117,+79990007117,user_7117@example.com,2026-02-13 21:26:33.528363+00:00
cust_ext_7118,Клиент 7118,+79990007118,user_7118@example.com,2026-02-08 16:17:07.631660+00:00
cust_ext_7119,Клиент 7119,+79990007119,user_7119@example.com,2026-02-06 07:03:18.787155+00:00
cust_ext_7120,Клиент 7120,+79990007120,user_7120@example.com,2026-01-31 05:10:04.030805+00:00
cust_ext_7121,Клиент 7121,+79990007121,user_7121@example.com,2026-02-05 11:44:35.945369+00:00
cust_ext_7122,Клиент 7122,+79990007122,user_7122@example.com,2026-01-17 23:09:30.821948+00:00
cust_ext_7123,Клиент 7123,+79990007123,user_7123@example.com,2026-01-31 19:39:19.655392+00:00
cust_ext_7124,Клиент 7124,+79990007124,user_7124@example.com,2026-01-19 07:36:01.171267+00:00
cust_ext_7125,Клиент 7125,+79990007125,user_7125@example.com,2026-02-07 11:08:59.458951+00:00
cust_ext_7126,Клиент 7126,+79990007126,user_7126@example.com,2026-01-25 20:51:30.116226+00:00
cust_ext_7127,Клиент 7127,+79990007127,user_7127@example.com,2026-01-13 23:34:24.147198+00:00
cust_ext_7128,Клиент 7128,+79990007128,user_7128@example.com,2026-01-19 18:30:05.787301+00:00
cust_ext_7129,Клиент 7129,+79990007129,user_7129@example.com,2026-01-31 23:53:35.249847+00:00
cust_ext_7130,Клиент 7130,+79990007130,user_7130@example.com,2026-02-01 23:55:58.806790+00:00
cust_ext_7131,Клиент 7131,+79990007131,user_7131@example.com,2026-01-19 23:51:16.186912+00:00
cust_ext_7132,Клиент 7132,+79990007132,user_7132@example.com,2026-01-05 12:35:07.450487+00:00
cust_ext_7133,Клиент 7133,+79990007133,user_7133@example.com,2026-01-06 18:45:47.126783+00:00
cust_ext_7134,Клиент 7134,+79990007134,user_7134@example.com,2026-02-12 06:44:44.830995+00:00
cust_ext_7135,Клиент 7135,+79990007135,user_7135@example.com,2026-02-14 16:06:45.651349+00:00
cust_ext_7136,Клиент 7136,+79990007136,user_7136@example.com,2026-01-01 00:56:24.943722+00:00
cust_ext_7137,Клиент 7137,+79990007137,user_7137@example.com,2026-01-24 06:50:29.046679+00:00
cust_ext_7138,Клиент 7138,+79990007138,user_7138@example.com,2026-01-29 00:00:18.526835+00:00
cust_ext_7139,Клиент 7139,+79990007139,user_7139@example.com,2026-01-07 22:01:11.494088+00:00
cust_ext_7140,Клиент 7140,+79990007140,user_7140@example.com,2026-02-13 09:55:00.962709+00:00
cust_ext_7141,Клиент 7141,+79990007141,user_7141@example.com,2026-01-21 14:27:25.265941+00:00
cust_ext_7142,Клиент 7142,+79990007142,user_7142@example.com,2026-02-04 04:36:11.530067+00:00
cust_ext_7143,Клиент 7143,+79990007143,user_7143@example.com,2026-01-29 09:08:34.280374+00:00
cust_ext_7144,Клиент 7144,+79990007144,user_7144@example.com,2026-02-01 05:41:14.761260+00:00
cust_ext_7145,Клиент 7145,+79990007145,user_7145@example.com,2026-01-06 05:41:14.654976+00:00
cust_ext_7146,Клиент 7146,+79990007146,user_7146@example.com,2026-01-02 17:53:28.334868+00:00
cust_ext_7147,Клиент 7147,+79990007147,user_7147@example.com,2026-02-08 20:41:29.453345+00:00
cust_ext_7148,Клиент 7148,+79990007148,user_7148@example.com,2026-02-14 18:39:02.253290+00:00
cust_ext_7149,Клиент 7149,+79990007149,user_7149@example.com,2026-01-17 06:58:18.297972+00:00
cust_ext_7150,Клиент 7150,+79990007150,user_7150@example.com,2026-01-05 03:55:10.203637+00:00
cust_ext_7151,Клиент 7151,+79990007151,user_7151@example.com,2026-02-03 10:05:39.451235+00:00
cust_ext_7152,Клиент 7152,+79990007152,user_7152@example.com,2026-02-12 04:34:16.823098+00:00
cust_ext_7153,Клиент 7153,+79990007153,user_7153@example.com,2026-01-03 13:37:06.368904+00:00
cust_ext_7154,Клиент 7154,+79990007154,user_7154@example.com,2026-01-29 03:33:00.588109+00:00
cust_ext_7155,Клиент 7155,+79990007155,user_7155@example.com,2026-01-27 17:26:17.456440+00:00
cust_ext_7156,Клиент 7156,+79990007156,user_7156@example.com,2026-02-12 23:15:29.595756+00:00
cust_ext_7157,Клиент 7157,+79990007157,user_7157@example.com,2026-02-04 23:07:20.446143+00:00
cust_ext_7158,Клиент 7158,+79990007158,user_7158@example.com,2026-02-07 03:26:06.307648+00:00
cust_ext_7159,Клиент 7159,+79990007159,user_7159@example.com,2026-01-23 12:10:54.154604+00:00
cust_ext_7160,Клиент 7160,+79990007160,user_7160@example.com,2026-02-14 13:04:06.958909+00:00
cust_ext_7161,Клиент 7161,+79990007161,user_7161@example.com,2026-02-03 06:34:43.165789+00:00
cust_ext_7162,Клиент 7162,+79990007162,user_7162@example.com,2026-01-28 13:16:51.500048+00:00
cust_ext_7163,Клиент 7163,+79990007163,user_7163@example.com,2026-02-09 00:18:12.269540+00:00
cust_ext_7164,Клиент 7164,+79990007164,user_7164@example.com,2026-02-11 08:14:31.716897+00:00
cust_ext_7165,Клиент 7165,+79990007165,user_7165@example.com,2026-02-05 04:20:26.977117+00:00
cust_ext_7166,Клиент 7166,+79990007166,user_7166@example.com,2026-02-01 19:22:06.087605+00:00
cust_ext_7167,Клиент 7167,+79990007167,user_7167@example.com,2026-01-19 09:37:22.420396+00:00
cust_ext_7168,Клиент 7168,+79990007168,user_7168@example.com,2026-02-05 02:15:24.939654+00:00
cust_ext_7169,Клиент 7169,+79990007169,user_7169@example.com,2026-02-02 17:24:59.843653+00:00
cust_ext_7170,Клиент 7170,+79990007170,user_7170@example.com,2026-02-05 23:21:32.872919+00:00
cust_ext_7171,Клиент 7171,+79990007171,user_7171@example.com,2026-01-23 08:49:30.518461+00:00
cust_ext_7172,Клиент 7172,+79990007172,user_7172@example.com,2026-01-10 14:02:06.666172+00:00
cust_ext_7173,Клиент 7173,+79990007173,user_7173@example.com,2026-02-12 09:55:17.885006+00:00
cust_ext_7174,Клиент 7174,+79990007174,user_7174@example.com,2026-01-15 01:19:59.953580+00:00
cust_ext_7175,Клиент 7175,+79990007175,user_7175@example.com,2026-01-30 09:19:33.535168+00:00
cust_ext_7176,Клиент 7176,+79990007176,user_7176@example.com,2026-01-17 07:44:30.896962+00:00
cust_ext_7177,Клиент 7177,+79990007177,user_7177@example.com,2026-01-21 04:24:22.652619+00:00
cust_ext_7178,Клиент 7178,+79990007178,user_7178@example.com,2026-01-14 06:27:04.620669+00:00
cust_ext_7179,Клиент 7179,+79990007179,user_7179@example.com,2026-02-13 19:54:41.189395+00:00
cust_ext_7180,Клиент 7180,+79990007180,user_7180@example.com,2026-01-25 12:47:36.307893+00:00
cust_ext_7181,Клиент 7181,+79990007181,user_7181@example.com,2026-02-09 22:45:38.312381+00:00
cust_ext_7182,Клиент 7182,+79990007182,user_7182@example.com,2026-01-03 19:52:46.261565+00:00
cust_ext_7183,Клиент 7183,+79990007183,user_7183@example.com,2026-02-06 00:47:28.250183+00:00
cust_ext_7184,Клиент 7184,+79990007184,user_7184@example.com,2026-01-24 17:20:53.519656+00:00
cust_ext_7185,Клиент 7185,+79990007185,user_7185@example.com,2026-01-02 04:10:42.939319+00:00
cust_ext_7186,Клиент 7186,+79990007186,user_7186@example.com,2026-02-14 02:43:05.412010+00:00
cust_ext_7187,Клиент 7187,+79990007187,user_7187@example.com,2026-01-15 23:03:42.575134+00:00
cust_ext_7188,Клиент 7188,+79990007188,user_7188@example.com,2026-02-09 10:35:50.824197+00:00
cust_ext_7189,Клиент 7189,+79990007189,user_7189@example.com,2026-01-24 01:00:07.792325+00:00
cust_ext_7190,Клиент 7190,+79990007190,user_7190@example.com,2026-01-07 17:05:59.763890+00:00
cust_ext_7191,Клиент 7191,+79990007191,user_7191@example.com,2026-01-07 05:53:07.622807+00:00
cust_ext_7192,Клиент 7192,+79990007192,user_7192@example.com,2026-01-27 15:19:25.620410+00:00
cust_ext_7193,Клиент 7193,+79990007193,user_7193@example.com,2026-01-08 14:16:00.856518+00:00
cust_ext_7194,Клиент 7194,+79990007194,user_7194@example.com,2026-02-12 05:01:31.304621+00:00
cust_ext_7195,Клиент 7195,+79990007195,user_7195@example.com,2026-02-01 18:38:07.245505+00:00
cust_ext_7196,Клиент 7196,+79990007196,user_7196@example.com,2026-01-07 14:52:22.664261+00:00
cust_ext_7197,Клиент 7197,+79990007197,user_7197@example.com,2026-01-19 17:14:18.387638+00:00
cust_ext_7198,Клиент 7198,+79990007198,user_7198@example.com,2026-01-06 00:06:52.488593+00:00
cust_ext_7199,Клиент 7199,+79990007199,user_7199@example.com,2026-02-11 18:55:56.397470+00:00
cust_ext_7200,Клиент 7200,+79990007200,user_7200@example.com,2026-01-17 10:39:21.972257+00:00
cust_ext_7201,Клиент 7201,+79990007201,user_7201@example.com,2026-01-24 12:17:01.698973+00:00
cust_ext_7202,Клиент 7202,+79990007202,user_7202@example.com,2026-01-16 20:14:15.764004+00:00
cust_ext_7203,Клиент 7203,+79990007203,user_7203@example.com,2026-01-11 10:57:29.665919+00:00
cust_ext_7204,Клиент 7204,+79990007204,user_7204@example.com,2026-02-01 09:36:38.169940+00:00
cust_ext_7205,Клиент 7205,+79990007205,user_7205@example.com,2026-01-30 15:28:31.707301+00:00
cust_ext_7206,Клиент 7206,+79990007206,user_7206@example.com,2026-01-16 01:09:28.594591+00:00
cust_ext_7207,Клиент 7207,+79990007207,user_7207@example.com,2026-02-13 01:38:34.072651+00:00
cust_ext_7208,Клиент 7208,+79990007208,user_7208@example.com,2026-02-02 00:24:38.836450+00:00
cust_ext_7209,Клиент 7209,+79990007209,user_7209@example.com,2026-01-11 15:02:45.649265+00:00
cust_ext_7210,Клиент 7210,+79990007210,user_7210@example.com,2026-01-29 13:01:41.544781+00:00
cust_ext_7211,Клиент 7211,+79990007211,user_7211@example.com,2026-01-13 20:45:17.750726+00:00
cust_ext_7212,Клиент 7212,+79990007212,user_7212@example.com,2026-01-11 18:47:14.595334+00:00
cust_ext_7213,Клиент 7213,+79990007213,user_7213@example.com,2026-01-11 00:13:19.471557+00:00
cust_ext_7214,Клиент 7214,+79990007214,user_7214@example.com,2026-01-11 23:45:11.161276+00:00
cust_ext_7215,Клиент 7215,+79990007215,user_7215@example.com,2026-02-06 05:35:37.928293+00:00
cust_ext_7216,Клиент 7216,+79990007216,user_7216@example.com,2026-01-31 17:51:42.970801+00:00
cust_ext_7217,Клиент 7217,+79990007217,user_7217@example.com,2026-01-05 03:49:27.066808+00:00
cust_ext_7218,Клиент 7218,+79990007218,user_7218@example.com,2026-01-27 08:26:59.884103+00:00
cust_ext_7219,Клиент 7219,+79990007219,user_7219@example.com,2026-01-17 01:00:46.431406+00:00
cust_ext_7220,Клиент 7220,+79990007220,user_7220@example.com,2026-01-10 12:33:17.625634+00:00
cust_ext_7221,Клиент 7221,+79990007221,user_7221@example.com,2026-02-02 09:50:28.251551+00:00
cust_ext_7222,Клиент 7222,+79990007222,user_7222@example.com,2026-01-19 03:06:34.260421+00:00
cust_ext_7223,Клиент 7223,+79990007223,user_7223@example.com,2026-02-04 06:10:57.030979+00:00
cust_ext_7224,Клиент 7224,+79990007224,user_7224@example.com,2026-02-10 11:00:13.164031+00:00
cust_ext_7225,Клиент 7225,+79990007225,user_7225@example.com,2026-01-06 20:41:41.295344+00:00
cust_ext_7226,Клиент 7226,+79990007226,user_7226@example.com,2026-01-26 04:51:15.971888+00:00
cust_ext_7227,Клиент 7227,+79990007227,user_7227@example.com,2026-01-24 02:18:53.028150+00:00
cust_ext_7228,Клиент 7228,+79990007228,user_7228@example.com,2026-02-14 06:05:09.872678+00:00
cust_ext_7229,Клиент 7229,+79990007229,user_7229@example.com,2026-01-31 07:25:56.424523+00:00
cust_ext_7230,Клиент 7230,+79990007230,user_7230@example.com,2026-01-09 16:39:06.355225+00:00
cust_ext_7231,Клиент 7231,+79990007231,user_7231@example.com,2026-02-05 14:36:47.901130+00:00
cust_ext_7232,Клиент 7232,+79990007232,user_7232@example.com,2026-01-08 01:10:20.803202+00:00
cust_ext_7233,Клиент 7233,+79990007233,user_7233@example.com,2026-01-03 20:14:33.053408+00:00
cust_ext_7234,Клиент 7234,+79990007234,user_7234@example.com,2026-01-05 13:08:46.568010+00:00
cust_ext_7235,Клиент 7235,+79990007235,user_7235@example.com,2026-02-11 11:14:26.681311+00:00
cust_ext_7236,Клиент 7236,+79990007236,user_7236@example.com,2026-01-26 02:17:00.391251+00:00
cust_ext_7237,Клиент 7237,+79990007237,user_7237@example.com,2026-02-06 05:10:00.668945+00:00
cust_ext_7238,Клиент 7238,+79990007238,user_7238@example.com,2026-01-09 03:02:24.716518+00:00
cust_ext_7239,Клиент 7239,+79990007239,user_7239@example.com,2026-02-14 15:53:10.381772+00:00
cust_ext_7240,Клиент 7240,+79990007240,user_7240@example.com,2026-01-15 18:25:20.065479+00:00
cust_ext_7241,Клиент 7241,+79990007241,user_7241@example.com,2026-02-10 09:01:15.764048+00:00
cust_ext_7242,Клиент 7242,+79990007242,user_7242@example.com,2026-01-08 06:57:29.549392+00:00
cust_ext_7243,Клиент 7243,+79990007243,user_7243@example.com,2026-02-04 17:12:56.543693+00:00
cust_ext_7244,Клиент 7244,+79990007244,user_7244@example.com,2026-02-04 02:31:32.978397+00:00
cust_ext_7245,Клиент 7245,+79990007245,user_7245@example.com,2026-01-04 04:55:29.780600+00:00
cust_ext_7246,Клиент 7246,+79990007246,user_7246@example.com,2026-01-07 08:54:06.772339+00:00
cust_ext_7247,Клиент 7247,+79990007247,user_7247@example.com,2026-02-03 23:17:51.956548+00:00
cust_ext_7248,Клиент 7248,+79990007248,user_7248@example.com,2026-02-11 00:01:31.247988+00:00
cust_ext_7249,Клиент 7249,+79990007249,user_7249@example.com,2026-01-25 21:00:12.260778+00:00
cust_ext_7250,Клиент 7250,+79990007250,user_7250@example.com,2026-02-14 04:38:29.631261+00:00
cust_ext_7251,Клиент 7251,+79990007251,user_7251@example.com,2026-02-08 21:24:41.249126+00:00
cust_ext_7252,Клиент 7252,+79990007252,user_7252@example.com,2026-02-13 18:15:05.837861+00:00
cust_ext_7253,Клиент 7253,+79990007253,user_7253@example.com,2026-01-03 22:23:28.416971+00:00
cust_ext_7254,Клиент 7254,+79990007254,user_7254@example.com,2026-01-06 02:55:34.357878+00:00
cust_ext_7255,Клиент 7255,+79990007255,user_7255@example.com,2026-01-15 06:23:02.822942+00:00
cust_ext_7256,Клиент 7256,+79990007256,user_7256@example.com,2026-01-19 00:00:10.981429+00:00
cust_ext_7257,Клиент 7257,+79990007257,user_7257@example.com,2026-01-11 00:36:21.639864+00:00
cust_ext_7258,Клиент 7258,+79990007258,user_7258@example.com,2026-01-13 13:20:59.056017+00:00
cust_ext_7259,Клиент 7259,+79990007259,user_7259@example.com,2026-02-02 17:55:34.991037+00:00
cust_ext_7260,Клиент 7260,+79990007260,user_7260@example.com,2026-02-02 13:56:38.423223+00:00
cust_ext_7261,Клиент 7261,+79990007261,user_7261@example.com,2026-01-03 02:58:53.826696+00:00
cust_ext_7262,Клиент 7262,+79990007262,user_7262@example.com,2026-02-03 08:28:09.158327+00:00
cust_ext_7263,Клиент 7263,+79990007263,user_7263@example.com,2026-01-07 08:21:02.919385+00:00
cust_ext_7264,Клиент 7264,+79990007264,user_7264@example.com,2026-01-27 04:12:03.024315+00:00
cust_ext_7265,Клиент 7265,+79990007265,user_7265@example.com,2026-02-10 07:22:21.906223+00:00
cust_ext_7266,Клиент 7266,+79990007266,user_7266@example.com,2026-01-06 12:07:38.687777+00:00
cust_ext_7267,Клиент 7267,+79990007267,user_7267@example.com,2026-01-22 16:15:33.860362+00:00
cust_ext_7268,Клиент 7268,+79990007268,user_7268@example.com,2026-01-08 16:02:30.256427+00:00
cust_ext_7269,Клиент 7269,+79990007269,user_7269@example.com,2026-02-12 14:58:18.986242+00:00
cust_ext_7270,Клиент 7270,+79990007270,user_7270@example.com,2026-02-14 00:28:40.113282+00:00
cust_ext_7271,Клиент 7271,+79990007271,user_7271@example.com,2026-02-14 17:51:14.920614+00:00
cust_ext_7272,Клиент 7272,+79990007272,user_7272@example.com,2026-02-03 23:19:30.682655+00:00
cust_ext_7273,Клиент 7273,+79990007273,user_7273@example.com,2026-01-20 05:05:51.089437+00:00
cust_ext_7274,Клиент 7274,+79990007274,user_7274@example.com,2026-02-14 10:29:06.815581+00:00
cust_ext_7275,Клиент 7275,+79990007275,user_7275@example.com,2026-01-31 15:08:48.398014+00:00
cust_ext_7276,Клиент 7276,+79990007276,user_7276@example.com,2026-01-05 06:00:35.535987+00:00
cust_ext_7277,Клиент 7277,+79990007277,user_7277@example.com,2026-01-22 15:29:49.994777+00:00
cust_ext_7278,Клиент 7278,+79990007278,user_7278@example.com,2026-02-03 07:49:05.015476+00:00
cust_ext_7279,Клиент 7279,+79990007279,user_7279@example.com,2026-01-16 15:09:05.210693+00:00
cust_ext_7280,Клиент 7280,+79990007280,user_7280@example.com,2026-01-06 05:36:47.368670+00:00
cust_ext_7281,Клиент 7281,+79990007281,user_7281@example.com,2026-01-15 21:08:48.251795+00:00
cust_ext_7282,Клиент 7282,+79990007282,user_7282@example.com,2026-02-07 07:51:18.664682+00:00
cust_ext_7283,Клиент 7283,+79990007283,user_7283@example.com,2026-02-12 04:33:24.519622+00:00
cust_ext_7284,Клиент 7284,+79990007284,user_7284@example.com,2026-01-17 13:44:19.414020+00:00
cust_ext_7285,Клиент 7285,+79990007285,user_7285@example.com,2026-01-20 15:41:05.824471+00:00
cust_ext_7286,Клиент 7286,+79990007286,user_7286@example.com,2026-02-08 01:05:25.604308+00:00
cust_ext_7287,Клиент 7287,+79990007287,user_7287@example.com,2026-01-15 12:36:15.499166+00:00
cust_ext_7288,Клиент 7288,+79990007288,user_7288@example.com,2026-02-03 22:56:34.861005+00:00
cust_ext_7289,Клиент 7289,+79990007289,user_7289@example.com,2026-01-24 16:05:18.042246+00:00
cust_ext_7290,Клиент 7290,+79990007290,user_7290@example.com,2026-02-02 23:03:24.829803+00:00
cust_ext_7291,Клиент 7291,+79990007291,user_7291@example.com,2026-01-27 14:56:41.088302+00:00
cust_ext_7292,Клиент 7292,+79990007292,user_7292@example.com,2026-01-09 12:21:47.455086+00:00
cust_ext_7293,Клиент 7293,+79990007293,user_7293@example.com,2026-01-31 16:22:42.096947+00:00
cust_ext_7294,Клиент 7294,+79990007294,user_7294@example.com,2026-01-06 10:23:23.426564+00:00
cust_ext_7295,Клиент 7295,+79990007295,user_7295@example.com,2026-01-04 15:08:12.372788+00:00
cust_ext_7296,Клиент 7296,+79990007296,user_7296@example.com,2026-01-18 20:57:06.257289+00:00
cust_ext_7297,Клиент 7297,+79990007297,user_7297@example.com,2026-02-07 16:11:55.123175+00:00
cust_ext_7298,Клиент 7298,+79990007298,user_7298@example.com,2026-01-19 03:17:49.314490+00:00
cust_ext_7299,Клиент 7299,+79990007299,user_7299@example.com,2026-01-16 02:41:24.930858+00:00
cust_ext_7300,Клиент 7300,+79990007300,user_7300@example.com,2026-01-15 17:31:10.057995+00:00
cust_ext_7301,Клиент 7301,+79990007301,user_7301@example.com,2026-02-01 14:27:44.428296+00:00
cust_ext_7302,Клиент 7302,+79990007302,user_7302@example.com,2026-01-08 04:33:42.942663+00:00
cust_ext_7303,Клиент 7303,+79990007303,user_7303@example.com,2026-01-02 15:32:42.769544+00:00
cust_ext_7304,Клиент 7304,+79990007304,user_7304@example.com,2026-02-12 11:17:24.753429+00:00
cust_ext_7305,Клиент 7305,+79990007305,user_7305@example.com,2026-01-16 00:06:41.990578+00:00
cust_ext_7306,Клиент 7306,+79990007306,user_7306@example.com,2026-02-02 12:54:41.588099+00:00
cust_ext_7307,Клиент 7307,+79990007307,user_7307@example.com,2026-01-22 05:15:12.473366+00:00
cust_ext_7308,Клиент 7308,+79990007308,user_7308@example.com,2026-01-08 07:35:45.958619+00:00
cust_ext_7309,Клиент 7309,+79990007309,user_7309@example.com,2026-01-12 12:32:25.779684+00:00
cust_ext_7310,Клиент 7310,+79990007310,user_7310@example.com,2026-01-03 19:46:47.484778+00:00
cust_ext_7311,Клиент 7311,+79990007311,user_7311@example.com,2026-01-08 19:13:17.991561+00:00
cust_ext_7312,Клиент 7312,+79990007312,user_7312@example.com,2026-01-13 07:13:33.233593+00:00
cust_ext_7313,Клиент 7313,+79990007313,user_7313@example.com,2026-01-08 06:28:23.765515+00:00
cust_ext_7314,Клиент 7314,+79990007314,user_7314@example.com,2026-01-01 12:09:49.105570+00:00
cust_ext_7315,Клиент 7315,+79990007315,user_7315@example.com,2026-02-14 04:39:32.839363+00:00
cust_ext_7316,Клиент 7316,+79990007316,user_7316@example.com,2026-01-25 18:46:36.285193+00:00
cust_ext_7317,Клиент 7317,+79990007317,user_7317@example.com,2026-02-07 04:22:13.814374+00:00
cust_ext_7318,Клиент 7318,+79990007318,user_7318@example.com,2026-01-13 10:13:52.257493+00:00
cust_ext_7319,Клиент 7319,+79990007319,user_7319@example.com,2026-01-14 22:09:47.526615+00:00
cust_ext_7320,Клиент 7320,+79990007320,user_7320@example.com,2026-01-10 02:02:07.006905+00:00
cust_ext_7321,Клиент 7321,+79990007321,user_7321@example.com,2026-01-20 14:59:13.147763+00:00
cust_ext_7322,Клиент 7322,+79990007322,user_7322@example.com,2026-01-24 07:05:49.606510+00:00
cust_ext_7323,Клиент 7323,+79990007323,user_7323@example.com,2026-01-11 07:34:42.594105+00:00
cust_ext_7324,Клиент 7324,+79990007324,user_7324@example.com,2026-02-02 05:13:46.611647+00:00
cust_ext_7325,Клиент 7325,+79990007325,user_7325@example.com,2026-01-13 20:01:24.857264+00:00
cust_ext_7326,Клиент 7326,+79990007326,user_7326@example.com,2026-01-22 20:27:05.710515+00:00
cust_ext_7327,Клиент 7327,+79990007327,user_7327@example.com,2026-01-09 03:22:43.894223+00:00
cust_ext_7328,Клиент 7328,+79990007328,user_7328@example.com,2026-02-10 09:27:35.059001+00:00
cust_ext_7329,Клиент 7329,+79990007329,user_7329@example.com,2026-02-06 21:43:47.080731+00:00
cust_ext_7330,Клиент 7330,+79990007330,user_7330@example.com,2026-01-13 08:07:49.013040+00:00
cust_ext_7331,Клиент 7331,+79990007331,user_7331@example.com,2026-01-26 07:50:40.784707+00:00
cust_ext_7332,Клиент 7332,+79990007332,user_7332@example.com,2026-01-13 01:42:53.946418+00:00
cust_ext_7333,Клиент 7333,+79990007333,user_7333@example.com,2026-01-19 22:31:03.086925+00:00
cust_ext_7334,Клиент 7334,+79990007334,user_7334@example.com,2026-02-07 17:31:39.915614+00:00
cust_ext_7335,Клиент 7335,+79990007335,user_7335@example.com,2026-01-26 08:44:27.327806+00:00
cust_ext_7336,Клиент 7336,+79990007336,user_7336@example.com,2026-01-16 05:11:38.143774+00:00
cust_ext_7337,Клиент 7337,+79990007337,user_7337@example.com,2026-02-03 07:40:22.727959+00:00
cust_ext_7338,Клиент 7338,+79990007338,user_7338@example.com,2026-01-01 08:28:39.904067+00:00
cust_ext_7339,Клиент 7339,+79990007339,user_7339@example.com,2026-02-09 19:43:24.417333+00:00
cust_ext_7340,Клиент 7340,+79990007340,user_7340@example.com,2026-01-12 05:01:41.593291+00:00
cust_ext_7341,Клиент 7341,+79990007341,user_7341@example.com,2026-02-01 06:06:52.503925+00:00
cust_ext_7342,Клиент 7342,+79990007342,user_7342@example.com,2026-01-30 00:03:46.297015+00:00
cust_ext_7343,Клиент 7343,+79990007343,user_7343@example.com,2026-01-19 16:44:46.775442+00:00
cust_ext_7344,Клиент 7344,+79990007344,user_7344@example.com,2026-01-31 14:59:52.756622+00:00
cust_ext_7345,Клиент 7345,+79990007345,user_7345@example.com,2026-01-15 19:35:47.977364+00:00
cust_ext_7346,Клиент 7346,+79990007346,user_7346@example.com,2026-01-01 04:42:52.866713+00:00
cust_ext_7347,Клиент 7347,+79990007347,user_7347@example.com,2026-01-23 00:45:11.822396+00:00
cust_ext_7348,Клиент 7348,+79990007348,user_7348@example.com,2026-01-18 02:45:16.601735+00:00
cust_ext_7349,Клиент 7349,+79990007349,user_7349@example.com,2026-01-06 05:50:12.360041+00:00
cust_ext_7350,Клиент 7350,+79990007350,user_7350@example.com,2026-02-06 21:42:34.525731+00:00
cust_ext_7351,Клиент 7351,+79990007351,user_7351@example.com,2026-01-06 14:26:19.185418+00:00
cust_ext_7352,Клиент 7352,+79990007352,user_7352@example.com,2026-01-10 07:13:04.088522+00:00
cust_ext_7353,Клиент 7353,+79990007353,user_7353@example.com,2026-01-27 08:45:19.339238+00:00
cust_ext_7354,Клиент 7354,+79990007354,user_7354@example.com,2026-01-30 10:33:11.131008+00:00
cust_ext_7355,Клиент 7355,+79990007355,user_7355@example.com,2026-01-09 00:55:11.196307+00:00
cust_ext_7356,Клиент 7356,+79990007356,user_7356@example.com,2026-01-05 05:37:08.034198+00:00
cust_ext_7357,Клиент 7357,+79990007357,user_7357@example.com,2026-02-04 22:59:56.945699+00:00
cust_ext_7358,Клиент 7358,+79990007358,user_7358@example.com,2026-02-07 22:37:56.967777+00:00
cust_ext_7359,Клиент 7359,+79990007359,user_7359@example.com,2026-01-24 23:26:03.807449+00:00
cust_ext_7360,Клиент 7360,+79990007360,user_7360@example.com,2026-01-02 17:31:50.208192+00:00
cust_ext_7361,Клиент 7361,+79990007361,user_7361@example.com,2026-01-11 04:04:45.770578+00:00
cust_ext_7362,Клиент 7362,+79990007362,user_7362@example.com,2026-01-21 13:29:38.748782+00:00
cust_ext_7363,Клиент 7363,+79990007363,user_7363@example.com,2026-01-03 05:41:10.193101+00:00
cust_ext_7364,Клиент 7364,+79990007364,user_7364@example.com,2026-02-08 12:32:50.387903+00:00
cust_ext_7365,Клиент 7365,+79990007365,user_7365@example.com,2026-01-07 01:59:27.065395+00:00
cust_ext_7366,Клиент 7366,+79990007366,user_7366@example.com,2026-02-05 02:23:28.814079+00:00
cust_ext_7367,Клиент 7367,+79990007367,user_7367@example.com,2026-02-06 12:23:39.276804+00:00
cust_ext_7368,Клиент 7368,+79990007368,user_7368@example.com,2026-01-17 03:21:02.274213+00:00
cust_ext_7369,Клиент 7369,+79990007369,user_7369@example.com,2026-01-10 11:06:58.983786+00:00
cust_ext_7370,Клиент 7370,+79990007370,user_7370@example.com,2026-02-02 12:24:38.856009+00:00
cust_ext_7371,Клиент 7371,+79990007371,user_7371@example.com,2026-01-29 08:34:12.764979+00:00
cust_ext_7372,Клиент 7372,+79990007372,user_7372@example.com,2026-01-01 20:56:46.107367+00:00
cust_ext_7373,Клиент 7373,+79990007373,user_7373@example.com,2026-02-11 22:31:09.850747+00:00
cust_ext_7374,Клиент 7374,+79990007374,user_7374@example.com,2026-02-06 02:22:25.801994+00:00
cust_ext_7375,Клиент 7375,+79990007375,user_7375@example.com,2026-01-28 06:49:40.664881+00:00
cust_ext_7376,Клиент 7376,+79990007376,user_7376@example.com,2026-02-03 11:57:03.973061+00:00
cust_ext_7377,Клиент 7377,+79990007377,user_7377@example.com,2026-01-18 04:24:42.048996+00:00
cust_ext_7378,Клиент 7378,+79990007378,user_7378@example.com,2026-01-03 12:55:39.650505+00:00
cust_ext_7379,Клиент 7379,+79990007379,user_7379@example.com,2026-01-03 10:08:09.445589+00:00
cust_ext_7380,Клиент 7380,+79990007380,user_7380@example.com,2026-01-16 19:45:10.635257+00:00
cust_ext_7381,Клиент 7381,+79990007381,user_7381@example.com,2026-01-04 05:32:54.099454+00:00
cust_ext_7382,Клиент 7382,+79990007382,user_7382@example.com,2026-01-04 22:15:05.516025+00:00
cust_ext_7383,Клиент 7383,+79990007383,user_7383@example.com,2026-01-24 16:32:21.085296+00:00
cust_ext_7384,Клиент 7384,+79990007384,user_7384@example.com,2026-02-07 08:17:26.113643+00:00
cust_ext_7385,Клиент 7385,+79990007385,user_7385@example.com,2026-01-02 16:06:04.824897+00:00
cust_ext_7386,Клиент 7386,+79990007386,user_7386@example.com,2026-01-09 07:42:55.468162+00:00
cust_ext_7387,Клиент 7387,+79990007387,user_7387@example.com,2026-01-12 16:58:14.969180+00:00
cust_ext_7388,Клиент 7388,+79990007388,user_7388@example.com,2026-01-07 16:28:04.299917+00:00
cust_ext_7389,Клиент 7389,+79990007389,user_7389@example.com,2026-01-06 21:43:33.650596+00:00
cust_ext_7390,Клиент 7390,+79990007390,user_7390@example.com,2026-02-03 15:49:57.060276+00:00
cust_ext_7391,Клиент 7391,+79990007391,user_7391@example.com,2026-02-11 13:38:22.735538+00:00
cust_ext_7392,Клиент 7392,+79990007392,user_7392@example.com,2026-01-09 13:39:10.717584+00:00
cust_ext_7393,Клиент 7393,+79990007393,user_7393@example.com,2026-01-09 18:12:24.842573+00:00
cust_ext_7394,Клиент 7394,+79990007394,user_7394@example.com,2026-01-27 04:51:12.089888+00:00
cust_ext_7395,Клиент 7395,+79990007395,user_7395@example.com,2026-02-11 04:20:41.209391+00:00
cust_ext_7396,Клиент 7396,+79990007396,user_7396@example.com,2026-01-16 05:38:58.691392+00:00
cust_ext_7397,Клиент 7397,+79990007397,user_7397@example.com,2026-02-06 15:00:24.502065+00:00
cust_ext_7398,Клиент 7398,+79990007398,user_7398@example.com,2026-01-20 08:43:49.534697+00:00
cust_ext_7399,Клиент 7399,+79990007399,user_7399@example.com,2026-02-05 12:21:05.103128+00:00
cust_ext_7400,Клиент 7400,+79990007400,user_7400@example.com,2026-01-08 04:19:59.479746+00:00
cust_ext_7401,Клиент 7401,+79990007401,user_7401@example.com,2026-01-10 17:05:10.690907+00:00
cust_ext_7402,Клиент 7402,+79990007402,user_7402@example.com,2026-02-09 04:43:33.817061+00:00
cust_ext_7403,Клиент 7403,+79990007403,user_7403@example.com,2026-01-09 09:00:15.781850+00:00
cust_ext_7404,Клиент 7404,+79990007404,user_7404@example.com,2026-01-29 17:37:31.470980+00:00
cust_ext_7405,Клиент 7405,+79990007405,user_7405@example.com,2026-01-10 14:45:56.958144+00:00
cust_ext_7406,Клиент 7406,+79990007406,user_7406@example.com,2026-01-02 00:03:30.106153+00:00
cust_ext_7407,Клиент 7407,+79990007407,user_7407@example.com,2026-01-24 21:18:03.116959+00:00
cust_ext_7408,Клиент 7408,+79990007408,user_7408@example.com,2026-01-28 06:48:38.679415+00:00
cust_ext_7409,Клиент 7409,+79990007409,user_7409@example.com,2026-01-12 04:32:05.033488+00:00
cust_ext_7410,Клиент 7410,+79990007410,user_7410@example.com,2026-01-01 17:09:16.790251+00:00
cust_ext_7411,Клиент 7411,+79990007411,user_7411@example.com,2026-01-21 01:34:27.684555+00:00
cust_ext_7412,Клиент 7412,+79990007412,user_7412@example.com,2026-01-29 00:50:20.096676+00:00
cust_ext_7413,Клиент 7413,+79990007413,user_7413@example.com,2026-01-27 17:41:50.886512+00:00
cust_ext_7414,Клиент 7414,+79990007414,user_7414@example.com,2026-01-12 08:20:48.395904+00:00
cust_ext_7415,Клиент 7415,+79990007415,user_7415@example.com,2026-01-27 23:59:56.258943+00:00
cust_ext_7416,Клиент 7416,+79990007416,user_7416@example.com,2026-02-02 18:07:48.929258+00:00
cust_ext_7417,Клиент 7417,+79990007417,user_7417@example.com,2026-02-05 09:23:50.316398+00:00
cust_ext_7418,Клиент 7418,+79990007418,user_7418@example.com,2026-01-05 03:59:28.902710+00:00
cust_ext_7419,Клиент 7419,+79990007419,user_7419@example.com,2026-01-03 01:00:33.230990+00:00
cust_ext_7420,Клиент 7420,+79990007420,user_7420@example.com,2026-01-14 04:00:10.023925+00:00
cust_ext_7421,Клиент 7421,+79990007421,user_7421@example.com,2026-02-08 07:04:46.268368+00:00
cust_ext_7422,Клиент 7422,+79990007422,user_7422@example.com,2026-01-26 00:58:06.474401+00:00
cust_ext_7423,Клиент 7423,+79990007423,user_7423@example.com,2026-01-03 23:14:09.462532+00:00
cust_ext_7424,Клиент 7424,+79990007424,user_7424@example.com,2026-02-03 14:14:59.133858+00:00
cust_ext_7425,Клиент 7425,+79990007425,user_7425@example.com,2026-01-10 21:21:50.120378+00:00
cust_ext_7426,Клиент 7426,+79990007426,user_7426@example.com,2026-01-20 14:44:03.763714+00:00
cust_ext_7427,Клиент 7427,+79990007427,user_7427@example.com,2026-01-05 15:18:29.188370+00:00
cust_ext_7428,Клиент 7428,+79990007428,user_7428@example.com,2026-02-08 02:08:16.333809+00:00
cust_ext_7429,Клиент 7429,+79990007429,user_7429@example.com,2026-02-10 03:38:26.753125+00:00
cust_ext_7430,Клиент 7430,+79990007430,user_7430@example.com,2026-01-05 09:58:32.317862+00:00
cust_ext_7431,Клиент 7431,+79990007431,user_7431@example.com,2026-02-02 02:55:16.179615+00:00
cust_ext_7432,Клиент 7432,+79990007432,user_7432@example.com,2026-01-25 22:06:44.355521+00:00
cust_ext_7433,Клиент 7433,+79990007433,user_7433@example.com,2026-01-03 18:22:02.556010+00:00
cust_ext_7434,Клиент 7434,+79990007434,user_7434@example.com,2026-01-07 21:53:56.447446+00:00
cust_ext_7435,Клиент 7435,+79990007435,user_7435@example.com,2026-01-06 06:20:30.077687+00:00
cust_ext_7436,Клиент 7436,+79990007436,user_7436@example.com,2026-01-19 14:22:45.292692+00:00
cust_ext_7437,Клиент 7437,+79990007437,user_7437@example.com,2026-01-12 02:15:27.774989+00:00
cust_ext_7438,Клиент 7438,+79990007438,user_7438@example.com,2026-01-30 00:47:16.451433+00:00
cust_ext_7439,Клиент 7439,+79990007439,user_7439@example.com,2026-01-20 06:05:33.402345+00:00
cust_ext_7440,Клиент 7440,+79990007440,user_7440@example.com,2026-01-23 04:37:16.687965+00:00
cust_ext_7441,Клиент 7441,+79990007441,user_7441@example.com,2026-01-28 03:46:08.129464+00:00
cust_ext_7442,Клиент 7442,+79990007442,user_7442@example.com,2026-01-07 17:18:42.814305+00:00
cust_ext_7443,Клиент 7443,+79990007443,user_7443@example.com,2026-01-25 03:08:41.473820+00:00
cust_ext_7444,Клиент 7444,+79990007444,user_7444@example.com,2026-02-02 00:47:51.211558+00:00
cust_ext_7445,Клиент 7445,+79990007445,user_7445@example.com,2026-01-14 10:11:55.028234+00:00
cust_ext_7446,Клиент 7446,+79990007446,user_7446@example.com,2026-01-22 06:30:51.421648+00:00
cust_ext_7447,Клиент 7447,+79990007447,user_7447@example.com,2026-01-15 06:06:04.063803+00:00
cust_ext_7448,Клиент 7448,+79990007448,user_7448@example.com,2026-01-20 09:28:31.813862+00:00
cust_ext_7449,Клиент 7449,+79990007449,user_7449@example.com,2026-01-18 18:11:06.514875+00:00
cust_ext_7450,Клиент 7450,+79990007450,user_7450@example.com,2026-02-10 02:43:05.916271+00:00
cust_ext_7451,Клиент 7451,+79990007451,user_7451@example.com,2026-02-01 07:51:17.398436+00:00
cust_ext_7452,Клиент 7452,+79990007452,user_7452@example.com,2026-01-21 14:38:11.459214+00:00
cust_ext_7453,Клиент 7453,+79990007453,user_7453@example.com,2026-02-12 21:48:08.931899+00:00
cust_ext_7454,Клиент 7454,+79990007454,user_7454@example.com,2026-02-11 21:03:49.649464+00:00
cust_ext_7455,Клиент 7455,+79990007455,user_7455@example.com,2026-01-22 20:52:38.619736+00:00
cust_ext_7456,Клиент 7456,+79990007456,user_7456@example.com,2026-01-06 18:43:32.470061+00:00
cust_ext_7457,Клиент 7457,+79990007457,user_7457@example.com,2026-01-26 14:20:24.353915+00:00
cust_ext_7458,Клиент 7458,+79990007458,user_7458@example.com,2026-02-12 04:57:05.213544+00:00
cust_ext_7459,Клиент 7459,+79990007459,user_7459@example.com,2026-01-06 19:44:46.053688+00:00
cust_ext_7460,Клиент 7460,+79990007460,user_7460@example.com,2026-01-25 04:09:44.094683+00:00
cust_ext_7461,Клиент 7461,+79990007461,user_7461@example.com,2026-01-27 01:09:14.547576+00:00
cust_ext_7462,Клиент 7462,+79990007462,user_7462@example.com,2026-01-03 19:51:42.273459+00:00
cust_ext_7463,Клиент 7463,+79990007463,user_7463@example.com,2026-01-30 20:06:50.099218+00:00
cust_ext_7464,Клиент 7464,+79990007464,user_7464@example.com,2026-02-11 15:16:26.166887+00:00
cust_ext_7465,Клиент 7465,+79990007465,user_7465@example.com,2026-02-02 23:30:04.365042+00:00
cust_ext_7466,Клиент 7466,+79990007466,user_7466@example.com,2026-02-07 04:34:07.933868+00:00
cust_ext_7467,Клиент 7467,+79990007467,user_7467@example.com,2026-01-24 01:39:35.930268+00:00
cust_ext_7468,Клиент 7468,+79990007468,user_7468@example.com,2026-01-28 21:35:25.839748+00:00
cust_ext_7469,Клиент 7469,+79990007469,user_7469@example.com,2026-01-17 18:26:55.441619+00:00
cust_ext_7470,Клиент 7470,+79990007470,user_7470@example.com,2026-02-14 05:27:34.103256+00:00
cust_ext_7471,Клиент 7471,+79990007471,user_7471@example.com,2026-02-14 04:24:39.410029+00:00
cust_ext_7472,Клиент 7472,+79990007472,user_7472@example.com,2026-01-27 21:49:15.860462+00:00
cust_ext_7473,Клиент 7473,+79990007473,user_7473@example.com,2026-01-02 13:28:00.800624+00:00
cust_ext_7474,Клиент 7474,+79990007474,user_7474@example.com,2026-01-22 17:15:44.584497+00:00
cust_ext_7475,Клиент 7475,+79990007475,user_7475@example.com,2026-02-07 08:15:27.720767+00:00
cust_ext_7476,Клиент 7476,+79990007476,user_7476@example.com,2026-01-23 13:22:10.428949+00:00
cust_ext_7477,Клиент 7477,+79990007477,user_7477@example.com,2026-01-06 04:45:20.250194+00:00
cust_ext_7478,Клиент 7478,+79990007478,user_7478@example.com,2026-01-24 19:33:41.539617+00:00
cust_ext_7479,Клиент 7479,+79990007479,user_7479@example.com,2026-02-02 11:08:30.018766+00:00
cust_ext_7480,Клиент 7480,+79990007480,user_7480@example.com,2026-01-20 07:07:53.991624+00:00
cust_ext_7481,Клиент 7481,+79990007481,user_7481@example.com,2026-01-07 08:41:20.514255+00:00
cust_ext_7482,Клиент 7482,+79990007482,user_7482@example.com,2026-01-19 14:46:16.831324+00:00
cust_ext_7483,Клиент 7483,+79990007483,user_7483@example.com,2026-02-05 18:29:37.062703+00:00
cust_ext_7484,Клиент 7484,+79990007484,user_7484@example.com,2026-01-18 03:47:18.773569+00:00
cust_ext_7485,Клиент 7485,+79990007485,user_7485@example.com,2026-01-03 17:02:59.966073+00:00
cust_ext_7486,Клиент 7486,+79990007486,user_7486@example.com,2026-02-07 12:34:20.619447+00:00
cust_ext_7487,Клиент 7487,+79990007487,user_7487@example.com,2026-02-07 05:54:10.652524+00:00
cust_ext_7488,Клиент 7488,+79990007488,user_7488@example.com,2026-02-14 11:19:54.609629+00:00
cust_ext_7489,Клиент 7489,+79990007489,user_7489@example.com,2026-01-22 18:50:17.209978+00:00
cust_ext_7490,Клиент 7490,+79990007490,user_7490@example.com,2026-01-07 15:36:55.799214+00:00
cust_ext_7491,Клиент 7491,+79990007491,user_7491@example.com,2026-01-28 17:21:22.733647+00:00
cust_ext_7492,Клиент 7492,+79990007492,user_7492@example.com,2026-02-03 23:49:36.184937+00:00
cust_ext_7493,Клиент 7493,+79990007493,user_7493@example.com,2026-01-12 06:05:10.504525+00:00
cust_ext_7494,Клиент 7494,+79990007494,user_7494@example.com,2026-01-25 10:23:42.228476+00:00
cust_ext_7495,Клиент 7495,+79990007495,user_7495@example.com,2026-02-01 00:14:12.526309+00:00
cust_ext_7496,Клиент 7496,+79990007496,user_7496@example.com,2026-02-14 16:56:44.078780+00:00
cust_ext_7497,Клиент 7497,+79990007497,user_7497@example.com,2026-01-09 10:12:38.503358+00:00
cust_ext_7498,Клиент 7498,+79990007498,user_7498@example.com,2026-02-12 01:20:02.135401+00:00
cust_ext_7499,Клиент 7499,+79990007499,user_7499@example.com,2026-01-06 17:01:35.180089+00:00
cust_ext_7500,Клиент 7500,+79990007500,user_7500@example.com,2026-01-14 21:47:08.882379+00:00
cust_ext_7501,Клиент 7501,+79990007501,user_7501@example.com,2026-01-01 16:41:42.539769+00:00
cust_ext_7502,Клиент 7502,+79990007502,user_7502@example.com,2026-01-10 16:02:30.733004+00:00
cust_ext_7503,Клиент 7503,+79990007503,user_7503@example.com,2026-02-01 05:14:37.487249+00:00
cust_ext_7504,Клиент 7504,+79990007504,user_7504@example.com,2026-01-02 15:33:51.223687+00:00
cust_ext_7505,Клиент 7505,+79990007505,user_7505@example.com,2026-02-05 22:43:17.016820+00:00
cust_ext_7506,Клиент 7506,+79990007506,user_7506@example.com,2026-02-01 14:06:51.999259+00:00
cust_ext_7507,Клиент 7507,+79990007507,user_7507@example.com,2026-02-01 03:37:20.842020+00:00
cust_ext_7508,Клиент 7508,+79990007508,user_7508@example.com,2026-02-12 02:28:02.395029+00:00
cust_ext_7509,Клиент 7509,+79990007509,user_7509@example.com,2026-01-04 22:18:20.064782+00:00
cust_ext_7510,Клиент 7510,+79990007510,user_7510@example.com,2026-02-06 10:37:19.545083+00:00
cust_ext_7511,Клиент 7511,+79990007511,user_7511@example.com,2026-01-01 17:13:56.236220+00:00
cust_ext_7512,Клиент 7512,+79990007512,user_7512@example.com,2026-02-04 15:04:18.062529+00:00
cust_ext_7513,Клиент 7513,+79990007513,user_7513@example.com,2026-01-28 22:55:22.020455+00:00
cust_ext_7514,Клиент 7514,+79990007514,user_7514@example.com,2026-01-26 06:47:52.746337+00:00
cust_ext_7515,Клиент 7515,+79990007515,user_7515@example.com,2026-02-12 11:37:53.337519+00:00
cust_ext_7516,Клиент 7516,+79990007516,user_7516@example.com,2026-01-07 11:19:00.513935+00:00
cust_ext_7517,Клиент 7517,+79990007517,user_7517@example.com,2026-01-18 04:30:40.296706+00:00
cust_ext_7518,Клиент 7518,+79990007518,user_7518@example.com,2026-02-06 13:43:14.508973+00:00
cust_ext_7519,Клиент 7519,+79990007519,user_7519@example.com,2026-02-05 21:14:37.357679+00:00
cust_ext_7520,Клиент 7520,+79990007520,user_7520@example.com,2026-02-01 06:50:39.610799+00:00
cust_ext_7521,Клиент 7521,+79990007521,user_7521@example.com,2026-02-09 06:21:23.000321+00:00
cust_ext_7522,Клиент 7522,+79990007522,user_7522@example.com,2026-01-28 07:02:42.665262+00:00
cust_ext_7523,Клиент 7523,+79990007523,user_7523@example.com,2026-01-06 11:24:01.324938+00:00
cust_ext_7524,Клиент 7524,+79990007524,user_7524@example.com,2026-01-02 12:22:20.111767+00:00
cust_ext_7525,Клиент 7525,+79990007525,user_7525@example.com,2026-01-25 16:17:08.306785+00:00
cust_ext_7526,Клиент 7526,+79990007526,user_7526@example.com,2026-02-02 23:29:18.346896+00:00
cust_ext_7527,Клиент 7527,+79990007527,user_7527@example.com,2026-01-30 01:03:59.328079+00:00
cust_ext_7528,Клиент 7528,+79990007528,user_7528@example.com,2026-02-04 18:42:29.507641+00:00
cust_ext_7529,Клиент 7529,+79990007529,user_7529@example.com,2026-01-10 12:00:52.119359+00:00
cust_ext_7530,Клиент 7530,+79990007530,user_7530@example.com,2026-02-07 05:05:53.324135+00:00
cust_ext_7531,Клиент 7531,+79990007531,user_7531@example.com,2026-01-23 16:06:17.096928+00:00
cust_ext_7532,Клиент 7532,+79990007532,user_7532@example.com,2026-01-31 04:11:29.207930+00:00
cust_ext_7533,Клиент 7533,+79990007533,user_7533@example.com,2026-01-31 05:40:32.870194+00:00
cust_ext_7534,Клиент 7534,+79990007534,user_7534@example.com,2026-02-05 06:04:55.895739+00:00
cust_ext_7535,Клиент 7535,+79990007535,user_7535@example.com,2026-01-06 00:30:37.384635+00:00
cust_ext_7536,Клиент 7536,+79990007536,user_7536@example.com,2026-02-07 01:35:21.955421+00:00
cust_ext_7537,Клиент 7537,+79990007537,user_7537@example.com,2026-02-09 04:36:08.625258+00:00
cust_ext_7538,Клиент 7538,+79990007538,user_7538@example.com,2026-01-19 04:07:43.160929+00:00
cust_ext_7539,Клиент 7539,+79990007539,user_7539@example.com,2026-01-17 21:51:39.637887+00:00
cust_ext_7540,Клиент 7540,+79990007540,user_7540@example.com,2026-01-13 10:55:16.794306+00:00
cust_ext_7541,Клиент 7541,+79990007541,user_7541@example.com,2026-01-04 05:05:30.171697+00:00
cust_ext_7542,Клиент 7542,+79990007542,user_7542@example.com,2026-02-08 04:29:05.442691+00:00
cust_ext_7543,Клиент 7543,+79990007543,user_7543@example.com,2026-02-11 02:13:57.825455+00:00
cust_ext_7544,Клиент 7544,+79990007544,user_7544@example.com,2026-01-03 08:36:03.844645+00:00
cust_ext_7545,Клиент 7545,+79990007545,user_7545@example.com,2026-02-08 13:02:33.616025+00:00
cust_ext_7546,Клиент 7546,+79990007546,user_7546@example.com,2026-01-11 19:22:57.288589+00:00
cust_ext_7547,Клиент 7547,+79990007547,user_7547@example.com,2026-01-15 04:03:04.725326+00:00
cust_ext_7548,Клиент 7548,+79990007548,user_7548@example.com,2026-01-07 04:21:59.131501+00:00
cust_ext_7549,Клиент 7549,+79990007549,user_7549@example.com,2026-01-30 12:16:54.593328+00:00
cust_ext_7550,Клиент 7550,+79990007550,user_7550@example.com,2026-01-25 01:33:29.707227+00:00
cust_ext_7551,Клиент 7551,+79990007551,user_7551@example.com,2026-01-01 20:08:50.882812+00:00
cust_ext_7552,Клиент 7552,+79990007552,user_7552@example.com,2026-01-31 17:04:28.049898+00:00
cust_ext_7553,Клиент 7553,+79990007553,user_7553@example.com,2026-01-11 09:19:24.982167+00:00
cust_ext_7554,Клиент 7554,+79990007554,user_7554@example.com,2026-01-27 11:31:35.412359+00:00
cust_ext_7555,Клиент 7555,+79990007555,user_7555@example.com,2026-01-29 12:47:42.933947+00:00
cust_ext_7556,Клиент 7556,+79990007556,user_7556@example.com,2026-02-12 14:21:12.793584+00:00
cust_ext_7557,Клиент 7557,+79990007557,user_7557@example.com,2026-01-16 10:13:55.034732+00:00
cust_ext_7558,Клиент 7558,+79990007558,user_7558@example.com,2026-01-25 15:12:10.428093+00:00
cust_ext_7559,Клиент 7559,+79990007559,user_7559@example.com,2026-01-12 04:35:04.227504+00:00
cust_ext_7560,Клиент 7560,+79990007560,user_7560@example.com,2026-02-01 04:11:53.039588+00:00
cust_ext_7561,Клиент 7561,+79990007561,user_7561@example.com,2026-01-21 08:23:20.163951+00:00
cust_ext_7562,Клиент 7562,+79990007562,user_7562@example.com,2026-01-12 03:45:49.686266+00:00
cust_ext_7563,Клиент 7563,+79990007563,user_7563@example.com,2026-01-19 17:17:00.122374+00:00
cust_ext_7564,Клиент 7564,+79990007564,user_7564@example.com,2026-01-27 00:41:32.796907+00:00
cust_ext_7565,Клиент 7565,+79990007565,user_7565@example.com,2026-02-01 06:04:05.915585+00:00
cust_ext_7566,Клиент 7566,+79990007566,user_7566@example.com,2026-02-08 07:09:33.061351+00:00
cust_ext_7567,Клиент 7567,+79990007567,user_7567@example.com,2026-02-13 19:53:43.237244+00:00
cust_ext_7568,Клиент 7568,+79990007568,user_7568@example.com,2026-01-19 00:09:57.253863+00:00
cust_ext_7569,Клиент 7569,+79990007569,user_7569@example.com,2026-01-20 14:46:27.838414+00:00
cust_ext_7570,Клиент 7570,+79990007570,user_7570@example.com,2026-02-07 14:00:45.783342+00:00
cust_ext_7571,Клиент 7571,+79990007571,user_7571@example.com,2026-01-29 04:45:25.821937+00:00
cust_ext_7572,Клиент 7572,+79990007572,user_7572@example.com,2026-01-29 04:06:02.609325+00:00
cust_ext_7573,Клиент 7573,+79990007573,user_7573@example.com,2026-02-02 17:24:29.148557+00:00
cust_ext_7574,Клиент 7574,+79990007574,user_7574@example.com,2026-01-29 06:31:42.788555+00:00
cust_ext_7575,Клиент 7575,+79990007575,user_7575@example.com,2026-01-07 01:30:43.650248+00:00
cust_ext_7576,Клиент 7576,+79990007576,user_7576@example.com,2026-01-05 06:24:00.936264+00:00
cust_ext_7577,Клиент 7577,+79990007577,user_7577@example.com,2026-01-19 06:49:37.399476+00:00
cust_ext_7578,Клиент 7578,+79990007578,user_7578@example.com,2026-01-26 04:30:31.342137+00:00
cust_ext_7579,Клиент 7579,+79990007579,user_7579@example.com,2026-01-26 12:26:23.698134+00:00
cust_ext_7580,Клиент 7580,+79990007580,user_7580@example.com,2026-01-14 13:20:12.788186+00:00
cust_ext_7581,Клиент 7581,+79990007581,user_7581@example.com,2026-02-14 07:32:42.718999+00:00
cust_ext_7582,Клиент 7582,+79990007582,user_7582@example.com,2026-01-18 17:07:22.100307+00:00
cust_ext_7583,Клиент 7583,+79990007583,user_7583@example.com,2026-02-13 23:24:23.941981+00:00
cust_ext_7584,Клиент 7584,+79990007584,user_7584@example.com,2026-02-10 18:39:46.009215+00:00
cust_ext_7585,Клиент 7585,+79990007585,user_7585@example.com,2026-02-02 04:38:21.597961+00:00
cust_ext_7586,Клиент 7586,+79990007586,user_7586@example.com,2026-01-04 21:21:50.220750+00:00
cust_ext_7587,Клиент 7587,+79990007587,user_7587@example.com,2026-01-12 07:38:25.282206+00:00
cust_ext_7588,Клиент 7588,+79990007588,user_7588@example.com,2026-02-07 11:21:07.384228+00:00
cust_ext_7589,Клиент 7589,+79990007589,user_7589@example.com,2026-01-12 10:56:54.368220+00:00
cust_ext_7590,Клиент 7590,+79990007590,user_7590@example.com,2026-02-05 13:50:46.140560+00:00
cust_ext_7591,Клиент 7591,+79990007591,user_7591@example.com,2026-02-08 04:55:17.206798+00:00
cust_ext_7592,Клиент 7592,+79990007592,user_7592@example.com,2026-01-18 18:20:01.423990+00:00
cust_ext_7593,Клиент 7593,+79990007593,user_7593@example.com,2026-01-31 14:07:33.664764+00:00
cust_ext_7594,Клиент 7594,+79990007594,user_7594@example.com,2026-02-04 11:37:42.892843+00:00
cust_ext_7595,Клиент 7595,+79990007595,user_7595@example.com,2026-01-25 03:13:42.574079+00:00
cust_ext_7596,Клиент 7596,+79990007596,user_7596@example.com,2026-02-09 23:01:47.103165+00:00
cust_ext_7597,Клиент 7597,+79990007597,user_7597@example.com,2026-01-10 03:40:23.475099+00:00
cust_ext_7598,Клиент 7598,+79990007598,user_7598@example.com,2026-02-13 08:23:23.452888+00:00
cust_ext_7599,Клиент 7599,+79990007599,user_7599@example.com,2026-02-09 21:12:00.514687+00:00
cust_ext_7600,Клиент 7600,+79990007600,user_7600@example.com,2026-01-28 16:54:37.758510+00:00
cust_ext_7601,Клиент 7601,+79990007601,user_7601@example.com,2026-01-14 01:15:53.880506+00:00
cust_ext_7602,Клиент 7602,+79990007602,user_7602@example.com,2026-02-11 09:24:45.472627+00:00
cust_ext_7603,Клиент 7603,+79990007603,user_7603@example.com,2026-01-31 23:07:05.941997+00:00
cust_ext_7604,Клиент 7604,+79990007604,user_7604@example.com,2026-01-20 15:31:05.069024+00:00
cust_ext_7605,Клиент 7605,+79990007605,user_7605@example.com,2026-01-07 17:36:39.526903+00:00
cust_ext_7606,Клиент 7606,+79990007606,user_7606@example.com,2026-02-05 12:46:45.999138+00:00
cust_ext_7607,Клиент 7607,+79990007607,user_7607@example.com,2026-01-11 22:22:40.052249+00:00
cust_ext_7608,Клиент 7608,+79990007608,user_7608@example.com,2026-02-14 10:59:49.755334+00:00
cust_ext_7609,Клиент 7609,+79990007609,user_7609@example.com,2026-01-09 23:21:50.009684+00:00
cust_ext_7610,Клиент 7610,+79990007610,user_7610@example.com,2026-01-08 07:16:13.431168+00:00
cust_ext_7611,Клиент 7611,+79990007611,user_7611@example.com,2026-01-28 20:42:12.885748+00:00
cust_ext_7612,Клиент 7612,+79990007612,user_7612@example.com,2026-02-03 18:10:14.016386+00:00
cust_ext_7613,Клиент 7613,+79990007613,user_7613@example.com,2026-02-11 05:24:05.295431+00:00
cust_ext_7614,Клиент 7614,+79990007614,user_7614@example.com,2026-01-25 10:40:44.630550+00:00
cust_ext_7615,Клиент 7615,+79990007615,user_7615@example.com,2026-01-13 15:19:57.671354+00:00
cust_ext_7616,Клиент 7616,+79990007616,user_7616@example.com,2026-01-01 13:40:20.919088+00:00
cust_ext_7617,Клиент 7617,+79990007617,user_7617@example.com,2026-01-31 06:18:41.368437+00:00
cust_ext_7618,Клиент 7618,+79990007618,user_7618@example.com,2026-02-06 03:33:02.003128+00:00
cust_ext_7619,Клиент 7619,+79990007619,user_7619@example.com,2026-01-31 07:16:41.833605+00:00
cust_ext_7620,Клиент 7620,+79990007620,user_7620@example.com,2026-02-13 06:20:35.470970+00:00
cust_ext_7621,Клиент 7621,+79990007621,user_7621@example.com,2026-01-18 08:15:54.319657+00:00
cust_ext_7622,Клиент 7622,+79990007622,user_7622@example.com,2026-01-21 01:39:57.733651+00:00
cust_ext_7623,Клиент 7623,+79990007623,user_7623@example.com,2026-01-17 09:07:24.276136+00:00
cust_ext_7624,Клиент 7624,+79990007624,user_7624@example.com,2026-01-08 22:12:30.439190+00:00
cust_ext_7625,Клиент 7625,+79990007625,user_7625@example.com,2026-02-05 20:05:29.191661+00:00
cust_ext_7626,Клиент 7626,+79990007626,user_7626@example.com,2026-02-08 09:13:14.111215+00:00
cust_ext_7627,Клиент 7627,+79990007627,user_7627@example.com,2026-01-15 13:24:26.499427+00:00
cust_ext_7628,Клиент 7628,+79990007628,user_7628@example.com,2026-02-08 05:34:41.840187+00:00
cust_ext_7629,Клиент 7629,+79990007629,user_7629@example.com,2026-02-08 17:14:16.971920+00:00
cust_ext_7630,Клиент 7630,+79990007630,user_7630@example.com,2026-01-30 10:03:09.985888+00:00
cust_ext_7631,Клиент 7631,+79990007631,user_7631@example.com,2026-01-17 00:08:32.204910+00:00
cust_ext_7632,Клиент 7632,+79990007632,user_7632@example.com,2026-02-08 13:41:21.190774+00:00
cust_ext_7633,Клиент 7633,+79990007633,user_7633@example.com,2026-01-17 05:36:57.354840+00:00
cust_ext_7634,Клиент 7634,+79990007634,user_7634@example.com,2026-01-04 11:56:05.828059+00:00
cust_ext_7635,Клиент 7635,+79990007635,user_7635@example.com,2026-01-16 04:19:53.059622+00:00
cust_ext_7636,Клиент 7636,+79990007636,user_7636@example.com,2026-01-31 22:02:39.408621+00:00
cust_ext_7637,Клиент 7637,+79990007637,user_7637@example.com,2026-01-30 20:29:01.905239+00:00
cust_ext_7638,Клиент 7638,+79990007638,user_7638@example.com,2026-01-16 16:03:00.365535+00:00
cust_ext_7639,Клиент 7639,+79990007639,user_7639@example.com,2026-01-24 10:30:10.942319+00:00
cust_ext_7640,Клиент 7640,+79990007640,user_7640@example.com,2026-01-23 13:51:08.189121+00:00
cust_ext_7641,Клиент 7641,+79990007641,user_7641@example.com,2026-01-23 15:06:35.072509+00:00
cust_ext_7642,Клиент 7642,+79990007642,user_7642@example.com,2026-02-06 03:38:24.381208+00:00
cust_ext_7643,Клиент 7643,+79990007643,user_7643@example.com,2026-01-14 14:21:53.635281+00:00
cust_ext_7644,Клиент 7644,+79990007644,user_7644@example.com,2026-01-30 10:54:25.999711+00:00
cust_ext_7645,Клиент 7645,+79990007645,user_7645@example.com,2026-01-17 14:48:29.443762+00:00
cust_ext_7646,Клиент 7646,+79990007646,user_7646@example.com,2026-01-30 20:05:26.135089+00:00
cust_ext_7647,Клиент 7647,+79990007647,user_7647@example.com,2026-01-21 13:08:33.047642+00:00
cust_ext_7648,Клиент 7648,+79990007648,user_7648@example.com,2026-01-01 11:35:37.486877+00:00
cust_ext_7649,Клиент 7649,+79990007649,user_7649@example.com,2026-01-28 15:27:14.883505+00:00
cust_ext_7650,Клиент 7650,+79990007650,user_7650@example.com,2026-02-01 06:18:11.972760+00:00
cust_ext_7651,Клиент 7651,+79990007651,user_7651@example.com,2026-02-13 08:09:30.375091+00:00
cust_ext_7652,Клиент 7652,+79990007652,user_7652@example.com,2026-02-05 10:12:46.724751+00:00
cust_ext_7653,Клиент 7653,+79990007653,user_7653@example.com,2026-01-28 08:02:58.137077+00:00
cust_ext_7654,Клиент 7654,+79990007654,user_7654@example.com,2026-01-06 07:30:32.700532+00:00
cust_ext_7655,Клиент 7655,+79990007655,user_7655@example.com,2026-01-09 15:27:44.203299+00:00
cust_ext_7656,Клиент 7656,+79990007656,user_7656@example.com,2026-01-03 11:46:40.467465+00:00
cust_ext_7657,Клиент 7657,+79990007657,user_7657@example.com,2026-01-04 16:19:01.746929+00:00
cust_ext_7658,Клиент 7658,+79990007658,user_7658@example.com,2026-01-06 13:31:07.539505+00:00
cust_ext_7659,Клиент 7659,+79990007659,user_7659@example.com,2026-02-09 15:19:18.133401+00:00
cust_ext_7660,Клиент 7660,+79990007660,user_7660@example.com,2026-01-22 05:23:43.264730+00:00
cust_ext_7661,Клиент 7661,+79990007661,user_7661@example.com,2026-01-08 08:30:05.222862+00:00
cust_ext_7662,Клиент 7662,+79990007662,user_7662@example.com,2026-02-10 19:24:54.559652+00:00
cust_ext_7663,Клиент 7663,+79990007663,user_7663@example.com,2026-01-16 09:51:43.568663+00:00
cust_ext_7664,Клиент 7664,+79990007664,user_7664@example.com,2026-02-10 22:17:18.929923+00:00
cust_ext_7665,Клиент 7665,+79990007665,user_7665@example.com,2026-01-25 03:51:23.034933+00:00
cust_ext_7666,Клиент 7666,+79990007666,user_7666@example.com,2026-01-02 06:35:12.669951+00:00
cust_ext_7667,Клиент 7667,+79990007667,user_7667@example.com,2026-01-21 13:33:58.644984+00:00
cust_ext_7668,Клиент 7668,+79990007668,user_7668@example.com,2026-01-28 18:42:59.684164+00:00
cust_ext_7669,Клиент 7669,+79990007669,user_7669@example.com,2026-02-08 07:16:30.454695+00:00
cust_ext_7670,Клиент 7670,+79990007670,user_7670@example.com,2026-01-16 11:43:03.644682+00:00
cust_ext_7671,Клиент 7671,+79990007671,user_7671@example.com,2026-01-11 18:20:16.744831+00:00
cust_ext_7672,Клиент 7672,+79990007672,user_7672@example.com,2026-02-09 23:50:24.364091+00:00
cust_ext_7673,Клиент 7673,+79990007673,user_7673@example.com,2026-01-05 14:46:19.804069+00:00
cust_ext_7674,Клиент 7674,+79990007674,user_7674@example.com,2026-02-13 18:31:19.436080+00:00
cust_ext_7675,Клиент 7675,+79990007675,user_7675@example.com,2026-01-15 18:56:35.773117+00:00
cust_ext_7676,Клиент 7676,+79990007676,user_7676@example.com,2026-01-13 18:36:13.863787+00:00
cust_ext_7677,Клиент 7677,+79990007677,user_7677@example.com,2026-01-19 14:55:33.677213+00:00
cust_ext_7678,Клиент 7678,+79990007678,user_7678@example.com,2026-01-19 02:04:46.104749+00:00
cust_ext_7679,Клиент 7679,+79990007679,user_7679@example.com,2026-02-05 02:44:47.504791+00:00
cust_ext_7680,Клиент 7680,+79990007680,user_7680@example.com,2026-01-08 12:09:18.760953+00:00
cust_ext_7681,Клиент 7681,+79990007681,user_7681@example.com,2026-01-21 16:02:29.379059+00:00
cust_ext_7682,Клиент 7682,+79990007682,user_7682@example.com,2026-02-10 17:43:51.714604+00:00
cust_ext_7683,Клиент 7683,+79990007683,user_7683@example.com,2026-01-11 22:58:52.804630+00:00
cust_ext_7684,Клиент 7684,+79990007684,user_7684@example.com,2026-01-28 23:07:59.280771+00:00
cust_ext_7685,Клиент 7685,+79990007685,user_7685@example.com,2026-01-09 04:54:49.777094+00:00
cust_ext_7686,Клиент 7686,+79990007686,user_7686@example.com,2026-01-12 05:08:45.950836+00:00
cust_ext_7687,Клиент 7687,+79990007687,user_7687@example.com,2026-01-29 06:26:08.200867+00:00
cust_ext_7688,Клиент 7688,+79990007688,user_7688@example.com,2026-02-05 20:33:46.512872+00:00
cust_ext_7689,Клиент 7689,+79990007689,user_7689@example.com,2026-02-12 00:44:59.496108+00:00
cust_ext_7690,Клиент 7690,+79990007690,user_7690@example.com,2026-01-17 03:57:12.771761+00:00
cust_ext_7691,Клиент 7691,+79990007691,user_7691@example.com,2026-01-02 16:48:08.033925+00:00
cust_ext_7692,Клиент 7692,+79990007692,user_7692@example.com,2026-02-11 13:57:58.560191+00:00
cust_ext_7693,Клиент 7693,+79990007693,user_7693@example.com,2026-01-12 08:57:02.644949+00:00
cust_ext_7694,Клиент 7694,+79990007694,user_7694@example.com,2026-01-11 03:41:05.301892+00:00
cust_ext_7695,Клиент 7695,+79990007695,user_7695@example.com,2026-01-10 13:29:00.579308+00:00
cust_ext_7696,Клиент 7696,+79990007696,user_7696@example.com,2026-01-26 22:08:11.296078+00:00
cust_ext_7697,Клиент 7697,+79990007697,user_7697@example.com,2026-01-21 08:08:08.837217+00:00
cust_ext_7698,Клиент 7698,+79990007698,user_7698@example.com,2026-01-12 01:03:12.791009+00:00
cust_ext_7699,Клиент 7699,+79990007699,user_7699@example.com,2026-01-13 23:47:42.642549+00:00
cust_ext_7700,Клиент 7700,+79990007700,user_7700@example.com,2026-01-08 22:16:45.533173+00:00
cust_ext_7701,Клиент 7701,+79990007701,user_7701@example.com,2026-01-05 18:12:26.661623+00:00
cust_ext_7702,Клиент 7702,+79990007702,user_7702@example.com,2026-01-13 18:38:05.220114+00:00
cust_ext_7703,Клиент 7703,+79990007703,user_7703@example.com,2026-01-28 19:39:47.644681+00:00
cust_ext_7704,Клиент 7704,+79990007704,user_7704@example.com,2026-02-03 13:06:41.048213+00:00
cust_ext_7705,Клиент 7705,+79990007705,user_7705@example.com,2026-01-08 05:24:06.040148+00:00
cust_ext_7706,Клиент 7706,+79990007706,user_7706@example.com,2026-02-14 07:24:38.869570+00:00
cust_ext_7707,Клиент 7707,+79990007707,user_7707@example.com,2026-01-01 02:22:28.909891+00:00
cust_ext_7708,Клиент 7708,+79990007708,user_7708@example.com,2026-01-28 17:33:55.352843+00:00
cust_ext_7709,Клиент 7709,+79990007709,user_7709@example.com,2026-02-05 22:32:19.660548+00:00
cust_ext_7710,Клиент 7710,+79990007710,user_7710@example.com,2026-01-06 07:25:24.226055+00:00
cust_ext_7711,Клиент 7711,+79990007711,user_7711@example.com,2026-01-19 14:44:56.042770+00:00
cust_ext_7712,Клиент 7712,+79990007712,user_7712@example.com,2026-02-06 06:49:26.975803+00:00
cust_ext_7713,Клиент 7713,+79990007713,user_7713@example.com,2026-02-11 01:26:00.150769+00:00
cust_ext_7714,Клиент 7714,+79990007714,user_7714@example.com,2026-02-06 08:28:46.413602+00:00
cust_ext_7715,Клиент 7715,+79990007715,user_7715@example.com,2026-02-07 20:11:11.191577+00:00
cust_ext_7716,Клиент 7716,+79990007716,user_7716@example.com,2026-02-03 11:38:01.796720+00:00
cust_ext_7717,Клиент 7717,+79990007717,user_7717@example.com,2026-02-02 05:06:39.472457+00:00
cust_ext_7718,Клиент 7718,+79990007718,user_7718@example.com,2026-01-28 21:56:14.560603+00:00
cust_ext_7719,Клиент 7719,+79990007719,user_7719@example.com,2026-02-03 16:37:27.611357+00:00
cust_ext_7720,Клиент 7720,+79990007720,user_7720@example.com,2026-01-07 10:28:12.200456+00:00
cust_ext_7721,Клиент 7721,+79990007721,user_7721@example.com,2026-01-21 11:38:15.084282+00:00
cust_ext_7722,Клиент 7722,+79990007722,user_7722@example.com,2026-01-19 07:12:49.274691+00:00
cust_ext_7723,Клиент 7723,+79990007723,user_7723@example.com,2026-01-28 19:31:31.938756+00:00
cust_ext_7724,Клиент 7724,+79990007724,user_7724@example.com,2026-01-06 01:10:01.335457+00:00
cust_ext_7725,Клиент 7725,+79990007725,user_7725@example.com,2026-02-08 02:37:13.942333+00:00
cust_ext_7726,Клиент 7726,+79990007726,user_7726@example.com,2026-01-04 03:04:36.479333+00:00
cust_ext_7727,Клиент 7727,+79990007727,user_7727@example.com,2026-01-13 01:32:56.900640+00:00
cust_ext_7728,Клиент 7728,+79990007728,user_7728@example.com,2026-01-22 16:04:08.904766+00:00
cust_ext_7729,Клиент 7729,+79990007729,user_7729@example.com,2026-01-24 07:27:23.623249+00:00
cust_ext_7730,Клиент 7730,+79990007730,user_7730@example.com,2026-02-12 07:29:31.611271+00:00
cust_ext_7731,Клиент 7731,+79990007731,user_7731@example.com,2026-01-12 23:40:43.236383+00:00
cust_ext_7732,Клиент 7732,+79990007732,user_7732@example.com,2026-01-06 08:02:28.126663+00:00
cust_ext_7733,Клиент 7733,+79990007733,user_7733@example.com,2026-01-15 10:22:28.725138+00:00
cust_ext_7734,Клиент 7734,+79990007734,user_7734@example.com,2026-01-08 12:50:08.295109+00:00
cust_ext_7735,Клиент 7735,+79990007735,user_7735@example.com,2026-01-06 19:32:02.789199+00:00
cust_ext_7736,Клиент 7736,+79990007736,user_7736@example.com,2026-01-31 03:14:06.503458+00:00
cust_ext_7737,Клиент 7737,+79990007737,user_7737@example.com,2026-01-01 12:29:32.868866+00:00
cust_ext_7738,Клиент 7738,+79990007738,user_7738@example.com,2026-02-04 21:25:43.282882+00:00
cust_ext_7739,Клиент 7739,+79990007739,user_7739@example.com,2026-01-03 21:58:53.153840+00:00
cust_ext_7740,Клиент 7740,+79990007740,user_7740@example.com,2026-01-09 06:24:36.109406+00:00
cust_ext_7741,Клиент 7741,+79990007741,user_7741@example.com,2026-01-23 23:03:41.164498+00:00
cust_ext_7742,Клиент 7742,+79990007742,user_7742@example.com,2026-01-08 13:47:03.219170+00:00
cust_ext_7743,Клиент 7743,+79990007743,user_7743@example.com,2026-02-01 04:19:59.960087+00:00
cust_ext_7744,Клиент 7744,+79990007744,user_7744@example.com,2026-02-04 19:35:40.037353+00:00
cust_ext_7745,Клиент 7745,+79990007745,user_7745@example.com,2026-01-10 23:37:41.714632+00:00
cust_ext_7746,Клиент 7746,+79990007746,user_7746@example.com,2026-01-17 13:36:13.146579+00:00
cust_ext_7747,Клиент 7747,+79990007747,user_7747@example.com,2026-02-04 09:42:30.825690+00:00
cust_ext_7748,Клиент 7748,+79990007748,user_7748@example.com,2026-01-02 05:03:21.717339+00:00
cust_ext_7749,Клиент 7749,+79990007749,user_7749@example.com,2026-02-02 18:41:17.343694+00:00
cust_ext_7750,Клиент 7750,+79990007750,user_7750@example.com,2026-02-01 06:59:16.325645+00:00
cust_ext_7751,Клиент 7751,+79990007751,user_7751@example.com,2026-01-21 13:40:34.407228+00:00
cust_ext_7752,Клиент 7752,+79990007752,user_7752@example.com,2026-02-11 21:15:24.695772+00:00
cust_ext_7753,Клиент 7753,+79990007753,user_7753@example.com,2026-02-09 16:01:15.695324+00:00
cust_ext_7754,Клиент 7754,+79990007754,user_7754@example.com,2026-01-08 14:55:20.123136+00:00
cust_ext_7755,Клиент 7755,+79990007755,user_7755@example.com,2026-01-07 16:10:55.298429+00:00
cust_ext_7756,Клиент 7756,+79990007756,user_7756@example.com,2026-01-28 21:38:02.408909+00:00
cust_ext_7757,Клиент 7757,+79990007757,user_7757@example.com,2026-02-10 20:47:28.583129+00:00
cust_ext_7758,Клиент 7758,+79990007758,user_7758@example.com,2026-01-21 18:26:39.556420+00:00
cust_ext_7759,Клиент 7759,+79990007759,user_7759@example.com,2026-01-28 06:45:03.742911+00:00
cust_ext_7760,Клиент 7760,+79990007760,user_7760@example.com,2026-01-14 21:47:51.654965+00:00
cust_ext_7761,Клиент 7761,+79990007761,user_7761@example.com,2026-01-10 02:10:30.841982+00:00
cust_ext_7762,Клиент 7762,+79990007762,user_7762@example.com,2026-02-05 16:57:32.578424+00:00
cust_ext_7763,Клиент 7763,+79990007763,user_7763@example.com,2026-01-17 18:25:54.300693+00:00
cust_ext_7764,Клиент 7764,+79990007764,user_7764@example.com,2026-01-25 20:20:52.458748+00:00
cust_ext_7765,Клиент 7765,+79990007765,user_7765@example.com,2026-02-09 22:32:06.089752+00:00
cust_ext_7766,Клиент 7766,+79990007766,user_7766@example.com,2026-01-26 10:32:52.923546+00:00
cust_ext_7767,Клиент 7767,+79990007767,user_7767@example.com,2026-01-30 02:54:52.355053+00:00
cust_ext_7768,Клиент 7768,+79990007768,user_7768@example.com,2026-01-09 19:04:01.119429+00:00
cust_ext_7769,Клиент 7769,+79990007769,user_7769@example.com,2026-02-11 11:06:42.571941+00:00
cust_ext_7770,Клиент 7770,+79990007770,user_7770@example.com,2026-02-11 07:07:31.826528+00:00
cust_ext_7771,Клиент 7771,+79990007771,user_7771@example.com,2026-02-12 09:26:32.378681+00:00
cust_ext_7772,Клиент 7772,+79990007772,user_7772@example.com,2026-01-21 22:15:04.460542+00:00
cust_ext_7773,Клиент 7773,+79990007773,user_7773@example.com,2026-02-04 08:39:20.241738+00:00
cust_ext_7774,Клиент 7774,+79990007774,user_7774@example.com,2026-01-13 13:40:58.945178+00:00
cust_ext_7775,Клиент 7775,+79990007775,user_7775@example.com,2026-01-15 21:22:06.396215+00:00
cust_ext_7776,Клиент 7776,+79990007776,user_7776@example.com,2026-02-05 02:03:13.095479+00:00
cust_ext_7777,Клиент 7777,+79990007777,user_7777@example.com,2026-02-13 09:25:53.783596+00:00
cust_ext_7778,Клиент 7778,+79990007778,user_7778@example.com,2026-01-21 10:46:17.419045+00:00
cust_ext_7779,Клиент 7779,+79990007779,user_7779@example.com,2026-01-26 14:18:02.222410+00:00
cust_ext_7780,Клиент 7780,+79990007780,user_7780@example.com,2026-01-01 02:13:42.370567+00:00
cust_ext_7781,Клиент 7781,+79990007781,user_7781@example.com,2026-02-11 09:15:32.683331+00:00
cust_ext_7782,Клиент 7782,+79990007782,user_7782@example.com,2026-02-13 10:39:25.534804+00:00
cust_ext_7783,Клиент 7783,+79990007783,user_7783@example.com,2026-01-24 03:27:51.048958+00:00
cust_ext_7784,Клиент 7784,+79990007784,user_7784@example.com,2026-02-01 15:16:37.107412+00:00
cust_ext_7785,Клиент 7785,+79990007785,user_7785@example.com,2026-02-09 09:51:54.860736+00:00
cust_ext_7786,Клиент 7786,+79990007786,user_7786@example.com,2026-01-27 03:52:18.248517+00:00
cust_ext_7787,Клиент 7787,+79990007787,user_7787@example.com,2026-02-14 03:57:15.347920+00:00
cust_ext_7788,Клиент 7788,+79990007788,user_7788@example.com,2026-01-27 23:06:01.253895+00:00
cust_ext_7789,Клиент 7789,+79990007789,user_7789@example.com,2026-01-02 08:32:33.270116+00:00
cust_ext_7790,Клиент 7790,+79990007790,user_7790@example.com,2026-02-02 19:43:56.047180+00:00
cust_ext_7791,Клиент 7791,+79990007791,user_7791@example.com,2026-01-23 12:19:43.216884+00:00
cust_ext_7792,Клиент 7792,+79990007792,user_7792@example.com,2026-01-12 12:51:55.625844+00:00
cust_ext_7793,Клиент 7793,+79990007793,user_7793@example.com,2026-02-10 23:10:21.448616+00:00
cust_ext_7794,Клиент 7794,+79990007794,user_7794@example.com,2026-02-05 20:06:18.667078+00:00
cust_ext_7795,Клиент 7795,+79990007795,user_7795@example.com,2026-01-20 14:18:29.696419+00:00
cust_ext_7796,Клиент 7796,+79990007796,user_7796@example.com,2026-01-12 00:01:20.729091+00:00
cust_ext_7797,Клиент 7797,+79990007797,user_7797@example.com,2026-01-09 16:41:24.014083+00:00
cust_ext_7798,Клиент 7798,+79990007798,user_7798@example.com,2026-01-31 13:45:56.857660+00:00
cust_ext_7799,Клиент 7799,+79990007799,user_7799@example.com,2026-01-27 01:15:54.680457+00:00
cust_ext_7800,Клиент 7800,+79990007800,user_7800@example.com,2026-01-29 02:24:56.624276+00:00
cust_ext_7801,Клиент 7801,+79990007801,user_7801@example.com,2026-01-10 15:53:46.457732+00:00
cust_ext_7802,Клиент 7802,+79990007802,user_7802@example.com,2026-02-08 14:04:31.154688+00:00
cust_ext_7803,Клиент 7803,+79990007803,user_7803@example.com,2026-01-21 23:17:08.062667+00:00
cust_ext_7804,Клиент 7804,+79990007804,user_7804@example.com,2026-01-14 01:04:07.682382+00:00
cust_ext_7805,Клиент 7805,+79990007805,user_7805@example.com,2026-02-14 16:44:28.511440+00:00
cust_ext_7806,Клиент 7806,+79990007806,user_7806@example.com,2026-01-08 02:34:36.554716+00:00
cust_ext_7807,Клиент 7807,+79990007807,user_7807@example.com,2026-01-17 19:58:30.431681+00:00
cust_ext_7808,Клиент 7808,+79990007808,user_7808@example.com,2026-01-14 14:08:07.306360+00:00
cust_ext_7809,Клиент 7809,+79990007809,user_7809@example.com,2026-01-22 16:42:34.666306+00:00
cust_ext_7810,Клиент 7810,+79990007810,user_7810@example.com,2026-01-19 10:01:30.535992+00:00
cust_ext_7811,Клиент 7811,+79990007811,user_7811@example.com,2026-01-16 08:00:36.497499+00:00
cust_ext_7812,Клиент 7812,+79990007812,user_7812@example.com,2026-01-19 03:23:07.852626+00:00
cust_ext_7813,Клиент 7813,+79990007813,user_7813@example.com,2026-01-06 09:09:25.382948+00:00
cust_ext_7814,Клиент 7814,+79990007814,user_7814@example.com,2026-01-03 20:44:51.907011+00:00
cust_ext_7815,Клиент 7815,+79990007815,user_7815@example.com,2026-01-04 10:08:50.596698+00:00
cust_ext_7816,Клиент 7816,+79990007816,user_7816@example.com,2026-01-06 12:16:36.412960+00:00
cust_ext_7817,Клиент 7817,+79990007817,user_7817@example.com,2026-02-07 09:28:00.998059+00:00
cust_ext_7818,Клиент 7818,+79990007818,user_7818@example.com,2026-01-07 11:39:15.790839+00:00
cust_ext_7819,Клиент 7819,+79990007819,user_7819@example.com,2026-01-07 20:50:42.887197+00:00
cust_ext_7820,Клиент 7820,+79990007820,user_7820@example.com,2026-01-27 01:18:29.787999+00:00
cust_ext_7821,Клиент 7821,+79990007821,user_7821@example.com,2026-01-07 02:27:10.795162+00:00
cust_ext_7822,Клиент 7822,+79990007822,user_7822@example.com,2026-01-15 02:56:27.714001+00:00
cust_ext_7823,Клиент 7823,+79990007823,user_7823@example.com,2026-01-21 23:12:48.006323+00:00
cust_ext_7824,Клиент 7824,+79990007824,user_7824@example.com,2026-02-12 16:25:42.009115+00:00
cust_ext_7825,Клиент 7825,+79990007825,user_7825@example.com,2026-01-24 17:56:32.393772+00:00
cust_ext_7826,Клиент 7826,+79990007826,user_7826@example.com,2026-01-25 14:16:00.855798+00:00
cust_ext_7827,Клиент 7827,+79990007827,user_7827@example.com,2026-02-10 03:35:18.620478+00:00
cust_ext_7828,Клиент 7828,+79990007828,user_7828@example.com,2026-02-03 13:46:01.089037+00:00
cust_ext_7829,Клиент 7829,+79990007829,user_7829@example.com,2026-01-05 21:12:05.120966+00:00
cust_ext_7830,Клиент 7830,+79990007830,user_7830@example.com,2026-01-04 19:35:09.708758+00:00
cust_ext_7831,Клиент 7831,+79990007831,user_7831@example.com,2026-01-23 12:46:56.994299+00:00
cust_ext_7832,Клиент 7832,+79990007832,user_7832@example.com,2026-01-15 08:27:47.824742+00:00
cust_ext_7833,Клиент 7833,+79990007833,user_7833@example.com,2026-01-29 04:00:15.044311+00:00
cust_ext_7834,Клиент 7834,+79990007834,user_7834@example.com,2026-01-14 21:42:48.831639+00:00
cust_ext_7835,Клиент 7835,+79990007835,user_7835@example.com,2026-02-07 10:39:28.134220+00:00
cust_ext_7836,Клиент 7836,+79990007836,user_7836@example.com,2026-02-03 22:58:39.432349+00:00
cust_ext_7837,Клиент 7837,+79990007837,user_7837@example.com,2026-01-22 15:20:35.911874+00:00
cust_ext_7838,Клиент 7838,+79990007838,user_7838@example.com,2026-01-14 11:29:54.662313+00:00
cust_ext_7839,Клиент 7839,+79990007839,user_7839@example.com,2026-01-13 21:44:31.360142+00:00
cust_ext_7840,Клиент 7840,+79990007840,user_7840@example.com,2026-01-10 16:10:17.653476+00:00
cust_ext_7841,Клиент 7841,+79990007841,user_7841@example.com,2026-02-10 15:43:35.443196+00:00
cust_ext_7842,Клиент 7842,+79990007842,user_7842@example.com,2026-01-30 17:54:54.599008+00:00
cust_ext_7843,Клиент 7843,+79990007843,user_7843@example.com,2026-01-30 20:00:17.460072+00:00
cust_ext_7844,Клиент 7844,+79990007844,user_7844@example.com,2026-01-28 16:30:52.166437+00:00
cust_ext_7845,Клиент 7845,+79990007845,user_7845@example.com,2026-01-05 19:08:06.089616+00:00
cust_ext_7846,Клиент 7846,+79990007846,user_7846@example.com,2026-02-04 02:58:39.568408+00:00
cust_ext_7847,Клиент 7847,+79990007847,user_7847@example.com,2026-01-30 07:43:30.324741+00:00
cust_ext_7848,Клиент 7848,+79990007848,user_7848@example.com,2026-01-29 16:08:33.402265+00:00
cust_ext_7849,Клиент 7849,+79990007849,user_7849@example.com,2026-01-18 21:18:31.618316+00:00
cust_ext_7850,Клиент 7850,+79990007850,user_7850@example.com,2026-01-14 08:36:55.872809+00:00
cust_ext_7851,Клиент 7851,+79990007851,user_7851@example.com,2026-02-04 19:29:53.235115+00:00
cust_ext_7852,Клиент 7852,+79990007852,user_7852@example.com,2026-01-04 15:57:19.736940+00:00
cust_ext_7853,Клиент 7853,+79990007853,user_7853@example.com,2026-01-14 16:00:37.849343+00:00
cust_ext_7854,Клиент 7854,+79990007854,user_7854@example.com,2026-01-29 09:10:28.390687+00:00
cust_ext_7855,Клиент 7855,+79990007855,user_7855@example.com,2026-01-04 05:45:53.706458+00:00
cust_ext_7856,Клиент 7856,+79990007856,user_7856@example.com,2026-01-31 00:11:43.544248+00:00
cust_ext_7857,Клиент 7857,+79990007857,user_7857@example.com,2026-02-12 02:36:06.137695+00:00
cust_ext_7858,Клиент 7858,+79990007858,user_7858@example.com,2026-02-12 08:48:28.340677+00:00
cust_ext_7859,Клиент 7859,+79990007859,user_7859@example.com,2026-02-09 12:02:53.766534+00:00
cust_ext_7860,Клиент 7860,+79990007860,user_7860@example.com,2026-01-04 05:38:47.797340+00:00
cust_ext_7861,Клиент 7861,+79990007861,user_7861@example.com,2026-02-04 02:17:24.759986+00:00
cust_ext_7862,Клиент 7862,+79990007862,user_7862@example.com,2026-02-13 00:58:41.459084+00:00
cust_ext_7863,Клиент 7863,+79990007863,user_7863@example.com,2026-02-13 11:56:20.467331+00:00
cust_ext_7864,Клиент 7864,+79990007864,user_7864@example.com,2026-01-05 04:02:58.889588+00:00
cust_ext_7865,Клиент 7865,+79990007865,user_7865@example.com,2026-01-23 09:48:28.697210+00:00
cust_ext_7866,Клиент 7866,+79990007866,user_7866@example.com,2026-01-11 22:05:06.909500+00:00
cust_ext_7867,Клиент 7867,+79990007867,user_7867@example.com,2026-02-03 12:08:12.148500+00:00
cust_ext_7868,Клиент 7868,+79990007868,user_7868@example.com,2026-01-03 13:44:59.969478+00:00
cust_ext_7869,Клиент 7869,+79990007869,user_7869@example.com,2026-01-05 16:35:05.078153+00:00
cust_ext_7870,Клиент 7870,+79990007870,user_7870@example.com,2026-01-25 12:47:52.818089+00:00
cust_ext_7871,Клиент 7871,+79990007871,user_7871@example.com,2026-02-05 07:00:06.253060+00:00
cust_ext_7872,Клиент 7872,+79990007872,user_7872@example.com,2026-01-30 20:24:31.611864+00:00
cust_ext_7873,Клиент 7873,+79990007873,user_7873@example.com,2026-01-07 09:34:47.012973+00:00
cust_ext_7874,Клиент 7874,+79990007874,user_7874@example.com,2026-01-01 21:58:45.500220+00:00
cust_ext_7875,Клиент 7875,+79990007875,user_7875@example.com,2026-02-03 07:20:53.642046+00:00
cust_ext_7876,Клиент 7876,+79990007876,user_7876@example.com,2026-01-04 22:47:33.082016+00:00
cust_ext_7877,Клиент 7877,+79990007877,user_7877@example.com,2026-01-13 03:12:57.499823+00:00
cust_ext_7878,Клиент 7878,+79990007878,user_7878@example.com,2026-01-08 05:56:29.746282+00:00
cust_ext_7879,Клиент 7879,+79990007879,user_7879@example.com,2026-01-29 16:40:15.419196+00:00
cust_ext_7880,Клиент 7880,+79990007880,user_7880@example.com,2026-01-15 15:31:42.303680+00:00
cust_ext_7881,Клиент 7881,+79990007881,user_7881@example.com,2026-02-02 02:00:28.265896+00:00
cust_ext_7882,Клиент 7882,+79990007882,user_7882@example.com,2026-01-05 22:43:57.911310+00:00
cust_ext_7883,Клиент 7883,+79990007883,user_7883@example.com,2026-01-03 12:01:00.886932+00:00
cust_ext_7884,Клиент 7884,+79990007884,user_7884@example.com,2026-02-11 01:49:00.448440+00:00
cust_ext_7885,Клиент 7885,+79990007885,user_7885@example.com,2026-01-07 10:39:34.681409+00:00
cust_ext_7886,Клиент 7886,+79990007886,user_7886@example.com,2026-02-08 17:16:20.746745+00:00
cust_ext_7887,Клиент 7887,+79990007887,user_7887@example.com,2026-01-04 13:05:05.396402+00:00
cust_ext_7888,Клиент 7888,+79990007888,user_7888@example.com,2026-02-03 21:15:28.566372+00:00
cust_ext_7889,Клиент 7889,+79990007889,user_7889@example.com,2026-01-28 20:18:52.808313+00:00
cust_ext_7890,Клиент 7890,+79990007890,user_7890@example.com,2026-02-01 23:21:53.573100+00:00
cust_ext_7891,Клиент 7891,+79990007891,user_7891@example.com,2026-01-05 12:08:25.264032+00:00
cust_ext_7892,Клиент 7892,+79990007892,user_7892@example.com,2026-01-10 21:07:32.997039+00:00
cust_ext_7893,Клиент 7893,+79990007893,user_7893@example.com,2026-02-07 04:36:22.774654+00:00
cust_ext_7894,Клиент 7894,+79990007894,user_7894@example.com,2026-02-07 14:19:44.753952+00:00
cust_ext_7895,Клиент 7895,+79990007895,user_7895@example.com,2026-01-20 01:15:10.743455+00:00
cust_ext_7896,Клиент 7896,+79990007896,user_7896@example.com,2026-01-31 06:20:34.125276+00:00
cust_ext_7897,Клиент 7897,+79990007897,user_7897@example.com,2026-01-19 02:22:36.571635+00:00
cust_ext_7898,Клиент 7898,+79990007898,user_7898@example.com,2026-01-05 07:42:08.645646+00:00
cust_ext_7899,Клиент 7899,+79990007899,user_7899@example.com,2026-01-18 20:33:10.118165+00:00
cust_ext_7900,Клиент 7900,+79990007900,user_7900@example.com,2026-01-05 03:46:41.449835+00:00
cust_ext_7901,Клиент 7901,+79990007901,user_7901@example.com,2026-01-04 07:00:31.486785+00:00
cust_ext_7902,Клиент 7902,+79990007902,user_7902@example.com,2026-01-20 01:58:42.580796+00:00
cust_ext_7903,Клиент 7903,+79990007903,user_7903@example.com,2026-01-28 07:54:29.772801+00:00
cust_ext_7904,Клиент 7904,+79990007904,user_7904@example.com,2026-02-04 04:10:05.707344+00:00
cust_ext_7905,Клиент 7905,+79990007905,user_7905@example.com,2026-01-27 00:18:51.724697+00:00
cust_ext_7906,Клиент 7906,+79990007906,user_7906@example.com,2026-01-09 13:40:41.660399+00:00
cust_ext_7907,Клиент 7907,+79990007907,user_7907@example.com,2026-01-04 09:13:17.016615+00:00
cust_ext_7908,Клиент 7908,+79990007908,user_7908@example.com,2026-01-15 12:34:45.684506+00:00
cust_ext_7909,Клиент 7909,+79990007909,user_7909@example.com,2026-02-06 17:23:08.052988+00:00
cust_ext_7910,Клиент 7910,+79990007910,user_7910@example.com,2026-01-08 03:21:27.138298+00:00
cust_ext_7911,Клиент 7911,+79990007911,user_7911@example.com,2026-01-30 12:46:44.214765+00:00
cust_ext_7912,Клиент 7912,+79990007912,user_7912@example.com,2026-01-03 07:51:42.631756+00:00
cust_ext_7913,Клиент 7913,+79990007913,user_7913@example.com,2026-02-03 01:38:53.148125+00:00
cust_ext_7914,Клиент 7914,+79990007914,user_7914@example.com,2026-02-02 14:27:01.801826+00:00
cust_ext_7915,Клиент 7915,+79990007915,user_7915@example.com,2026-01-15 00:33:01.267398+00:00
cust_ext_7916,Клиент 7916,+79990007916,user_7916@example.com,2026-02-06 17:35:31.095684+00:00
cust_ext_7917,Клиент 7917,+79990007917,user_7917@example.com,2026-01-30 16:29:24.018201+00:00
cust_ext_7918,Клиент 7918,+79990007918,user_7918@example.com,2026-01-27 16:09:14.347884+00:00
cust_ext_7919,Клиент 7919,+79990007919,user_7919@example.com,2026-01-23 05:12:18.724360+00:00
cust_ext_7920,Клиент 7920,+79990007920,user_7920@example.com,2026-01-09 23:02:49.788207+00:00
cust_ext_7921,Клиент 7921,+79990007921,user_7921@example.com,2026-01-02 19:35:07.162008+00:00
cust_ext_7922,Клиент 7922,+79990007922,user_7922@example.com,2026-02-02 23:00:20.845576+00:00
cust_ext_7923,Клиент 7923,+79990007923,user_7923@example.com,2026-02-09 14:25:58.745465+00:00
cust_ext_7924,Клиент 7924,+79990007924,user_7924@example.com,2026-01-19 01:10:10.339381+00:00
cust_ext_7925,Клиент 7925,+79990007925,user_7925@example.com,2026-01-04 13:59:29.277760+00:00
cust_ext_7926,Клиент 7926,+79990007926,user_7926@example.com,2026-02-02 17:13:29.742120+00:00
cust_ext_7927,Клиент 7927,+79990007927,user_7927@example.com,2026-01-16 09:43:01.168199+00:00
cust_ext_7928,Клиент 7928,+79990007928,user_7928@example.com,2026-02-10 05:25:22.496628+00:00
cust_ext_7929,Клиент 7929,+79990007929,user_7929@example.com,2026-01-26 02:45:28.884676+00:00
cust_ext_7930,Клиент 7930,+79990007930,user_7930@example.com,2026-01-08 10:25:53.570811+00:00
cust_ext_7931,Клиент 7931,+79990007931,user_7931@example.com,2026-02-09 07:45:51.769388+00:00
cust_ext_7932,Клиент 7932,+79990007932,user_7932@example.com,2026-01-05 11:52:00.788012+00:00
cust_ext_7933,Клиент 7933,+79990007933,user_7933@example.com,2026-01-09 06:04:00.464882+00:00
cust_ext_7934,Клиент 7934,+79990007934,user_7934@example.com,2026-01-23 00:59:31.286811+00:00
cust_ext_7935,Клиент 7935,+79990007935,user_7935@example.com,2026-02-11 04:09:38.354294+00:00
cust_ext_7936,Клиент 7936,+79990007936,user_7936@example.com,2026-01-22 21:42:08.412668+00:00
cust_ext_7937,Клиент 7937,+79990007937,user_7937@example.com,2026-01-12 12:50:04.515077+00:00
cust_ext_7938,Клиент 7938,+79990007938,user_7938@example.com,2026-01-04 14:53:40.058716+00:00
cust_ext_7939,Клиент 7939,+79990007939,user_7939@example.com,2026-02-07 17:12:57.796582+00:00
cust_ext_7940,Клиент 7940,+79990007940,user_7940@example.com,2026-01-22 18:51:46.075083+00:00
cust_ext_7941,Клиент 7941,+79990007941,user_7941@example.com,2026-01-31 04:57:47.133547+00:00
cust_ext_7942,Клиент 7942,+79990007942,user_7942@example.com,2026-01-14 03:21:31.912268+00:00
cust_ext_7943,Клиент 7943,+79990007943,user_7943@example.com,2026-02-11 07:19:46.442905+00:00
cust_ext_7944,Клиент 7944,+79990007944,user_7944@example.com,2026-02-05 19:38:40.203902+00:00
cust_ext_7945,Клиент 7945,+79990007945,user_7945@example.com,2026-01-28 23:44:26.338673+00:00
cust_ext_7946,Клиент 7946,+79990007946,user_7946@example.com,2026-01-04 07:09:17.832039+00:00
cust_ext_7947,Клиент 7947,+79990007947,user_7947@example.com,2026-02-07 07:01:01.049216+00:00
cust_ext_7948,Клиент 7948,+79990007948,user_7948@example.com,2026-01-20 03:47:21.473360+00:00
cust_ext_7949,Клиент 7949,+79990007949,user_7949@example.com,2026-01-08 19:28:10.922517+00:00
cust_ext_7950,Клиент 7950,+79990007950,user_7950@example.com,2026-01-20 10:03:42.530410+00:00
cust_ext_7951,Клиент 7951,+79990007951,user_7951@example.com,2026-01-28 11:38:05.549501+00:00
cust_ext_7952,Клиент 7952,+79990007952,user_7952@example.com,2026-02-05 21:11:51.035940+00:00
cust_ext_7953,Клиент 7953,+79990007953,user_7953@example.com,2026-01-10 11:40:19.560335+00:00
cust_ext_7954,Клиент 7954,+79990007954,user_7954@example.com,2026-01-15 19:49:53.871781+00:00
cust_ext_7955,Клиент 7955,+79990007955,user_7955@example.com,2026-01-11 09:37:52.056649+00:00
cust_ext_7956,Клиент 7956,+79990007956,user_7956@example.com,2026-01-30 00:13:58.592254+00:00
cust_ext_7957,Клиент 7957,+79990007957,user_7957@example.com,2026-01-21 05:39:34.100773+00:00
cust_ext_7958,Клиент 7958,+79990007958,user_7958@example.com,2026-01-03 11:17:30.897973+00:00
cust_ext_7959,Клиент 7959,+79990007959,user_7959@example.com,2026-02-09 08:56:29.103571+00:00
cust_ext_7960,Клиент 7960,+79990007960,user_7960@example.com,2026-01-28 06:08:38.511135+00:00
cust_ext_7961,Клиент 7961,+79990007961,user_7961@example.com,2026-01-10 05:50:15.186173+00:00
cust_ext_7962,Клиент 7962,+79990007962,user_7962@example.com,2026-01-22 06:25:56.807011+00:00
cust_ext_7963,Клиент 7963,+79990007963,user_7963@example.com,2026-01-24 16:17:21.607370+00:00
cust_ext_7964,Клиент 7964,+79990007964,user_7964@example.com,2026-01-18 09:35:51.782882+00:00
cust_ext_7965,Клиент 7965,+79990007965,user_7965@example.com,2026-01-29 15:49:24.507910+00:00
cust_ext_7966,Клиент 7966,+79990007966,user_7966@example.com,2026-02-11 11:37:32.121157+00:00
cust_ext_7967,Клиент 7967,+79990007967,user_7967@example.com,2026-01-24 21:51:22.259111+00:00
cust_ext_7968,Клиент 7968,+79990007968,user_7968@example.com,2026-01-04 01:09:59.282406+00:00
cust_ext_7969,Клиент 7969,+79990007969,user_7969@example.com,2026-01-04 04:26:03.132649+00:00
cust_ext_7970,Клиент 7970,+79990007970,user_7970@example.com,2026-01-18 04:27:34.840999+00:00
cust_ext_7971,Клиент 7971,+79990007971,user_7971@example.com,2026-02-09 17:25:48.496605+00:00
cust_ext_7972,Клиент 7972,+79990007972,user_7972@example.com,2026-01-28 05:44:24.132775+00:00
cust_ext_7973,Клиент 7973,+79990007973,user_7973@example.com,2026-01-29 04:38:32.974674+00:00
cust_ext_7974,Клиент 7974,+79990007974,user_7974@example.com,2026-01-05 23:02:29.522107+00:00
cust_ext_7975,Клиент 7975,+79990007975,user_7975@example.com,2026-02-06 16:11:45.386654+00:00
cust_ext_7976,Клиент 7976,+79990007976,user_7976@example.com,2026-01-19 00:17:34.861839+00:00
cust_ext_7977,Клиент 7977,+79990007977,user_7977@example.com,2026-01-15 23:34:23.194324+00:00
cust_ext_7978,Клиент 7978,+79990007978,user_7978@example.com,2026-02-04 11:57:47.264776+00:00
cust_ext_7979,Клиент 7979,+79990007979,user_7979@example.com,2026-01-03 17:06:12.580604+00:00
cust_ext_7980,Клиент 7980,+79990007980,user_7980@example.com,2026-01-06 12:21:33.997665+00:00
cust_ext_7981,Клиент 7981,+79990007981,user_7981@example.com,2026-01-10 10:42:03.096176+00:00
cust_ext_7982,Клиент 7982,+79990007982,user_7982@example.com,2026-02-09 20:57:25.982304+00:00
cust_ext_7983,Клиент 7983,+79990007983,user_7983@example.com,2026-01-22 09:07:33.904718+00:00
cust_ext_7984,Клиент 7984,+79990007984,user_7984@example.com,2026-01-08 11:24:59.726750+00:00
cust_ext_7985,Клиент 7985,+79990007985,user_7985@example.com,2026-01-11 08:04:10.492689+00:00
cust_ext_7986,Клиент 7986,+79990007986,user_7986@example.com,2026-01-24 06:50:39.781432+00:00
cust_ext_7987,Клиент 7987,+79990007987,user_7987@example.com,2026-02-02 07:01:59.467050+00:00
cust_ext_7988,Клиент 7988,+79990007988,user_7988@example.com,2026-02-08 16:15:00.058281+00:00
cust_ext_7989,Клиент 7989,+79990007989,user_7989@example.com,2026-01-08 03:25:33.717866+00:00
cust_ext_7990,Клиент 7990,+79990007990,user_7990@example.com,2026-01-11 01:37:36.938655+00:00
cust_ext_7991,Клиент 7991,+79990007991,user_7991@example.com,2026-01-25 06:37:48.395411+00:00
cust_ext_7992,Клиент 7992,+79990007992,user_7992@example.com,2026-01-19 05:55:28.765094+00:00
cust_ext_7993,Клиент 7993,+79990007993,user_7993@example.com,2026-01-02 01:40:46.583718+00:00
cust_ext_7994,Клиент 7994,+79990007994,user_7994@example.com,2026-01-22 07:25:38.529417+00:00
cust_ext_7995,Клиент 7995,+79990007995,user_7995@example.com,2026-01-31 12:14:58.365865+00:00
cust_ext_7996,Клиент 7996,+79990007996,user_7996@example.com,2026-01-08 15:14:14.830607+00:00
cust_ext_7997,Клиент 7997,+79990007997,user_7997@example.com,2026-01-09 03:19:38.489161+00:00
cust_ext_7998,Клиент 7998,+79990007998,user_7998@example.com,2026-02-04 09:55:59.030636+00:00
cust_ext_7999,Клиент 7999,+79990007999,user_7999@example.com,2026-02-14 20:41:33.352163+00:00
cust_ext_8000,Клиент 8000,+79990008000,user_8000@example.com,2026-01-25 21:27:13.037165+00:00
cust_ext_8001,Клиент 8001,+79990008001,user_8001@example.com,2026-01-27 12:14:15.233993+00:00
cust_ext_8002,Клиент 8002,+79990008002,user_8002@example.com,2026-02-14 18:29:04.620450+00:00
cust_ext_8003,Клиент 8003,+79990008003,user_8003@example.com,2026-02-10 07:50:13.219326+00:00
cust_ext_8004,Клиент 8004,+79990008004,user_8004@example.com,2026-02-14 06:23:17.770855+00:00
cust_ext_8005,Клиент 8005,+79990008005,user_8005@example.com,2026-02-07 15:44:06.078735+00:00
cust_ext_8006,Клиент 8006,+79990008006,user_8006@example.com,2026-01-02 15:42:11.478597+00:00
cust_ext_8007,Клиент 8007,+79990008007,user_8007@example.com,2026-01-09 04:23:42.904617+00:00
cust_ext_8008,Клиент 8008,+79990008008,user_8008@example.com,2026-02-04 03:55:04.490381+00:00
cust_ext_8009,Клиент 8009,+79990008009,user_8009@example.com,2026-02-13 09:47:39.533591+00:00
cust_ext_8010,Клиент 8010,+79990008010,user_8010@example.com,2026-01-31 20:28:22.670560+00:00
cust_ext_8011,Клиент 8011,+79990008011,user_8011@example.com,2026-01-22 12:36:45.311504+00:00
cust_ext_8012,Клиент 8012,+79990008012,user_8012@example.com,2026-01-11 14:57:36.411663+00:00
cust_ext_8013,Клиент 8013,+79990008013,user_8013@example.com,2026-01-31 00:58:07.299226+00:00
cust_ext_8014,Клиент 8014,+79990008014,user_8014@example.com,2026-01-28 08:39:46.699107+00:00
cust_ext_8015,Клиент 8015,+79990008015,user_8015@example.com,2026-01-08 16:46:43.961517+00:00
cust_ext_8016,Клиент 8016,+79990008016,user_8016@example.com,2026-01-02 15:52:58.786629+00:00
cust_ext_8017,Клиент 8017,+79990008017,user_8017@example.com,2026-01-20 03:46:01.964844+00:00
cust_ext_8018,Клиент 8018,+79990008018,user_8018@example.com,2026-02-05 15:26:21.738414+00:00
cust_ext_8019,Клиент 8019,+79990008019,user_8019@example.com,2026-02-06 14:47:19.111899+00:00
cust_ext_8020,Клиент 8020,+79990008020,user_8020@example.com,2026-02-12 18:00:41.147026+00:00
cust_ext_8021,Клиент 8021,+79990008021,user_8021@example.com,2026-01-30 01:40:24.193710+00:00
cust_ext_8022,Клиент 8022,+79990008022,user_8022@example.com,2026-02-02 04:18:41.517070+00:00
cust_ext_8023,Клиент 8023,+79990008023,user_8023@example.com,2026-01-26 15:00:01.805865+00:00
cust_ext_8024,Клиент 8024,+79990008024,user_8024@example.com,2026-01-19 17:08:47.977970+00:00
cust_ext_8025,Клиент 8025,+79990008025,user_8025@example.com,2026-01-17 17:39:23.226525+00:00
cust_ext_8026,Клиент 8026,+79990008026,user_8026@example.com,2026-02-05 01:24:54.744961+00:00
cust_ext_8027,Клиент 8027,+79990008027,user_8027@example.com,2026-01-20 08:16:28.078203+00:00
cust_ext_8028,Клиент 8028,+79990008028,user_8028@example.com,2026-01-27 15:16:16.404164+00:00
cust_ext_8029,Клиент 8029,+79990008029,user_8029@example.com,2026-02-01 04:58:07.654250+00:00
cust_ext_8030,Клиент 8030,+79990008030,user_8030@example.com,2026-02-13 22:40:01.365137+00:00
cust_ext_8031,Клиент 8031,+79990008031,user_8031@example.com,2026-01-29 02:57:31.011239+00:00
cust_ext_8032,Клиент 8032,+79990008032,user_8032@example.com,2026-01-27 15:41:01.819975+00:00
cust_ext_8033,Клиент 8033,+79990008033,user_8033@example.com,2026-01-26 07:18:41.672832+00:00
cust_ext_8034,Клиент 8034,+79990008034,user_8034@example.com,2026-02-07 04:03:59.423957+00:00
cust_ext_8035,Клиент 8035,+79990008035,user_8035@example.com,2026-01-17 06:42:31.552093+00:00
cust_ext_8036,Клиент 8036,+79990008036,user_8036@example.com,2026-01-05 13:59:28.837601+00:00
cust_ext_8037,Клиент 8037,+79990008037,user_8037@example.com,2026-01-24 23:16:42.189463+00:00
cust_ext_8038,Клиент 8038,+79990008038,user_8038@example.com,2026-01-09 16:28:54.145216+00:00
cust_ext_8039,Клиент 8039,+79990008039,user_8039@example.com,2026-02-05 09:49:05.117202+00:00
cust_ext_8040,Клиент 8040,+79990008040,user_8040@example.com,2026-01-21 10:15:36.785458+00:00
cust_ext_8041,Клиент 8041,+79990008041,user_8041@example.com,2026-01-05 04:57:18.904205+00:00
cust_ext_8042,Клиент 8042,+79990008042,user_8042@example.com,2026-01-21 14:49:09.177389+00:00
cust_ext_8043,Клиент 8043,+79990008043,user_8043@example.com,2026-01-25 12:26:27.682935+00:00
cust_ext_8044,Клиент 8044,+79990008044,user_8044@example.com,2026-02-12 17:15:40.146446+00:00
cust_ext_8045,Клиент 8045,+79990008045,user_8045@example.com,2026-01-24 15:39:06.313528+00:00
cust_ext_8046,Клиент 8046,+79990008046,user_8046@example.com,2026-01-11 15:40:36.271626+00:00
cust_ext_8047,Клиент 8047,+79990008047,user_8047@example.com,2026-01-26 01:44:47.499286+00:00
cust_ext_8048,Клиент 8048,+79990008048,user_8048@example.com,2026-01-27 17:51:38.508908+00:00
cust_ext_8049,Клиент 8049,+79990008049,user_8049@example.com,2026-01-01 09:16:03.447311+00:00
cust_ext_8050,Клиент 8050,+79990008050,user_8050@example.com,2026-01-23 17:28:30.601597+00:00
cust_ext_8051,Клиент 8051,+79990008051,user_8051@example.com,2026-01-27 00:48:49.950326+00:00
cust_ext_8052,Клиент 8052,+79990008052,user_8052@example.com,2026-02-07 10:06:48.000458+00:00
cust_ext_8053,Клиент 8053,+79990008053,user_8053@example.com,2026-02-13 06:54:24.723939+00:00
cust_ext_8054,Клиент 8054,+79990008054,user_8054@example.com,2026-02-12 11:51:26.508747+00:00
cust_ext_8055,Клиент 8055,+79990008055,user_8055@example.com,2026-01-31 18:55:47.265075+00:00
cust_ext_8056,Клиент 8056,+79990008056,user_8056@example.com,2026-01-05 16:50:26.918964+00:00
cust_ext_8057,Клиент 8057,+79990008057,user_8057@example.com,2026-01-17 16:07:31.742850+00:00
cust_ext_8058,Клиент 8058,+79990008058,user_8058@example.com,2026-01-31 05:42:54.958946+00:00
cust_ext_8059,Клиент 8059,+79990008059,user_8059@example.com,2026-01-13 20:57:53.419162+00:00
cust_ext_8060,Клиент 8060,+79990008060,user_8060@example.com,2026-02-12 19:38:58.274703+00:00
cust_ext_8061,Клиент 8061,+79990008061,user_8061@example.com,2026-02-13 06:23:35.760094+00:00
cust_ext_8062,Клиент 8062,+79990008062,user_8062@example.com,2026-02-05 03:39:00.904031+00:00
cust_ext_8063,Клиент 8063,+79990008063,user_8063@example.com,2026-01-20 10:38:43.662595+00:00
cust_ext_8064,Клиент 8064,+79990008064,user_8064@example.com,2026-02-10 07:37:50.661674+00:00
cust_ext_8065,Клиент 8065,+79990008065,user_8065@example.com,2026-01-11 23:37:22.845066+00:00
cust_ext_8066,Клиент 8066,+79990008066,user_8066@example.com,2026-01-21 21:21:53.676795+00:00
cust_ext_8067,Клиент 8067,+79990008067,user_8067@example.com,2026-02-10 09:08:00.036294+00:00
cust_ext_8068,Клиент 8068,+79990008068,user_8068@example.com,2026-01-13 23:19:10.361881+00:00
cust_ext_8069,Клиент 8069,+79990008069,user_8069@example.com,2026-01-10 11:43:48.794455+00:00
cust_ext_8070,Клиент 8070,+79990008070,user_8070@example.com,2026-01-06 01:38:28.666378+00:00
cust_ext_8071,Клиент 8071,+79990008071,user_8071@example.com,2026-01-28 13:18:42.291309+00:00
cust_ext_8072,Клиент 8072,+79990008072,user_8072@example.com,2026-01-14 18:21:45.193436+00:00
cust_ext_8073,Клиент 8073,+79990008073,user_8073@example.com,2026-02-03 07:58:20.501222+00:00
cust_ext_8074,Клиент 8074,+79990008074,user_8074@example.com,2026-01-10 12:50:03.663242+00:00
cust_ext_8075,Клиент 8075,+79990008075,user_8075@example.com,2026-01-25 05:43:52.533945+00:00
cust_ext_8076,Клиент 8076,+79990008076,user_8076@example.com,2026-02-12 06:26:32.826468+00:00
cust_ext_8077,Клиент 8077,+79990008077,user_8077@example.com,2026-02-09 00:31:54.428350+00:00
cust_ext_8078,Клиент 8078,+79990008078,user_8078@example.com,2026-01-02 19:49:21.192315+00:00
cust_ext_8079,Клиент 8079,+79990008079,user_8079@example.com,2026-01-18 14:01:27.251305+00:00
cust_ext_8080,Клиент 8080,+79990008080,user_8080@example.com,2026-01-06 06:50:04.006289+00:00
cust_ext_8081,Клиент 8081,+79990008081,user_8081@example.com,2026-01-13 12:11:04.698734+00:00
cust_ext_8082,Клиент 8082,+79990008082,user_8082@example.com,2026-01-08 05:11:31.263594+00:00
cust_ext_8083,Клиент 8083,+79990008083,user_8083@example.com,2026-02-12 07:11:55.247615+00:00
cust_ext_8084,Клиент 8084,+79990008084,user_8084@example.com,2026-01-16 10:35:05.515093+00:00
cust_ext_8085,Клиент 8085,+79990008085,user_8085@example.com,2026-01-08 20:11:23.579610+00:00
cust_ext_8086,Клиент 8086,+79990008086,user_8086@example.com,2026-01-17 03:27:04.965837+00:00
cust_ext_8087,Клиент 8087,+79990008087,user_8087@example.com,2026-01-27 14:40:40.551628+00:00
cust_ext_8088,Клиент 8088,+79990008088,user_8088@example.com,2026-01-04 08:32:52.041849+00:00
cust_ext_8089,Клиент 8089,+79990008089,user_8089@example.com,2026-02-12 15:32:44.509411+00:00
cust_ext_8090,Клиент 8090,+79990008090,user_8090@example.com,2026-02-12 01:41:31.860159+00:00
cust_ext_8091,Клиент 8091,+79990008091,user_8091@example.com,2026-01-06 16:38:46.007245+00:00
cust_ext_8092,Клиент 8092,+79990008092,user_8092@example.com,2026-01-13 05:17:08.274961+00:00
cust_ext_8093,Клиент 8093,+79990008093,user_8093@example.com,2026-02-03 22:45:52.749758+00:00
cust_ext_8094,Клиент 8094,+79990008094,user_8094@example.com,2026-01-23 03:10:48.390957+00:00
cust_ext_8095,Клиент 8095,+79990008095,user_8095@example.com,2026-01-20 23:58:57.241717+00:00
cust_ext_8096,Клиент 8096,+79990008096,user_8096@example.com,2026-01-03 20:56:46.776880+00:00
cust_ext_8097,Клиент 8097,+79990008097,user_8097@example.com,2026-02-02 22:10:23.712423+00:00
cust_ext_8098,Клиент 8098,+79990008098,user_8098@example.com,2026-01-16 15:58:31.485209+00:00
cust_ext_8099,Клиент 8099,+79990008099,user_8099@example.com,2026-01-11 03:52:22.971194+00:00
cust_ext_8100,Клиент 8100,+79990008100,user_8100@example.com,2026-02-05 04:50:56.940591+00:00
cust_ext_8101,Клиент 8101,+79990008101,user_8101@example.com,2026-02-03 17:25:34.230739+00:00
cust_ext_8102,Клиент 8102,+79990008102,user_8102@example.com,2026-02-02 18:19:56.997688+00:00
cust_ext_8103,Клиент 8103,+79990008103,user_8103@example.com,2026-01-03 00:19:33.722139+00:00
cust_ext_8104,Клиент 8104,+79990008104,user_8104@example.com,2026-01-28 10:40:09.930622+00:00
cust_ext_8105,Клиент 8105,+79990008105,user_8105@example.com,2026-01-29 08:09:40.566506+00:00
cust_ext_8106,Клиент 8106,+79990008106,user_8106@example.com,2026-01-30 13:44:22.463244+00:00
cust_ext_8107,Клиент 8107,+79990008107,user_8107@example.com,2026-01-08 04:40:44.047999+00:00
cust_ext_8108,Клиент 8108,+79990008108,user_8108@example.com,2026-01-13 22:40:28.258781+00:00
cust_ext_8109,Клиент 8109,+79990008109,user_8109@example.com,2026-02-06 03:58:20.618874+00:00
cust_ext_8110,Клиент 8110,+79990008110,user_8110@example.com,2026-02-03 20:12:37.124517+00:00
cust_ext_8111,Клиент 8111,+79990008111,user_8111@example.com,2026-01-25 20:37:02.261122+00:00
cust_ext_8112,Клиент 8112,+79990008112,user_8112@example.com,2026-02-08 01:02:11.159455+00:00
cust_ext_8113,Клиент 8113,+79990008113,user_8113@example.com,2026-01-06 22:22:28.941160+00:00
cust_ext_8114,Клиент 8114,+79990008114,user_8114@example.com,2026-02-09 05:36:18.989374+00:00
cust_ext_8115,Клиент 8115,+79990008115,user_8115@example.com,2026-01-17 07:09:58.051254+00:00
cust_ext_8116,Клиент 8116,+79990008116,user_8116@example.com,2026-01-16 17:27:49.187707+00:00
cust_ext_8117,Клиент 8117,+79990008117,user_8117@example.com,2026-02-08 06:10:28.748293+00:00
cust_ext_8118,Клиент 8118,+79990008118,user_8118@example.com,2026-02-13 20:46:28.389230+00:00
cust_ext_8119,Клиент 8119,+79990008119,user_8119@example.com,2026-01-14 23:58:12.612186+00:00
cust_ext_8120,Клиент 8120,+79990008120,user_8120@example.com,2026-01-24 12:40:47.668997+00:00
cust_ext_8121,Клиент 8121,+79990008121,user_8121@example.com,2026-01-21 14:12:28.142636+00:00
cust_ext_8122,Клиент 8122,+79990008122,user_8122@example.com,2026-01-26 01:17:39.160615+00:00
cust_ext_8123,Клиент 8123,+79990008123,user_8123@example.com,2026-01-28 06:45:18.290365+00:00
cust_ext_8124,Клиент 8124,+79990008124,user_8124@example.com,2026-02-12 09:05:52.110968+00:00
cust_ext_8125,Клиент 8125,+79990008125,user_8125@example.com,2026-02-03 02:57:59.671664+00:00
cust_ext_8126,Клиент 8126,+79990008126,user_8126@example.com,2026-01-12 08:32:50.132333+00:00
cust_ext_8127,Клиент 8127,+79990008127,user_8127@example.com,2026-01-11 03:03:11.304332+00:00
cust_ext_8128,Клиент 8128,+79990008128,user_8128@example.com,2026-01-04 01:53:58.897678+00:00
cust_ext_8129,Клиент 8129,+79990008129,user_8129@example.com,2026-01-23 20:45:13.663612+00:00
cust_ext_8130,Клиент 8130,+79990008130,user_8130@example.com,2026-01-28 17:46:32.480868+00:00
cust_ext_8131,Клиент 8131,+79990008131,user_8131@example.com,2026-01-16 12:56:55.832904+00:00
cust_ext_8132,Клиент 8132,+79990008132,user_8132@example.com,2026-02-13 16:59:21.908792+00:00
cust_ext_8133,Клиент 8133,+79990008133,user_8133@example.com,2026-02-09 15:01:29.994758+00:00
cust_ext_8134,Клиент 8134,+79990008134,user_8134@example.com,2026-01-15 19:12:56.154462+00:00
cust_ext_8135,Клиент 8135,+79990008135,user_8135@example.com,2026-01-12 14:01:48.361267+00:00
cust_ext_8136,Клиент 8136,+79990008136,user_8136@example.com,2026-01-27 10:05:19.555041+00:00
cust_ext_8137,Клиент 8137,+79990008137,user_8137@example.com,2026-01-20 13:58:32.182130+00:00
cust_ext_8138,Клиент 8138,+79990008138,user_8138@example.com,2026-01-29 05:35:40.475334+00:00
cust_ext_8139,Клиент 8139,+79990008139,user_8139@example.com,2026-01-02 06:51:13.512303+00:00
cust_ext_8140,Клиент 8140,+79990008140,user_8140@example.com,2026-01-13 22:21:04.625314+00:00
cust_ext_8141,Клиент 8141,+79990008141,user_8141@example.com,2026-01-21 13:10:14.093669+00:00
cust_ext_8142,Клиент 8142,+79990008142,user_8142@example.com,2026-01-11 17:31:55.944071+00:00
cust_ext_8143,Клиент 8143,+79990008143,user_8143@example.com,2026-02-14 09:54:04.987080+00:00
cust_ext_8144,Клиент 8144,+79990008144,user_8144@example.com,2026-01-04 07:55:15.229806+00:00
cust_ext_8145,Клиент 8145,+79990008145,user_8145@example.com,2026-01-14 11:37:19.066040+00:00
cust_ext_8146,Клиент 8146,+79990008146,user_8146@example.com,2026-02-09 06:31:10.362985+00:00
cust_ext_8147,Клиент 8147,+79990008147,user_8147@example.com,2026-01-22 10:33:35.525481+00:00
cust_ext_8148,Клиент 8148,+79990008148,user_8148@example.com,2026-01-13 01:05:59.353041+00:00
cust_ext_8149,Клиент 8149,+79990008149,user_8149@example.com,2026-01-29 11:15:34.535175+00:00
cust_ext_8150,Клиент 8150,+79990008150,user_8150@example.com,2026-02-12 16:44:06.135917+00:00
cust_ext_8151,Клиент 8151,+79990008151,user_8151@example.com,2026-01-24 14:29:33.869948+00:00
cust_ext_8152,Клиент 8152,+79990008152,user_8152@example.com,2026-02-05 22:40:46.245477+00:00
cust_ext_8153,Клиент 8153,+79990008153,user_8153@example.com,2026-02-03 03:12:58.478541+00:00
cust_ext_8154,Клиент 8154,+79990008154,user_8154@example.com,2026-01-05 04:52:59.150281+00:00
cust_ext_8155,Клиент 8155,+79990008155,user_8155@example.com,2026-02-07 08:28:37.784083+00:00
cust_ext_8156,Клиент 8156,+79990008156,user_8156@example.com,2026-01-17 09:15:40.714338+00:00
cust_ext_8157,Клиент 8157,+79990008157,user_8157@example.com,2026-01-01 05:43:04.202340+00:00
cust_ext_8158,Клиент 8158,+79990008158,user_8158@example.com,2026-02-13 04:59:39.973772+00:00
cust_ext_8159,Клиент 8159,+79990008159,user_8159@example.com,2026-02-04 13:25:49.396337+00:00
cust_ext_8160,Клиент 8160,+79990008160,user_8160@example.com,2026-01-26 05:51:47.474508+00:00
cust_ext_8161,Клиент 8161,+79990008161,user_8161@example.com,2026-02-11 15:00:41.579235+00:00
cust_ext_8162,Клиент 8162,+79990008162,user_8162@example.com,2026-01-11 10:08:20.809750+00:00
cust_ext_8163,Клиент 8163,+79990008163,user_8163@example.com,2026-02-10 07:52:03.414823+00:00
cust_ext_8164,Клиент 8164,+79990008164,user_8164@example.com,2026-01-18 09:08:41.283378+00:00
cust_ext_8165,Клиент 8165,+79990008165,user_8165@example.com,2026-01-11 17:51:58.700313+00:00
cust_ext_8166,Клиент 8166,+79990008166,user_8166@example.com,2026-02-04 21:36:17.158860+00:00
cust_ext_8167,Клиент 8167,+79990008167,user_8167@example.com,2026-01-26 19:08:20.368931+00:00
cust_ext_8168,Клиент 8168,+79990008168,user_8168@example.com,2026-01-26 20:48:34.423360+00:00
cust_ext_8169,Клиент 8169,+79990008169,user_8169@example.com,2026-01-07 15:49:24.791497+00:00
cust_ext_8170,Клиент 8170,+79990008170,user_8170@example.com,2026-01-18 09:12:53.609921+00:00
cust_ext_8171,Клиент 8171,+79990008171,user_8171@example.com,2026-01-18 06:00:05.856026+00:00
cust_ext_8172,Клиент 8172,+79990008172,user_8172@example.com,2026-01-02 12:53:28.176592+00:00
cust_ext_8173,Клиент 8173,+79990008173,user_8173@example.com,2026-01-13 09:41:46.592251+00:00
cust_ext_8174,Клиент 8174,+79990008174,user_8174@example.com,2026-01-14 14:59:23.535700+00:00
cust_ext_8175,Клиент 8175,+79990008175,user_8175@example.com,2026-01-08 20:57:47.551931+00:00
cust_ext_8176,Клиент 8176,+79990008176,user_8176@example.com,2026-01-19 23:56:16.593215+00:00
cust_ext_8177,Клиент 8177,+79990008177,user_8177@example.com,2026-02-12 18:22:45.163032+00:00
cust_ext_8178,Клиент 8178,+79990008178,user_8178@example.com,2026-02-09 18:58:39.119874+00:00
cust_ext_8179,Клиент 8179,+79990008179,user_8179@example.com,2026-01-16 15:02:24.233357+00:00
cust_ext_8180,Клиент 8180,+79990008180,user_8180@example.com,2026-01-12 02:17:04.107831+00:00
cust_ext_8181,Клиент 8181,+79990008181,user_8181@example.com,2026-01-17 05:48:15.188924+00:00
cust_ext_8182,Клиент 8182,+79990008182,user_8182@example.com,2026-01-24 08:33:36.736619+00:00
cust_ext_8183,Клиент 8183,+79990008183,user_8183@example.com,2026-01-09 04:32:06.019117+00:00
cust_ext_8184,Клиент 8184,+79990008184,user_8184@example.com,2026-01-24 20:08:31.271309+00:00
cust_ext_8185,Клиент 8185,+79990008185,user_8185@example.com,2026-02-06 22:06:10.527093+00:00
cust_ext_8186,Клиент 8186,+79990008186,user_8186@example.com,2026-01-13 14:39:23.804002+00:00
cust_ext_8187,Клиент 8187,+79990008187,user_8187@example.com,2026-02-12 04:19:45.382878+00:00
cust_ext_8188,Клиент 8188,+79990008188,user_8188@example.com,2026-01-10 10:19:16.840861+00:00
cust_ext_8189,Клиент 8189,+79990008189,user_8189@example.com,2026-01-29 20:12:40.854715+00:00
cust_ext_8190,Клиент 8190,+79990008190,user_8190@example.com,2026-02-09 05:28:59.644105+00:00
cust_ext_8191,Клиент 8191,+79990008191,user_8191@example.com,2026-02-12 03:19:30.319015+00:00
cust_ext_8192,Клиент 8192,+79990008192,user_8192@example.com,2026-01-31 20:31:46.175156+00:00
cust_ext_8193,Клиент 8193,+79990008193,user_8193@example.com,2026-01-12 12:10:07.897823+00:00
cust_ext_8194,Клиент 8194,+79990008194,user_8194@example.com,2026-01-01 17:46:18.307689+00:00
cust_ext_8195,Клиент 8195,+79990008195,user_8195@example.com,2026-02-12 18:38:58.927138+00:00
cust_ext_8196,Клиент 8196,+79990008196,user_8196@example.com,2026-01-04 06:36:16.981845+00:00
cust_ext_8197,Клиент 8197,+79990008197,user_8197@example.com,2026-01-23 04:25:09.843933+00:00
cust_ext_8198,Клиент 8198,+79990008198,user_8198@example.com,2026-01-26 23:16:30.513154+00:00
cust_ext_8199,Клиент 8199,+79990008199,user_8199@example.com,2026-01-25 02:40:26.330795+00:00
cust_ext_8200,Клиент 8200,+79990008200,user_8200@example.com,2026-01-26 18:32:30.397773+00:00
cust_ext_8201,Клиент 8201,+79990008201,user_8201@example.com,2026-01-25 07:50:45.891594+00:00
cust_ext_8202,Клиент 8202,+79990008202,user_8202@example.com,2026-01-31 07:37:52.175848+00:00
cust_ext_8203,Клиент 8203,+79990008203,user_8203@example.com,2026-01-05 02:19:34.120941+00:00
cust_ext_8204,Клиент 8204,+79990008204,user_8204@example.com,2026-02-03 16:13:51.080349+00:00
cust_ext_8205,Клиент 8205,+79990008205,user_8205@example.com,2026-01-30 23:34:34.645430+00:00
cust_ext_8206,Клиент 8206,+79990008206,user_8206@example.com,2026-01-07 16:47:05.079786+00:00
cust_ext_8207,Клиент 8207,+79990008207,user_8207@example.com,2026-02-09 10:53:07.526534+00:00
cust_ext_8208,Клиент 8208,+79990008208,user_8208@example.com,2026-02-12 20:27:29.071013+00:00
cust_ext_8209,Клиент 8209,+79990008209,user_8209@example.com,2026-01-31 16:20:06.472430+00:00
cust_ext_8210,Клиент 8210,+79990008210,user_8210@example.com,2026-01-11 20:02:58.405944+00:00
cust_ext_8211,Клиент 8211,+79990008211,user_8211@example.com,2026-02-02 12:43:07.915464+00:00
cust_ext_8212,Клиент 8212,+79990008212,user_8212@example.com,2026-02-02 00:01:23.021915+00:00
cust_ext_8213,Клиент 8213,+79990008213,user_8213@example.com,2026-01-23 15:54:33.090445+00:00
cust_ext_8214,Клиент 8214,+79990008214,user_8214@example.com,2026-01-30 22:27:45.245290+00:00
cust_ext_8215,Клиент 8215,+79990008215,user_8215@example.com,2026-01-03 19:46:05.513901+00:00
cust_ext_8216,Клиент 8216,+79990008216,user_8216@example.com,2026-02-02 11:07:14.516572+00:00
cust_ext_8217,Клиент 8217,+79990008217,user_8217@example.com,2026-02-02 20:45:54.812492+00:00
cust_ext_8218,Клиент 8218,+79990008218,user_8218@example.com,2026-01-29 17:14:04.695480+00:00
cust_ext_8219,Клиент 8219,+79990008219,user_8219@example.com,2026-01-19 03:01:58.689931+00:00
cust_ext_8220,Клиент 8220,+79990008220,user_8220@example.com,2026-01-17 15:30:20.847785+00:00
cust_ext_8221,Клиент 8221,+79990008221,user_8221@example.com,2026-01-15 18:49:39.823486+00:00
cust_ext_8222,Клиент 8222,+79990008222,user_8222@example.com,2026-01-15 20:57:51.785050+00:00
cust_ext_8223,Клиент 8223,+79990008223,user_8223@example.com,2026-01-03 15:28:22.507983+00:00
cust_ext_8224,Клиент 8224,+79990008224,user_8224@example.com,2026-02-01 22:11:37.424986+00:00
cust_ext_8225,Клиент 8225,+79990008225,user_8225@example.com,2026-02-08 01:36:37.830354+00:00
cust_ext_8226,Клиент 8226,+79990008226,user_8226@example.com,2026-02-10 06:24:45.455323+00:00
cust_ext_8227,Клиент 8227,+79990008227,user_8227@example.com,2026-01-18 12:02:15.792640+00:00
cust_ext_8228,Клиент 8228,+79990008228,user_8228@example.com,2026-01-17 21:35:14.675317+00:00
cust_ext_8229,Клиент 8229,+79990008229,user_8229@example.com,2026-01-14 06:01:51.104714+00:00
cust_ext_8230,Клиент 8230,+79990008230,user_8230@example.com,2026-01-03 17:07:20.013056+00:00
cust_ext_8231,Клиент 8231,+79990008231,user_8231@example.com,2026-01-10 20:41:47.974006+00:00
cust_ext_8232,Клиент 8232,+79990008232,user_8232@example.com,2026-01-19 01:45:26.044203+00:00
cust_ext_8233,Клиент 8233,+79990008233,user_8233@example.com,2026-02-12 19:55:14.566839+00:00
cust_ext_8234,Клиент 8234,+79990008234,user_8234@example.com,2026-01-25 05:10:02.016386+00:00
cust_ext_8235,Клиент 8235,+79990008235,user_8235@example.com,2026-02-05 12:33:00.375069+00:00
cust_ext_8236,Клиент 8236,+79990008236,user_8236@example.com,2026-01-19 11:29:56.412112+00:00
cust_ext_8237,Клиент 8237,+79990008237,user_8237@example.com,2026-01-07 07:56:03.404787+00:00
cust_ext_8238,Клиент 8238,+79990008238,user_8238@example.com,2026-01-21 21:46:02.987356+00:00
cust_ext_8239,Клиент 8239,+79990008239,user_8239@example.com,2026-01-11 22:21:28.466665+00:00
cust_ext_8240,Клиент 8240,+79990008240,user_8240@example.com,2026-01-15 08:01:11.641107+00:00
cust_ext_8241,Клиент 8241,+79990008241,user_8241@example.com,2026-01-26 12:08:27.816585+00:00
cust_ext_8242,Клиент 8242,+79990008242,user_8242@example.com,2026-01-18 20:37:24.479431+00:00
cust_ext_8243,Клиент 8243,+79990008243,user_8243@example.com,2026-01-11 04:37:11.163954+00:00
cust_ext_8244,Клиент 8244,+79990008244,user_8244@example.com,2026-01-29 19:18:22.282734+00:00
cust_ext_8245,Клиент 8245,+79990008245,user_8245@example.com,2026-01-27 19:09:04.065274+00:00
cust_ext_8246,Клиент 8246,+79990008246,user_8246@example.com,2026-01-03 15:17:58.764683+00:00
cust_ext_8247,Клиент 8247,+79990008247,user_8247@example.com,2026-01-01 22:10:19.076158+00:00
cust_ext_8248,Клиент 8248,+79990008248,user_8248@example.com,2026-01-01 12:39:20.178357+00:00
cust_ext_8249,Клиент 8249,+79990008249,user_8249@example.com,2026-02-05 06:40:34.403257+00:00
cust_ext_8250,Клиент 8250,+79990008250,user_8250@example.com,2026-01-18 04:24:23.321900+00:00
cust_ext_8251,Клиент 8251,+79990008251,user_8251@example.com,2026-02-14 09:25:43.724436+00:00
cust_ext_8252,Клиент 8252,+79990008252,user_8252@example.com,2026-01-04 05:30:43.218989+00:00
cust_ext_8253,Клиент 8253,+79990008253,user_8253@example.com,2026-01-18 17:14:33.280381+00:00
cust_ext_8254,Клиент 8254,+79990008254,user_8254@example.com,2026-02-10 19:30:58.137467+00:00
cust_ext_8255,Клиент 8255,+79990008255,user_8255@example.com,2026-02-08 16:13:41.433048+00:00
cust_ext_8256,Клиент 8256,+79990008256,user_8256@example.com,2026-01-01 01:04:34.805715+00:00
cust_ext_8257,Клиент 8257,+79990008257,user_8257@example.com,2026-01-21 17:14:05.678131+00:00
cust_ext_8258,Клиент 8258,+79990008258,user_8258@example.com,2026-01-11 10:56:03.313974+00:00
cust_ext_8259,Клиент 8259,+79990008259,user_8259@example.com,2026-02-12 15:29:07.430749+00:00
cust_ext_8260,Клиент 8260,+79990008260,user_8260@example.com,2026-01-22 23:57:42.610560+00:00
cust_ext_8261,Клиент 8261,+79990008261,user_8261@example.com,2026-01-02 12:54:01.966062+00:00
cust_ext_8262,Клиент 8262,+79990008262,user_8262@example.com,2026-02-05 17:54:50.856246+00:00
cust_ext_8263,Клиент 8263,+79990008263,user_8263@example.com,2026-01-19 17:39:23.329992+00:00
cust_ext_8264,Клиент 8264,+79990008264,user_8264@example.com,2026-01-10 20:44:36.320921+00:00
cust_ext_8265,Клиент 8265,+79990008265,user_8265@example.com,2026-01-23 14:58:49.223472+00:00
cust_ext_8266,Клиент 8266,+79990008266,user_8266@example.com,2026-01-19 02:03:15.054942+00:00
cust_ext_8267,Клиент 8267,+79990008267,user_8267@example.com,2026-02-13 06:22:38.850147+00:00
cust_ext_8268,Клиент 8268,+79990008268,user_8268@example.com,2026-01-02 14:21:32.721403+00:00
cust_ext_8269,Клиент 8269,+79990008269,user_8269@example.com,2026-02-05 01:13:58.518445+00:00
cust_ext_8270,Клиент 8270,+79990008270,user_8270@example.com,2026-01-16 04:01:47.387409+00:00
cust_ext_8271,Клиент 8271,+79990008271,user_8271@example.com,2026-02-05 01:41:00.526583+00:00
cust_ext_8272,Клиент 8272,+79990008272,user_8272@example.com,2026-01-18 18:01:39.769653+00:00
cust_ext_8273,Клиент 8273,+79990008273,user_8273@example.com,2026-02-09 17:39:42.948198+00:00
cust_ext_8274,Клиент 8274,+79990008274,user_8274@example.com,2026-01-31 10:30:07.324784+00:00
cust_ext_8275,Клиент 8275,+79990008275,user_8275@example.com,2026-01-26 20:42:56.741703+00:00
cust_ext_8276,Клиент 8276,+79990008276,user_8276@example.com,2026-01-09 14:56:21.968838+00:00
cust_ext_8277,Клиент 8277,+79990008277,user_8277@example.com,2026-01-10 17:21:28.700771+00:00
cust_ext_8278,Клиент 8278,+79990008278,user_8278@example.com,2026-01-12 04:50:30.874866+00:00
cust_ext_8279,Клиент 8279,+79990008279,user_8279@example.com,2026-01-10 23:17:08.256671+00:00
cust_ext_8280,Клиент 8280,+79990008280,user_8280@example.com,2026-01-24 04:32:56.672750+00:00
cust_ext_8281,Клиент 8281,+79990008281,user_8281@example.com,2026-02-09 01:00:39.334339+00:00
cust_ext_8282,Клиент 8282,+79990008282,user_8282@example.com,2026-01-03 08:17:41.989249+00:00
cust_ext_8283,Клиент 8283,+79990008283,user_8283@example.com,2026-02-06 02:53:03.020037+00:00
cust_ext_8284,Клиент 8284,+79990008284,user_8284@example.com,2026-02-05 07:06:53.143292+00:00
cust_ext_8285,Клиент 8285,+79990008285,user_8285@example.com,2026-01-25 08:41:16.785419+00:00
cust_ext_8286,Клиент 8286,+79990008286,user_8286@example.com,2026-01-13 17:41:12.361786+00:00
cust_ext_8287,Клиент 8287,+79990008287,user_8287@example.com,2026-01-19 04:46:18.053546+00:00
cust_ext_8288,Клиент 8288,+79990008288,user_8288@example.com,2026-01-23 15:19:46.686744+00:00
cust_ext_8289,Клиент 8289,+79990008289,user_8289@example.com,2026-01-16 07:27:48.342661+00:00
cust_ext_8290,Клиент 8290,+79990008290,user_8290@example.com,2026-01-03 07:00:30.381918+00:00
cust_ext_8291,Клиент 8291,+79990008291,user_8291@example.com,2026-01-08 22:18:22.868889+00:00
cust_ext_8292,Клиент 8292,+79990008292,user_8292@example.com,2026-01-05 12:10:03.127268+00:00
cust_ext_8293,Клиент 8293,+79990008293,user_8293@example.com,2026-02-08 14:23:08.318171+00:00
cust_ext_8294,Клиент 8294,+79990008294,user_8294@example.com,2026-01-22 23:00:36.803276+00:00
cust_ext_8295,Клиент 8295,+79990008295,user_8295@example.com,2026-02-08 05:35:03.487316+00:00
cust_ext_8296,Клиент 8296,+79990008296,user_8296@example.com,2026-01-07 17:27:21.497043+00:00
cust_ext_8297,Клиент 8297,+79990008297,user_8297@example.com,2026-01-15 06:56:47.967733+00:00
cust_ext_8298,Клиент 8298,+79990008298,user_8298@example.com,2026-01-01 06:08:05.429613+00:00
cust_ext_8299,Клиент 8299,+79990008299,user_8299@example.com,2026-01-26 20:04:06.162047+00:00
cust_ext_8300,Клиент 8300,+79990008300,user_8300@example.com,2026-01-09 15:01:15.765711+00:00
cust_ext_8301,Клиент 8301,+79990008301,user_8301@example.com,2026-01-31 02:14:51.049113+00:00
cust_ext_8302,Клиент 8302,+79990008302,user_8302@example.com,2026-01-09 09:03:56.221764+00:00
cust_ext_8303,Клиент 8303,+79990008303,user_8303@example.com,2026-01-09 15:37:50.774364+00:00
cust_ext_8304,Клиент 8304,+79990008304,user_8304@example.com,2026-01-11 15:17:01.146843+00:00
cust_ext_8305,Клиент 8305,+79990008305,user_8305@example.com,2026-01-04 03:18:01.677578+00:00
cust_ext_8306,Клиент 8306,+79990008306,user_8306@example.com,2026-02-01 19:58:51.653789+00:00
cust_ext_8307,Клиент 8307,+79990008307,user_8307@example.com,2026-01-25 13:33:04.406835+00:00
cust_ext_8308,Клиент 8308,+79990008308,user_8308@example.com,2026-01-24 19:49:39.368270+00:00
cust_ext_8309,Клиент 8309,+79990008309,user_8309@example.com,2026-01-22 21:19:50.442763+00:00
cust_ext_8310,Клиент 8310,+79990008310,user_8310@example.com,2026-01-01 03:22:13.294237+00:00
cust_ext_8311,Клиент 8311,+79990008311,user_8311@example.com,2026-01-14 11:56:01.740616+00:00
cust_ext_8312,Клиент 8312,+79990008312,user_8312@example.com,2026-01-14 03:43:45.273346+00:00
cust_ext_8313,Клиент 8313,+79990008313,user_8313@example.com,2026-01-01 17:56:10.046974+00:00
cust_ext_8314,Клиент 8314,+79990008314,user_8314@example.com,2026-02-07 19:42:20.175614+00:00
cust_ext_8315,Клиент 8315,+79990008315,user_8315@example.com,2026-01-01 18:26:53.929471+00:00
cust_ext_8316,Клиент 8316,+79990008316,user_8316@example.com,2026-02-09 11:43:06.951426+00:00
cust_ext_8317,Клиент 8317,+79990008317,user_8317@example.com,2026-01-26 12:31:25.786531+00:00
cust_ext_8318,Клиент 8318,+79990008318,user_8318@example.com,2026-01-09 07:04:21.725016+00:00
cust_ext_8319,Клиент 8319,+79990008319,user_8319@example.com,2026-01-15 19:22:33.521872+00:00
cust_ext_8320,Клиент 8320,+79990008320,user_8320@example.com,2026-02-04 23:25:25.790726+00:00
cust_ext_8321,Клиент 8321,+79990008321,user_8321@example.com,2026-01-11 21:37:40.001235+00:00
cust_ext_8322,Клиент 8322,+79990008322,user_8322@example.com,2026-01-13 01:51:08.287909+00:00
cust_ext_8323,Клиент 8323,+79990008323,user_8323@example.com,2026-01-18 23:51:27.861122+00:00
cust_ext_8324,Клиент 8324,+79990008324,user_8324@example.com,2026-02-03 06:15:05.070574+00:00
cust_ext_8325,Клиент 8325,+79990008325,user_8325@example.com,2026-02-05 15:05:47.672041+00:00
cust_ext_8326,Клиент 8326,+79990008326,user_8326@example.com,2026-02-05 16:28:25.803958+00:00
cust_ext_8327,Клиент 8327,+79990008327,user_8327@example.com,2026-01-26 20:16:41.698613+00:00
cust_ext_8328,Клиент 8328,+79990008328,user_8328@example.com,2026-01-07 16:16:52.956616+00:00
cust_ext_8329,Клиент 8329,+79990008329,user_8329@example.com,2026-01-08 10:40:55.039709+00:00
cust_ext_8330,Клиент 8330,+79990008330,user_8330@example.com,2026-02-04 15:25:15.141173+00:00
cust_ext_8331,Клиент 8331,+79990008331,user_8331@example.com,2026-01-23 21:39:07.901319+00:00
cust_ext_8332,Клиент 8332,+79990008332,user_8332@example.com,2026-02-03 07:00:48.535283+00:00
cust_ext_8333,Клиент 8333,+79990008333,user_8333@example.com,2026-01-05 19:36:39.913847+00:00
cust_ext_8334,Клиент 8334,+79990008334,user_8334@example.com,2026-01-19 02:03:59.065489+00:00
cust_ext_8335,Клиент 8335,+79990008335,user_8335@example.com,2026-02-01 08:50:29.807367+00:00
cust_ext_8336,Клиент 8336,+79990008336,user_8336@example.com,2026-02-01 07:17:46.530812+00:00
cust_ext_8337,Клиент 8337,+79990008337,user_8337@example.com,2026-01-06 21:45:30.260054+00:00
cust_ext_8338,Клиент 8338,+79990008338,user_8338@example.com,2026-02-05 07:43:35.490841+00:00
cust_ext_8339,Клиент 8339,+79990008339,user_8339@example.com,2026-01-19 23:05:56.138282+00:00
cust_ext_8340,Клиент 8340,+79990008340,user_8340@example.com,2026-02-07 09:31:20.356047+00:00
cust_ext_8341,Клиент 8341,+79990008341,user_8341@example.com,2026-01-17 12:30:45.612527+00:00
cust_ext_8342,Клиент 8342,+79990008342,user_8342@example.com,2026-01-06 09:40:32.010531+00:00
cust_ext_8343,Клиент 8343,+79990008343,user_8343@example.com,2026-01-08 19:58:42.742783+00:00
cust_ext_8344,Клиент 8344,+79990008344,user_8344@example.com,2026-01-11 18:41:15.706028+00:00
cust_ext_8345,Клиент 8345,+79990008345,user_8345@example.com,2026-01-18 00:13:26.132348+00:00
cust_ext_8346,Клиент 8346,+79990008346,user_8346@example.com,2026-02-12 15:55:45.302926+00:00
cust_ext_8347,Клиент 8347,+79990008347,user_8347@example.com,2026-01-18 18:21:03.321573+00:00
cust_ext_8348,Клиент 8348,+79990008348,user_8348@example.com,2026-01-07 09:58:28.639265+00:00
cust_ext_8349,Клиент 8349,+79990008349,user_8349@example.com,2026-01-08 08:10:35.968064+00:00
cust_ext_8350,Клиент 8350,+79990008350,user_8350@example.com,2026-01-26 12:57:20.167737+00:00
cust_ext_8351,Клиент 8351,+79990008351,user_8351@example.com,2026-01-10 08:37:39.176969+00:00
cust_ext_8352,Клиент 8352,+79990008352,user_8352@example.com,2026-01-14 10:28:17.984165+00:00
cust_ext_8353,Клиент 8353,+79990008353,user_8353@example.com,2026-01-31 07:47:54.325510+00:00
cust_ext_8354,Клиент 8354,+79990008354,user_8354@example.com,2026-01-22 18:16:23.601621+00:00
cust_ext_8355,Клиент 8355,+79990008355,user_8355@example.com,2026-01-29 06:29:44.252000+00:00
cust_ext_8356,Клиент 8356,+79990008356,user_8356@example.com,2026-01-01 06:49:52.236527+00:00
cust_ext_8357,Клиент 8357,+79990008357,user_8357@example.com,2026-01-13 01:06:43.468015+00:00
cust_ext_8358,Клиент 8358,+79990008358,user_8358@example.com,2026-01-29 08:18:06.256899+00:00
cust_ext_8359,Клиент 8359,+79990008359,user_8359@example.com,2026-02-08 02:40:16.684995+00:00
cust_ext_8360,Клиент 8360,+79990008360,user_8360@example.com,2026-02-13 09:22:47.879746+00:00
cust_ext_8361,Клиент 8361,+79990008361,user_8361@example.com,2026-01-19 06:35:10.796873+00:00
cust_ext_8362,Клиент 8362,+79990008362,user_8362@example.com,2026-02-02 13:04:48.719240+00:00
cust_ext_8363,Клиент 8363,+79990008363,user_8363@example.com,2026-01-19 20:07:30.594182+00:00
cust_ext_8364,Клиент 8364,+79990008364,user_8364@example.com,2026-01-07 06:40:19.329817+00:00
cust_ext_8365,Клиент 8365,+79990008365,user_8365@example.com,2026-02-13 12:34:18.771749+00:00
cust_ext_8366,Клиент 8366,+79990008366,user_8366@example.com,2026-01-15 19:24:51.972721+00:00
cust_ext_8367,Клиент 8367,+79990008367,user_8367@example.com,2026-02-02 08:01:15.902818+00:00
cust_ext_8368,Клиент 8368,+79990008368,user_8368@example.com,2026-02-07 07:08:50.299592+00:00
cust_ext_8369,Клиент 8369,+79990008369,user_8369@example.com,2026-02-05 17:42:54.419504+00:00
cust_ext_8370,Клиент 8370,+79990008370,user_8370@example.com,2026-02-08 05:41:14.591858+00:00
cust_ext_8371,Клиент 8371,+79990008371,user_8371@example.com,2026-01-03 21:33:26.760120+00:00
cust_ext_8372,Клиент 8372,+79990008372,user_8372@example.com,2026-02-06 08:36:58.135252+00:00
cust_ext_8373,Клиент 8373,+79990008373,user_8373@example.com,2026-02-05 06:53:58.834885+00:00
cust_ext_8374,Клиент 8374,+79990008374,user_8374@example.com,2026-01-19 13:14:28.159952+00:00
cust_ext_8375,Клиент 8375,+79990008375,user_8375@example.com,2026-01-30 23:28:29.574870+00:00
cust_ext_8376,Клиент 8376,+79990008376,user_8376@example.com,2026-01-07 03:56:18.928333+00:00
cust_ext_8377,Клиент 8377,+79990008377,user_8377@example.com,2026-02-08 19:00:36.902657+00:00
cust_ext_8378,Клиент 8378,+79990008378,user_8378@example.com,2026-01-22 14:38:14.518268+00:00
cust_ext_8379,Клиент 8379,+79990008379,user_8379@example.com,2026-02-02 06:54:24.867891+00:00
cust_ext_8380,Клиент 8380,+79990008380,user_8380@example.com,2026-01-03 16:07:35.017230+00:00
cust_ext_8381,Клиент 8381,+79990008381,user_8381@example.com,2026-02-01 00:32:56.898916+00:00
cust_ext_8382,Клиент 8382,+79990008382,user_8382@example.com,2026-01-23 14:32:51.762649+00:00
cust_ext_8383,Клиент 8383,+79990008383,user_8383@example.com,2026-01-24 14:50:31.103630+00:00
cust_ext_8384,Клиент 8384,+79990008384,user_8384@example.com,2026-01-16 22:03:49.650560+00:00
cust_ext_8385,Клиент 8385,+79990008385,user_8385@example.com,2026-01-26 14:48:38.534475+00:00
cust_ext_8386,Клиент 8386,+79990008386,user_8386@example.com,2026-01-06 01:04:48.676993+00:00
cust_ext_8387,Клиент 8387,+79990008387,user_8387@example.com,2026-02-09 04:06:18.361297+00:00
cust_ext_8388,Клиент 8388,+79990008388,user_8388@example.com,2026-01-17 07:32:59.130875+00:00
cust_ext_8389,Клиент 8389,+79990008389,user_8389@example.com,2026-02-06 09:05:55.392158+00:00
cust_ext_8390,Клиент 8390,+79990008390,user_8390@example.com,2026-01-21 23:51:01.980119+00:00
cust_ext_8391,Клиент 8391,+79990008391,user_8391@example.com,2026-01-18 11:44:21.857779+00:00
cust_ext_8392,Клиент 8392,+79990008392,user_8392@example.com,2026-02-10 14:44:51.586922+00:00
cust_ext_8393,Клиент 8393,+79990008393,user_8393@example.com,2026-01-31 11:21:39.365198+00:00
cust_ext_8394,Клиент 8394,+79990008394,user_8394@example.com,2026-02-09 02:25:23.101040+00:00
cust_ext_8395,Клиент 8395,+79990008395,user_8395@example.com,2026-01-19 18:59:09.675708+00:00
cust_ext_8396,Клиент 8396,+79990008396,user_8396@example.com,2026-01-21 18:05:23.591089+00:00
cust_ext_8397,Клиент 8397,+79990008397,user_8397@example.com,2026-01-14 02:55:53.958733+00:00
cust_ext_8398,Клиент 8398,+79990008398,user_8398@example.com,2026-02-11 23:34:59.509538+00:00
cust_ext_8399,Клиент 8399,+79990008399,user_8399@example.com,2026-02-13 19:39:25.814098+00:00
cust_ext_8400,Клиент 8400,+79990008400,user_8400@example.com,2026-01-15 07:52:36.107591+00:00
cust_ext_8401,Клиент 8401,+79990008401,user_8401@example.com,2026-01-03 22:22:06.382612+00:00
cust_ext_8402,Клиент 8402,+79990008402,user_8402@example.com,2026-01-02 05:57:12.877803+00:00
cust_ext_8403,Клиент 8403,+79990008403,user_8403@example.com,2026-01-05 04:00:09.499264+00:00
cust_ext_8404,Клиент 8404,+79990008404,user_8404@example.com,2026-01-02 12:38:30.399822+00:00
cust_ext_8405,Клиент 8405,+79990008405,user_8405@example.com,2026-01-24 10:35:31.619893+00:00
cust_ext_8406,Клиент 8406,+79990008406,user_8406@example.com,2026-01-23 13:44:58.811016+00:00
cust_ext_8407,Клиент 8407,+79990008407,user_8407@example.com,2026-01-27 14:04:00.939921+00:00
cust_ext_8408,Клиент 8408,+79990008408,user_8408@example.com,2026-01-14 23:53:47.735760+00:00
cust_ext_8409,Клиент 8409,+79990008409,user_8409@example.com,2026-01-22 13:55:59.939179+00:00
cust_ext_8410,Клиент 8410,+79990008410,user_8410@example.com,2026-02-03 11:18:07.920407+00:00
cust_ext_8411,Клиент 8411,+79990008411,user_8411@example.com,2026-02-10 03:43:52.037677+00:00
cust_ext_8412,Клиент 8412,+79990008412,user_8412@example.com,2026-01-13 09:32:06.576064+00:00
cust_ext_8413,Клиент 8413,+79990008413,user_8413@example.com,2026-01-04 12:36:01.187149+00:00
cust_ext_8414,Клиент 8414,+79990008414,user_8414@example.com,2026-01-02 05:49:20.827854+00:00
cust_ext_8415,Клиент 8415,+79990008415,user_8415@example.com,2026-01-15 15:57:26.735116+00:00
cust_ext_8416,Клиент 8416,+79990008416,user_8416@example.com,2026-02-12 13:01:31.388570+00:00
cust_ext_8417,Клиент 8417,+79990008417,user_8417@example.com,2026-02-01 11:28:49.213898+00:00
cust_ext_8418,Клиент 8418,+79990008418,user_8418@example.com,2026-01-20 03:32:42.517700+00:00
cust_ext_8419,Клиент 8419,+79990008419,user_8419@example.com,2026-01-23 03:04:21.276154+00:00
cust_ext_8420,Клиент 8420,+79990008420,user_8420@example.com,2026-02-13 12:03:00.585765+00:00
cust_ext_8421,Клиент 8421,+79990008421,user_8421@example.com,2026-01-03 13:01:28.595032+00:00
cust_ext_8422,Клиент 8422,+79990008422,user_8422@example.com,2026-01-10 21:22:36.467820+00:00
cust_ext_8423,Клиент 8423,+79990008423,user_8423@example.com,2026-01-08 04:16:53.948990+00:00
cust_ext_8424,Клиент 8424,+79990008424,user_8424@example.com,2026-01-08 07:48:19.142956+00:00
cust_ext_8425,Клиент 8425,+79990008425,user_8425@example.com,2026-01-21 05:53:55.955305+00:00
cust_ext_8426,Клиент 8426,+79990008426,user_8426@example.com,2026-01-23 06:01:54.676275+00:00
cust_ext_8427,Клиент 8427,+79990008427,user_8427@example.com,2026-02-14 09:31:29.056521+00:00
cust_ext_8428,Клиент 8428,+79990008428,user_8428@example.com,2026-02-13 16:15:08.319534+00:00
cust_ext_8429,Клиент 8429,+79990008429,user_8429@example.com,2026-01-17 14:51:27.927101+00:00
cust_ext_8430,Клиент 8430,+79990008430,user_8430@example.com,2026-02-04 11:47:40.219564+00:00
cust_ext_8431,Клиент 8431,+79990008431,user_8431@example.com,2026-01-21 18:45:45.989835+00:00
cust_ext_8432,Клиент 8432,+79990008432,user_8432@example.com,2026-01-01 18:39:07.273897+00:00
cust_ext_8433,Клиент 8433,+79990008433,user_8433@example.com,2026-01-09 08:16:15.074960+00:00
cust_ext_8434,Клиент 8434,+79990008434,user_8434@example.com,2026-02-06 18:44:41.148985+00:00
cust_ext_8435,Клиент 8435,+79990008435,user_8435@example.com,2026-01-18 21:00:42.121540+00:00
cust_ext_8436,Клиент 8436,+79990008436,user_8436@example.com,2026-01-11 15:10:26.211734+00:00
cust_ext_8437,Клиент 8437,+79990008437,user_8437@example.com,2026-01-14 07:04:39.476475+00:00
cust_ext_8438,Клиент 8438,+79990008438,user_8438@example.com,2026-01-21 01:11:16.507637+00:00
cust_ext_8439,Клиент 8439,+79990008439,user_8439@example.com,2026-01-15 20:33:19.813872+00:00
cust_ext_8440,Клиент 8440,+79990008440,user_8440@example.com,2026-01-02 23:28:49.021648+00:00
cust_ext_8441,Клиент 8441,+79990008441,user_8441@example.com,2026-02-01 00:47:37.699305+00:00
cust_ext_8442,Клиент 8442,+79990008442,user_8442@example.com,2026-02-06 20:27:59.698853+00:00
cust_ext_8443,Клиент 8443,+79990008443,user_8443@example.com,2026-01-03 00:50:46.771340+00:00
cust_ext_8444,Клиент 8444,+79990008444,user_8444@example.com,2026-02-09 22:02:29.876632+00:00
cust_ext_8445,Клиент 8445,+79990008445,user_8445@example.com,2026-02-04 03:51:44.600175+00:00
cust_ext_8446,Клиент 8446,+79990008446,user_8446@example.com,2026-01-03 04:50:20.416527+00:00
cust_ext_8447,Клиент 8447,+79990008447,user_8447@example.com,2026-01-28 03:45:34.702184+00:00
cust_ext_8448,Клиент 8448,+79990008448,user_8448@example.com,2026-01-28 16:06:01.541321+00:00
cust_ext_8449,Клиент 8449,+79990008449,user_8449@example.com,2026-01-08 03:21:18.410053+00:00
cust_ext_8450,Клиент 8450,+79990008450,user_8450@example.com,2026-02-14 19:02:53.582791+00:00
cust_ext_8451,Клиент 8451,+79990008451,user_8451@example.com,2026-01-12 10:46:34.171725+00:00
cust_ext_8452,Клиент 8452,+79990008452,user_8452@example.com,2026-01-11 22:16:37.390435+00:00
cust_ext_8453,Клиент 8453,+79990008453,user_8453@example.com,2026-01-13 15:58:40.569250+00:00
cust_ext_8454,Клиент 8454,+79990008454,user_8454@example.com,2026-02-03 13:50:35.054828+00:00
cust_ext_8455,Клиент 8455,+79990008455,user_8455@example.com,2026-01-31 20:44:33.594357+00:00
cust_ext_8456,Клиент 8456,+79990008456,user_8456@example.com,2026-01-16 02:10:17.806826+00:00
cust_ext_8457,Клиент 8457,+79990008457,user_8457@example.com,2026-01-10 10:37:20.821751+00:00
cust_ext_8458,Клиент 8458,+79990008458,user_8458@example.com,2026-02-05 04:29:15.953177+00:00
cust_ext_8459,Клиент 8459,+79990008459,user_8459@example.com,2026-01-21 11:43:35.326971+00:00
cust_ext_8460,Клиент 8460,+79990008460,user_8460@example.com,2026-01-16 14:52:32.806405+00:00
cust_ext_8461,Клиент 8461,+79990008461,user_8461@example.com,2026-02-05 12:21:43.936124+00:00
cust_ext_8462,Клиент 8462,+79990008462,user_8462@example.com,2026-01-15 20:21:25.229184+00:00
cust_ext_8463,Клиент 8463,+79990008463,user_8463@example.com,2026-02-13 01:34:40.725279+00:00
cust_ext_8464,Клиент 8464,+79990008464,user_8464@example.com,2026-02-14 05:34:22.514707+00:00
cust_ext_8465,Клиент 8465,+79990008465,user_8465@example.com,2026-02-01 23:08:53.965917+00:00
cust_ext_8466,Клиент 8466,+79990008466,user_8466@example.com,2026-01-30 03:59:18.143634+00:00
cust_ext_8467,Клиент 8467,+79990008467,user_8467@example.com,2026-01-14 19:08:22.069682+00:00
cust_ext_8468,Клиент 8468,+79990008468,user_8468@example.com,2026-01-06 13:05:08.988386+00:00
cust_ext_8469,Клиент 8469,+79990008469,user_8469@example.com,2026-01-11 00:42:00.196088+00:00
cust_ext_8470,Клиент 8470,+79990008470,user_8470@example.com,2026-01-18 22:01:27.912575+00:00
cust_ext_8471,Клиент 8471,+79990008471,user_8471@example.com,2026-01-11 19:04:22.010572+00:00
cust_ext_8472,Клиент 8472,+79990008472,user_8472@example.com,2026-02-03 11:31:59.790795+00:00
cust_ext_8473,Клиент 8473,+79990008473,user_8473@example.com,2026-01-08 07:05:14.878313+00:00
cust_ext_8474,Клиент 8474,+79990008474,user_8474@example.com,2026-02-06 14:49:28.630428+00:00
cust_ext_8475,Клиент 8475,+79990008475,user_8475@example.com,2026-01-17 16:42:27.190605+00:00
cust_ext_8476,Клиент 8476,+79990008476,user_8476@example.com,2026-01-05 09:26:17.531824+00:00
cust_ext_8477,Клиент 8477,+79990008477,user_8477@example.com,2026-01-13 02:28:44.205492+00:00
cust_ext_8478,Клиент 8478,+79990008478,user_8478@example.com,2026-01-09 13:07:10.317131+00:00
cust_ext_8479,Клиент 8479,+79990008479,user_8479@example.com,2026-01-30 23:38:09.654234+00:00
cust_ext_8480,Клиент 8480,+79990008480,user_8480@example.com,2026-01-11 11:40:01.376174+00:00
cust_ext_8481,Клиент 8481,+79990008481,user_8481@example.com,2026-02-12 18:35:14.468583+00:00
cust_ext_8482,Клиент 8482,+79990008482,user_8482@example.com,2026-01-02 11:53:08.446724+00:00
cust_ext_8483,Клиент 8483,+79990008483,user_8483@example.com,2026-01-06 21:30:16.593076+00:00
cust_ext_8484,Клиент 8484,+79990008484,user_8484@example.com,2026-01-15 11:00:22.548111+00:00
cust_ext_8485,Клиент 8485,+79990008485,user_8485@example.com,2026-01-22 19:17:04.513268+00:00
cust_ext_8486,Клиент 8486,+79990008486,user_8486@example.com,2026-01-26 11:50:12.694566+00:00
cust_ext_8487,Клиент 8487,+79990008487,user_8487@example.com,2026-01-04 04:13:18.572797+00:00
cust_ext_8488,Клиент 8488,+79990008488,user_8488@example.com,2026-01-28 15:37:14.215964+00:00
cust_ext_8489,Клиент 8489,+79990008489,user_8489@example.com,2026-01-31 05:20:26.979851+00:00
cust_ext_8490,Клиент 8490,+79990008490,user_8490@example.com,2026-01-26 00:36:45.999303+00:00
cust_ext_8491,Клиент 8491,+79990008491,user_8491@example.com,2026-01-28 18:38:16.786944+00:00
cust_ext_8492,Клиент 8492,+79990008492,user_8492@example.com,2026-01-22 23:32:35.456351+00:00
cust_ext_8493,Клиент 8493,+79990008493,user_8493@example.com,2026-01-07 02:22:57.233470+00:00
cust_ext_8494,Клиент 8494,+79990008494,user_8494@example.com,2026-01-01 13:16:54.504466+00:00
cust_ext_8495,Клиент 8495,+79990008495,user_8495@example.com,2026-01-03 02:13:05.500185+00:00
cust_ext_8496,Клиент 8496,+79990008496,user_8496@example.com,2026-02-10 03:23:53.401082+00:00
cust_ext_8497,Клиент 8497,+79990008497,user_8497@example.com,2026-02-12 20:10:57.285067+00:00
cust_ext_8498,Клиент 8498,+79990008498,user_8498@example.com,2026-01-06 05:39:57.784089+00:00
cust_ext_8499,Клиент 8499,+79990008499,user_8499@example.com,2026-02-03 14:09:55.820840+00:00
cust_ext_8500,Клиент 8500,+79990008500,user_8500@example.com,2026-02-02 20:03:44.538953+00:00
cust_ext_8501,Клиент 8501,+79990008501,user_8501@example.com,2026-01-30 21:08:11.731491+00:00
cust_ext_8502,Клиент 8502,+79990008502,user_8502@example.com,2026-01-19 07:33:20.902076+00:00
cust_ext_8503,Клиент 8503,+79990008503,user_8503@example.com,2026-01-03 14:18:51.387295+00:00
cust_ext_8504,Клиент 8504,+79990008504,user_8504@example.com,2026-01-19 05:35:00.546057+00:00
cust_ext_8505,Клиент 8505,+79990008505,user_8505@example.com,2026-01-27 20:58:28.273065+00:00
cust_ext_8506,Клиент 8506,+79990008506,user_8506@example.com,2026-01-28 20:41:45.559227+00:00
cust_ext_8507,Клиент 8507,+79990008507,user_8507@example.com,2026-01-18 23:28:19.792684+00:00
cust_ext_8508,Клиент 8508,+79990008508,user_8508@example.com,2026-01-16 02:30:40.319718+00:00
cust_ext_8509,Клиент 8509,+79990008509,user_8509@example.com,2026-01-07 10:32:01.628474+00:00
cust_ext_8510,Клиент 8510,+79990008510,user_8510@example.com,2026-01-23 00:59:55.282483+00:00
cust_ext_8511,Клиент 8511,+79990008511,user_8511@example.com,2026-01-01 03:56:10.543565+00:00
cust_ext_8512,Клиент 8512,+79990008512,user_8512@example.com,2026-02-10 06:45:56.743880+00:00
cust_ext_8513,Клиент 8513,+79990008513,user_8513@example.com,2026-01-31 12:50:55.622371+00:00
cust_ext_8514,Клиент 8514,+79990008514,user_8514@example.com,2026-01-14 16:43:15.568539+00:00
cust_ext_8515,Клиент 8515,+79990008515,user_8515@example.com,2026-01-25 13:22:45.818641+00:00
cust_ext_8516,Клиент 8516,+79990008516,user_8516@example.com,2026-02-04 19:26:08.193232+00:00
cust_ext_8517,Клиент 8517,+79990008517,user_8517@example.com,2026-02-03 18:29:38.795567+00:00
cust_ext_8518,Клиент 8518,+79990008518,user_8518@example.com,2026-02-06 13:01:13.462177+00:00
cust_ext_8519,Клиент 8519,+79990008519,user_8519@example.com,2026-02-03 09:52:15.442336+00:00
cust_ext_8520,Клиент 8520,+79990008520,user_8520@example.com,2026-01-30 21:58:42.563600+00:00
cust_ext_8521,Клиент 8521,+79990008521,user_8521@example.com,2026-01-19 17:45:59.253604+00:00
cust_ext_8522,Клиент 8522,+79990008522,user_8522@example.com,2026-01-11 09:35:46.284439+00:00
cust_ext_8523,Клиент 8523,+79990008523,user_8523@example.com,2026-01-05 18:34:49.329020+00:00
cust_ext_8524,Клиент 8524,+79990008524,user_8524@example.com,2026-02-02 18:44:41.322648+00:00
cust_ext_8525,Клиент 8525,+79990008525,user_8525@example.com,2026-01-26 18:10:03.132649+00:00
cust_ext_8526,Клиент 8526,+79990008526,user_8526@example.com,2026-01-10 23:23:23.291756+00:00
cust_ext_8527,Клиент 8527,+79990008527,user_8527@example.com,2026-02-07 11:26:36.109245+00:00
cust_ext_8528,Клиент 8528,+79990008528,user_8528@example.com,2026-01-12 03:30:37.554898+00:00
cust_ext_8529,Клиент 8529,+79990008529,user_8529@example.com,2026-01-20 09:59:26.380331+00:00
cust_ext_8530,Клиент 8530,+79990008530,user_8530@example.com,2026-01-04 21:57:41.486052+00:00
cust_ext_8531,Клиент 8531,+79990008531,user_8531@example.com,2026-01-06 02:34:06.218960+00:00
cust_ext_8532,Клиент 8532,+79990008532,user_8532@example.com,2026-01-20 00:43:00.007191+00:00
cust_ext_8533,Клиент 8533,+79990008533,user_8533@example.com,2026-01-27 00:12:45.014609+00:00
cust_ext_8534,Клиент 8534,+79990008534,user_8534@example.com,2026-01-27 06:31:42.636179+00:00
cust_ext_8535,Клиент 8535,+79990008535,user_8535@example.com,2026-01-28 23:27:49.133256+00:00
cust_ext_8536,Клиент 8536,+79990008536,user_8536@example.com,2026-01-22 04:46:27.585565+00:00
cust_ext_8537,Клиент 8537,+79990008537,user_8537@example.com,2026-01-01 01:06:29.768435+00:00
cust_ext_8538,Клиент 8538,+79990008538,user_8538@example.com,2026-01-18 12:31:37.304221+00:00
cust_ext_8539,Клиент 8539,+79990008539,user_8539@example.com,2026-01-14 09:39:33.289393+00:00
cust_ext_8540,Клиент 8540,+79990008540,user_8540@example.com,2026-01-13 08:15:16.749015+00:00
cust_ext_8541,Клиент 8541,+79990008541,user_8541@example.com,2026-01-14 01:05:16.183734+00:00
cust_ext_8542,Клиент 8542,+79990008542,user_8542@example.com,2026-01-27 21:28:30.520713+00:00
cust_ext_8543,Клиент 8543,+79990008543,user_8543@example.com,2026-01-03 13:00:28.151874+00:00
cust_ext_8544,Клиент 8544,+79990008544,user_8544@example.com,2026-01-27 14:27:26.901215+00:00
cust_ext_8545,Клиент 8545,+79990008545,user_8545@example.com,2026-01-26 16:24:24.756023+00:00
cust_ext_8546,Клиент 8546,+79990008546,user_8546@example.com,2026-01-20 14:39:44.788920+00:00
cust_ext_8547,Клиент 8547,+79990008547,user_8547@example.com,2026-01-16 01:40:06.262891+00:00
cust_ext_8548,Клиент 8548,+79990008548,user_8548@example.com,2026-01-30 01:03:01.155350+00:00
cust_ext_8549,Клиент 8549,+79990008549,user_8549@example.com,2026-02-05 07:33:46.706065+00:00
cust_ext_8550,Клиент 8550,+79990008550,user_8550@example.com,2026-02-01 11:05:29.942207+00:00
cust_ext_8551,Клиент 8551,+79990008551,user_8551@example.com,2026-01-25 23:51:55.974454+00:00
cust_ext_8552,Клиент 8552,+79990008552,user_8552@example.com,2026-01-06 23:06:41.171165+00:00
cust_ext_8553,Клиент 8553,+79990008553,user_8553@example.com,2026-01-22 03:00:19.285663+00:00
cust_ext_8554,Клиент 8554,+79990008554,user_8554@example.com,2026-01-23 23:31:09.991713+00:00
cust_ext_8555,Клиент 8555,+79990008555,user_8555@example.com,2026-01-18 18:35:58.530087+00:00
cust_ext_8556,Клиент 8556,+79990008556,user_8556@example.com,2026-02-13 21:24:00.972259+00:00
cust_ext_8557,Клиент 8557,+79990008557,user_8557@example.com,2026-01-14 22:42:08.483411+00:00
cust_ext_8558,Клиент 8558,+79990008558,user_8558@example.com,2026-02-07 18:34:08.122823+00:00
cust_ext_8559,Клиент 8559,+79990008559,user_8559@example.com,2026-02-10 07:26:32.630830+00:00
cust_ext_8560,Клиент 8560,+79990008560,user_8560@example.com,2026-02-07 13:54:37.394760+00:00
cust_ext_8561,Клиент 8561,+79990008561,user_8561@example.com,2026-01-05 21:04:50.686082+00:00
cust_ext_8562,Клиент 8562,+79990008562,user_8562@example.com,2026-01-12 13:39:33.306623+00:00
cust_ext_8563,Клиент 8563,+79990008563,user_8563@example.com,2026-02-05 02:46:58.447780+00:00
cust_ext_8564,Клиент 8564,+79990008564,user_8564@example.com,2026-01-04 16:38:38.640731+00:00
cust_ext_8565,Клиент 8565,+79990008565,user_8565@example.com,2026-01-01 12:52:54.839220+00:00
cust_ext_8566,Клиент 8566,+79990008566,user_8566@example.com,2026-01-17 06:23:01.758802+00:00
cust_ext_8567,Клиент 8567,+79990008567,user_8567@example.com,2026-02-09 10:21:54.494403+00:00
cust_ext_8568,Клиент 8568,+79990008568,user_8568@example.com,2026-01-17 11:41:26.579200+00:00
cust_ext_8569,Клиент 8569,+79990008569,user_8569@example.com,2026-02-02 17:56:34.536744+00:00
cust_ext_8570,Клиент 8570,+79990008570,user_8570@example.com,2026-01-10 21:58:03.140563+00:00
cust_ext_8571,Клиент 8571,+79990008571,user_8571@example.com,2026-01-23 15:26:19.770640+00:00
cust_ext_8572,Клиент 8572,+79990008572,user_8572@example.com,2026-02-13 16:42:06.461632+00:00
cust_ext_8573,Клиент 8573,+79990008573,user_8573@example.com,2026-01-18 15:21:03.726652+00:00
cust_ext_8574,Клиент 8574,+79990008574,user_8574@example.com,2026-02-14 11:18:31.415582+00:00
cust_ext_8575,Клиент 8575,+79990008575,user_8575@example.com,2026-01-05 10:59:33.033080+00:00
cust_ext_8576,Клиент 8576,+79990008576,user_8576@example.com,2026-02-04 23:36:07.510773+00:00
cust_ext_8577,Клиент 8577,+79990008577,user_8577@example.com,2026-01-04 14:44:29.067180+00:00
cust_ext_8578,Клиент 8578,+79990008578,user_8578@example.com,2026-01-09 12:45:38.493453+00:00
cust_ext_8579,Клиент 8579,+79990008579,user_8579@example.com,2026-01-22 17:00:56.049492+00:00
cust_ext_8580,Клиент 8580,+79990008580,user_8580@example.com,2026-02-14 05:45:13.522756+00:00
cust_ext_8581,Клиент 8581,+79990008581,user_8581@example.com,2026-02-03 18:38:04.552365+00:00
cust_ext_8582,Клиент 8582,+79990008582,user_8582@example.com,2026-01-11 07:05:35.056854+00:00
cust_ext_8583,Клиент 8583,+79990008583,user_8583@example.com,2026-02-02 21:46:09.229060+00:00
cust_ext_8584,Клиент 8584,+79990008584,user_8584@example.com,2026-01-15 10:34:24.414092+00:00
cust_ext_8585,Клиент 8585,+79990008585,user_8585@example.com,2026-01-24 07:37:10.834023+00:00
cust_ext_8586,Клиент 8586,+79990008586,user_8586@example.com,2026-02-11 10:24:47.980940+00:00
cust_ext_8587,Клиент 8587,+79990008587,user_8587@example.com,2026-01-04 12:21:55.464449+00:00
cust_ext_8588,Клиент 8588,+79990008588,user_8588@example.com,2026-01-14 12:32:54.348885+00:00
cust_ext_8589,Клиент 8589,+79990008589,user_8589@example.com,2026-02-07 14:40:32.099352+00:00
cust_ext_8590,Клиент 8590,+79990008590,user_8590@example.com,2026-02-04 05:26:05.204886+00:00
cust_ext_8591,Клиент 8591,+79990008591,user_8591@example.com,2026-01-13 07:36:11.559342+00:00
cust_ext_8592,Клиент 8592,+79990008592,user_8592@example.com,2026-02-03 22:04:44.772600+00:00
cust_ext_8593,Клиент 8593,+79990008593,user_8593@example.com,2026-01-10 13:45:16.439580+00:00
cust_ext_8594,Клиент 8594,+79990008594,user_8594@example.com,2026-02-03 22:31:33.671088+00:00
cust_ext_8595,Клиент 8595,+79990008595,user_8595@example.com,2026-01-08 13:56:48.987712+00:00
cust_ext_8596,Клиент 8596,+79990008596,user_8596@example.com,2026-01-28 10:15:29.279885+00:00
cust_ext_8597,Клиент 8597,+79990008597,user_8597@example.com,2026-01-03 22:46:39.911217+00:00
cust_ext_8598,Клиент 8598,+79990008598,user_8598@example.com,2026-01-31 15:54:24.194873+00:00
cust_ext_8599,Клиент 8599,+79990008599,user_8599@example.com,2026-01-01 08:58:10.299293+00:00
cust_ext_8600,Клиент 8600,+79990008600,user_8600@example.com,2026-01-26 14:09:23.304558+00:00
cust_ext_8601,Клиент 8601,+79990008601,user_8601@example.com,2026-01-23 09:42:47.310057+00:00
cust_ext_8602,Клиент 8602,+79990008602,user_8602@example.com,2026-02-05 01:07:18.727990+00:00
cust_ext_8603,Клиент 8603,+79990008603,user_8603@example.com,2026-01-13 17:20:06.664223+00:00
cust_ext_8604,Клиент 8604,+79990008604,user_8604@example.com,2026-02-05 23:19:47.267545+00:00
cust_ext_8605,Клиент 8605,+79990008605,user_8605@example.com,2026-02-05 08:57:23.806853+00:00
cust_ext_8606,Клиент 8606,+79990008606,user_8606@example.com,2026-02-14 08:56:27.748673+00:00
cust_ext_8607,Клиент 8607,+79990008607,user_8607@example.com,2026-02-05 07:57:11.170865+00:00
cust_ext_8608,Клиент 8608,+79990008608,user_8608@example.com,2026-01-15 07:06:52.511578+00:00
cust_ext_8609,Клиент 8609,+79990008609,user_8609@example.com,2026-02-10 01:11:11.058208+00:00
cust_ext_8610,Клиент 8610,+79990008610,user_8610@example.com,2026-01-24 19:58:24.778476+00:00
cust_ext_8611,Клиент 8611,+79990008611,user_8611@example.com,2026-02-06 09:19:27.450984+00:00
cust_ext_8612,Клиент 8612,+79990008612,user_8612@example.com,2026-01-03 18:17:17.458257+00:00
cust_ext_8613,Клиент 8613,+79990008613,user_8613@example.com,2026-01-03 18:48:00.343192+00:00
cust_ext_8614,Клиент 8614,+79990008614,user_8614@example.com,2026-01-24 20:08:20.991486+00:00
cust_ext_8615,Клиент 8615,+79990008615,user_8615@example.com,2026-02-11 01:34:49.708561+00:00
cust_ext_8616,Клиент 8616,+79990008616,user_8616@example.com,2026-02-10 08:56:08.485264+00:00
cust_ext_8617,Клиент 8617,+79990008617,user_8617@example.com,2026-01-07 03:07:44.139168+00:00
cust_ext_8618,Клиент 8618,+79990008618,user_8618@example.com,2026-01-18 19:20:29.163391+00:00
cust_ext_8619,Клиент 8619,+79990008619,user_8619@example.com,2026-01-30 19:08:36.244050+00:00
cust_ext_8620,Клиент 8620,+79990008620,user_8620@example.com,2026-01-10 23:51:17.765347+00:00
cust_ext_8621,Клиент 8621,+79990008621,user_8621@example.com,2026-01-14 20:31:37.739333+00:00
cust_ext_8622,Клиент 8622,+79990008622,user_8622@example.com,2026-01-26 17:01:21.122295+00:00
cust_ext_8623,Клиент 8623,+79990008623,user_8623@example.com,2026-01-04 08:20:04.179353+00:00
cust_ext_8624,Клиент 8624,+79990008624,user_8624@example.com,2026-02-08 21:53:00.273142+00:00
cust_ext_8625,Клиент 8625,+79990008625,user_8625@example.com,2026-01-18 10:49:40.383045+00:00
cust_ext_8626,Клиент 8626,+79990008626,user_8626@example.com,2026-01-28 13:06:51.463964+00:00
cust_ext_8627,Клиент 8627,+79990008627,user_8627@example.com,2026-01-09 13:15:01.491599+00:00
cust_ext_8628,Клиент 8628,+79990008628,user_8628@example.com,2026-01-26 23:41:20.329494+00:00
cust_ext_8629,Клиент 8629,+79990008629,user_8629@example.com,2026-02-13 22:35:53.510351+00:00
cust_ext_8630,Клиент 8630,+79990008630,user_8630@example.com,2026-01-23 04:30:43.121253+00:00
cust_ext_8631,Клиент 8631,+79990008631,user_8631@example.com,2026-02-02 07:14:41.316214+00:00
cust_ext_8632,Клиент 8632,+79990008632,user_8632@example.com,2026-01-28 02:09:22.542416+00:00
cust_ext_8633,Клиент 8633,+79990008633,user_8633@example.com,2026-01-23 05:27:57.442872+00:00
cust_ext_8634,Клиент 8634,+79990008634,user_8634@example.com,2026-02-03 06:58:05.310982+00:00
cust_ext_8635,Клиент 8635,+79990008635,user_8635@example.com,2026-01-31 02:50:54.775287+00:00
cust_ext_8636,Клиент 8636,+79990008636,user_8636@example.com,2026-02-06 20:12:28.468468+00:00
cust_ext_8637,Клиент 8637,+79990008637,user_8637@example.com,2026-02-13 18:35:01.476647+00:00
cust_ext_8638,Клиент 8638,+79990008638,user_8638@example.com,2026-02-05 19:53:19.225745+00:00
cust_ext_8639,Клиент 8639,+79990008639,user_8639@example.com,2026-01-15 11:31:05.119183+00:00
cust_ext_8640,Клиент 8640,+79990008640,user_8640@example.com,2026-01-14 11:09:50.538040+00:00
cust_ext_8641,Клиент 8641,+79990008641,user_8641@example.com,2026-01-10 22:52:15.691788+00:00
cust_ext_8642,Клиент 8642,+79990008642,user_8642@example.com,2026-02-08 19:08:30.816113+00:00
cust_ext_8643,Клиент 8643,+79990008643,user_8643@example.com,2026-02-10 16:54:12.464155+00:00
cust_ext_8644,Клиент 8644,+79990008644,user_8644@example.com,2026-01-02 09:47:05.115162+00:00
cust_ext_8645,Клиент 8645,+79990008645,user_8645@example.com,2026-01-20 13:55:01.005220+00:00
cust_ext_8646,Клиент 8646,+79990008646,user_8646@example.com,2026-01-19 22:40:15.062538+00:00
cust_ext_8647,Клиент 8647,+79990008647,user_8647@example.com,2026-02-04 00:47:33.077312+00:00
cust_ext_8648,Клиент 8648,+79990008648,user_8648@example.com,2026-01-31 20:51:12.716171+00:00
cust_ext_8649,Клиент 8649,+79990008649,user_8649@example.com,2026-02-09 10:59:12.571047+00:00
cust_ext_8650,Клиент 8650,+79990008650,user_8650@example.com,2026-02-13 22:51:25.871557+00:00
cust_ext_8651,Клиент 8651,+79990008651,user_8651@example.com,2026-01-30 14:03:14.338619+00:00
cust_ext_8652,Клиент 8652,+79990008652,user_8652@example.com,2026-01-04 19:07:38.539310+00:00
cust_ext_8653,Клиент 8653,+79990008653,user_8653@example.com,2026-02-05 16:04:12.294881+00:00
cust_ext_8654,Клиент 8654,+79990008654,user_8654@example.com,2026-01-31 17:05:53.742251+00:00
cust_ext_8655,Клиент 8655,+79990008655,user_8655@example.com,2026-01-21 16:53:16.995281+00:00
cust_ext_8656,Клиент 8656,+79990008656,user_8656@example.com,2026-01-29 01:08:39.215747+00:00
cust_ext_8657,Клиент 8657,+79990008657,user_8657@example.com,2026-01-03 08:32:11.299454+00:00
cust_ext_8658,Клиент 8658,+79990008658,user_8658@example.com,2026-01-25 21:45:56.003109+00:00
cust_ext_8659,Клиент 8659,+79990008659,user_8659@example.com,2026-01-15 22:32:28.710441+00:00
cust_ext_8660,Клиент 8660,+79990008660,user_8660@example.com,2026-01-09 02:49:35.208229+00:00
cust_ext_8661,Клиент 8661,+79990008661,user_8661@example.com,2026-02-07 16:22:48.435969+00:00
cust_ext_8662,Клиент 8662,+79990008662,user_8662@example.com,2026-02-06 03:49:30.603561+00:00
cust_ext_8663,Клиент 8663,+79990008663,user_8663@example.com,2026-01-22 22:52:59.876222+00:00
cust_ext_8664,Клиент 8664,+79990008664,user_8664@example.com,2026-01-06 23:47:28.903265+00:00
cust_ext_8665,Клиент 8665,+79990008665,user_8665@example.com,2026-02-01 11:27:02.138360+00:00
cust_ext_8666,Клиент 8666,+79990008666,user_8666@example.com,2026-01-23 23:07:23.044427+00:00
cust_ext_8667,Клиент 8667,+79990008667,user_8667@example.com,2026-01-18 06:36:40.024812+00:00
cust_ext_8668,Клиент 8668,+79990008668,user_8668@example.com,2026-01-10 15:28:14.951934+00:00
cust_ext_8669,Клиент 8669,+79990008669,user_8669@example.com,2026-02-13 13:27:37.556837+00:00
cust_ext_8670,Клиент 8670,+79990008670,user_8670@example.com,2026-02-12 02:22:34.913225+00:00
cust_ext_8671,Клиент 8671,+79990008671,user_8671@example.com,2026-01-24 12:52:07.902454+00:00
cust_ext_8672,Клиент 8672,+79990008672,user_8672@example.com,2026-01-20 05:52:19.895006+00:00
cust_ext_8673,Клиент 8673,+79990008673,user_8673@example.com,2026-02-05 01:39:27.837746+00:00
cust_ext_8674,Клиент 8674,+79990008674,user_8674@example.com,2026-01-06 21:27:53.556465+00:00
cust_ext_8675,Клиент 8675,+79990008675,user_8675@example.com,2026-01-21 03:23:38.651421+00:00
cust_ext_8676,Клиент 8676,+79990008676,user_8676@example.com,2026-02-01 00:35:42.524510+00:00
cust_ext_8677,Клиент 8677,+79990008677,user_8677@example.com,2026-01-24 10:07:30.631045+00:00
cust_ext_8678,Клиент 8678,+79990008678,user_8678@example.com,2026-01-27 14:27:05.094943+00:00
cust_ext_8679,Клиент 8679,+79990008679,user_8679@example.com,2026-01-20 17:42:08.287027+00:00
cust_ext_8680,Клиент 8680,+79990008680,user_8680@example.com,2026-02-04 06:26:55.345732+00:00
cust_ext_8681,Клиент 8681,+79990008681,user_8681@example.com,2026-01-16 11:05:53.720258+00:00
cust_ext_8682,Клиент 8682,+79990008682,user_8682@example.com,2026-01-11 05:51:31.790557+00:00
cust_ext_8683,Клиент 8683,+79990008683,user_8683@example.com,2026-01-11 11:36:03.507119+00:00
cust_ext_8684,Клиент 8684,+79990008684,user_8684@example.com,2026-01-17 04:43:40.436871+00:00
cust_ext_8685,Клиент 8685,+79990008685,user_8685@example.com,2026-01-21 21:37:52.114556+00:00
cust_ext_8686,Клиент 8686,+79990008686,user_8686@example.com,2026-01-09 20:38:10.000934+00:00
cust_ext_8687,Клиент 8687,+79990008687,user_8687@example.com,2026-02-04 23:35:12.692993+00:00
cust_ext_8688,Клиент 8688,+79990008688,user_8688@example.com,2026-01-27 20:19:34.331026+00:00
cust_ext_8689,Клиент 8689,+79990008689,user_8689@example.com,2026-01-08 05:48:47.025389+00:00
cust_ext_8690,Клиент 8690,+79990008690,user_8690@example.com,2026-01-17 20:40:18.364877+00:00
cust_ext_8691,Клиент 8691,+79990008691,user_8691@example.com,2026-01-29 05:59:56.971264+00:00
cust_ext_8692,Клиент 8692,+79990008692,user_8692@example.com,2026-01-15 21:02:35.095731+00:00
cust_ext_8693,Клиент 8693,+79990008693,user_8693@example.com,2026-02-06 01:19:53.417303+00:00
cust_ext_8694,Клиент 8694,+79990008694,user_8694@example.com,2026-02-10 20:55:11.223499+00:00
cust_ext_8695,Клиент 8695,+79990008695,user_8695@example.com,2026-01-07 05:37:00.265556+00:00
cust_ext_8696,Клиент 8696,+79990008696,user_8696@example.com,2026-02-12 04:49:47.277213+00:00
cust_ext_8697,Клиент 8697,+79990008697,user_8697@example.com,2026-01-13 08:33:38.909729+00:00
cust_ext_8698,Клиент 8698,+79990008698,user_8698@example.com,2026-01-27 20:40:22.436853+00:00
cust_ext_8699,Клиент 8699,+79990008699,user_8699@example.com,2026-02-10 22:35:28.627565+00:00
cust_ext_8700,Клиент 8700,+79990008700,user_8700@example.com,2026-01-09 22:51:48.276800+00:00
cust_ext_8701,Клиент 8701,+79990008701,user_8701@example.com,2026-01-28 13:18:31.153132+00:00
cust_ext_8702,Клиент 8702,+79990008702,user_8702@example.com,2026-01-12 03:46:53.932232+00:00
cust_ext_8703,Клиент 8703,+79990008703,user_8703@example.com,2026-01-05 05:28:00.018997+00:00
cust_ext_8704,Клиент 8704,+79990008704,user_8704@example.com,2026-01-14 05:23:40.720607+00:00
cust_ext_8705,Клиент 8705,+79990008705,user_8705@example.com,2026-01-17 06:49:12.836484+00:00
cust_ext_8706,Клиент 8706,+79990008706,user_8706@example.com,2026-01-10 03:25:01.459280+00:00
cust_ext_8707,Клиент 8707,+79990008707,user_8707@example.com,2026-01-31 01:18:04.205136+00:00
cust_ext_8708,Клиент 8708,+79990008708,user_8708@example.com,2026-01-18 17:22:36.122305+00:00
cust_ext_8709,Клиент 8709,+79990008709,user_8709@example.com,2026-01-16 03:42:13.981330+00:00
cust_ext_8710,Клиент 8710,+79990008710,user_8710@example.com,2026-02-06 10:45:18.485839+00:00
cust_ext_8711,Клиент 8711,+79990008711,user_8711@example.com,2026-02-10 10:46:55.527940+00:00
cust_ext_8712,Клиент 8712,+79990008712,user_8712@example.com,2026-01-28 10:27:10.899959+00:00
cust_ext_8713,Клиент 8713,+79990008713,user_8713@example.com,2026-01-14 02:33:52.692665+00:00
cust_ext_8714,Клиент 8714,+79990008714,user_8714@example.com,2026-02-04 16:32:35.368733+00:00
cust_ext_8715,Клиент 8715,+79990008715,user_8715@example.com,2026-02-13 18:59:23.452623+00:00
cust_ext_8716,Клиент 8716,+79990008716,user_8716@example.com,2026-01-27 19:32:44.391803+00:00
cust_ext_8717,Клиент 8717,+79990008717,user_8717@example.com,2026-02-11 21:45:52.534641+00:00
cust_ext_8718,Клиент 8718,+79990008718,user_8718@example.com,2026-01-03 12:34:44.744090+00:00
cust_ext_8719,Клиент 8719,+79990008719,user_8719@example.com,2026-01-23 20:49:39.314737+00:00
cust_ext_8720,Клиент 8720,+79990008720,user_8720@example.com,2026-01-04 13:16:55.173557+00:00
cust_ext_8721,Клиент 8721,+79990008721,user_8721@example.com,2026-01-28 09:43:14.167766+00:00
cust_ext_8722,Клиент 8722,+79990008722,user_8722@example.com,2026-01-05 23:39:47.709551+00:00
cust_ext_8723,Клиент 8723,+79990008723,user_8723@example.com,2026-01-24 21:25:56.266775+00:00
cust_ext_8724,Клиент 8724,+79990008724,user_8724@example.com,2026-02-12 00:35:36.750189+00:00
cust_ext_8725,Клиент 8725,+79990008725,user_8725@example.com,2026-01-25 23:51:51.082000+00:00
cust_ext_8726,Клиент 8726,+79990008726,user_8726@example.com,2026-01-31 23:36:56.181171+00:00
cust_ext_8727,Клиент 8727,+79990008727,user_8727@example.com,2026-01-22 08:51:54.950496+00:00
cust_ext_8728,Клиент 8728,+79990008728,user_8728@example.com,2026-01-04 02:30:37.931354+00:00
cust_ext_8729,Клиент 8729,+79990008729,user_8729@example.com,2026-02-04 13:04:46.113130+00:00
cust_ext_8730,Клиент 8730,+79990008730,user_8730@example.com,2026-02-03 15:04:34.296149+00:00
cust_ext_8731,Клиент 8731,+79990008731,user_8731@example.com,2026-02-14 07:26:10.832930+00:00
cust_ext_8732,Клиент 8732,+79990008732,user_8732@example.com,2026-02-08 16:16:45.127261+00:00
cust_ext_8733,Клиент 8733,+79990008733,user_8733@example.com,2026-01-08 05:53:47.542077+00:00
cust_ext_8734,Клиент 8734,+79990008734,user_8734@example.com,2026-01-08 14:27:46.430288+00:00
cust_ext_8735,Клиент 8735,+79990008735,user_8735@example.com,2026-02-01 03:10:34.977617+00:00
cust_ext_8736,Клиент 8736,+79990008736,user_8736@example.com,2026-01-31 06:59:19.672873+00:00
cust_ext_8737,Клиент 8737,+79990008737,user_8737@example.com,2026-01-13 09:27:28.192473+00:00
cust_ext_8738,Клиент 8738,+79990008738,user_8738@example.com,2026-02-09 23:32:22.667698+00:00
cust_ext_8739,Клиент 8739,+79990008739,user_8739@example.com,2026-01-30 22:57:47.277260+00:00
cust_ext_8740,Клиент 8740,+79990008740,user_8740@example.com,2026-02-06 17:50:11.984105+00:00
cust_ext_8741,Клиент 8741,+79990008741,user_8741@example.com,2026-01-10 20:53:10.433904+00:00
cust_ext_8742,Клиент 8742,+79990008742,user_8742@example.com,2026-01-19 03:26:05.024601+00:00
cust_ext_8743,Клиент 8743,+79990008743,user_8743@example.com,2026-02-05 09:17:25.724838+00:00
cust_ext_8744,Клиент 8744,+79990008744,user_8744@example.com,2026-01-01 02:55:57.962121+00:00
cust_ext_8745,Клиент 8745,+79990008745,user_8745@example.com,2026-02-14 07:14:56.198893+00:00
cust_ext_8746,Клиент 8746,+79990008746,user_8746@example.com,2026-02-04 02:53:15.035895+00:00
cust_ext_8747,Клиент 8747,+79990008747,user_8747@example.com,2026-01-01 08:38:53.854768+00:00
cust_ext_8748,Клиент 8748,+79990008748,user_8748@example.com,2026-01-01 14:57:53.879229+00:00
cust_ext_8749,Клиент 8749,+79990008749,user_8749@example.com,2026-01-07 20:12:10.407261+00:00
cust_ext_8750,Клиент 8750,+79990008750,user_8750@example.com,2026-01-30 23:13:39.622963+00:00
cust_ext_8751,Клиент 8751,+79990008751,user_8751@example.com,2026-01-02 03:34:53.072224+00:00
cust_ext_8752,Клиент 8752,+79990008752,user_8752@example.com,2026-01-05 21:38:51.593792+00:00
cust_ext_8753,Клиент 8753,+79990008753,user_8753@example.com,2026-01-20 15:29:32.090837+00:00
cust_ext_8754,Клиент 8754,+79990008754,user_8754@example.com,2026-01-22 16:19:33.365890+00:00
cust_ext_8755,Клиент 8755,+79990008755,user_8755@example.com,2026-02-12 19:24:16.330572+00:00
cust_ext_8756,Клиент 8756,+79990008756,user_8756@example.com,2026-01-17 18:25:17.010165+00:00
cust_ext_8757,Клиент 8757,+79990008757,user_8757@example.com,2026-01-08 19:19:08.127634+00:00
cust_ext_8758,Клиент 8758,+79990008758,user_8758@example.com,2026-02-06 11:21:54.488142+00:00
cust_ext_8759,Клиент 8759,+79990008759,user_8759@example.com,2026-01-19 06:05:22.659253+00:00
cust_ext_8760,Клиент 8760,+79990008760,user_8760@example.com,2026-01-27 17:43:30.330531+00:00
cust_ext_8761,Клиент 8761,+79990008761,user_8761@example.com,2026-01-14 15:42:57.057225+00:00
cust_ext_8762,Клиент 8762,+79990008762,user_8762@example.com,2026-02-10 15:56:20.707942+00:00
cust_ext_8763,Клиент 8763,+79990008763,user_8763@example.com,2026-01-27 21:17:32.744121+00:00
cust_ext_8764,Клиент 8764,+79990008764,user_8764@example.com,2026-02-12 06:49:02.777136+00:00
cust_ext_8765,Клиент 8765,+79990008765,user_8765@example.com,2026-01-25 17:05:26.867780+00:00
cust_ext_8766,Клиент 8766,+79990008766,user_8766@example.com,2026-01-17 02:09:46.749197+00:00
cust_ext_8767,Клиент 8767,+79990008767,user_8767@example.com,2026-02-09 06:17:33.106957+00:00
cust_ext_8768,Клиент 8768,+79990008768,user_8768@example.com,2026-01-15 13:07:43.306000+00:00
cust_ext_8769,Клиент 8769,+79990008769,user_8769@example.com,2026-01-28 08:39:16.224640+00:00
cust_ext_8770,Клиент 8770,+79990008770,user_8770@example.com,2026-01-01 15:40:21.807744+00:00
cust_ext_8771,Клиент 8771,+79990008771,user_8771@example.com,2026-02-01 08:04:54.149515+00:00
cust_ext_8772,Клиент 8772,+79990008772,user_8772@example.com,2026-01-31 20:16:56.082178+00:00
cust_ext_8773,Клиент 8773,+79990008773,user_8773@example.com,2026-02-03 13:47:53.007526+00:00
cust_ext_8774,Клиент 8774,+79990008774,user_8774@example.com,2026-01-29 01:07:37.403890+00:00
cust_ext_8775,Клиент 8775,+79990008775,user_8775@example.com,2026-02-11 13:19:27.173857+00:00
cust_ext_8776,Клиент 8776,+79990008776,user_8776@example.com,2026-02-09 07:39:21.758326+00:00
cust_ext_8777,Клиент 8777,+79990008777,user_8777@example.com,2026-01-16 10:54:41.589525+00:00
cust_ext_8778,Клиент 8778,+79990008778,user_8778@example.com,2026-01-25 04:45:34.121505+00:00
cust_ext_8779,Клиент 8779,+79990008779,user_8779@example.com,2026-01-25 14:57:27.870106+00:00
cust_ext_8780,Клиент 8780,+79990008780,user_8780@example.com,2026-01-09 17:01:05.369037+00:00
cust_ext_8781,Клиент 8781,+79990008781,user_8781@example.com,2026-01-28 14:30:18.525811+00:00
cust_ext_8782,Клиент 8782,+79990008782,user_8782@example.com,2026-01-03 02:55:26.886903+00:00
cust_ext_8783,Клиент 8783,+79990008783,user_8783@example.com,2026-02-03 05:05:02.123488+00:00
cust_ext_8784,Клиент 8784,+79990008784,user_8784@example.com,2026-01-28 08:39:30.592052+00:00
cust_ext_8785,Клиент 8785,+79990008785,user_8785@example.com,2026-01-22 02:37:56.019519+00:00
cust_ext_8786,Клиент 8786,+79990008786,user_8786@example.com,2026-01-19 02:00:24.080513+00:00
cust_ext_8787,Клиент 8787,+79990008787,user_8787@example.com,2026-01-29 10:24:52.710380+00:00
cust_ext_8788,Клиент 8788,+79990008788,user_8788@example.com,2026-01-05 11:56:37.555845+00:00
cust_ext_8789,Клиент 8789,+79990008789,user_8789@example.com,2026-01-03 09:36:56.612559+00:00
cust_ext_8790,Клиент 8790,+79990008790,user_8790@example.com,2026-01-05 15:49:15.995405+00:00
cust_ext_8791,Клиент 8791,+79990008791,user_8791@example.com,2026-01-17 06:56:26.498705+00:00
cust_ext_8792,Клиент 8792,+79990008792,user_8792@example.com,2026-01-20 22:04:59.133003+00:00
cust_ext_8793,Клиент 8793,+79990008793,user_8793@example.com,2026-02-08 22:34:19.925201+00:00
cust_ext_8794,Клиент 8794,+79990008794,user_8794@example.com,2026-01-28 16:21:41.674794+00:00
cust_ext_8795,Клиент 8795,+79990008795,user_8795@example.com,2026-02-07 21:57:18.422111+00:00
cust_ext_8796,Клиент 8796,+79990008796,user_8796@example.com,2026-02-03 15:54:39.317203+00:00
cust_ext_8797,Клиент 8797,+79990008797,user_8797@example.com,2026-01-11 02:45:29.775280+00:00
cust_ext_8798,Клиент 8798,+79990008798,user_8798@example.com,2026-01-13 08:33:54.043343+00:00
cust_ext_8799,Клиент 8799,+79990008799,user_8799@example.com,2026-01-24 00:47:25.454290+00:00
cust_ext_8800,Клиент 8800,+79990008800,user_8800@example.com,2026-01-02 20:24:47.530147+00:00
cust_ext_8801,Клиент 8801,+79990008801,user_8801@example.com,2026-01-05 16:05:43.964885+00:00
cust_ext_8802,Клиент 8802,+79990008802,user_8802@example.com,2026-02-05 21:41:13.405513+00:00
cust_ext_8803,Клиент 8803,+79990008803,user_8803@example.com,2026-01-09 04:22:46.414310+00:00
cust_ext_8804,Клиент 8804,+79990008804,user_8804@example.com,2026-02-05 13:10:26.094282+00:00
cust_ext_8805,Клиент 8805,+79990008805,user_8805@example.com,2026-01-02 09:33:16.902611+00:00
cust_ext_8806,Клиент 8806,+79990008806,user_8806@example.com,2026-02-02 06:33:28.250720+00:00
cust_ext_8807,Клиент 8807,+79990008807,user_8807@example.com,2026-01-05 07:14:31.763945+00:00
cust_ext_8808,Клиент 8808,+79990008808,user_8808@example.com,2026-01-31 12:41:59.428534+00:00
cust_ext_8809,Клиент 8809,+79990008809,user_8809@example.com,2026-02-03 02:06:53.562245+00:00
cust_ext_8810,Клиент 8810,+79990008810,user_8810@example.com,2026-02-07 01:30:43.519927+00:00
cust_ext_8811,Клиент 8811,+79990008811,user_8811@example.com,2026-01-08 16:19:26.840652+00:00
cust_ext_8812,Клиент 8812,+79990008812,user_8812@example.com,2026-01-17 08:18:17.635081+00:00
cust_ext_8813,Клиент 8813,+79990008813,user_8813@example.com,2026-01-17 22:27:14.628942+00:00
cust_ext_8814,Клиент 8814,+79990008814,user_8814@example.com,2026-01-20 03:01:05.572174+00:00
cust_ext_8815,Клиент 8815,+79990008815,user_8815@example.com,2026-02-04 08:52:25.494928+00:00
cust_ext_8816,Клиент 8816,+79990008816,user_8816@example.com,2026-01-01 15:34:46.094153+00:00
cust_ext_8817,Клиент 8817,+79990008817,user_8817@example.com,2026-01-21 13:44:05.947789+00:00
cust_ext_8818,Клиент 8818,+79990008818,user_8818@example.com,2026-01-29 01:36:29.288466+00:00
cust_ext_8819,Клиент 8819,+79990008819,user_8819@example.com,2026-02-02 21:41:56.012274+00:00
cust_ext_8820,Клиент 8820,+79990008820,user_8820@example.com,2026-01-13 21:29:57.305416+00:00
cust_ext_8821,Клиент 8821,+79990008821,user_8821@example.com,2026-02-12 12:28:20.638163+00:00
cust_ext_8822,Клиент 8822,+79990008822,user_8822@example.com,2026-01-16 22:25:49.658567+00:00
cust_ext_8823,Клиент 8823,+79990008823,user_8823@example.com,2026-02-01 13:31:08.517195+00:00
cust_ext_8824,Клиент 8824,+79990008824,user_8824@example.com,2026-01-27 15:51:08.384156+00:00
cust_ext_8825,Клиент 8825,+79990008825,user_8825@example.com,2026-01-25 16:03:00.970067+00:00
cust_ext_8826,Клиент 8826,+79990008826,user_8826@example.com,2026-02-05 04:23:52.115635+00:00
cust_ext_8827,Клиент 8827,+79990008827,user_8827@example.com,2026-01-11 06:04:27.414809+00:00
cust_ext_8828,Клиент 8828,+79990008828,user_8828@example.com,2026-01-21 15:35:27.822357+00:00
cust_ext_8829,Клиент 8829,+79990008829,user_8829@example.com,2026-01-04 05:12:37.173964+00:00
cust_ext_8830,Клиент 8830,+79990008830,user_8830@example.com,2026-01-27 23:32:26.176928+00:00
cust_ext_8831,Клиент 8831,+79990008831,user_8831@example.com,2026-02-05 16:52:20.128329+00:00
cust_ext_8832,Клиент 8832,+79990008832,user_8832@example.com,2026-01-21 21:44:50.553591+00:00
cust_ext_8833,Клиент 8833,+79990008833,user_8833@example.com,2026-01-01 08:10:12.548068+00:00
cust_ext_8834,Клиент 8834,+79990008834,user_8834@example.com,2026-02-05 17:38:44.929658+00:00
cust_ext_8835,Клиент 8835,+79990008835,user_8835@example.com,2026-01-16 02:06:47.037643+00:00
cust_ext_8836,Клиент 8836,+79990008836,user_8836@example.com,2026-01-14 00:41:06.544183+00:00
cust_ext_8837,Клиент 8837,+79990008837,user_8837@example.com,2026-01-19 19:35:29.858640+00:00
cust_ext_8838,Клиент 8838,+79990008838,user_8838@example.com,2026-01-19 10:50:44.154762+00:00
cust_ext_8839,Клиент 8839,+79990008839,user_8839@example.com,2026-01-25 15:42:19.314939+00:00
cust_ext_8840,Клиент 8840,+79990008840,user_8840@example.com,2026-01-30 02:22:40.395459+00:00
cust_ext_8841,Клиент 8841,+79990008841,user_8841@example.com,2026-01-03 06:35:25.189303+00:00
cust_ext_8842,Клиент 8842,+79990008842,user_8842@example.com,2026-01-09 00:07:33.729562+00:00
cust_ext_8843,Клиент 8843,+79990008843,user_8843@example.com,2026-01-23 16:00:20.661906+00:00
cust_ext_8844,Клиент 8844,+79990008844,user_8844@example.com,2026-02-09 21:01:05.469866+00:00
cust_ext_8845,Клиент 8845,+79990008845,user_8845@example.com,2026-01-02 02:28:03.899097+00:00
cust_ext_8846,Клиент 8846,+79990008846,user_8846@example.com,2026-01-04 12:28:28.514324+00:00
cust_ext_8847,Клиент 8847,+79990008847,user_8847@example.com,2026-01-01 07:09:16.775403+00:00
cust_ext_8848,Клиент 8848,+79990008848,user_8848@example.com,2026-02-09 10:20:00.498343+00:00
cust_ext_8849,Клиент 8849,+79990008849,user_8849@example.com,2026-01-05 09:58:12.483289+00:00
cust_ext_8850,Клиент 8850,+79990008850,user_8850@example.com,2026-02-06 10:33:09.914106+00:00
cust_ext_8851,Клиент 8851,+79990008851,user_8851@example.com,2026-01-08 23:13:11.395560+00:00
cust_ext_8852,Клиент 8852,+79990008852,user_8852@example.com,2026-02-13 17:36:05.227865+00:00
cust_ext_8853,Клиент 8853,+79990008853,user_8853@example.com,2026-02-03 19:32:02.306072+00:00
cust_ext_8854,Клиент 8854,+79990008854,user_8854@example.com,2026-01-25 17:30:23.671885+00:00
cust_ext_8855,Клиент 8855,+79990008855,user_8855@example.com,2026-01-18 04:54:26.935771+00:00
cust_ext_8856,Клиент 8856,+79990008856,user_8856@example.com,2026-02-05 15:09:25.198053+00:00
cust_ext_8857,Клиент 8857,+79990008857,user_8857@example.com,2026-01-02 23:52:46.099228+00:00
cust_ext_8858,Клиент 8858,+79990008858,user_8858@example.com,2026-01-08 06:44:28.513954+00:00
cust_ext_8859,Клиент 8859,+79990008859,user_8859@example.com,2026-02-13 09:28:05.064494+00:00
cust_ext_8860,Клиент 8860,+79990008860,user_8860@example.com,2026-01-30 16:25:54.391865+00:00
cust_ext_8861,Клиент 8861,+79990008861,user_8861@example.com,2026-01-16 19:35:46.345501+00:00
cust_ext_8862,Клиент 8862,+79990008862,user_8862@example.com,2026-01-01 22:38:20.895832+00:00
cust_ext_8863,Клиент 8863,+79990008863,user_8863@example.com,2026-02-01 11:34:17.150763+00:00
cust_ext_8864,Клиент 8864,+79990008864,user_8864@example.com,2026-01-03 03:58:48.350186+00:00
cust_ext_8865,Клиент 8865,+79990008865,user_8865@example.com,2026-01-04 07:15:22.549338+00:00
cust_ext_8866,Клиент 8866,+79990008866,user_8866@example.com,2026-02-06 12:57:36.484412+00:00
cust_ext_8867,Клиент 8867,+79990008867,user_8867@example.com,2026-01-21 09:18:46.034205+00:00
cust_ext_8868,Клиент 8868,+79990008868,user_8868@example.com,2026-02-10 14:32:30.615491+00:00
cust_ext_8869,Клиент 8869,+79990008869,user_8869@example.com,2026-02-09 05:03:56.981380+00:00
cust_ext_8870,Клиент 8870,+79990008870,user_8870@example.com,2026-01-10 06:52:59.244325+00:00
cust_ext_8871,Клиент 8871,+79990008871,user_8871@example.com,2026-02-04 22:33:29.221952+00:00
cust_ext_8872,Клиент 8872,+79990008872,user_8872@example.com,2026-02-02 16:08:23.976943+00:00
cust_ext_8873,Клиент 8873,+79990008873,user_8873@example.com,2026-01-27 22:34:59.668572+00:00
cust_ext_8874,Клиент 8874,+79990008874,user_8874@example.com,2026-01-30 17:26:53.482554+00:00
cust_ext_8875,Клиент 8875,+79990008875,user_8875@example.com,2026-01-12 23:29:36.893822+00:00
cust_ext_8876,Клиент 8876,+79990008876,user_8876@example.com,2026-01-21 16:14:15.845577+00:00
cust_ext_8877,Клиент 8877,+79990008877,user_8877@example.com,2026-02-03 13:05:57.706361+00:00
cust_ext_8878,Клиент 8878,+79990008878,user_8878@example.com,2026-01-27 10:20:19.947205+00:00
cust_ext_8879,Клиент 8879,+79990008879,user_8879@example.com,2026-02-11 08:59:01.516194+00:00
cust_ext_8880,Клиент 8880,+79990008880,user_8880@example.com,2026-01-02 08:20:16.519652+00:00
cust_ext_8881,Клиент 8881,+79990008881,user_8881@example.com,2026-01-23 06:56:25.372423+00:00
cust_ext_8882,Клиент 8882,+79990008882,user_8882@example.com,2026-02-03 16:12:50.417420+00:00
cust_ext_8883,Клиент 8883,+79990008883,user_8883@example.com,2026-02-02 19:27:41.218557+00:00
cust_ext_8884,Клиент 8884,+79990008884,user_8884@example.com,2026-02-13 13:17:50.474519+00:00
cust_ext_8885,Клиент 8885,+79990008885,user_8885@example.com,2026-01-02 11:52:15.977295+00:00
cust_ext_8886,Клиент 8886,+79990008886,user_8886@example.com,2026-01-22 00:17:03.183357+00:00
cust_ext_8887,Клиент 8887,+79990008887,user_8887@example.com,2026-01-04 14:58:21.384376+00:00
cust_ext_8888,Клиент 8888,+79990008888,user_8888@example.com,2026-02-10 18:14:57.296807+00:00
cust_ext_8889,Клиент 8889,+79990008889,user_8889@example.com,2026-01-21 11:17:41.659992+00:00
cust_ext_8890,Клиент 8890,+79990008890,user_8890@example.com,2026-01-28 21:47:14.492350+00:00
cust_ext_8891,Клиент 8891,+79990008891,user_8891@example.com,2026-01-17 16:01:16.752205+00:00
cust_ext_8892,Клиент 8892,+79990008892,user_8892@example.com,2026-02-07 03:16:36.554927+00:00
cust_ext_8893,Клиент 8893,+79990008893,user_8893@example.com,2026-01-17 09:37:02.291480+00:00
cust_ext_8894,Клиент 8894,+79990008894,user_8894@example.com,2026-01-07 20:16:15.998635+00:00
cust_ext_8895,Клиент 8895,+79990008895,user_8895@example.com,2026-01-03 22:33:18.990520+00:00
cust_ext_8896,Клиент 8896,+79990008896,user_8896@example.com,2026-01-01 01:48:58.200368+00:00
cust_ext_8897,Клиент 8897,+79990008897,user_8897@example.com,2026-02-11 06:44:34.447869+00:00
cust_ext_8898,Клиент 8898,+79990008898,user_8898@example.com,2026-01-04 05:44:29.043592+00:00
cust_ext_8899,Клиент 8899,+79990008899,user_8899@example.com,2026-01-04 16:02:27.512783+00:00
cust_ext_8900,Клиент 8900,+79990008900,user_8900@example.com,2026-02-05 16:57:51.651886+00:00
cust_ext_8901,Клиент 8901,+79990008901,user_8901@example.com,2026-02-07 20:15:12.022070+00:00
cust_ext_8902,Клиент 8902,+79990008902,user_8902@example.com,2026-02-03 12:37:34.873158+00:00
cust_ext_8903,Клиент 8903,+79990008903,user_8903@example.com,2026-01-27 17:13:15.835316+00:00
cust_ext_8904,Клиент 8904,+79990008904,user_8904@example.com,2026-01-27 15:18:21.389898+00:00
cust_ext_8905,Клиент 8905,+79990008905,user_8905@example.com,2026-02-02 10:26:32.870347+00:00
cust_ext_8906,Клиент 8906,+79990008906,user_8906@example.com,2026-02-06 03:05:57.548837+00:00
cust_ext_8907,Клиент 8907,+79990008907,user_8907@example.com,2026-01-20 10:30:05.389216+00:00
cust_ext_8908,Клиент 8908,+79990008908,user_8908@example.com,2026-02-08 01:24:15.327148+00:00
cust_ext_8909,Клиент 8909,+79990008909,user_8909@example.com,2026-02-14 01:59:03.987174+00:00
cust_ext_8910,Клиент 8910,+79990008910,user_8910@example.com,2026-02-12 14:11:16.987581+00:00
cust_ext_8911,Клиент 8911,+79990008911,user_8911@example.com,2026-01-26 16:54:09.357029+00:00
cust_ext_8912,Клиент 8912,+79990008912,user_8912@example.com,2026-02-14 14:35:08.509893+00:00
cust_ext_8913,Клиент 8913,+79990008913,user_8913@example.com,2026-01-20 15:28:35.336170+00:00
cust_ext_8914,Клиент 8914,+79990008914,user_8914@example.com,2026-02-02 13:06:48.501453+00:00
cust_ext_8915,Клиент 8915,+79990008915,user_8915@example.com,2026-01-13 03:24:17.746304+00:00
cust_ext_8916,Клиент 8916,+79990008916,user_8916@example.com,2026-02-06 16:29:35.705042+00:00
cust_ext_8917,Клиент 8917,+79990008917,user_8917@example.com,2026-01-26 20:58:50.064008+00:00
cust_ext_8918,Клиент 8918,+79990008918,user_8918@example.com,2026-01-01 05:22:28.627159+00:00
cust_ext_8919,Клиент 8919,+79990008919,user_8919@example.com,2026-01-01 05:53:11.473698+00:00
cust_ext_8920,Клиент 8920,+79990008920,user_8920@example.com,2026-02-10 02:09:42.093432+00:00
cust_ext_8921,Клиент 8921,+79990008921,user_8921@example.com,2026-02-09 06:06:54.150357+00:00
cust_ext_8922,Клиент 8922,+79990008922,user_8922@example.com,2026-01-27 02:58:22.951126+00:00
cust_ext_8923,Клиент 8923,+79990008923,user_8923@example.com,2026-02-03 07:58:35.025838+00:00
cust_ext_8924,Клиент 8924,+79990008924,user_8924@example.com,2026-01-08 23:57:43.359274+00:00
cust_ext_8925,Клиент 8925,+79990008925,user_8925@example.com,2026-01-06 20:43:37.336485+00:00
cust_ext_8926,Клиент 8926,+79990008926,user_8926@example.com,2026-01-05 18:08:09.985181+00:00
cust_ext_8927,Клиент 8927,+79990008927,user_8927@example.com,2026-01-07 02:33:20.427615+00:00
cust_ext_8928,Клиент 8928,+79990008928,user_8928@example.com,2026-01-24 16:37:48.682984+00:00
cust_ext_8929,Клиент 8929,+79990008929,user_8929@example.com,2026-01-17 00:54:07.709927+00:00
cust_ext_8930,Клиент 8930,+79990008930,user_8930@example.com,2026-02-04 12:44:00.408613+00:00
cust_ext_8931,Клиент 8931,+79990008931,user_8931@example.com,2026-01-10 06:11:16.018342+00:00
cust_ext_8932,Клиент 8932,+79990008932,user_8932@example.com,2026-02-08 01:14:02.512975+00:00
cust_ext_8933,Клиент 8933,+79990008933,user_8933@example.com,2026-02-03 09:18:37.907917+00:00
cust_ext_8934,Клиент 8934,+79990008934,user_8934@example.com,2026-01-26 22:09:28.289084+00:00
cust_ext_8935,Клиент 8935,+79990008935,user_8935@example.com,2026-01-10 00:48:50.875638+00:00
cust_ext_8936,Клиент 8936,+79990008936,user_8936@example.com,2026-02-03 23:53:51.404350+00:00
cust_ext_8937,Клиент 8937,+79990008937,user_8937@example.com,2026-02-09 12:38:31.311392+00:00
cust_ext_8938,Клиент 8938,+79990008938,user_8938@example.com,2026-01-31 01:45:34.374639+00:00
cust_ext_8939,Клиент 8939,+79990008939,user_8939@example.com,2026-01-31 11:36:37.172039+00:00
cust_ext_8940,Клиент 8940,+79990008940,user_8940@example.com,2026-01-04 21:18:18.174892+00:00
cust_ext_8941,Клиент 8941,+79990008941,user_8941@example.com,2026-01-17 22:19:59.511210+00:00
cust_ext_8942,Клиент 8942,+79990008942,user_8942@example.com,2026-01-24 20:31:49.878397+00:00
cust_ext_8943,Клиент 8943,+79990008943,user_8943@example.com,2026-01-31 22:42:07.055691+00:00
cust_ext_8944,Клиент 8944,+79990008944,user_8944@example.com,2026-02-06 13:34:28.985124+00:00
cust_ext_8945,Клиент 8945,+79990008945,user_8945@example.com,2026-01-01 09:26:25.679728+00:00
cust_ext_8946,Клиент 8946,+79990008946,user_8946@example.com,2026-01-30 14:09:18.832589+00:00
cust_ext_8947,Клиент 8947,+79990008947,user_8947@example.com,2026-01-21 11:39:14.054669+00:00
cust_ext_8948,Клиент 8948,+79990008948,user_8948@example.com,2026-01-06 18:42:54.070730+00:00
cust_ext_8949,Клиент 8949,+79990008949,user_8949@example.com,2026-01-02 07:28:36.159404+00:00
cust_ext_8950,Клиент 8950,+79990008950,user_8950@example.com,2026-01-13 12:04:03.462603+00:00
cust_ext_8951,Клиент 8951,+79990008951,user_8951@example.com,2026-01-18 05:30:56.528198+00:00
cust_ext_8952,Клиент 8952,+79990008952,user_8952@example.com,2026-02-05 08:17:01.585953+00:00
cust_ext_8953,Клиент 8953,+79990008953,user_8953@example.com,2026-01-15 18:38:46.943664+00:00
cust_ext_8954,Клиент 8954,+79990008954,user_8954@example.com,2026-01-14 00:18:00.384565+00:00
cust_ext_8955,Клиент 8955,+79990008955,user_8955@example.com,2026-01-25 21:56:25.975615+00:00
cust_ext_8956,Клиент 8956,+79990008956,user_8956@example.com,2026-01-01 22:16:37.908832+00:00
cust_ext_8957,Клиент 8957,+79990008957,user_8957@example.com,2026-01-13 07:30:17.951709+00:00
cust_ext_8958,Клиент 8958,+79990008958,user_8958@example.com,2026-01-02 06:28:01.203864+00:00
cust_ext_8959,Клиент 8959,+79990008959,user_8959@example.com,2026-01-30 11:58:31.111866+00:00
cust_ext_8960,Клиент 8960,+79990008960,user_8960@example.com,2026-01-03 12:42:19.314557+00:00
cust_ext_8961,Клиент 8961,+79990008961,user_8961@example.com,2026-01-19 05:05:35.249840+00:00
cust_ext_8962,Клиент 8962,+79990008962,user_8962@example.com,2026-01-06 09:34:57.577115+00:00
cust_ext_8963,Клиент 8963,+79990008963,user_8963@example.com,2026-01-26 16:06:20.605624+00:00
cust_ext_8964,Клиент 8964,+79990008964,user_8964@example.com,2026-02-02 15:25:30.335788+00:00
cust_ext_8965,Клиент 8965,+79990008965,user_8965@example.com,2026-02-09 22:26:01.337904+00:00
cust_ext_8966,Клиент 8966,+79990008966,user_8966@example.com,2026-02-12 14:33:20.123358+00:00
cust_ext_8967,Клиент 8967,+79990008967,user_8967@example.com,2026-02-02 13:46:27.101365+00:00
cust_ext_8968,Клиент 8968,+79990008968,user_8968@example.com,2026-01-03 07:08:44.563725+00:00
cust_ext_8969,Клиент 8969,+79990008969,user_8969@example.com,2026-02-01 14:16:40.728722+00:00
cust_ext_8970,Клиент 8970,+79990008970,user_8970@example.com,2026-01-19 01:45:15.429540+00:00
cust_ext_8971,Клиент 8971,+79990008971,user_8971@example.com,2026-01-25 21:43:20.416245+00:00
cust_ext_8972,Клиент 8972,+79990008972,user_8972@example.com,2026-01-17 18:19:33.245860+00:00
cust_ext_8973,Клиент 8973,+79990008973,user_8973@example.com,2026-01-19 07:30:29.873919+00:00
cust_ext_8974,Клиент 8974,+79990008974,user_8974@example.com,2026-02-06 07:26:08.775744+00:00
cust_ext_8975,Клиент 8975,+79990008975,user_8975@example.com,2026-01-24 19:07:02.694443+00:00
cust_ext_8976,Клиент 8976,+79990008976,user_8976@example.com,2026-01-01 01:28:21.551758+00:00
cust_ext_8977,Клиент 8977,+79990008977,user_8977@example.com,2026-02-05 20:27:42.661335+00:00
cust_ext_8978,Клиент 8978,+79990008978,user_8978@example.com,2026-01-22 06:18:03.219303+00:00
cust_ext_8979,Клиент 8979,+79990008979,user_8979@example.com,2026-01-02 05:05:59.730520+00:00
cust_ext_8980,Клиент 8980,+79990008980,user_8980@example.com,2026-02-10 08:25:46.535541+00:00
cust_ext_8981,Клиент 8981,+79990008981,user_8981@example.com,2026-02-07 22:20:03.217600+00:00
cust_ext_8982,Клиент 8982,+79990008982,user_8982@example.com,2026-01-05 11:46:05.379241+00:00
cust_ext_8983,Клиент 8983,+79990008983,user_8983@example.com,2026-01-02 07:06:05.874739+00:00
cust_ext_8984,Клиент 8984,+79990008984,user_8984@example.com,2026-01-02 07:14:28.300907+00:00
cust_ext_8985,Клиент 8985,+79990008985,user_8985@example.com,2026-01-03 02:15:00.626596+00:00
cust_ext_8986,Клиент 8986,+79990008986,user_8986@example.com,2026-01-20 12:21:20.322506+00:00
cust_ext_8987,Клиент 8987,+79990008987,user_8987@example.com,2026-01-10 02:09:54.495609+00:00
cust_ext_8988,Клиент 8988,+79990008988,user_8988@example.com,2026-01-13 17:07:39.623900+00:00
cust_ext_8989,Клиент 8989,+79990008989,user_8989@example.com,2026-01-08 23:56:32.558443+00:00
cust_ext_8990,Клиент 8990,+79990008990,user_8990@example.com,2026-02-07 20:45:52.759169+00:00
cust_ext_8991,Клиент 8991,+79990008991,user_8991@example.com,2026-01-14 02:38:04.879501+00:00
cust_ext_8992,Клиент 8992,+79990008992,user_8992@example.com,2026-01-06 20:05:57.985461+00:00
cust_ext_8993,Клиент 8993,+79990008993,user_8993@example.com,2026-01-12 13:37:20.626299+00:00
cust_ext_8994,Клиент 8994,+79990008994,user_8994@example.com,2026-01-26 22:04:53.011978+00:00
cust_ext_8995,Клиент 8995,+79990008995,user_8995@example.com,2026-02-06 13:57:30.920129+00:00
cust_ext_8996,Клиент 8996,+79990008996,user_8996@example.com,2026-02-04 14:27:38.715929+00:00
cust_ext_8997,Клиент 8997,+79990008997,user_8997@example.com,2026-01-21 02:24:27.617980+00:00
cust_ext_8998,Клиент 8998,+79990008998,user_8998@example.com,2026-01-24 09:06:00.107353+00:00
cust_ext_8999,Клиент 8999,+79990008999,user_8999@example.com,2026-02-06 01:05:52.506014+00:00
cust_ext_9000,Клиент 9000,+79990009000,user_9000@example.com,2026-01-09 06:06:02.861027+00:00
cust_ext_9001,Клиент 9001,+79990009001,user_9001@example.com,2026-02-04 06:12:26.237985+00:00
cust_ext_9002,Клиент 9002,+79990009002,user_9002@example.com,2026-02-13 05:28:38.458713+00:00
cust_ext_9003,Клиент 9003,+79990009003,user_9003@example.com,2026-01-29 02:49:00.538745+00:00
cust_ext_9004,Клиент 9004,+79990009004,user_9004@example.com,2026-02-07 23:17:17.798594+00:00
cust_ext_9005,Клиент 9005,+79990009005,user_9005@example.com,2026-01-19 00:20:38.307410+00:00
cust_ext_9006,Клиент 9006,+79990009006,user_9006@example.com,2026-01-25 18:13:21.016737+00:00
cust_ext_9007,Клиент 9007,+79990009007,user_9007@example.com,2026-01-12 22:32:19.307776+00:00
cust_ext_9008,Клиент 9008,+79990009008,user_9008@example.com,2026-01-19 01:15:59.441168+00:00
cust_ext_9009,Клиент 9009,+79990009009,user_9009@example.com,2026-01-26 14:47:37.566800+00:00
cust_ext_9010,Клиент 9010,+79990009010,user_9010@example.com,2026-01-23 06:00:13.901357+00:00
cust_ext_9011,Клиент 9011,+79990009011,user_9011@example.com,2026-01-21 12:33:19.946719+00:00
cust_ext_9012,Клиент 9012,+79990009012,user_9012@example.com,2026-01-26 19:05:30.067887+00:00
cust_ext_9013,Клиент 9013,+79990009013,user_9013@example.com,2026-02-10 23:27:16.833184+00:00
cust_ext_9014,Клиент 9014,+79990009014,user_9014@example.com,2026-01-23 19:45:22.516446+00:00
cust_ext_9015,Клиент 9015,+79990009015,user_9015@example.com,2026-01-28 05:41:24.067848+00:00
cust_ext_9016,Клиент 9016,+79990009016,user_9016@example.com,2026-01-12 18:11:30.168926+00:00
cust_ext_9017,Клиент 9017,+79990009017,user_9017@example.com,2026-01-31 11:02:26.178143+00:00
cust_ext_9018,Клиент 9018,+79990009018,user_9018@example.com,2026-02-09 21:41:58.270376+00:00
cust_ext_9019,Клиент 9019,+79990009019,user_9019@example.com,2026-01-24 11:14:28.547395+00:00
cust_ext_9020,Клиент 9020,+79990009020,user_9020@example.com,2026-02-10 13:09:48.351803+00:00
cust_ext_9021,Клиент 9021,+79990009021,user_9021@example.com,2026-01-08 04:17:17.347051+00:00
cust_ext_9022,Клиент 9022,+79990009022,user_9022@example.com,2026-01-21 11:46:20.141437+00:00
cust_ext_9023,Клиент 9023,+79990009023,user_9023@example.com,2026-02-03 15:02:40.867729+00:00
cust_ext_9024,Клиент 9024,+79990009024,user_9024@example.com,2026-01-16 17:28:53.301480+00:00
cust_ext_9025,Клиент 9025,+79990009025,user_9025@example.com,2026-01-24 00:12:36.511882+00:00
cust_ext_9026,Клиент 9026,+79990009026,user_9026@example.com,2026-01-05 04:53:32.057588+00:00
cust_ext_9027,Клиент 9027,+79990009027,user_9027@example.com,2026-02-02 10:44:30.265910+00:00
cust_ext_9028,Клиент 9028,+79990009028,user_9028@example.com,2026-01-07 18:08:22.247753+00:00
cust_ext_9029,Клиент 9029,+79990009029,user_9029@example.com,2026-01-05 21:38:09.869630+00:00
cust_ext_9030,Клиент 9030,+79990009030,user_9030@example.com,2026-01-13 06:24:44.522255+00:00
cust_ext_9031,Клиент 9031,+79990009031,user_9031@example.com,2026-02-09 10:31:35.962316+00:00
cust_ext_9032,Клиент 9032,+79990009032,user_9032@example.com,2026-01-07 17:08:55.726589+00:00
cust_ext_9033,Клиент 9033,+79990009033,user_9033@example.com,2026-01-27 14:10:07.461142+00:00
cust_ext_9034,Клиент 9034,+79990009034,user_9034@example.com,2026-01-05 22:13:23.669299+00:00
cust_ext_9035,Клиент 9035,+79990009035,user_9035@example.com,2026-01-26 03:12:12.878268+00:00
cust_ext_9036,Клиент 9036,+79990009036,user_9036@example.com,2026-01-28 11:33:35.611662+00:00
cust_ext_9037,Клиент 9037,+79990009037,user_9037@example.com,2026-01-30 05:00:57.528566+00:00
cust_ext_9038,Клиент 9038,+79990009038,user_9038@example.com,2026-02-05 13:23:50.453969+00:00
cust_ext_9039,Клиент 9039,+79990009039,user_9039@example.com,2026-02-12 21:11:50.878024+00:00
cust_ext_9040,Клиент 9040,+79990009040,user_9040@example.com,2026-01-04 07:18:58.372976+00:00
cust_ext_9041,Клиент 9041,+79990009041,user_9041@example.com,2026-01-28 08:01:18.428292+00:00
cust_ext_9042,Клиент 9042,+79990009042,user_9042@example.com,2026-02-05 13:24:57.448290+00:00
cust_ext_9043,Клиент 9043,+79990009043,user_9043@example.com,2026-02-02 13:45:22.729880+00:00
cust_ext_9044,Клиент 9044,+79990009044,user_9044@example.com,2026-01-25 12:29:41.383957+00:00
cust_ext_9045,Клиент 9045,+79990009045,user_9045@example.com,2026-01-13 16:09:18.210981+00:00
cust_ext_9046,Клиент 9046,+79990009046,user_9046@example.com,2026-01-13 16:11:49.421271+00:00
cust_ext_9047,Клиент 9047,+79990009047,user_9047@example.com,2026-01-22 07:05:02.841503+00:00
cust_ext_9048,Клиент 9048,+79990009048,user_9048@example.com,2026-01-21 03:44:08.100215+00:00
cust_ext_9049,Клиент 9049,+79990009049,user_9049@example.com,2026-02-05 20:39:48.003669+00:00
cust_ext_9050,Клиент 9050,+79990009050,user_9050@example.com,2026-01-01 12:58:06.245983+00:00
cust_ext_9051,Клиент 9051,+79990009051,user_9051@example.com,2026-01-22 22:38:33.989157+00:00
cust_ext_9052,Клиент 9052,+79990009052,user_9052@example.com,2026-02-11 10:26:09.473137+00:00
cust_ext_9053,Клиент 9053,+79990009053,user_9053@example.com,2026-01-04 20:47:14.984464+00:00
cust_ext_9054,Клиент 9054,+79990009054,user_9054@example.com,2026-02-08 22:32:04.520498+00:00
cust_ext_9055,Клиент 9055,+79990009055,user_9055@example.com,2026-01-10 05:16:43.486430+00:00
cust_ext_9056,Клиент 9056,+79990009056,user_9056@example.com,2026-01-11 03:20:44.168031+00:00
cust_ext_9057,Клиент 9057,+79990009057,user_9057@example.com,2026-01-04 22:03:06.359712+00:00
cust_ext_9058,Клиент 9058,+79990009058,user_9058@example.com,2026-01-18 23:51:20.503671+00:00
cust_ext_9059,Клиент 9059,+79990009059,user_9059@example.com,2026-01-17 13:58:44.293199+00:00
cust_ext_9060,Клиент 9060,+79990009060,user_9060@example.com,2026-02-09 02:21:19.001762+00:00
cust_ext_9061,Клиент 9061,+79990009061,user_9061@example.com,2026-02-09 21:21:35.783915+00:00
cust_ext_9062,Клиент 9062,+79990009062,user_9062@example.com,2026-02-05 02:19:40.340494+00:00
cust_ext_9063,Клиент 9063,+79990009063,user_9063@example.com,2026-01-30 19:22:23.572385+00:00
cust_ext_9064,Клиент 9064,+79990009064,user_9064@example.com,2026-01-06 16:18:36.173601+00:00
cust_ext_9065,Клиент 9065,+79990009065,user_9065@example.com,2026-01-09 21:59:10.023492+00:00
cust_ext_9066,Клиент 9066,+79990009066,user_9066@example.com,2026-01-04 06:34:14.650232+00:00
cust_ext_9067,Клиент 9067,+79990009067,user_9067@example.com,2026-02-14 15:59:09.362834+00:00
cust_ext_9068,Клиент 9068,+79990009068,user_9068@example.com,2026-01-20 12:06:28.824951+00:00
cust_ext_9069,Клиент 9069,+79990009069,user_9069@example.com,2026-01-04 21:18:08.577604+00:00
cust_ext_9070,Клиент 9070,+79990009070,user_9070@example.com,2026-01-10 12:48:47.029716+00:00
cust_ext_9071,Клиент 9071,+79990009071,user_9071@example.com,2026-01-31 18:17:49.049303+00:00
cust_ext_9072,Клиент 9072,+79990009072,user_9072@example.com,2026-02-09 18:00:18.829390+00:00
cust_ext_9073,Клиент 9073,+79990009073,user_9073@example.com,2026-02-08 12:02:50.197161+00:00
cust_ext_9074,Клиент 9074,+79990009074,user_9074@example.com,2026-01-14 07:14:16.259896+00:00
cust_ext_9075,Клиент 9075,+79990009075,user_9075@example.com,2026-01-20 14:06:24.575326+00:00
cust_ext_9076,Клиент 9076,+79990009076,user_9076@example.com,2026-01-24 22:47:28.138425+00:00
cust_ext_9077,Клиент 9077,+79990009077,user_9077@example.com,2026-02-11 21:04:37.492433+00:00
cust_ext_9078,Клиент 9078,+79990009078,user_9078@example.com,2026-01-14 04:25:40.965357+00:00
cust_ext_9079,Клиент 9079,+79990009079,user_9079@example.com,2026-02-01 21:19:21.124944+00:00
cust_ext_9080,Клиент 9080,+79990009080,user_9080@example.com,2026-02-08 20:53:47.702520+00:00
cust_ext_9081,Клиент 9081,+79990009081,user_9081@example.com,2026-01-03 02:37:03.243335+00:00
cust_ext_9082,Клиент 9082,+79990009082,user_9082@example.com,2026-01-21 17:05:54.099024+00:00
cust_ext_9083,Клиент 9083,+79990009083,user_9083@example.com,2026-01-04 00:07:15.184683+00:00
cust_ext_9084,Клиент 9084,+79990009084,user_9084@example.com,2026-01-20 12:57:17.283937+00:00
cust_ext_9085,Клиент 9085,+79990009085,user_9085@example.com,2026-02-06 23:37:40.423873+00:00
cust_ext_9086,Клиент 9086,+79990009086,user_9086@example.com,2026-02-01 10:37:34.506127+00:00
cust_ext_9087,Клиент 9087,+79990009087,user_9087@example.com,2026-02-13 22:26:55.240061+00:00
cust_ext_9088,Клиент 9088,+79990009088,user_9088@example.com,2026-01-03 10:36:37.383072+00:00
cust_ext_9089,Клиент 9089,+79990009089,user_9089@example.com,2026-01-12 14:10:07.050899+00:00
cust_ext_9090,Клиент 9090,+79990009090,user_9090@example.com,2026-01-04 14:52:13.240150+00:00
cust_ext_9091,Клиент 9091,+79990009091,user_9091@example.com,2026-01-22 08:43:46.844522+00:00
cust_ext_9092,Клиент 9092,+79990009092,user_9092@example.com,2026-02-06 15:56:03.610609+00:00
cust_ext_9093,Клиент 9093,+79990009093,user_9093@example.com,2026-01-05 21:25:51.563808+00:00
cust_ext_9094,Клиент 9094,+79990009094,user_9094@example.com,2026-02-02 03:10:27.633171+00:00
cust_ext_9095,Клиент 9095,+79990009095,user_9095@example.com,2026-01-30 05:24:09.288106+00:00
cust_ext_9096,Клиент 9096,+79990009096,user_9096@example.com,2026-01-01 16:01:31.304122+00:00
cust_ext_9097,Клиент 9097,+79990009097,user_9097@example.com,2026-01-26 23:03:53.240433+00:00
cust_ext_9098,Клиент 9098,+79990009098,user_9098@example.com,2026-02-03 22:31:58.374317+00:00
cust_ext_9099,Клиент 9099,+79990009099,user_9099@example.com,2026-01-05 10:12:45.299521+00:00
cust_ext_9100,Клиент 9100,+79990009100,user_9100@example.com,2026-02-12 17:12:45.524780+00:00
cust_ext_9101,Клиент 9101,+79990009101,user_9101@example.com,2026-01-26 03:01:11.978964+00:00
cust_ext_9102,Клиент 9102,+79990009102,user_9102@example.com,2026-02-10 02:08:25.929649+00:00
cust_ext_9103,Клиент 9103,+79990009103,user_9103@example.com,2026-01-08 09:57:24.449046+00:00
cust_ext_9104,Клиент 9104,+79990009104,user_9104@example.com,2026-02-06 21:56:25.763864+00:00
cust_ext_9105,Клиент 9105,+79990009105,user_9105@example.com,2026-01-09 11:25:50.306895+00:00
cust_ext_9106,Клиент 9106,+79990009106,user_9106@example.com,2026-02-12 02:50:21.216078+00:00
cust_ext_9107,Клиент 9107,+79990009107,user_9107@example.com,2026-01-30 03:42:39.373086+00:00
cust_ext_9108,Клиент 9108,+79990009108,user_9108@example.com,2026-01-19 06:09:25.233549+00:00
cust_ext_9109,Клиент 9109,+79990009109,user_9109@example.com,2026-02-13 17:53:49.590257+00:00
cust_ext_9110,Клиент 9110,+79990009110,user_9110@example.com,2026-01-25 21:26:41.389956+00:00
cust_ext_9111,Клиент 9111,+79990009111,user_9111@example.com,2026-02-08 07:18:49.388593+00:00
cust_ext_9112,Клиент 9112,+79990009112,user_9112@example.com,2026-01-22 14:07:25.770721+00:00
cust_ext_9113,Клиент 9113,+79990009113,user_9113@example.com,2026-01-24 19:49:33.038945+00:00
cust_ext_9114,Клиент 9114,+79990009114,user_9114@example.com,2026-01-18 09:45:34.418623+00:00
cust_ext_9115,Клиент 9115,+79990009115,user_9115@example.com,2026-01-17 02:17:04.096634+00:00
cust_ext_9116,Клиент 9116,+79990009116,user_9116@example.com,2026-01-19 16:51:39.288861+00:00
cust_ext_9117,Клиент 9117,+79990009117,user_9117@example.com,2026-02-05 21:40:11.676058+00:00
cust_ext_9118,Клиент 9118,+79990009118,user_9118@example.com,2026-01-03 16:22:19.441876+00:00
cust_ext_9119,Клиент 9119,+79990009119,user_9119@example.com,2026-02-12 10:15:17.950507+00:00
cust_ext_9120,Клиент 9120,+79990009120,user_9120@example.com,2026-01-28 11:14:57.681083+00:00
cust_ext_9121,Клиент 9121,+79990009121,user_9121@example.com,2026-01-19 16:40:48.677356+00:00
cust_ext_9122,Клиент 9122,+79990009122,user_9122@example.com,2026-01-16 17:37:54.090412+00:00
cust_ext_9123,Клиент 9123,+79990009123,user_9123@example.com,2026-01-20 06:14:17.859008+00:00
cust_ext_9124,Клиент 9124,+79990009124,user_9124@example.com,2026-01-19 02:57:56.808611+00:00
cust_ext_9125,Клиент 9125,+79990009125,user_9125@example.com,2026-01-12 20:33:54.394498+00:00
cust_ext_9126,Клиент 9126,+79990009126,user_9126@example.com,2026-01-17 17:00:26.749018+00:00
cust_ext_9127,Клиент 9127,+79990009127,user_9127@example.com,2026-01-02 11:05:51.537022+00:00
cust_ext_9128,Клиент 9128,+79990009128,user_9128@example.com,2026-02-05 09:26:51.315131+00:00
cust_ext_9129,Клиент 9129,+79990009129,user_9129@example.com,2026-01-26 09:27:56.850631+00:00
cust_ext_9130,Клиент 9130,+79990009130,user_9130@example.com,2026-02-12 23:26:41.775253+00:00
cust_ext_9131,Клиент 9131,+79990009131,user_9131@example.com,2026-01-06 11:49:10.976972+00:00
cust_ext_9132,Клиент 9132,+79990009132,user_9132@example.com,2026-01-30 09:33:13.183086+00:00
cust_ext_9133,Клиент 9133,+79990009133,user_9133@example.com,2026-01-04 09:41:21.208093+00:00
cust_ext_9134,Клиент 9134,+79990009134,user_9134@example.com,2026-01-24 19:15:35.539556+00:00
cust_ext_9135,Клиент 9135,+79990009135,user_9135@example.com,2026-02-07 16:12:37.558675+00:00
cust_ext_9136,Клиент 9136,+79990009136,user_9136@example.com,2026-01-27 06:51:42.181963+00:00
cust_ext_9137,Клиент 9137,+79990009137,user_9137@example.com,2026-01-08 15:02:21.229021+00:00
cust_ext_9138,Клиент 9138,+79990009138,user_9138@example.com,2026-01-25 03:05:40.836894+00:00
cust_ext_9139,Клиент 9139,+79990009139,user_9139@example.com,2026-01-01 19:08:30.593670+00:00
cust_ext_9140,Клиент 9140,+79990009140,user_9140@example.com,2026-01-22 04:41:11.037251+00:00
cust_ext_9141,Клиент 9141,+79990009141,user_9141@example.com,2026-01-04 02:40:55.200275+00:00
cust_ext_9142,Клиент 9142,+79990009142,user_9142@example.com,2026-01-03 08:43:55.785073+00:00
cust_ext_9143,Клиент 9143,+79990009143,user_9143@example.com,2026-01-22 11:57:48.544995+00:00
cust_ext_9144,Клиент 9144,+79990009144,user_9144@example.com,2026-01-03 04:45:05.464100+00:00
cust_ext_9145,Клиент 9145,+79990009145,user_9145@example.com,2026-01-03 19:58:13.457345+00:00
cust_ext_9146,Клиент 9146,+79990009146,user_9146@example.com,2026-01-22 23:03:57.333127+00:00
cust_ext_9147,Клиент 9147,+79990009147,user_9147@example.com,2026-02-07 17:26:06.227170+00:00
cust_ext_9148,Клиент 9148,+79990009148,user_9148@example.com,2026-02-07 12:34:22.688544+00:00
cust_ext_9149,Клиент 9149,+79990009149,user_9149@example.com,2026-01-15 18:24:08.468344+00:00
cust_ext_9150,Клиент 9150,+79990009150,user_9150@example.com,2026-01-13 05:11:35.810086+00:00
cust_ext_9151,Клиент 9151,+79990009151,user_9151@example.com,2026-01-05 11:19:57.834286+00:00
cust_ext_9152,Клиент 9152,+79990009152,user_9152@example.com,2026-01-05 15:48:33.296870+00:00
cust_ext_9153,Клиент 9153,+79990009153,user_9153@example.com,2026-02-14 12:56:55.304532+00:00
cust_ext_9154,Клиент 9154,+79990009154,user_9154@example.com,2026-01-06 19:07:49.914132+00:00
cust_ext_9155,Клиент 9155,+79990009155,user_9155@example.com,2026-01-26 11:01:22.845025+00:00
cust_ext_9156,Клиент 9156,+79990009156,user_9156@example.com,2026-01-27 01:45:40.810158+00:00
cust_ext_9157,Клиент 9157,+79990009157,user_9157@example.com,2026-01-30 12:56:34.714807+00:00
cust_ext_9158,Клиент 9158,+79990009158,user_9158@example.com,2026-01-29 11:37:41.384229+00:00
cust_ext_9159,Клиент 9159,+79990009159,user_9159@example.com,2026-01-29 12:59:48.619055+00:00
cust_ext_9160,Клиент 9160,+79990009160,user_9160@example.com,2026-01-13 04:17:52.014901+00:00
cust_ext_9161,Клиент 9161,+79990009161,user_9161@example.com,2026-02-11 04:41:26.120817+00:00
cust_ext_9162,Клиент 9162,+79990009162,user_9162@example.com,2026-01-31 22:58:51.470458+00:00
cust_ext_9163,Клиент 9163,+79990009163,user_9163@example.com,2026-02-05 23:08:56.303776+00:00
cust_ext_9164,Клиент 9164,+79990009164,user_9164@example.com,2026-01-18 08:09:41.982871+00:00
cust_ext_9165,Клиент 9165,+79990009165,user_9165@example.com,2026-01-07 07:04:43.056847+00:00
cust_ext_9166,Клиент 9166,+79990009166,user_9166@example.com,2026-02-10 19:59:47.639805+00:00
cust_ext_9167,Клиент 9167,+79990009167,user_9167@example.com,2026-01-08 22:46:08.294312+00:00
cust_ext_9168,Клиент 9168,+79990009168,user_9168@example.com,2026-01-18 14:27:26.251354+00:00
cust_ext_9169,Клиент 9169,+79990009169,user_9169@example.com,2026-01-22 22:16:38.908067+00:00
cust_ext_9170,Клиент 9170,+79990009170,user_9170@example.com,2026-01-21 15:16:35.544467+00:00
cust_ext_9171,Клиент 9171,+79990009171,user_9171@example.com,2026-01-31 01:31:00.045872+00:00
cust_ext_9172,Клиент 9172,+79990009172,user_9172@example.com,2026-01-23 01:14:56.258189+00:00
cust_ext_9173,Клиент 9173,+79990009173,user_9173@example.com,2026-02-05 10:17:48.611456+00:00
cust_ext_9174,Клиент 9174,+79990009174,user_9174@example.com,2026-01-21 05:18:55.562324+00:00
cust_ext_9175,Клиент 9175,+79990009175,user_9175@example.com,2026-01-08 18:53:20.376516+00:00
cust_ext_9176,Клиент 9176,+79990009176,user_9176@example.com,2026-02-13 03:10:20.238846+00:00
cust_ext_9177,Клиент 9177,+79990009177,user_9177@example.com,2026-01-31 00:35:01.290639+00:00
cust_ext_9178,Клиент 9178,+79990009178,user_9178@example.com,2026-02-09 08:50:37.714096+00:00
cust_ext_9179,Клиент 9179,+79990009179,user_9179@example.com,2026-01-23 16:12:33.832362+00:00
cust_ext_9180,Клиент 9180,+79990009180,user_9180@example.com,2026-01-18 22:51:59.321378+00:00
cust_ext_9181,Клиент 9181,+79990009181,user_9181@example.com,2026-01-11 05:45:39.911811+00:00
cust_ext_9182,Клиент 9182,+79990009182,user_9182@example.com,2026-01-28 10:06:44.841676+00:00
cust_ext_9183,Клиент 9183,+79990009183,user_9183@example.com,2026-02-12 13:51:44.064219+00:00
cust_ext_9184,Клиент 9184,+79990009184,user_9184@example.com,2026-01-03 01:28:56.015713+00:00
cust_ext_9185,Клиент 9185,+79990009185,user_9185@example.com,2026-02-02 16:47:48.503511+00:00
cust_ext_9186,Клиент 9186,+79990009186,user_9186@example.com,2026-01-21 09:22:41.159571+00:00
cust_ext_9187,Клиент 9187,+79990009187,user_9187@example.com,2026-01-22 12:49:33.139576+00:00
cust_ext_9188,Клиент 9188,+79990009188,user_9188@example.com,2026-01-15 19:20:15.035750+00:00
cust_ext_9189,Клиент 9189,+79990009189,user_9189@example.com,2026-01-13 13:26:26.811114+00:00
cust_ext_9190,Клиент 9190,+79990009190,user_9190@example.com,2026-01-06 09:03:07.726692+00:00
cust_ext_9191,Клиент 9191,+79990009191,user_9191@example.com,2026-01-29 14:15:01.240211+00:00
cust_ext_9192,Клиент 9192,+79990009192,user_9192@example.com,2026-01-20 17:47:53.059178+00:00
cust_ext_9193,Клиент 9193,+79990009193,user_9193@example.com,2026-02-12 20:05:45.140633+00:00
cust_ext_9194,Клиент 9194,+79990009194,user_9194@example.com,2026-02-11 15:44:08.888537+00:00
cust_ext_9195,Клиент 9195,+79990009195,user_9195@example.com,2026-01-29 02:30:15.328435+00:00
cust_ext_9196,Клиент 9196,+79990009196,user_9196@example.com,2026-01-31 14:59:17.814985+00:00
cust_ext_9197,Клиент 9197,+79990009197,user_9197@example.com,2026-02-03 18:13:30.314031+00:00
cust_ext_9198,Клиент 9198,+79990009198,user_9198@example.com,2026-01-08 21:54:20.855834+00:00
cust_ext_9199,Клиент 9199,+79990009199,user_9199@example.com,2026-01-24 22:57:16.273997+00:00
cust_ext_9200,Клиент 9200,+79990009200,user_9200@example.com,2026-02-13 15:39:36.895164+00:00
cust_ext_9201,Клиент 9201,+79990009201,user_9201@example.com,2026-01-27 12:36:28.396031+00:00
cust_ext_9202,Клиент 9202,+79990009202,user_9202@example.com,2026-01-24 18:36:28.931147+00:00
cust_ext_9203,Клиент 9203,+79990009203,user_9203@example.com,2026-01-20 18:48:09.646513+00:00
cust_ext_9204,Клиент 9204,+79990009204,user_9204@example.com,2026-01-04 09:20:18.097640+00:00
cust_ext_9205,Клиент 9205,+79990009205,user_9205@example.com,2026-02-05 22:20:17.550502+00:00
cust_ext_9206,Клиент 9206,+79990009206,user_9206@example.com,2026-01-26 08:43:18.878249+00:00
cust_ext_9207,Клиент 9207,+79990009207,user_9207@example.com,2026-01-12 01:13:41.581589+00:00
cust_ext_9208,Клиент 9208,+79990009208,user_9208@example.com,2026-01-14 23:03:30.371060+00:00
cust_ext_9209,Клиент 9209,+79990009209,user_9209@example.com,2026-01-15 11:19:55.906605+00:00
cust_ext_9210,Клиент 9210,+79990009210,user_9210@example.com,2026-01-13 07:58:54.677736+00:00
cust_ext_9211,Клиент 9211,+79990009211,user_9211@example.com,2026-02-06 18:31:49.504300+00:00
cust_ext_9212,Клиент 9212,+79990009212,user_9212@example.com,2026-01-30 17:04:00.713908+00:00
cust_ext_9213,Клиент 9213,+79990009213,user_9213@example.com,2026-01-31 23:42:19.424526+00:00
cust_ext_9214,Клиент 9214,+79990009214,user_9214@example.com,2026-01-23 17:02:13.335668+00:00
cust_ext_9215,Клиент 9215,+79990009215,user_9215@example.com,2026-01-17 08:16:49.200287+00:00
cust_ext_9216,Клиент 9216,+79990009216,user_9216@example.com,2026-02-01 06:15:21.335014+00:00
cust_ext_9217,Клиент 9217,+79990009217,user_9217@example.com,2026-02-02 10:05:26.306109+00:00
cust_ext_9218,Клиент 9218,+79990009218,user_9218@example.com,2026-01-20 11:13:05.086080+00:00
cust_ext_9219,Клиент 9219,+79990009219,user_9219@example.com,2026-01-04 18:01:34.056417+00:00
cust_ext_9220,Клиент 9220,+79990009220,user_9220@example.com,2026-02-05 06:36:25.047382+00:00
cust_ext_9221,Клиент 9221,+79990009221,user_9221@example.com,2026-01-27 23:34:43.390299+00:00
cust_ext_9222,Клиент 9222,+79990009222,user_9222@example.com,2026-01-04 01:18:27.314119+00:00
cust_ext_9223,Клиент 9223,+79990009223,user_9223@example.com,2026-01-20 03:55:07.364336+00:00
cust_ext_9224,Клиент 9224,+79990009224,user_9224@example.com,2026-02-11 02:25:38.629933+00:00
cust_ext_9225,Клиент 9225,+79990009225,user_9225@example.com,2026-02-07 20:59:31.117964+00:00
cust_ext_9226,Клиент 9226,+79990009226,user_9226@example.com,2026-01-17 04:19:16.866019+00:00
cust_ext_9227,Клиент 9227,+79990009227,user_9227@example.com,2026-02-07 05:52:23.964366+00:00
cust_ext_9228,Клиент 9228,+79990009228,user_9228@example.com,2026-02-04 02:03:41.443853+00:00
cust_ext_9229,Клиент 9229,+79990009229,user_9229@example.com,2026-01-03 15:12:59.158254+00:00
cust_ext_9230,Клиент 9230,+79990009230,user_9230@example.com,2026-01-11 06:31:34.299337+00:00
cust_ext_9231,Клиент 9231,+79990009231,user_9231@example.com,2026-01-20 18:49:15.160690+00:00
cust_ext_9232,Клиент 9232,+79990009232,user_9232@example.com,2026-01-22 19:14:33.077257+00:00
cust_ext_9233,Клиент 9233,+79990009233,user_9233@example.com,2026-01-05 09:29:23.755021+00:00
cust_ext_9234,Клиент 9234,+79990009234,user_9234@example.com,2026-01-03 06:11:34.981490+00:00
cust_ext_9235,Клиент 9235,+79990009235,user_9235@example.com,2026-02-09 07:13:14.449337+00:00
cust_ext_9236,Клиент 9236,+79990009236,user_9236@example.com,2026-02-04 15:43:49.832595+00:00
cust_ext_9237,Клиент 9237,+79990009237,user_9237@example.com,2026-01-04 20:34:41.171745+00:00
cust_ext_9238,Клиент 9238,+79990009238,user_9238@example.com,2026-01-02 11:02:51.192944+00:00
cust_ext_9239,Клиент 9239,+79990009239,user_9239@example.com,2026-01-28 20:06:59.857453+00:00
cust_ext_9240,Клиент 9240,+79990009240,user_9240@example.com,2026-01-29 14:23:13.387357+00:00
cust_ext_9241,Клиент 9241,+79990009241,user_9241@example.com,2026-01-29 06:21:03.271851+00:00
cust_ext_9242,Клиент 9242,+79990009242,user_9242@example.com,2026-02-05 02:42:05.140718+00:00
cust_ext_9243,Клиент 9243,+79990009243,user_9243@example.com,2026-01-27 04:38:12.770249+00:00
cust_ext_9244,Клиент 9244,+79990009244,user_9244@example.com,2026-01-21 08:45:59.960245+00:00
cust_ext_9245,Клиент 9245,+79990009245,user_9245@example.com,2026-01-18 00:42:50.674877+00:00
cust_ext_9246,Клиент 9246,+79990009246,user_9246@example.com,2026-01-17 06:39:28.399147+00:00
cust_ext_9247,Клиент 9247,+79990009247,user_9247@example.com,2026-01-01 05:27:54.787336+00:00
cust_ext_9248,Клиент 9248,+79990009248,user_9248@example.com,2026-01-03 01:17:48.584912+00:00
cust_ext_9249,Клиент 9249,+79990009249,user_9249@example.com,2026-02-10 13:17:12.237541+00:00
cust_ext_9250,Клиент 9250,+79990009250,user_9250@example.com,2026-01-15 21:28:28.032143+00:00
cust_ext_9251,Клиент 9251,+79990009251,user_9251@example.com,2026-01-05 19:12:09.773973+00:00
cust_ext_9252,Клиент 9252,+79990009252,user_9252@example.com,2026-01-01 22:31:13.271942+00:00
cust_ext_9253,Клиент 9253,+79990009253,user_9253@example.com,2026-01-03 07:37:37.835751+00:00
cust_ext_9254,Клиент 9254,+79990009254,user_9254@example.com,2026-02-07 03:00:12.170583+00:00
cust_ext_9255,Клиент 9255,+79990009255,user_9255@example.com,2026-01-14 20:54:45.263329+00:00
cust_ext_9256,Клиент 9256,+79990009256,user_9256@example.com,2026-02-14 10:52:19.471075+00:00
cust_ext_9257,Клиент 9257,+79990009257,user_9257@example.com,2026-02-10 01:10:22.953560+00:00
cust_ext_9258,Клиент 9258,+79990009258,user_9258@example.com,2026-01-08 18:05:53.013850+00:00
cust_ext_9259,Клиент 9259,+79990009259,user_9259@example.com,2026-01-04 16:16:01.061682+00:00
cust_ext_9260,Клиент 9260,+79990009260,user_9260@example.com,2026-01-17 23:54:30.399868+00:00
cust_ext_9261,Клиент 9261,+79990009261,user_9261@example.com,2026-01-26 11:50:14.687801+00:00
cust_ext_9262,Клиент 9262,+79990009262,user_9262@example.com,2026-01-11 09:51:10.956290+00:00
cust_ext_9263,Клиент 9263,+79990009263,user_9263@example.com,2026-02-09 07:31:33.996909+00:00
cust_ext_9264,Клиент 9264,+79990009264,user_9264@example.com,2026-01-13 17:20:56.661700+00:00
cust_ext_9265,Клиент 9265,+79990009265,user_9265@example.com,2026-01-17 00:03:30.248924+00:00
cust_ext_9266,Клиент 9266,+79990009266,user_9266@example.com,2026-01-19 19:25:58.215985+00:00
cust_ext_9267,Клиент 9267,+79990009267,user_9267@example.com,2026-01-31 00:22:53.527831+00:00
cust_ext_9268,Клиент 9268,+79990009268,user_9268@example.com,2026-01-09 05:36:28.927343+00:00
cust_ext_9269,Клиент 9269,+79990009269,user_9269@example.com,2026-02-03 16:59:35.250377+00:00
cust_ext_9270,Клиент 9270,+79990009270,user_9270@example.com,2026-01-15 06:51:11.004779+00:00
cust_ext_9271,Клиент 9271,+79990009271,user_9271@example.com,2026-01-22 18:51:03.027360+00:00
cust_ext_9272,Клиент 9272,+79990009272,user_9272@example.com,2026-02-01 02:54:26.961178+00:00
cust_ext_9273,Клиент 9273,+79990009273,user_9273@example.com,2026-01-18 08:38:36.280231+00:00
cust_ext_9274,Клиент 9274,+79990009274,user_9274@example.com,2026-01-24 16:11:15.144737+00:00
cust_ext_9275,Клиент 9275,+79990009275,user_9275@example.com,2026-01-04 10:43:19.992909+00:00
cust_ext_9276,Клиент 9276,+79990009276,user_9276@example.com,2026-01-30 13:42:57.373598+00:00
cust_ext_9277,Клиент 9277,+79990009277,user_9277@example.com,2026-01-26 13:46:44.788793+00:00
cust_ext_9278,Клиент 9278,+79990009278,user_9278@example.com,2026-01-30 15:13:37.802233+00:00
cust_ext_9279,Клиент 9279,+79990009279,user_9279@example.com,2026-02-09 16:40:34.290777+00:00
cust_ext_9280,Клиент 9280,+79990009280,user_9280@example.com,2026-01-31 10:46:15.729490+00:00
cust_ext_9281,Клиент 9281,+79990009281,user_9281@example.com,2026-01-02 21:39:32.526444+00:00
cust_ext_9282,Клиент 9282,+79990009282,user_9282@example.com,2026-01-23 06:41:07.474849+00:00
cust_ext_9283,Клиент 9283,+79990009283,user_9283@example.com,2026-01-20 23:21:06.544211+00:00
cust_ext_9284,Клиент 9284,+79990009284,user_9284@example.com,2026-01-03 01:00:14.923229+00:00
cust_ext_9285,Клиент 9285,+79990009285,user_9285@example.com,2026-01-25 09:20:55.412388+00:00
cust_ext_9286,Клиент 9286,+79990009286,user_9286@example.com,2026-01-10 18:45:53.926153+00:00
cust_ext_9287,Клиент 9287,+79990009287,user_9287@example.com,2026-01-28 14:41:14.873946+00:00
cust_ext_9288,Клиент 9288,+79990009288,user_9288@example.com,2026-01-06 23:30:38.665734+00:00
cust_ext_9289,Клиент 9289,+79990009289,user_9289@example.com,2026-02-02 19:36:38.259953+00:00
cust_ext_9290,Клиент 9290,+79990009290,user_9290@example.com,2026-01-21 15:12:15.244769+00:00
cust_ext_9291,Клиент 9291,+79990009291,user_9291@example.com,2026-01-19 05:01:12.941829+00:00
cust_ext_9292,Клиент 9292,+79990009292,user_9292@example.com,2026-02-14 11:03:05.003214+00:00
cust_ext_9293,Клиент 9293,+79990009293,user_9293@example.com,2026-01-21 17:12:05.096916+00:00
cust_ext_9294,Клиент 9294,+79990009294,user_9294@example.com,2026-01-09 21:00:35.066019+00:00
cust_ext_9295,Клиент 9295,+79990009295,user_9295@example.com,2026-01-25 10:24:57.886152+00:00
cust_ext_9296,Клиент 9296,+79990009296,user_9296@example.com,2026-01-13 05:01:30.243824+00:00
cust_ext_9297,Клиент 9297,+79990009297,user_9297@example.com,2026-02-12 18:45:47.503441+00:00
cust_ext_9298,Клиент 9298,+79990009298,user_9298@example.com,2026-01-31 02:56:15.099158+00:00
cust_ext_9299,Клиент 9299,+79990009299,user_9299@example.com,2026-01-19 07:39:59.278190+00:00
cust_ext_9300,Клиент 9300,+79990009300,user_9300@example.com,2026-01-03 11:14:55.198038+00:00
cust_ext_9301,Клиент 9301,+79990009301,user_9301@example.com,2026-01-04 06:14:37.833243+00:00
cust_ext_9302,Клиент 9302,+79990009302,user_9302@example.com,2026-02-01 05:53:23.061637+00:00
cust_ext_9303,Клиент 9303,+79990009303,user_9303@example.com,2026-01-20 14:17:52.281117+00:00
cust_ext_9304,Клиент 9304,+79990009304,user_9304@example.com,2026-01-10 02:01:18.375558+00:00
cust_ext_9305,Клиент 9305,+79990009305,user_9305@example.com,2026-01-05 03:03:01.318900+00:00
cust_ext_9306,Клиент 9306,+79990009306,user_9306@example.com,2026-01-28 14:49:43.341616+00:00
cust_ext_9307,Клиент 9307,+79990009307,user_9307@example.com,2026-01-28 06:02:04.859474+00:00
cust_ext_9308,Клиент 9308,+79990009308,user_9308@example.com,2026-02-04 06:35:07.028273+00:00
cust_ext_9309,Клиент 9309,+79990009309,user_9309@example.com,2026-02-06 01:36:56.714363+00:00
cust_ext_9310,Клиент 9310,+79990009310,user_9310@example.com,2026-01-25 01:23:16.046043+00:00
cust_ext_9311,Клиент 9311,+79990009311,user_9311@example.com,2026-02-11 11:57:15.843967+00:00
cust_ext_9312,Клиент 9312,+79990009312,user_9312@example.com,2026-02-07 12:45:43.361986+00:00
cust_ext_9313,Клиент 9313,+79990009313,user_9313@example.com,2026-01-10 19:39:29.556936+00:00
cust_ext_9314,Клиент 9314,+79990009314,user_9314@example.com,2026-01-21 08:18:57.271524+00:00
cust_ext_9315,Клиент 9315,+79990009315,user_9315@example.com,2026-01-02 21:58:10.862277+00:00
cust_ext_9316,Клиент 9316,+79990009316,user_9316@example.com,2026-02-12 08:49:45.045598+00:00
cust_ext_9317,Клиент 9317,+79990009317,user_9317@example.com,2026-01-18 12:42:39.035581+00:00
cust_ext_9318,Клиент 9318,+79990009318,user_9318@example.com,2026-01-25 20:10:24.291579+00:00
cust_ext_9319,Клиент 9319,+79990009319,user_9319@example.com,2026-02-13 09:31:01.200770+00:00
cust_ext_9320,Клиент 9320,+79990009320,user_9320@example.com,2026-02-10 16:16:17.510791+00:00
cust_ext_9321,Клиент 9321,+79990009321,user_9321@example.com,2026-01-02 10:07:18.715107+00:00
cust_ext_9322,Клиент 9322,+79990009322,user_9322@example.com,2026-01-02 17:46:21.409167+00:00
cust_ext_9323,Клиент 9323,+79990009323,user_9323@example.com,2026-02-04 05:03:14.181671+00:00
cust_ext_9324,Клиент 9324,+79990009324,user_9324@example.com,2026-02-12 02:14:15.863514+00:00
cust_ext_9325,Клиент 9325,+79990009325,user_9325@example.com,2026-02-05 19:59:38.727912+00:00
cust_ext_9326,Клиент 9326,+79990009326,user_9326@example.com,2026-02-11 01:31:57.863163+00:00
cust_ext_9327,Клиент 9327,+79990009327,user_9327@example.com,2026-02-06 04:20:12.300834+00:00
cust_ext_9328,Клиент 9328,+79990009328,user_9328@example.com,2026-01-04 22:51:00.861246+00:00
cust_ext_9329,Клиент 9329,+79990009329,user_9329@example.com,2026-01-19 23:41:03.357754+00:00
cust_ext_9330,Клиент 9330,+79990009330,user_9330@example.com,2026-01-21 14:33:58.693934+00:00
cust_ext_9331,Клиент 9331,+79990009331,user_9331@example.com,2026-02-04 17:19:40.777806+00:00
cust_ext_9332,Клиент 9332,+79990009332,user_9332@example.com,2026-01-29 04:35:21.562776+00:00
cust_ext_9333,Клиент 9333,+79990009333,user_9333@example.com,2026-02-01 20:34:26.228047+00:00
cust_ext_9334,Клиент 9334,+79990009334,user_9334@example.com,2026-02-07 02:37:30.347158+00:00
cust_ext_9335,Клиент 9335,+79990009335,user_9335@example.com,2026-02-12 16:59:56.902443+00:00
cust_ext_9336,Клиент 9336,+79990009336,user_9336@example.com,2026-02-13 05:26:07.679308+00:00
cust_ext_9337,Клиент 9337,+79990009337,user_9337@example.com,2026-01-24 05:46:45.592064+00:00
cust_ext_9338,Клиент 9338,+79990009338,user_9338@example.com,2026-01-13 17:25:49.439259+00:00
cust_ext_9339,Клиент 9339,+79990009339,user_9339@example.com,2026-01-21 08:35:57.200016+00:00
cust_ext_9340,Клиент 9340,+79990009340,user_9340@example.com,2026-01-21 09:36:49.109451+00:00
cust_ext_9341,Клиент 9341,+79990009341,user_9341@example.com,2026-01-01 06:34:39.098164+00:00
cust_ext_9342,Клиент 9342,+79990009342,user_9342@example.com,2026-02-09 02:31:21.869925+00:00
cust_ext_9343,Клиент 9343,+79990009343,user_9343@example.com,2026-01-03 02:03:56.135416+00:00
cust_ext_9344,Клиент 9344,+79990009344,user_9344@example.com,2026-01-22 00:26:16.644201+00:00
cust_ext_9345,Клиент 9345,+79990009345,user_9345@example.com,2026-01-30 03:14:35.100701+00:00
cust_ext_9346,Клиент 9346,+79990009346,user_9346@example.com,2026-02-04 23:58:28.759762+00:00
cust_ext_9347,Клиент 9347,+79990009347,user_9347@example.com,2026-01-09 18:38:59.898010+00:00
cust_ext_9348,Клиент 9348,+79990009348,user_9348@example.com,2026-01-29 09:24:26.617834+00:00
cust_ext_9349,Клиент 9349,+79990009349,user_9349@example.com,2026-02-10 06:39:42.795523+00:00
cust_ext_9350,Клиент 9350,+79990009350,user_9350@example.com,2026-01-20 07:31:23.812177+00:00
cust_ext_9351,Клиент 9351,+79990009351,user_9351@example.com,2026-02-06 01:47:14.548196+00:00
cust_ext_9352,Клиент 9352,+79990009352,user_9352@example.com,2026-01-25 14:32:49.812573+00:00
cust_ext_9353,Клиент 9353,+79990009353,user_9353@example.com,2026-01-09 09:52:02.579115+00:00
cust_ext_9354,Клиент 9354,+79990009354,user_9354@example.com,2026-01-13 07:47:26.071705+00:00
cust_ext_9355,Клиент 9355,+79990009355,user_9355@example.com,2026-02-06 17:29:17.820066+00:00
cust_ext_9356,Клиент 9356,+79990009356,user_9356@example.com,2026-02-04 21:30:54.980394+00:00
cust_ext_9357,Клиент 9357,+79990009357,user_9357@example.com,2026-01-09 07:58:39.538899+00:00
cust_ext_9358,Клиент 9358,+79990009358,user_9358@example.com,2026-01-27 14:57:48.051304+00:00
cust_ext_9359,Клиент 9359,+79990009359,user_9359@example.com,2026-02-04 23:03:02.701851+00:00
cust_ext_9360,Клиент 9360,+79990009360,user_9360@example.com,2026-01-14 11:32:13.435613+00:00
cust_ext_9361,Клиент 9361,+79990009361,user_9361@example.com,2026-01-08 16:17:06.301483+00:00
cust_ext_9362,Клиент 9362,+79990009362,user_9362@example.com,2026-01-10 20:34:19.111230+00:00
cust_ext_9363,Клиент 9363,+79990009363,user_9363@example.com,2026-01-27 13:13:30.498571+00:00
cust_ext_9364,Клиент 9364,+79990009364,user_9364@example.com,2026-01-29 08:15:12.337214+00:00
cust_ext_9365,Клиент 9365,+79990009365,user_9365@example.com,2026-02-13 02:41:07.388824+00:00
cust_ext_9366,Клиент 9366,+79990009366,user_9366@example.com,2026-01-28 19:30:55.055552+00:00
cust_ext_9367,Клиент 9367,+79990009367,user_9367@example.com,2026-01-01 21:54:55.779646+00:00
cust_ext_9368,Клиент 9368,+79990009368,user_9368@example.com,2026-01-09 11:32:59.389134+00:00
cust_ext_9369,Клиент 9369,+79990009369,user_9369@example.com,2026-01-29 18:49:17.834054+00:00
cust_ext_9370,Клиент 9370,+79990009370,user_9370@example.com,2026-01-23 17:50:49.032319+00:00
cust_ext_9371,Клиент 9371,+79990009371,user_9371@example.com,2026-02-10 05:48:04.429757+00:00
cust_ext_9372,Клиент 9372,+79990009372,user_9372@example.com,2026-01-25 20:35:35.065109+00:00
cust_ext_9373,Клиент 9373,+79990009373,user_9373@example.com,2026-02-04 13:08:44.984835+00:00
cust_ext_9374,Клиент 9374,+79990009374,user_9374@example.com,2026-02-13 15:36:40.435278+00:00
cust_ext_9375,Клиент 9375,+79990009375,user_9375@example.com,2026-02-03 09:36:49.746691+00:00
cust_ext_9376,Клиент 9376,+79990009376,user_9376@example.com,2026-01-13 05:40:05.788610+00:00
cust_ext_9377,Клиент 9377,+79990009377,user_9377@example.com,2026-01-31 22:33:31.179718+00:00
cust_ext_9378,Клиент 9378,+79990009378,user_9378@example.com,2026-01-21 01:01:26.469156+00:00
cust_ext_9379,Клиент 9379,+79990009379,user_9379@example.com,2026-01-13 22:10:45.509824+00:00
cust_ext_9380,Клиент 9380,+79990009380,user_9380@example.com,2026-02-01 15:52:18.941108+00:00
cust_ext_9381,Клиент 9381,+79990009381,user_9381@example.com,2026-01-18 16:11:07.838226+00:00
cust_ext_9382,Клиент 9382,+79990009382,user_9382@example.com,2026-01-13 18:06:22.073142+00:00
cust_ext_9383,Клиент 9383,+79990009383,user_9383@example.com,2026-02-06 21:23:30.148727+00:00
cust_ext_9384,Клиент 9384,+79990009384,user_9384@example.com,2026-01-17 15:15:05.444710+00:00
cust_ext_9385,Клиент 9385,+79990009385,user_9385@example.com,2026-01-16 21:24:32.497486+00:00
cust_ext_9386,Клиент 9386,+79990009386,user_9386@example.com,2026-01-04 11:57:19.564439+00:00
cust_ext_9387,Клиент 9387,+79990009387,user_9387@example.com,2026-01-11 04:36:52.626028+00:00
cust_ext_9388,Клиент 9388,+79990009388,user_9388@example.com,2026-01-22 03:04:10.985890+00:00
cust_ext_9389,Клиент 9389,+79990009389,user_9389@example.com,2026-02-09 15:10:02.515463+00:00
cust_ext_9390,Клиент 9390,+79990009390,user_9390@example.com,2026-02-10 14:10:59.699592+00:00
cust_ext_9391,Клиент 9391,+79990009391,user_9391@example.com,2026-02-01 03:58:51.537287+00:00
cust_ext_9392,Клиент 9392,+79990009392,user_9392@example.com,2026-01-12 12:15:48.465458+00:00
cust_ext_9393,Клиент 9393,+79990009393,user_9393@example.com,2026-01-24 04:42:25.111958+00:00
cust_ext_9394,Клиент 9394,+79990009394,user_9394@example.com,2026-01-20 14:04:19.585050+00:00
cust_ext_9395,Клиент 9395,+79990009395,user_9395@example.com,2026-01-29 21:03:44.905700+00:00
cust_ext_9396,Клиент 9396,+79990009396,user_9396@example.com,2026-01-20 17:52:10.752765+00:00
cust_ext_9397,Клиент 9397,+79990009397,user_9397@example.com,2026-01-18 04:19:57.036137+00:00
cust_ext_9398,Клиент 9398,+79990009398,user_9398@example.com,2026-01-11 12:45:43.221963+00:00
cust_ext_9399,Клиент 9399,+79990009399,user_9399@example.com,2026-01-24 22:49:01.197918+00:00
cust_ext_9400,Клиент 9400,+79990009400,user_9400@example.com,2026-01-17 07:04:14.137359+00:00
cust_ext_9401,Клиент 9401,+79990009401,user_9401@example.com,2026-01-28 16:51:17.175640+00:00
cust_ext_9402,Клиент 9402,+79990009402,user_9402@example.com,2026-01-10 09:26:11.707625+00:00
cust_ext_9403,Клиент 9403,+79990009403,user_9403@example.com,2026-01-10 19:29:03.391314+00:00
cust_ext_9404,Клиент 9404,+79990009404,user_9404@example.com,2026-01-15 00:33:28.494287+00:00
cust_ext_9405,Клиент 9405,+79990009405,user_9405@example.com,2026-01-26 06:44:52.031854+00:00
cust_ext_9406,Клиент 9406,+79990009406,user_9406@example.com,2026-02-14 20:53:18.086331+00:00
cust_ext_9407,Клиент 9407,+79990009407,user_9407@example.com,2026-01-05 15:47:03.986048+00:00
cust_ext_9408,Клиент 9408,+79990009408,user_9408@example.com,2026-01-02 15:50:11.700032+00:00
cust_ext_9409,Клиент 9409,+79990009409,user_9409@example.com,2026-02-04 20:35:25.617905+00:00
cust_ext_9410,Клиент 9410,+79990009410,user_9410@example.com,2026-01-25 06:27:39.216781+00:00
cust_ext_9411,Клиент 9411,+79990009411,user_9411@example.com,2026-01-31 00:36:17.434694+00:00
cust_ext_9412,Клиент 9412,+79990009412,user_9412@example.com,2026-02-07 01:17:12.818125+00:00
cust_ext_9413,Клиент 9413,+79990009413,user_9413@example.com,2026-01-26 14:47:40.909608+00:00
cust_ext_9414,Клиент 9414,+79990009414,user_9414@example.com,2026-01-11 18:50:19.721138+00:00
cust_ext_9415,Клиент 9415,+79990009415,user_9415@example.com,2026-01-16 20:06:30.570940+00:00
cust_ext_9416,Клиент 9416,+79990009416,user_9416@example.com,2026-02-04 23:28:21.357693+00:00
cust_ext_9417,Клиент 9417,+79990009417,user_9417@example.com,2026-01-19 00:29:13.148435+00:00
cust_ext_9418,Клиент 9418,+79990009418,user_9418@example.com,2026-02-07 12:03:34.840317+00:00
cust_ext_9419,Клиент 9419,+79990009419,user_9419@example.com,2026-02-13 08:59:13.119835+00:00
cust_ext_9420,Клиент 9420,+79990009420,user_9420@example.com,2026-01-27 15:11:13.884143+00:00
cust_ext_9421,Клиент 9421,+79990009421,user_9421@example.com,2026-01-15 11:04:07.550192+00:00
cust_ext_9422,Клиент 9422,+79990009422,user_9422@example.com,2026-01-02 07:35:57.971961+00:00
cust_ext_9423,Клиент 9423,+79990009423,user_9423@example.com,2026-01-06 13:52:50.513376+00:00
cust_ext_9424,Клиент 9424,+79990009424,user_9424@example.com,2026-01-30 08:03:04.646779+00:00
cust_ext_9425,Клиент 9425,+79990009425,user_9425@example.com,2026-01-14 20:47:37.601125+00:00
cust_ext_9426,Клиент 9426,+79990009426,user_9426@example.com,2026-01-07 23:44:54.470208+00:00
cust_ext_9427,Клиент 9427,+79990009427,user_9427@example.com,2026-01-30 12:24:40.906375+00:00
cust_ext_9428,Клиент 9428,+79990009428,user_9428@example.com,2026-01-13 20:37:20.078805+00:00
cust_ext_9429,Клиент 9429,+79990009429,user_9429@example.com,2026-01-16 17:56:02.139010+00:00
cust_ext_9430,Клиент 9430,+79990009430,user_9430@example.com,2026-01-10 16:27:21.859228+00:00
cust_ext_9431,Клиент 9431,+79990009431,user_9431@example.com,2026-02-02 17:38:40.907568+00:00
cust_ext_9432,Клиент 9432,+79990009432,user_9432@example.com,2026-02-08 09:53:54.837409+00:00
cust_ext_9433,Клиент 9433,+79990009433,user_9433@example.com,2026-01-14 13:33:21.664148+00:00
cust_ext_9434,Клиент 9434,+79990009434,user_9434@example.com,2026-01-21 02:10:17.091341+00:00
cust_ext_9435,Клиент 9435,+79990009435,user_9435@example.com,2026-01-27 17:10:04.219139+00:00
cust_ext_9436,Клиент 9436,+79990009436,user_9436@example.com,2026-01-11 17:24:52.301998+00:00
cust_ext_9437,Клиент 9437,+79990009437,user_9437@example.com,2026-01-12 12:21:40.689382+00:00
cust_ext_9438,Клиент 9438,+79990009438,user_9438@example.com,2026-02-01 12:09:36.970470+00:00
cust_ext_9439,Клиент 9439,+79990009439,user_9439@example.com,2026-01-16 13:13:25.483971+00:00
cust_ext_9440,Клиент 9440,+79990009440,user_9440@example.com,2026-01-12 18:50:03.333347+00:00
cust_ext_9441,Клиент 9441,+79990009441,user_9441@example.com,2026-01-08 17:15:03.150420+00:00
cust_ext_9442,Клиент 9442,+79990009442,user_9442@example.com,2026-01-01 01:50:14.391617+00:00
cust_ext_9443,Клиент 9443,+79990009443,user_9443@example.com,2026-01-02 16:03:31.132946+00:00
cust_ext_9444,Клиент 9444,+79990009444,user_9444@example.com,2026-01-06 21:43:30.758806+00:00
cust_ext_9445,Клиент 9445,+79990009445,user_9445@example.com,2026-01-28 11:32:24.476045+00:00
cust_ext_9446,Клиент 9446,+79990009446,user_9446@example.com,2026-02-01 22:47:32.917128+00:00
cust_ext_9447,Клиент 9447,+79990009447,user_9447@example.com,2026-01-17 03:17:25.880633+00:00
cust_ext_9448,Клиент 9448,+79990009448,user_9448@example.com,2026-01-25 01:52:13.707456+00:00
cust_ext_9449,Клиент 9449,+79990009449,user_9449@example.com,2026-01-03 06:36:07.032528+00:00
cust_ext_9450,Клиент 9450,+79990009450,user_9450@example.com,2026-02-07 18:29:59.588077+00:00
cust_ext_9451,Клиент 9451,+79990009451,user_9451@example.com,2026-02-05 06:46:37.808919+00:00
cust_ext_9452,Клиент 9452,+79990009452,user_9452@example.com,2026-02-13 15:43:00.771340+00:00
cust_ext_9453,Клиент 9453,+79990009453,user_9453@example.com,2026-01-18 03:38:04.609589+00:00
cust_ext_9454,Клиент 9454,+79990009454,user_9454@example.com,2026-01-07 03:42:25.876366+00:00
cust_ext_9455,Клиент 9455,+79990009455,user_9455@example.com,2026-01-08 08:21:24.610675+00:00
cust_ext_9456,Клиент 9456,+79990009456,user_9456@example.com,2026-02-14 04:55:32.927245+00:00
cust_ext_9457,Клиент 9457,+79990009457,user_9457@example.com,2026-01-03 02:42:56.036197+00:00
cust_ext_9458,Клиент 9458,+79990009458,user_9458@example.com,2026-01-27 19:36:15.413550+00:00
cust_ext_9459,Клиент 9459,+79990009459,user_9459@example.com,2026-01-28 01:08:57.691178+00:00
cust_ext_9460,Клиент 9460,+79990009460,user_9460@example.com,2026-01-29 07:09:18.059873+00:00
cust_ext_9461,Клиент 9461,+79990009461,user_9461@example.com,2026-02-06 23:38:52.231591+00:00
cust_ext_9462,Клиент 9462,+79990009462,user_9462@example.com,2026-02-06 23:33:57.866774+00:00
cust_ext_9463,Клиент 9463,+79990009463,user_9463@example.com,2026-01-12 21:33:45.815474+00:00
cust_ext_9464,Клиент 9464,+79990009464,user_9464@example.com,2026-01-31 10:17:19.574337+00:00
cust_ext_9465,Клиент 9465,+79990009465,user_9465@example.com,2026-02-13 21:33:35.896845+00:00
cust_ext_9466,Клиент 9466,+79990009466,user_9466@example.com,2026-01-03 10:26:04.893513+00:00
cust_ext_9467,Клиент 9467,+79990009467,user_9467@example.com,2026-01-03 04:40:22.904917+00:00
cust_ext_9468,Клиент 9468,+79990009468,user_9468@example.com,2026-02-14 13:40:20.054566+00:00
cust_ext_9469,Клиент 9469,+79990009469,user_9469@example.com,2026-02-02 06:11:47.446713+00:00
cust_ext_9470,Клиент 9470,+79990009470,user_9470@example.com,2026-02-12 06:35:50.229962+00:00
cust_ext_9471,Клиент 9471,+79990009471,user_9471@example.com,2026-02-05 11:37:13.162518+00:00
cust_ext_9472,Клиент 9472,+79990009472,user_9472@example.com,2026-01-30 08:34:37.650818+00:00
cust_ext_9473,Клиент 9473,+79990009473,user_9473@example.com,2026-01-19 16:27:43.670848+00:00
cust_ext_9474,Клиент 9474,+79990009474,user_9474@example.com,2026-02-01 08:52:38.969263+00:00
cust_ext_9475,Клиент 9475,+79990009475,user_9475@example.com,2026-01-06 06:11:47.190457+00:00
cust_ext_9476,Клиент 9476,+79990009476,user_9476@example.com,2026-02-04 11:21:05.828593+00:00
cust_ext_9477,Клиент 9477,+79990009477,user_9477@example.com,2026-01-31 22:12:53.130587+00:00
cust_ext_9478,Клиент 9478,+79990009478,user_9478@example.com,2026-01-11 14:29:06.806569+00:00
cust_ext_9479,Клиент 9479,+79990009479,user_9479@example.com,2026-02-08 12:48:53.857797+00:00
cust_ext_9480,Клиент 9480,+79990009480,user_9480@example.com,2026-01-07 08:24:06.741001+00:00
cust_ext_9481,Клиент 9481,+79990009481,user_9481@example.com,2026-02-11 21:55:37.177289+00:00
cust_ext_9482,Клиент 9482,+79990009482,user_9482@example.com,2026-01-22 16:17:42.379809+00:00
cust_ext_9483,Клиент 9483,+79990009483,user_9483@example.com,2026-01-06 02:44:10.396587+00:00
cust_ext_9484,Клиент 9484,+79990009484,user_9484@example.com,2026-02-06 12:44:38.754348+00:00
cust_ext_9485,Клиент 9485,+79990009485,user_9485@example.com,2026-01-15 04:14:22.238947+00:00
cust_ext_9486,Клиент 9486,+79990009486,user_9486@example.com,2026-01-23 00:57:36.835879+00:00
cust_ext_9487,Клиент 9487,+79990009487,user_9487@example.com,2026-01-04 10:21:36.664922+00:00
cust_ext_9488,Клиент 9488,+79990009488,user_9488@example.com,2026-01-21 15:53:28.474502+00:00
cust_ext_9489,Клиент 9489,+79990009489,user_9489@example.com,2026-02-12 04:42:03.641289+00:00
cust_ext_9490,Клиент 9490,+79990009490,user_9490@example.com,2026-02-08 09:19:15.283552+00:00
cust_ext_9491,Клиент 9491,+79990009491,user_9491@example.com,2026-02-07 08:12:07.323992+00:00
cust_ext_9492,Клиент 9492,+79990009492,user_9492@example.com,2026-02-08 06:23:24.679606+00:00
cust_ext_9493,Клиент 9493,+79990009493,user_9493@example.com,2026-02-12 12:34:57.211826+00:00
cust_ext_9494,Клиент 9494,+79990009494,user_9494@example.com,2026-02-04 09:56:19.566180+00:00
cust_ext_9495,Клиент 9495,+79990009495,user_9495@example.com,2026-01-19 01:47:33.653698+00:00
cust_ext_9496,Клиент 9496,+79990009496,user_9496@example.com,2026-01-12 11:21:53.951193+00:00
cust_ext_9497,Клиент 9497,+79990009497,user_9497@example.com,2026-02-12 05:12:59.888404+00:00
cust_ext_9498,Клиент 9498,+79990009498,user_9498@example.com,2026-02-12 11:21:41.438986+00:00
cust_ext_9499,Клиент 9499,+79990009499,user_9499@example.com,2026-01-23 05:53:48.774450+00:00
cust_ext_9500,Клиент 9500,+79990009500,user_9500@example.com,2026-01-09 16:44:12.790737+00:00
cust_ext_9501,Клиент 9501,+79990009501,user_9501@example.com,2026-01-13 05:58:49.010316+00:00
cust_ext_9502,Клиент 9502,+79990009502,user_9502@example.com,2026-01-09 18:41:25.738404+00:00
cust_ext_9503,Клиент 9503,+79990009503,user_9503@example.com,2026-02-07 09:14:49.469408+00:00
cust_ext_9504,Клиент 9504,+79990009504,user_9504@example.com,2026-01-15 05:13:44.269264+00:00
cust_ext_9505,Клиент 9505,+79990009505,user_9505@example.com,2026-02-12 09:14:28.798113+00:00
cust_ext_9506,Клиент 9506,+79990009506,user_9506@example.com,2026-01-16 13:41:30.204556+00:00
cust_ext_9507,Клиент 9507,+79990009507,user_9507@example.com,2026-01-30 05:45:37.687433+00:00
cust_ext_9508,Клиент 9508,+79990009508,user_9508@example.com,2026-01-18 18:27:51.698244+00:00
cust_ext_9509,Клиент 9509,+79990009509,user_9509@example.com,2026-01-04 17:42:09.626297+00:00
cust_ext_9510,Клиент 9510,+79990009510,user_9510@example.com,2026-01-10 23:32:13.718109+00:00
cust_ext_9511,Клиент 9511,+79990009511,user_9511@example.com,2026-01-26 17:01:20.026305+00:00
cust_ext_9512,Клиент 9512,+79990009512,user_9512@example.com,2026-01-21 01:41:51.374018+00:00
cust_ext_9513,Клиент 9513,+79990009513,user_9513@example.com,2026-01-15 03:11:55.687102+00:00
cust_ext_9514,Клиент 9514,+79990009514,user_9514@example.com,2026-01-14 22:24:12.460864+00:00
cust_ext_9515,Клиент 9515,+79990009515,user_9515@example.com,2026-02-09 18:47:49.236935+00:00
cust_ext_9516,Клиент 9516,+79990009516,user_9516@example.com,2026-01-21 22:25:41.374778+00:00
cust_ext_9517,Клиент 9517,+79990009517,user_9517@example.com,2026-01-26 12:45:24.457774+00:00
cust_ext_9518,Клиент 9518,+79990009518,user_9518@example.com,2026-01-02 04:36:00.362699+00:00
cust_ext_9519,Клиент 9519,+79990009519,user_9519@example.com,2026-01-21 10:52:12.879040+00:00
cust_ext_9520,Клиент 9520,+79990009520,user_9520@example.com,2026-01-16 09:09:48.021439+00:00
cust_ext_9521,Клиент 9521,+79990009521,user_9521@example.com,2026-01-27 11:43:52.291622+00:00
cust_ext_9522,Клиент 9522,+79990009522,user_9522@example.com,2026-01-15 07:46:52.031499+00:00
cust_ext_9523,Клиент 9523,+79990009523,user_9523@example.com,2026-02-09 17:23:14.404886+00:00
cust_ext_9524,Клиент 9524,+79990009524,user_9524@example.com,2026-01-12 03:39:27.644761+00:00
cust_ext_9525,Клиент 9525,+79990009525,user_9525@example.com,2026-01-29 07:55:44.514097+00:00
cust_ext_9526,Клиент 9526,+79990009526,user_9526@example.com,2026-01-21 05:56:00.098809+00:00
cust_ext_9527,Клиент 9527,+79990009527,user_9527@example.com,2026-01-11 07:10:09.303705+00:00
cust_ext_9528,Клиент 9528,+79990009528,user_9528@example.com,2026-01-07 13:40:43.338954+00:00
cust_ext_9529,Клиент 9529,+79990009529,user_9529@example.com,2026-01-13 19:08:40.992820+00:00
cust_ext_9530,Клиент 9530,+79990009530,user_9530@example.com,2026-01-13 00:14:31.436436+00:00
cust_ext_9531,Клиент 9531,+79990009531,user_9531@example.com,2026-02-10 14:19:56.338612+00:00
cust_ext_9532,Клиент 9532,+79990009532,user_9532@example.com,2026-01-01 06:54:51.035012+00:00
cust_ext_9533,Клиент 9533,+79990009533,user_9533@example.com,2026-01-31 22:18:27.877492+00:00
cust_ext_9534,Клиент 9534,+79990009534,user_9534@example.com,2026-01-18 05:50:35.279835+00:00
cust_ext_9535,Клиент 9535,+79990009535,user_9535@example.com,2026-01-17 11:28:57.322560+00:00
cust_ext_9536,Клиент 9536,+79990009536,user_9536@example.com,2026-01-15 19:18:54.505660+00:00
cust_ext_9537,Клиент 9537,+79990009537,user_9537@example.com,2026-01-05 08:08:11.188174+00:00
cust_ext_9538,Клиент 9538,+79990009538,user_9538@example.com,2026-01-01 10:02:50.241580+00:00
cust_ext_9539,Клиент 9539,+79990009539,user_9539@example.com,2026-02-07 01:44:20.189034+00:00
cust_ext_9540,Клиент 9540,+79990009540,user_9540@example.com,2026-02-08 13:37:08.716191+00:00
cust_ext_9541,Клиент 9541,+79990009541,user_9541@example.com,2026-01-13 09:50:00.387288+00:00
cust_ext_9542,Клиент 9542,+79990009542,user_9542@example.com,2026-02-05 03:35:07.951187+00:00
cust_ext_9543,Клиент 9543,+79990009543,user_9543@example.com,2026-01-21 01:51:28.576563+00:00
cust_ext_9544,Клиент 9544,+79990009544,user_9544@example.com,2026-01-29 23:51:33.521896+00:00
cust_ext_9545,Клиент 9545,+79990009545,user_9545@example.com,2026-02-12 07:25:08.047527+00:00
cust_ext_9546,Клиент 9546,+79990009546,user_9546@example.com,2026-02-08 07:05:18.486968+00:00
cust_ext_9547,Клиент 9547,+79990009547,user_9547@example.com,2026-01-12 15:03:40.996822+00:00
cust_ext_9548,Клиент 9548,+79990009548,user_9548@example.com,2026-01-18 22:09:51.764874+00:00
cust_ext_9549,Клиент 9549,+79990009549,user_9549@example.com,2026-01-04 07:51:36.324613+00:00
cust_ext_9550,Клиент 9550,+79990009550,user_9550@example.com,2026-01-23 08:11:17.648684+00:00
cust_ext_9551,Клиент 9551,+79990009551,user_9551@example.com,2026-01-03 10:33:16.302494+00:00
cust_ext_9552,Клиент 9552,+79990009552,user_9552@example.com,2026-02-11 08:01:06.014038+00:00
cust_ext_9553,Клиент 9553,+79990009553,user_9553@example.com,2026-02-14 04:19:17.065314+00:00
cust_ext_9554,Клиент 9554,+79990009554,user_9554@example.com,2026-01-01 12:53:02.161253+00:00
cust_ext_9555,Клиент 9555,+79990009555,user_9555@example.com,2026-01-21 23:23:42.838989+00:00
cust_ext_9556,Клиент 9556,+79990009556,user_9556@example.com,2026-01-25 22:19:46.964884+00:00
cust_ext_9557,Клиент 9557,+79990009557,user_9557@example.com,2026-01-08 19:42:06.551888+00:00
cust_ext_9558,Клиент 9558,+79990009558,user_9558@example.com,2026-01-17 20:50:25.791518+00:00
cust_ext_9559,Клиент 9559,+79990009559,user_9559@example.com,2026-02-14 07:04:30.738041+00:00
cust_ext_9560,Клиент 9560,+79990009560,user_9560@example.com,2026-01-26 07:57:17.191577+00:00
cust_ext_9561,Клиент 9561,+79990009561,user_9561@example.com,2026-01-18 22:14:49.157331+00:00
cust_ext_9562,Клиент 9562,+79990009562,user_9562@example.com,2026-02-01 12:05:28.570340+00:00
cust_ext_9563,Клиент 9563,+79990009563,user_9563@example.com,2026-02-12 10:06:37.015534+00:00
cust_ext_9564,Клиент 9564,+79990009564,user_9564@example.com,2026-01-11 05:15:05.385529+00:00
cust_ext_9565,Клиент 9565,+79990009565,user_9565@example.com,2026-01-04 06:23:30.578628+00:00
cust_ext_9566,Клиент 9566,+79990009566,user_9566@example.com,2026-01-29 22:00:55.815338+00:00
cust_ext_9567,Клиент 9567,+79990009567,user_9567@example.com,2026-01-08 07:04:10.090381+00:00
cust_ext_9568,Клиент 9568,+79990009568,user_9568@example.com,2026-01-18 13:28:26.652609+00:00
cust_ext_9569,Клиент 9569,+79990009569,user_9569@example.com,2026-02-07 20:58:08.367405+00:00
cust_ext_9570,Клиент 9570,+79990009570,user_9570@example.com,2026-01-28 18:28:09.462514+00:00
cust_ext_9571,Клиент 9571,+79990009571,user_9571@example.com,2026-02-14 16:54:39.643349+00:00
cust_ext_9572,Клиент 9572,+79990009572,user_9572@example.com,2026-01-01 16:32:50.486949+00:00
cust_ext_9573,Клиент 9573,+79990009573,user_9573@example.com,2026-01-19 18:11:38.679167+00:00
cust_ext_9574,Клиент 9574,+79990009574,user_9574@example.com,2026-02-08 12:52:18.997054+00:00
cust_ext_9575,Клиент 9575,+79990009575,user_9575@example.com,2026-02-13 07:36:33.863632+00:00
cust_ext_9576,Клиент 9576,+79990009576,user_9576@example.com,2026-01-05 06:45:09.836411+00:00
cust_ext_9577,Клиент 9577,+79990009577,user_9577@example.com,2026-01-19 15:14:53.555636+00:00
cust_ext_9578,Клиент 9578,+79990009578,user_9578@example.com,2026-01-02 18:19:21.393682+00:00
cust_ext_9579,Клиент 9579,+79990009579,user_9579@example.com,2026-01-02 15:39:22.792549+00:00
cust_ext_9580,Клиент 9580,+79990009580,user_9580@example.com,2026-01-25 11:34:34.195739+00:00
cust_ext_9581,Клиент 9581,+79990009581,user_9581@example.com,2026-02-09 17:22:23.845216+00:00
cust_ext_9582,Клиент 9582,+79990009582,user_9582@example.com,2026-01-11 18:31:27.726273+00:00
cust_ext_9583,Клиент 9583,+79990009583,user_9583@example.com,2026-02-14 17:49:25.637880+00:00
cust_ext_9584,Клиент 9584,+79990009584,user_9584@example.com,2026-02-01 11:03:25.262117+00:00
cust_ext_9585,Клиент 9585,+79990009585,user_9585@example.com,2026-01-02 06:05:17.285587+00:00
cust_ext_9586,Клиент 9586,+79990009586,user_9586@example.com,2026-01-04 06:11:34.228712+00:00
cust_ext_9587,Клиент 9587,+79990009587,user_9587@example.com,2026-02-13 22:32:43.713790+00:00
cust_ext_9588,Клиент 9588,+79990009588,user_9588@example.com,2026-01-08 05:09:28.265612+00:00
cust_ext_9589,Клиент 9589,+79990009589,user_9589@example.com,2026-01-11 08:09:49.455862+00:00
cust_ext_9590,Клиент 9590,+79990009590,user_9590@example.com,2026-01-29 03:56:41.985292+00:00
cust_ext_9591,Клиент 9591,+79990009591,user_9591@example.com,2026-01-21 05:43:13.609982+00:00
cust_ext_9592,Клиент 9592,+79990009592,user_9592@example.com,2026-02-02 19:38:57.328155+00:00
cust_ext_9593,Клиент 9593,+79990009593,user_9593@example.com,2026-02-11 20:52:55.239094+00:00
cust_ext_9594,Клиент 9594,+79990009594,user_9594@example.com,2026-01-21 13:06:38.326542+00:00
cust_ext_9595,Клиент 9595,+79990009595,user_9595@example.com,2026-01-30 02:13:50.189807+00:00
cust_ext_9596,Клиент 9596,+79990009596,user_9596@example.com,2026-01-08 11:53:58.366317+00:00
cust_ext_9597,Клиент 9597,+79990009597,user_9597@example.com,2026-01-13 01:34:18.098618+00:00
cust_ext_9598,Клиент 9598,+79990009598,user_9598@example.com,2026-02-06 23:04:08.377201+00:00
cust_ext_9599,Клиент 9599,+79990009599,user_9599@example.com,2026-02-09 12:03:34.250979+00:00
cust_ext_9600,Клиент 9600,+79990009600,user_9600@example.com,2026-01-21 12:12:29.215218+00:00
cust_ext_9601,Клиент 9601,+79990009601,user_9601@example.com,2026-02-14 00:40:07.758771+00:00
cust_ext_9602,Клиент 9602,+79990009602,user_9602@example.com,2026-02-14 18:08:27.086042+00:00
cust_ext_9603,Клиент 9603,+79990009603,user_9603@example.com,2026-01-29 12:01:27.945045+00:00
cust_ext_9604,Клиент 9604,+79990009604,user_9604@example.com,2026-01-04 21:57:28.072891+00:00
cust_ext_9605,Клиент 9605,+79990009605,user_9605@example.com,2026-02-02 08:31:54.672963+00:00
cust_ext_9606,Клиент 9606,+79990009606,user_9606@example.com,2026-01-11 12:20:37.735835+00:00
cust_ext_9607,Клиент 9607,+79990009607,user_9607@example.com,2026-01-02 19:00:57.783293+00:00
cust_ext_9608,Клиент 9608,+79990009608,user_9608@example.com,2026-01-07 22:35:28.349523+00:00
cust_ext_9609,Клиент 9609,+79990009609,user_9609@example.com,2026-01-28 14:55:57.288573+00:00
cust_ext_9610,Клиент 9610,+79990009610,user_9610@example.com,2026-02-04 12:14:12.412330+00:00
cust_ext_9611,Клиент 9611,+79990009611,user_9611@example.com,2026-01-10 02:49:54.702774+00:00
cust_ext_9612,Клиент 9612,+79990009612,user_9612@example.com,2026-01-21 23:42:30.413778+00:00
cust_ext_9613,Клиент 9613,+79990009613,user_9613@example.com,2026-01-08 16:51:43.638163+00:00
cust_ext_9614,Клиент 9614,+79990009614,user_9614@example.com,2026-01-12 23:58:18.080066+00:00
cust_ext_9615,Клиент 9615,+79990009615,user_9615@example.com,2026-01-16 17:57:37.336987+00:00
cust_ext_9616,Клиент 9616,+79990009616,user_9616@example.com,2026-01-01 10:21:56.074476+00:00
cust_ext_9617,Клиент 9617,+79990009617,user_9617@example.com,2026-02-13 18:06:43.777148+00:00
cust_ext_9618,Клиент 9618,+79990009618,user_9618@example.com,2026-02-01 14:21:40.099491+00:00
cust_ext_9619,Клиент 9619,+79990009619,user_9619@example.com,2026-01-13 08:24:48.025629+00:00
cust_ext_9620,Клиент 9620,+79990009620,user_9620@example.com,2026-01-11 16:15:46.247396+00:00
cust_ext_9621,Клиент 9621,+79990009621,user_9621@example.com,2026-02-11 14:35:24.330759+00:00
cust_ext_9622,Клиент 9622,+79990009622,user_9622@example.com,2026-01-25 11:00:19.799671+00:00
cust_ext_9623,Клиент 9623,+79990009623,user_9623@example.com,2026-01-14 20:49:18.506469+00:00
cust_ext_9624,Клиент 9624,+79990009624,user_9624@example.com,2026-01-08 00:57:07.907531+00:00
cust_ext_9625,Клиент 9625,+79990009625,user_9625@example.com,2026-01-19 07:31:37.411067+00:00
cust_ext_9626,Клиент 9626,+79990009626,user_9626@example.com,2026-02-02 08:28:14.420078+00:00
cust_ext_9627,Клиент 9627,+79990009627,user_9627@example.com,2026-01-29 08:22:37.414937+00:00
cust_ext_9628,Клиент 9628,+79990009628,user_9628@example.com,2026-01-28 04:43:38.224014+00:00
cust_ext_9629,Клиент 9629,+79990009629,user_9629@example.com,2026-02-10 01:54:51.636421+00:00
cust_ext_9630,Клиент 9630,+79990009630,user_9630@example.com,2026-02-14 09:35:14.732332+00:00
cust_ext_9631,Клиент 9631,+79990009631,user_9631@example.com,2026-01-18 08:52:08.971963+00:00
cust_ext_9632,Клиент 9632,+79990009632,user_9632@example.com,2026-01-30 02:39:18.051031+00:00
cust_ext_9633,Клиент 9633,+79990009633,user_9633@example.com,2026-02-14 05:01:09.461888+00:00
cust_ext_9634,Клиент 9634,+79990009634,user_9634@example.com,2026-01-15 11:49:43.243082+00:00
cust_ext_9635,Клиент 9635,+79990009635,user_9635@example.com,2026-01-09 18:20:36.025181+00:00
cust_ext_9636,Клиент 9636,+79990009636,user_9636@example.com,2026-01-31 12:15:15.458214+00:00
cust_ext_9637,Клиент 9637,+79990009637,user_9637@example.com,2026-02-03 01:52:46.387532+00:00
cust_ext_9638,Клиент 9638,+79990009638,user_9638@example.com,2026-01-29 15:54:06.930999+00:00
cust_ext_9639,Клиент 9639,+79990009639,user_9639@example.com,2026-01-04 22:19:07.433498+00:00
cust_ext_9640,Клиент 9640,+79990009640,user_9640@example.com,2026-01-20 22:36:30.372209+00:00
cust_ext_9641,Клиент 9641,+79990009641,user_9641@example.com,2026-01-07 07:09:34.293489+00:00
cust_ext_9642,Клиент 9642,+79990009642,user_9642@example.com,2026-01-02 08:06:13.412676+00:00
cust_ext_9643,Клиент 9643,+79990009643,user_9643@example.com,2026-02-01 21:54:19.488476+00:00
cust_ext_9644,Клиент 9644,+79990009644,user_9644@example.com,2026-01-28 00:58:06.524996+00:00
cust_ext_9645,Клиент 9645,+79990009645,user_9645@example.com,2026-01-21 04:12:08.014649+00:00
cust_ext_9646,Клиент 9646,+79990009646,user_9646@example.com,2026-01-14 04:13:03.594964+00:00
cust_ext_9647,Клиент 9647,+79990009647,user_9647@example.com,2026-02-13 05:41:19.758641+00:00
cust_ext_9648,Клиент 9648,+79990009648,user_9648@example.com,2026-01-07 14:08:24.079283+00:00
cust_ext_9649,Клиент 9649,+79990009649,user_9649@example.com,2026-01-25 15:06:03.949043+00:00
cust_ext_9650,Клиент 9650,+79990009650,user_9650@example.com,2026-01-31 12:13:32.020973+00:00
cust_ext_9651,Клиент 9651,+79990009651,user_9651@example.com,2026-01-30 16:23:12.969070+00:00
cust_ext_9652,Клиент 9652,+79990009652,user_9652@example.com,2026-01-16 06:33:35.205987+00:00
cust_ext_9653,Клиент 9653,+79990009653,user_9653@example.com,2026-02-11 19:43:11.295626+00:00
cust_ext_9654,Клиент 9654,+79990009654,user_9654@example.com,2026-02-09 13:53:57.382550+00:00
cust_ext_9655,Клиент 9655,+79990009655,user_9655@example.com,2026-01-09 06:09:34.885558+00:00
cust_ext_9656,Клиент 9656,+79990009656,user_9656@example.com,2026-01-07 09:56:32.530953+00:00
cust_ext_9657,Клиент 9657,+79990009657,user_9657@example.com,2026-02-14 04:26:39.329509+00:00
cust_ext_9658,Клиент 9658,+79990009658,user_9658@example.com,2026-02-06 16:24:19.030597+00:00
cust_ext_9659,Клиент 9659,+79990009659,user_9659@example.com,2026-01-11 12:09:17.007789+00:00
cust_ext_9660,Клиент 9660,+79990009660,user_9660@example.com,2026-01-10 13:15:29.584705+00:00
cust_ext_9661,Клиент 9661,+79990009661,user_9661@example.com,2026-02-03 18:53:44.184135+00:00
cust_ext_9662,Клиент 9662,+79990009662,user_9662@example.com,2026-01-03 00:43:23.720797+00:00
cust_ext_9663,Клиент 9663,+79990009663,user_9663@example.com,2026-02-05 01:22:43.190405+00:00
cust_ext_9664,Клиент 9664,+79990009664,user_9664@example.com,2026-01-07 10:28:33.608881+00:00
cust_ext_9665,Клиент 9665,+79990009665,user_9665@example.com,2026-01-07 21:11:48.202912+00:00
cust_ext_9666,Клиент 9666,+79990009666,user_9666@example.com,2026-01-21 04:55:17.990404+00:00
cust_ext_9667,Клиент 9667,+79990009667,user_9667@example.com,2026-01-30 12:59:05.491106+00:00
cust_ext_9668,Клиент 9668,+79990009668,user_9668@example.com,2026-01-01 04:15:07.586713+00:00
cust_ext_9669,Клиент 9669,+79990009669,user_9669@example.com,2026-01-31 21:45:45.007917+00:00
cust_ext_9670,Клиент 9670,+79990009670,user_9670@example.com,2026-01-24 15:50:36.948023+00:00
cust_ext_9671,Клиент 9671,+79990009671,user_9671@example.com,2026-01-22 16:23:05.882883+00:00
cust_ext_9672,Клиент 9672,+79990009672,user_9672@example.com,2026-01-09 20:58:31.698159+00:00
cust_ext_9673,Клиент 9673,+79990009673,user_9673@example.com,2026-02-08 01:10:32.028831+00:00
cust_ext_9674,Клиент 9674,+79990009674,user_9674@example.com,2026-01-03 12:23:32.503774+00:00
cust_ext_9675,Клиент 9675,+79990009675,user_9675@example.com,2026-01-12 12:27:16.630515+00:00
cust_ext_9676,Клиент 9676,+79990009676,user_9676@example.com,2026-02-03 22:59:36.501562+00:00
cust_ext_9677,Клиент 9677,+79990009677,user_9677@example.com,2026-01-27 03:38:58.655970+00:00
cust_ext_9678,Клиент 9678,+79990009678,user_9678@example.com,2026-01-24 02:53:12.655305+00:00
cust_ext_9679,Клиент 9679,+79990009679,user_9679@example.com,2026-01-18 11:48:26.409289+00:00
cust_ext_9680,Клиент 9680,+79990009680,user_9680@example.com,2026-01-04 01:40:44.122316+00:00
cust_ext_9681,Клиент 9681,+79990009681,user_9681@example.com,2026-01-31 07:33:47.621477+00:00
cust_ext_9682,Клиент 9682,+79990009682,user_9682@example.com,2026-01-13 16:34:32.299991+00:00
cust_ext_9683,Клиент 9683,+79990009683,user_9683@example.com,2026-02-13 19:58:10.909245+00:00
cust_ext_9684,Клиент 9684,+79990009684,user_9684@example.com,2026-01-20 00:08:01.946511+00:00
cust_ext_9685,Клиент 9685,+79990009685,user_9685@example.com,2026-01-13 05:08:31.351240+00:00
cust_ext_9686,Клиент 9686,+79990009686,user_9686@example.com,2026-02-14 04:28:04.700391+00:00
cust_ext_9687,Клиент 9687,+79990009687,user_9687@example.com,2026-01-28 03:22:48.831461+00:00
cust_ext_9688,Клиент 9688,+79990009688,user_9688@example.com,2026-02-13 11:22:03.648658+00:00
cust_ext_9689,Клиент 9689,+79990009689,user_9689@example.com,2026-01-13 18:40:12.381328+00:00
cust_ext_9690,Клиент 9690,+79990009690,user_9690@example.com,2026-01-10 09:41:28.633945+00:00
cust_ext_9691,Клиент 9691,+79990009691,user_9691@example.com,2026-02-11 22:33:31.759527+00:00
cust_ext_9692,Клиент 9692,+79990009692,user_9692@example.com,2026-01-30 01:31:47.696108+00:00
cust_ext_9693,Клиент 9693,+79990009693,user_9693@example.com,2026-01-24 22:31:30.455846+00:00
cust_ext_9694,Клиент 9694,+79990009694,user_9694@example.com,2026-01-18 19:46:43.633461+00:00
cust_ext_9695,Клиент 9695,+79990009695,user_9695@example.com,2026-01-13 05:47:18.319875+00:00
cust_ext_9696,Клиент 9696,+79990009696,user_9696@example.com,2026-02-07 19:34:39.923135+00:00
cust_ext_9697,Клиент 9697,+79990009697,user_9697@example.com,2026-01-14 00:26:01.061564+00:00
cust_ext_9698,Клиент 9698,+79990009698,user_9698@example.com,2026-01-13 21:16:20.742578+00:00
cust_ext_9699,Клиент 9699,+79990009699,user_9699@example.com,2026-01-12 15:58:42.865878+00:00
cust_ext_9700,Клиент 9700,+79990009700,user_9700@example.com,2026-02-12 01:51:15.967307+00:00
cust_ext_9701,Клиент 9701,+79990009701,user_9701@example.com,2026-02-02 03:07:24.505771+00:00
cust_ext_9702,Клиент 9702,+79990009702,user_9702@example.com,2026-01-20 09:47:35.766527+00:00
cust_ext_9703,Клиент 9703,+79990009703,user_9703@example.com,2026-01-16 00:21:17.243289+00:00
cust_ext_9704,Клиент 9704,+79990009704,user_9704@example.com,2026-01-01 15:31:31.013799+00:00
cust_ext_9705,Клиент 9705,+79990009705,user_9705@example.com,2026-01-22 16:07:01.107863+00:00
cust_ext_9706,Клиент 9706,+79990009706,user_9706@example.com,2026-02-09 19:13:29.522954+00:00
cust_ext_9707,Клиент 9707,+79990009707,user_9707@example.com,2026-01-20 12:24:45.087301+00:00
cust_ext_9708,Клиент 9708,+79990009708,user_9708@example.com,2026-01-08 17:08:34.586382+00:00
cust_ext_9709,Клиент 9709,+79990009709,user_9709@example.com,2026-01-08 18:44:38.143901+00:00
cust_ext_9710,Клиент 9710,+79990009710,user_9710@example.com,2026-01-03 20:09:33.352370+00:00
cust_ext_9711,Клиент 9711,+79990009711,user_9711@example.com,2026-02-01 00:53:18.136025+00:00
cust_ext_9712,Клиент 9712,+79990009712,user_9712@example.com,2026-01-16 10:43:23.131621+00:00
cust_ext_9713,Клиент 9713,+79990009713,user_9713@example.com,2026-01-02 03:45:28.990315+00:00
cust_ext_9714,Клиент 9714,+79990009714,user_9714@example.com,2026-02-04 05:59:28.319013+00:00
cust_ext_9715,Клиент 9715,+79990009715,user_9715@example.com,2026-01-23 04:23:46.423935+00:00
cust_ext_9716,Клиент 9716,+79990009716,user_9716@example.com,2026-01-09 23:31:49.188878+00:00
cust_ext_9717,Клиент 9717,+79990009717,user_9717@example.com,2026-01-30 18:40:11.547885+00:00
cust_ext_9718,Клиент 9718,+79990009718,user_9718@example.com,2026-01-15 10:07:35.329428+00:00
cust_ext_9719,Клиент 9719,+79990009719,user_9719@example.com,2026-02-10 07:17:11.871246+00:00
cust_ext_9720,Клиент 9720,+79990009720,user_9720@example.com,2026-01-04 12:51:23.479674+00:00
cust_ext_9721,Клиент 9721,+79990009721,user_9721@example.com,2026-02-02 18:20:32.711228+00:00
cust_ext_9722,Клиент 9722,+79990009722,user_9722@example.com,2026-01-22 22:00:15.177272+00:00
cust_ext_9723,Клиент 9723,+79990009723,user_9723@example.com,2026-01-30 21:08:54.133976+00:00
cust_ext_9724,Клиент 9724,+79990009724,user_9724@example.com,2026-01-14 01:40:29.333634+00:00
cust_ext_9725,Клиент 9725,+79990009725,user_9725@example.com,2026-01-23 09:46:18.587844+00:00
cust_ext_9726,Клиент 9726,+79990009726,user_9726@example.com,2026-01-11 02:33:14.119096+00:00
cust_ext_9727,Клиент 9727,+79990009727,user_9727@example.com,2026-01-22 16:56:58.977416+00:00
cust_ext_9728,Клиент 9728,+79990009728,user_9728@example.com,2026-01-02 03:25:51.383092+00:00
cust_ext_9729,Клиент 9729,+79990009729,user_9729@example.com,2026-01-03 07:54:48.892556+00:00
cust_ext_9730,Клиент 9730,+79990009730,user_9730@example.com,2026-01-02 15:52:10.140034+00:00
cust_ext_9731,Клиент 9731,+79990009731,user_9731@example.com,2026-01-11 09:41:56.332919+00:00
cust_ext_9732,Клиент 9732,+79990009732,user_9732@example.com,2026-01-24 02:11:39.473784+00:00
cust_ext_9733,Клиент 9733,+79990009733,user_9733@example.com,2026-01-23 14:08:47.605444+00:00
cust_ext_9734,Клиент 9734,+79990009734,user_9734@example.com,2026-01-02 19:30:44.030049+00:00
cust_ext_9735,Клиент 9735,+79990009735,user_9735@example.com,2026-02-08 01:23:52.317759+00:00
cust_ext_9736,Клиент 9736,+79990009736,user_9736@example.com,2026-01-11 11:52:48.278624+00:00
cust_ext_9737,Клиент 9737,+79990009737,user_9737@example.com,2026-01-08 06:03:54.723190+00:00
cust_ext_9738,Клиент 9738,+79990009738,user_9738@example.com,2026-02-03 10:30:22.032106+00:00
cust_ext_9739,Клиент 9739,+79990009739,user_9739@example.com,2026-01-14 05:04:15.423567+00:00
cust_ext_9740,Клиент 9740,+79990009740,user_9740@example.com,2026-02-09 09:15:45.930324+00:00
cust_ext_9741,Клиент 9741,+79990009741,user_9741@example.com,2026-01-02 00:41:56.718544+00:00
cust_ext_9742,Клиент 9742,+79990009742,user_9742@example.com,2026-02-12 07:40:19.127604+00:00
cust_ext_9743,Клиент 9743,+79990009743,user_9743@example.com,2026-01-01 04:15:28.757239+00:00
cust_ext_9744,Клиент 9744,+79990009744,user_9744@example.com,2026-02-02 16:53:26.937879+00:00
cust_ext_9745,Клиент 9745,+79990009745,user_9745@example.com,2026-01-01 06:22:12.096837+00:00
cust_ext_9746,Клиент 9746,+79990009746,user_9746@example.com,2026-01-22 00:04:10.792004+00:00
cust_ext_9747,Клиент 9747,+79990009747,user_9747@example.com,2026-02-04 21:26:16.981810+00:00
cust_ext_9748,Клиент 9748,+79990009748,user_9748@example.com,2026-01-06 10:28:49.473313+00:00
cust_ext_9749,Клиент 9749,+79990009749,user_9749@example.com,2026-01-09 13:05:56.530618+00:00
cust_ext_9750,Клиент 9750,+79990009750,user_9750@example.com,2026-01-10 13:39:12.245659+00:00
cust_ext_9751,Клиент 9751,+79990009751,user_9751@example.com,2026-01-17 21:44:39.315908+00:00
cust_ext_9752,Клиент 9752,+79990009752,user_9752@example.com,2026-01-01 16:49:23.921389+00:00
cust_ext_9753,Клиент 9753,+79990009753,user_9753@example.com,2026-01-31 22:50:27.735617+00:00
cust_ext_9754,Клиент 9754,+79990009754,user_9754@example.com,2026-01-22 17:52:19.627435+00:00
cust_ext_9755,Клиент 9755,+79990009755,user_9755@example.com,2026-01-18 14:06:54.228472+00:00
cust_ext_9756,Клиент 9756,+79990009756,user_9756@example.com,2026-01-30 04:53:48.274758+00:00
cust_ext_9757,Клиент 9757,+79990009757,user_9757@example.com,2026-01-12 05:21:30.761178+00:00
cust_ext_9758,Клиент 9758,+79990009758,user_9758@example.com,2026-02-14 06:50:23.622823+00:00
cust_ext_9759,Клиент 9759,+79990009759,user_9759@example.com,2026-01-23 16:26:48.368907+00:00
cust_ext_9760,Клиент 9760,+79990009760,user_9760@example.com,2026-02-02 20:06:24.952383+00:00
cust_ext_9761,Клиент 9761,+79990009761,user_9761@example.com,2026-01-23 06:39:21.337609+00:00
cust_ext_9762,Клиент 9762,+79990009762,user_9762@example.com,2026-02-09 04:01:25.039675+00:00
cust_ext_9763,Клиент 9763,+79990009763,user_9763@example.com,2026-01-04 09:07:33.508651+00:00
cust_ext_9764,Клиент 9764,+79990009764,user_9764@example.com,2026-01-02 20:31:34.200272+00:00
cust_ext_9765,Клиент 9765,+79990009765,user_9765@example.com,2026-01-25 20:41:19.525391+00:00
cust_ext_9766,Клиент 9766,+79990009766,user_9766@example.com,2026-02-10 12:24:14.795407+00:00
cust_ext_9767,Клиент 9767,+79990009767,user_9767@example.com,2026-02-07 02:00:07.001811+00:00
cust_ext_9768,Клиент 9768,+79990009768,user_9768@example.com,2026-01-13 11:11:42.838207+00:00
cust_ext_9769,Клиент 9769,+79990009769,user_9769@example.com,2026-02-02 15:09:22.286087+00:00
cust_ext_9770,Клиент 9770,+79990009770,user_9770@example.com,2026-01-29 17:37:42.004014+00:00
cust_ext_9771,Клиент 9771,+79990009771,user_9771@example.com,2026-01-06 07:32:48.357499+00:00
cust_ext_9772,Клиент 9772,+79990009772,user_9772@example.com,2026-02-10 10:54:48.637686+00:00
cust_ext_9773,Клиент 9773,+79990009773,user_9773@example.com,2026-01-13 22:55:12.848675+00:00
cust_ext_9774,Клиент 9774,+79990009774,user_9774@example.com,2026-01-26 10:49:22.363240+00:00
cust_ext_9775,Клиент 9775,+79990009775,user_9775@example.com,2026-02-07 08:30:28.205508+00:00
cust_ext_9776,Клиент 9776,+79990009776,user_9776@example.com,2026-01-04 09:03:34.785399+00:00
cust_ext_9777,Клиент 9777,+79990009777,user_9777@example.com,2026-02-12 08:51:15.111635+00:00
cust_ext_9778,Клиент 9778,+79990009778,user_9778@example.com,2026-02-04 23:47:23.821310+00:00
cust_ext_9779,Клиент 9779,+79990009779,user_9779@example.com,2026-01-07 21:58:40.478168+00:00
cust_ext_9780,Клиент 9780,+79990009780,user_9780@example.com,2026-01-25 13:08:29.834341+00:00
cust_ext_9781,Клиент 9781,+79990009781,user_9781@example.com,2026-01-16 08:18:11.725371+00:00
cust_ext_9782,Клиент 9782,+79990009782,user_9782@example.com,2026-02-07 11:41:32.966472+00:00
cust_ext_9783,Клиент 9783,+79990009783,user_9783@example.com,2026-02-10 20:20:19.461960+00:00
cust_ext_9784,Клиент 9784,+79990009784,user_9784@example.com,2026-01-12 00:33:57.057189+00:00
cust_ext_9785,Клиент 9785,+79990009785,user_9785@example.com,2026-02-10 17:13:46.430005+00:00
cust_ext_9786,Клиент 9786,+79990009786,user_9786@example.com,2026-01-15 05:09:46.283729+00:00
cust_ext_9787,Клиент 9787,+79990009787,user_9787@example.com,2026-01-31 03:58:32.711137+00:00
cust_ext_9788,Клиент 9788,+79990009788,user_9788@example.com,2026-01-01 01:54:09.141705+00:00
cust_ext_9789,Клиент 9789,+79990009789,user_9789@example.com,2026-01-20 08:22:51.956255+00:00
cust_ext_9790,Клиент 9790,+79990009790,user_9790@example.com,2026-02-02 04:42:22.448139+00:00
cust_ext_9791,Клиент 9791,+79990009791,user_9791@example.com,2026-01-29 08:40:37.423768+00:00
cust_ext_9792,Клиент 9792,+79990009792,user_9792@example.com,2026-01-26 23:42:09.897590+00:00
cust_ext_9793,Клиент 9793,+79990009793,user_9793@example.com,2026-01-17 23:06:16.558533+00:00
cust_ext_9794,Клиент 9794,+79990009794,user_9794@example.com,2026-01-07 00:28:55.760762+00:00
cust_ext_9795,Клиент 9795,+79990009795,user_9795@example.com,2026-01-03 19:08:32.796210+00:00
cust_ext_9796,Клиент 9796,+79990009796,user_9796@example.com,2026-02-10 12:20:38.360898+00:00
cust_ext_9797,Клиент 9797,+79990009797,user_9797@example.com,2026-01-11 19:10:38.762502+00:00
cust_ext_9798,Клиент 9798,+79990009798,user_9798@example.com,2026-01-07 19:06:21.262074+00:00
cust_ext_9799,Клиент 9799,+79990009799,user_9799@example.com,2026-02-06 09:18:19.111137+00:00
cust_ext_9800,Клиент 9800,+79990009800,user_9800@example.com,2026-02-14 22:55:08.487129+00:00
cust_ext_9801,Клиент 9801,+79990009801,user_9801@example.com,2026-01-01 08:27:44.940666+00:00
cust_ext_9802,Клиент 9802,+79990009802,user_9802@example.com,2026-02-06 03:43:50.305008+00:00
cust_ext_9803,Клиент 9803,+79990009803,user_9803@example.com,2026-01-17 23:03:27.470621+00:00
cust_ext_9804,Клиент 9804,+79990009804,user_9804@example.com,2026-01-11 02:54:22.546513+00:00
cust_ext_9805,Клиент 9805,+79990009805,user_9805@example.com,2026-02-12 12:24:10.313547+00:00
cust_ext_9806,Клиент 9806,+79990009806,user_9806@example.com,2026-01-19 06:49:42.215800+00:00
cust_ext_9807,Клиент 9807,+79990009807,user_9807@example.com,2026-01-15 03:30:11.793472+00:00
cust_ext_9808,Клиент 9808,+79990009808,user_9808@example.com,2026-01-01 19:49:03.351912+00:00
cust_ext_9809,Клиент 9809,+79990009809,user_9809@example.com,2026-02-13 01:46:42.089188+00:00
cust_ext_9810,Клиент 9810,+79990009810,user_9810@example.com,2026-02-13 19:39:05.310755+00:00
cust_ext_9811,Клиент 9811,+79990009811,user_9811@example.com,2026-01-25 03:54:07.691669+00:00
cust_ext_9812,Клиент 9812,+79990009812,user_9812@example.com,2026-01-07 00:34:18.829443+00:00
cust_ext_9813,Клиент 9813,+79990009813,user_9813@example.com,2026-01-09 17:31:49.601713+00:00
cust_ext_9814,Клиент 9814,+79990009814,user_9814@example.com,2026-01-19 06:50:21.866345+00:00
cust_ext_9815,Клиент 9815,+79990009815,user_9815@example.com,2026-01-23 12:37:08.972725+00:00
cust_ext_9816,Клиент 9816,+79990009816,user_9816@example.com,2026-02-04 00:51:16.817984+00:00
cust_ext_9817,Клиент 9817,+79990009817,user_9817@example.com,2026-01-19 00:55:48.758574+00:00
cust_ext_9818,Клиент 9818,+79990009818,user_9818@example.com,2026-01-27 21:27:02.603962+00:00
cust_ext_9819,Клиент 9819,+79990009819,user_9819@example.com,2026-01-16 15:41:06.552765+00:00
cust_ext_9820,Клиент 9820,+79990009820,user_9820@example.com,2026-02-04 03:26:47.255426+00:00
cust_ext_9821,Клиент 9821,+79990009821,user_9821@example.com,2026-02-05 22:55:19.122290+00:00
cust_ext_9822,Клиент 9822,+79990009822,user_9822@example.com,2026-01-28 09:10:56.155999+00:00
cust_ext_9823,Клиент 9823,+79990009823,user_9823@example.com,2026-01-22 11:31:54.645140+00:00
cust_ext_9824,Клиент 9824,+79990009824,user_9824@example.com,2026-01-22 07:15:06.238257+00:00
cust_ext_9825,Клиент 9825,+79990009825,user_9825@example.com,2026-02-08 02:59:00.637480+00:00
cust_ext_9826,Клиент 9826,+79990009826,user_9826@example.com,2026-02-06 06:41:18.173096+00:00
cust_ext_9827,Клиент 9827,+79990009827,user_9827@example.com,2026-01-24 22:06:19.161417+00:00
cust_ext_9828,Клиент 9828,+79990009828,user_9828@example.com,2026-01-25 19:52:40.453974+00:00
cust_ext_9829,Клиент 9829,+79990009829,user_9829@example.com,2026-02-02 12:19:17.389085+00:00
cust_ext_9830,Клиент 9830,+79990009830,user_9830@example.com,2026-01-17 14:07:55.354303+00:00
cust_ext_9831,Клиент 9831,+79990009831,user_9831@example.com,2026-01-30 22:29:14.457811+00:00
cust_ext_9832,Клиент 9832,+79990009832,user_9832@example.com,2026-02-06 16:34:47.633074+00:00
cust_ext_9833,Клиент 9833,+79990009833,user_9833@example.com,2026-01-22 20:37:52.012674+00:00
cust_ext_9834,Клиент 9834,+79990009834,user_9834@example.com,2026-02-06 21:30:52.471723+00:00
cust_ext_9835,Клиент 9835,+79990009835,user_9835@example.com,2026-01-28 13:46:07.094343+00:00
cust_ext_9836,Клиент 9836,+79990009836,user_9836@example.com,2026-02-12 13:57:13.681181+00:00
cust_ext_9837,Клиент 9837,+79990009837,user_9837@example.com,2026-01-11 11:52:29.006325+00:00
cust_ext_9838,Клиент 9838,+79990009838,user_9838@example.com,2026-01-12 12:04:20.700901+00:00
cust_ext_9839,Клиент 9839,+79990009839,user_9839@example.com,2026-01-09 22:46:03.600006+00:00
cust_ext_9840,Клиент 9840,+79990009840,user_9840@example.com,2026-02-11 04:21:53.702164+00:00
cust_ext_9841,Клиент 9841,+79990009841,user_9841@example.com,2026-01-31 05:52:27.896919+00:00
cust_ext_9842,Клиент 9842,+79990009842,user_9842@example.com,2026-01-14 11:16:37.253132+00:00
cust_ext_9843,Клиент 9843,+79990009843,user_9843@example.com,2026-01-29 21:49:12.119552+00:00
cust_ext_9844,Клиент 9844,+79990009844,user_9844@example.com,2026-01-19 18:42:00.788240+00:00
cust_ext_9845,Клиент 9845,+79990009845,user_9845@example.com,2026-01-29 05:58:44.084216+00:00
cust_ext_9846,Клиент 9846,+79990009846,user_9846@example.com,2026-01-30 08:01:04.525995+00:00
cust_ext_9847,Клиент 9847,+79990009847,user_9847@example.com,2026-02-06 15:24:02.557696+00:00
cust_ext_9848,Клиент 9848,+79990009848,user_9848@example.com,2026-02-06 15:07:54.709105+00:00
cust_ext_9849,Клиент 9849,+79990009849,user_9849@example.com,2026-01-25 22:47:11.568055+00:00
cust_ext_9850,Клиент 9850,+79990009850,user_9850@example.com,2026-01-22 06:14:30.842673+00:00
cust_ext_9851,Клиент 9851,+79990009851,user_9851@example.com,2026-01-31 05:44:51.422210+00:00
cust_ext_9852,Клиент 9852,+79990009852,user_9852@example.com,2026-01-24 13:43:12.245188+00:00
cust_ext_9853,Клиент 9853,+79990009853,user_9853@example.com,2026-01-28 11:18:43.345960+00:00
cust_ext_9854,Клиент 9854,+79990009854,user_9854@example.com,2026-01-26 03:31:24.076386+00:00
cust_ext_9855,Клиент 9855,+79990009855,user_9855@example.com,2026-01-01 11:59:43.807109+00:00
cust_ext_9856,Клиент 9856,+79990009856,user_9856@example.com,2026-02-02 21:46:39.866272+00:00
cust_ext_9857,Клиент 9857,+79990009857,user_9857@example.com,2026-02-06 11:32:09.330093+00:00
cust_ext_9858,Клиент 9858,+79990009858,user_9858@example.com,2026-02-04 13:24:49.661420+00:00
cust_ext_9859,Клиент 9859,+79990009859,user_9859@example.com,2026-01-01 07:40:19.629997+00:00
cust_ext_9860,Клиент 9860,+79990009860,user_9860@example.com,2026-01-22 22:40:40.763528+00:00
cust_ext_9861,Клиент 9861,+79990009861,user_9861@example.com,2026-01-19 08:36:43.253889+00:00
cust_ext_9862,Клиент 9862,+79990009862,user_9862@example.com,2026-02-10 22:46:01.547514+00:00
cust_ext_9863,Клиент 9863,+79990009863,user_9863@example.com,2026-01-21 05:34:29.371633+00:00
cust_ext_9864,Клиент 9864,+79990009864,user_9864@example.com,2026-01-20 12:39:17.819675+00:00
cust_ext_9865,Клиент 9865,+79990009865,user_9865@example.com,2026-02-11 17:30:01.608934+00:00
cust_ext_9866,Клиент 9866,+79990009866,user_9866@example.com,2026-01-11 23:45:04.577279+00:00
cust_ext_9867,Клиент 9867,+79990009867,user_9867@example.com,2026-02-09 19:39:34.637492+00:00
cust_ext_9868,Клиент 9868,+79990009868,user_9868@example.com,2026-01-10 10:25:44.588655+00:00
cust_ext_9869,Клиент 9869,+79990009869,user_9869@example.com,2026-01-09 19:53:31.122139+00:00
cust_ext_9870,Клиент 9870,+79990009870,user_9870@example.com,2026-02-01 02:28:09.107194+00:00
cust_ext_9871,Клиент 9871,+79990009871,user_9871@example.com,2026-01-31 08:32:25.641589+00:00
cust_ext_9872,Клиент 9872,+79990009872,user_9872@example.com,2026-02-03 10:40:59.254868+00:00
cust_ext_9873,Клиент 9873,+79990009873,user_9873@example.com,2026-01-15 06:36:23.886990+00:00
cust_ext_9874,Клиент 9874,+79990009874,user_9874@example.com,2026-02-05 22:34:34.496946+00:00
cust_ext_9875,Клиент 9875,+79990009875,user_9875@example.com,2026-01-26 19:21:15.823233+00:00
cust_ext_9876,Клиент 9876,+79990009876,user_9876@example.com,2026-02-12 06:01:11.268586+00:00
cust_ext_9877,Клиент 9877,+79990009877,user_9877@example.com,2026-02-07 08:53:31.210947+00:00
cust_ext_9878,Клиент 9878,+79990009878,user_9878@example.com,2026-01-24 21:09:28.736039+00:00
cust_ext_9879,Клиент 9879,+79990009879,user_9879@example.com,2026-01-01 23:29:02.569789+00:00
cust_ext_9880,Клиент 9880,+79990009880,user_9880@example.com,2026-01-23 01:22:38.138332+00:00
cust_ext_9881,Клиент 9881,+79990009881,user_9881@example.com,2026-01-05 05:50:38.000577+00:00
cust_ext_9882,Клиент 9882,+79990009882,user_9882@example.com,2026-01-13 14:14:01.244382+00:00
cust_ext_9883,Клиент 9883,+79990009883,user_9883@example.com,2026-01-12 11:39:31.719029+00:00
cust_ext_9884,Клиент 9884,+79990009884,user_9884@example.com,2026-01-11 10:02:18.070023+00:00
cust_ext_9885,Клиент 9885,+79990009885,user_9885@example.com,2026-02-01 06:17:42.361601+00:00
cust_ext_9886,Клиент 9886,+79990009886,user_9886@example.com,2026-01-13 14:32:50.133183+00:00
cust_ext_9887,Клиент 9887,+79990009887,user_9887@example.com,2026-02-10 10:14:55.867978+00:00
cust_ext_9888,Клиент 9888,+79990009888,user_9888@example.com,2026-01-12 23:23:33.088392+00:00
cust_ext_9889,Клиент 9889,+79990009889,user_9889@example.com,2026-01-07 11:10:29.897598+00:00
cust_ext_9890,Клиент 9890,+79990009890,user_9890@example.com,2026-01-22 12:19:13.876084+00:00
cust_ext_9891,Клиент 9891,+79990009891,user_9891@example.com,2026-01-27 16:13:09.009558+00:00
cust_ext_9892,Клиент 9892,+79990009892,user_9892@example.com,2026-01-24 20:54:28.859652+00:00
cust_ext_9893,Клиент 9893,+79990009893,user_9893@example.com,2026-01-12 17:46:27.371145+00:00
cust_ext_9894,Клиент 9894,+79990009894,user_9894@example.com,2026-02-08 11:00:43.171927+00:00
cust_ext_9895,Клиент 9895,+79990009895,user_9895@example.com,2026-01-03 12:14:38.993730+00:00
cust_ext_9896,Клиент 9896,+79990009896,user_9896@example.com,2026-02-05 08:58:51.687525+00:00
cust_ext_9897,Клиент 9897,+79990009897,user_9897@example.com,2026-01-30 05:31:04.214291+00:00
cust_ext_9898,Клиент 9898,+79990009898,user_9898@example.com,2026-02-10 03:28:30.617844+00:00
cust_ext_9899,Клиент 9899,+79990009899,user_9899@example.com,2026-01-04 04:43:23.260261+00:00
cust_ext_9900,Клиент 9900,+79990009900,user_9900@example.com,2026-02-05 18:59:07.950166+00:00
cust_ext_9901,Клиент 9901,+79990009901,user_9901@example.com,2026-01-28 13:18:35.921180+00:00
cust_ext_9902,Клиент 9902,+79990009902,user_9902@example.com,2026-01-08 00:49:02.312815+00:00
cust_ext_9903,Клиент 9903,+79990009903,user_9903@example.com,2026-01-30 03:05:21.617234+00:00
cust_ext_9904,Клиент 9904,+79990009904,user_9904@example.com,2026-01-26 08:06:36.997030+00:00
cust_ext_9905,Клиент 9905,+79990009905,user_9905@example.com,2026-01-26 06:37:56.209838+00:00
cust_ext_9906,Клиент 9906,+79990009906,user_9906@example.com,2026-01-12 20:28:36.727945+00:00
cust_ext_9907,Клиент 9907,+79990009907,user_9907@example.com,2026-01-12 00:00:12.934452+00:00
cust_ext_9908,Клиент 9908,+79990009908,user_9908@example.com,2026-02-03 01:41:45.333782+00:00
cust_ext_9909,Клиент 9909,+79990009909,user_9909@example.com,2026-01-28 15:14:57.590597+00:00
cust_ext_9910,Клиент 9910,+79990009910,user_9910@example.com,2026-01-29 20:44:39.683759+00:00
cust_ext_9911,Клиент 9911,+79990009911,user_9911@example.com,2026-02-12 06:37:44.909541+00:00
cust_ext_9912,Клиент 9912,+79990009912,user_9912@example.com,2026-01-15 19:40:43.512040+00:00
cust_ext_9913,Клиент 9913,+79990009913,user_9913@example.com,2026-01-07 00:29:24.127035+00:00
cust_ext_9914,Клиент 9914,+79990009914,user_9914@example.com,2026-02-05 09:08:13.442872+00:00
cust_ext_9915,Клиент 9915,+79990009915,user_9915@example.com,2026-01-26 09:54:58.796192+00:00
cust_ext_9916,Клиент 9916,+79990009916,user_9916@example.com,2026-01-20 20:53:16.537362+00:00
cust_ext_9917,Клиент 9917,+79990009917,user_9917@example.com,2026-02-12 11:46:39.435159+00:00
cust_ext_9918,Клиент 9918,+79990009918,user_9918@example.com,2026-01-30 20:55:36.483823+00:00
cust_ext_9919,Клиент 9919,+79990009919,user_9919@example.com,2026-01-29 21:03:17.623141+00:00
cust_ext_9920,Клиент 9920,+79990009920,user_9920@example.com,2026-01-04 19:28:36.088884+00:00
cust_ext_9921,Клиент 9921,+79990009921,user_9921@example.com,2026-01-25 04:50:41.509932+00:00
cust_ext_9922,Клиент 9922,+79990009922,user_9922@example.com,2026-01-05 18:35:18.280758+00:00
cust_ext_9923,Клиент 9923,+79990009923,user_9923@example.com,2026-02-02 18:56:59.498410+00:00
cust_ext_9924,Клиент 9924,+79990009924,user_9924@example.com,2026-02-12 13:30:46.027439+00:00
cust_ext_9925,Клиент 9925,+79990009925,user_9925@example.com,2026-01-29 15:05:53.386846+00:00
cust_ext_9926,Клиент 9926,+79990009926,user_9926@example.com,2026-01-18 03:47:56.379497+00:00
cust_ext_9927,Клиент 9927,+79990009927,user_9927@example.com,2026-01-06 18:49:46.118822+00:00
cust_ext_9928,Клиент 9928,+79990009928,user_9928@example.com,2026-01-08 14:59:26.584780+00:00
cust_ext_9929,Клиент 9929,+79990009929,user_9929@example.com,2026-01-01 14:35:10.649072+00:00
cust_ext_9930,Клиент 9930,+79990009930,user_9930@example.com,2026-02-02 10:59:45.052224+00:00
cust_ext_9931,Клиент 9931,+79990009931,user_9931@example.com,2026-01-14 09:40:53.542616+00:00
cust_ext_9932,Клиент 9932,+79990009932,user_9932@example.com,2026-02-13 18:38:52.794379+00:00
cust_ext_9933,Клиент 9933,+79990009933,user_9933@example.com,2026-02-10 10:19:57.217850+00:00
cust_ext_9934,Клиент 9934,+79990009934,user_9934@example.com,2026-02-11 18:28:02.158903+00:00
cust_ext_9935,Клиент 9935,+79990009935,user_9935@example.com,2026-01-18 16:33:26.642819+00:00
cust_ext_9936,Клиент 9936,+79990009936,user_9936@example.com,2026-02-12 21:05:39.123750+00:00
cust_ext_9937,Клиент 9937,+79990009937,user_9937@example.com,2026-01-18 20:59:34.212083+00:00
cust_ext_9938,Клиент 9938,+79990009938,user_9938@example.com,2026-01-05 04:54:06.478999+00:00
cust_ext_9939,Клиент 9939,+79990009939,user_9939@example.com,2026-02-07 04:34:32.927568+00:00
cust_ext_9940,Клиент 9940,+79990009940,user_9940@example.com,2026-01-07 00:42:43.780653+00:00
cust_ext_9941,Клиент 9941,+79990009941,user_9941@example.com,2026-01-20 23:56:37.118099+00:00
cust_ext_9942,Клиент 9942,+79990009942,user_9942@example.com,2026-01-23 15:55:15.416649+00:00
cust_ext_9943,Клиент 9943,+79990009943,user_9943@example.com,2026-01-01 22:29:11.277321+00:00
cust_ext_9944,Клиент 9944,+79990009944,user_9944@example.com,2026-01-21 09:16:59.856285+00:00
cust_ext_9945,Клиент 9945,+79990009945,user_9945@example.com,2026-01-10 23:50:07.990314+00:00
cust_ext_9946,Клиент 9946,+79990009946,user_9946@example.com,2026-01-13 02:25:35.474239+00:00
cust_ext_9947,Клиент 9947,+79990009947,user_9947@example.com,2026-01-01 14:40:53.216572+00:00
cust_ext_9948,Клиент 9948,+79990009948,user_9948@example.com,2026-01-31 16:13:40.740731+00:00
cust_ext_9949,Клиент 9949,+79990009949,user_9949@example.com,2026-02-10 08:13:26.287061+00:00
cust_ext_9950,Клиент 9950,+79990009950,user_9950@example.com,2026-02-03 11:38:37.787000+00:00
cust_ext_9951,Клиент 9951,+79990009951,user_9951@example.com,2026-01-03 14:18:00.900527+00:00
cust_ext_9952,Клиент 9952,+79990009952,user_9952@example.com,2026-01-17 00:01:14.520381+00:00
cust_ext_9953,Клиент 9953,+79990009953,user_9953@example.com,2026-02-07 21:39:53.409578+00:00
cust_ext_9954,Клиент 9954,+79990009954,user_9954@example.com,2026-01-21 23:35:23.547231+00:00
cust_ext_9955,Клиент 9955,+79990009955,user_9955@example.com,2026-01-08 09:47:06.213094+00:00
cust_ext_9956,Клиент 9956,+79990009956,user_9956@example.com,2026-01-06 15:26:11.432129+00:00
cust_ext_9957,Клиент 9957,+79990009957,user_9957@example.com,2026-01-06 11:52:55.482265+00:00
cust_ext_9958,Клиент 9958,+79990009958,user_9958@example.com,2026-01-14 14:10:14.848630+00:00
cust_ext_9959,Клиент 9959,+79990009959,user_9959@example.com,2026-02-12 23:25:56.120775+00:00
cust_ext_9960,Клиент 9960,+79990009960,user_9960@example.com,2026-01-09 07:49:29.045617+00:00
cust_ext_9961,Клиент 9961,+79990009961,user_9961@example.com,2026-02-11 19:20:46.967331+00:00
cust_ext_9962,Клиент 9962,+79990009962,user_9962@example.com,2026-01-17 00:50:06.568192+00:00
cust_ext_9963,Клиент 9963,+79990009963,user_9963@example.com,2026-01-25 23:39:53.862319+00:00
cust_ext_9964,Клиент 9964,+79990009964,user_9964@example.com,2026-01-26 15:39:26.136226+00:00
cust_ext_9965,Клиент 9965,+79990009965,user_9965@example.com,2026-02-06 05:06:39.995569+00:00
cust_ext_9966,Клиент 9966,+79990009966,user_9966@example.com,2026-01-31 11:37:22.283622+00:00
cust_ext_9967,Клиент 9967,+79990009967,user_9967@example.com,2026-01-05 04:05:50.262588+00:00
cust_ext_9968,Клиент 9968,+79990009968,user_9968@example.com,2026-01-21 05:27:37.613390+00:00
cust_ext_9969,Клиент 9969,+79990009969,user_9969@example.com,2026-01-21 07:19:32.313290+00:00
cust_ext_9970,Клиент 9970,+79990009970,user_9970@example.com,2026-01-04 04:23:30.597583+00:00
cust_ext_9971,Клиент 9971,+79990009971,user_9971@example.com,2026-02-11 22:01:25.431127+00:00
cust_ext_9972,Клиент 9972,+79990009972,user_9972@example.com,2026-02-02 20:21:03.857204+00:00
cust_ext_9973,Клиент 9973,+79990009973,user_9973@example.com,2026-01-23 03:50:24.847139+00:00
cust_ext_9974,Клиент 9974,+79990009974,user_9974@example.com,2026-02-05 22:54:09.060091+00:00
cust_ext_9975,Клиент 9975,+79990009975,user_9975@example.com,2026-01-07 17:38:37.894627+00:00
cust_ext_9976,Клиент 9976,+79990009976,user_9976@example.com,2026-01-13 20:39:10.369346+00:00
cust_ext_9977,Клиент 9977,+79990009977,user_9977@example.com,2026-01-11 15:15:52.007814+00:00
cust_ext_9978,Клиент 9978,+79990009978,user_9978@example.com,2026-01-02 06:26:03.058797+00:00
cust_ext_9979,Клиент 9979,+79990009979,user_9979@example.com,2026-01-29 14:35:38.553141+00:00
cust_ext_9980,Клиент 9980,+79990009980,user_9980@example.com,2026-01-23 17:08:02.411753+00:00
cust_ext_9981,Клиент 9981,+79990009981,user_9981@example.com,2026-01-13 03:23:16.711579+00:00
cust_ext_9982,Клиент 9982,+79990009982,user_9982@example.com,2026-02-03 03:57:23.605875+00:00
cust_ext_9983,Клиент 9983,+79990009983,user_9983@example.com,2026-01-20 08:21:55.851123+00:00
cust_ext_9984,Клиент 9984,+79990009984,user_9984@example.com,2026-01-24 11:23:48.330829+00:00
cust_ext_9985,Клиент 9985,+79990009985,user_9985@example.com,2026-01-14 07:19:38.346119+00:00
cust_ext_9986,Клиент 9986,+79990009986,user_9986@example.com,2026-01-23 05:30:56.504055+00:00
cust_ext_9987,Клиент 9987,+79990009987,user_9987@example.com,2026-01-30 22:23:12.637304+00:00
cust_ext_9988,Клиент 9988,+79990009988,user_9988@example.com,2026-01-16 05:34:36.093715+00:00
cust_ext_9989,Клиент 9989,+79990009989,user_9989@example.com,2026-01-21 21:14:35.642476+00:00
cust_ext_9990,Клиент 9990,+79990009990,user_9990@example.com,2026-01-15 23:19:15.415963+00:00
cust_ext_9991,Клиент 9991,+79990009991,user_9991@example.com,2026-02-03 05:30:23.557823+00:00
cust_ext_9992,Клиент 9992,+79990009992,user_9992@example.com,2026-01-13 01:08:41.860157+00:00
cust_ext_9993,Клиент 9993,+79990009993,user_9993@example.com,2026-01-27 13:23:18.983017+00:00
cust_ext_9994,Клиент 9994,+79990009994,user_9994@example.com,2026-01-16 00:57:11.357227+00:00
cust_ext_9995,Клиент 9995,+79990009995,user_9995@example.com,2026-02-05 05:52:07.984860+00:00
cust_ext_9996,Клиент 9996,+79990009996,user_9996@example.com,2026-01-08 09:45:48.430872+00:00
cust_ext_9997,Клиент 9997,+79990009997,user_9997@example.com,2026-01-09 16:10:48.134077+00:00
cust_ext_9998,Клиент 9998,+79990009998,user_9998@example.com,2026-02-08 03:13:52.697722+00:00
cust_ext_9999,Клиент 9999,+79990009999,user_9999@example.com,2026-01-20 16:05:02.559993+00:00
cust_ext_10000,Клиент 10000,+79990010000,user_10000@example.com,2026-01-01 06:05:22.247107+00:00
