external_id,name,phone,vehicle_number,created_at
drv_ext_1,Водитель 1,+79110000001,X0001XX66,2026-01-20 09:53:57.150660+00:00
drv_ext_2,Водитель 2,+79110000002,X0002XX66,2026-01-29 01:15:59.333480+00:00
drv_ext_3,Водитель 3,+79110000003,X0003XX66,2026-01-25 08:07:50.828261+00:00
drv_ext_4,Водитель 4,+79110000004,X0004XX66,2026-01-13 18:05:48.814283+00:00
drv_ext_5,Водитель 5,+79110000005,X0005XX66,2026-01-26 10:04:59.955897+00:00
drv_ext_6,Водитель 6,+79110000006,X0006XX66,2026-01-19 10:08:49.704357+00:00
drv_ext_7,Водитель 7,+79110000007,X0007XX66,2026-01-10 20:08:59.896809+00:00
drv_ext_8,Водитель 8,+79110000008,X0008XX66,2026-01-05 22:12:29.344796+00:00
drv_ext_9,Водитель 9,+79110000009,X0009XX66,2026-01-01 04:49:42.086006+00:00
drv_ext_10,Водитель 10,+79110000010,X0010XX66,2026-01-09 10:27:37.265727+00:00
drv_ext_11,Водитель 11,+79110000011,X0011XX66,2026-01-30 23:09:31.948188+00:00
drv_ext_12,Водитель 12,+79110000012,X0012XX66,2026-01-12 06:36:20.841840+00:00
drv_ext_13,Водитель 13,+79110000013,X0013XX66,2026-01-15 02:47:39.637808+00:00
drv_ext_14,Водитель 14,+79110000014,X0014XX66,2026-01-26 08:09:57.433226+00:00
drv_ext_15,Водитель 15,+79110000015,X0015XX66,2026-01-15 19:33:38.411956+00:00
drv_ext_16,Водитель 16,+79110000016,X0016XX66,2026-01-25 23:21:33.112889+00:00
drv_ext_17,Водитель 17,+79110000017,X0017XX66,2026-01-03 21:30:46.643990+00:00
drv_ext_18,Водитель 18,+79110000018,X0018XX66,2026-01-16 10:32:53.616440+00:00
drv_ext_19,Водитель 19,+79110000019,X0019XX66,2026-01-22 13:58:28.730998+00:00
drv_ext_20,Водитель 20,+79110000020,X0020XX66,2026-01-18 14:13:24.836199+00:00
drv_ext_21,Водитель 21,+79110000021,X0021XX66,2026-01-03 14:53:52.534365+00:00
drv_ext_22,Водитель 22,+79110000022,X0022XX66,2026-01-09 10:57:06.520305+00:00
drv_ext_23,Водитель 23,+79110000023,X0023XX66,2026-01-14 04:00:59.036851+00:00
drv_ext_24,Водитель 24,+79110000024,X0024XX66,2026-01-17 15:12:42.790634+00:00
drv_ext_25,Водитель 25,+79110000025,X0025XX66,2026-01-03 19:22:53.615473+00:00
drv_ext_26,Водитель 26,+79110000026,X0026XX66,2026-01-14 08:00:28.439488+00:00
drv_ext_27,Водитель 27,+79110000027,X0027XX66,2026-01-28 14:04:08.647475+00:00
drv_ext_28,Водитель 28,+79110000028,X0028XX66,2026-01-29 22:13:22.914009+00:00
drv_ext_29,Водитель 29,+79110000029,X0029XX66,2026-01-23 22:29:27.937241+00:00
drv_ext_30,Водитель 30,+79110000030,X0030XX66,2026-01-21 08:04:24.363920+00:00
drv_ext_31,Водитель 31,+79110000031,X0031XX66,2026-01-17 04:42:52.668303+00:00
drv_ext_32,Водитель 32,+79110000032,X0032XX66,2026-01-04 00:14:02.392691+00:00
drv_ext_33,Водитель 33,+79110000033,X0033XX66,2026-01-13 12:58:14.549367+00:00
drv_ext_34,Водитель 34,+79110000034,X0034XX66,2026-01-19 16:59:31.285730+00:00
drv_ext_35,Водитель 35,+79110000035,X0035XX66,2026-01-14 19:07:05.976546+00:00
drv_ext_36,Водитель 36,+79110000036,X0036XX66,2026-01-24 16:37:24.222960+00:00
drv_ext_37,Водитель 37,+79110000037,X0037XX66,2026-01-27 18:02:38.758821+00:00
drv_ext_38,Водитель 38,+79110000038,X0038XX66,2026-01-16 08:44:59.122650+00:00
drv_ext_39,Водитель 39,+79110000039,X0039XX66,2026-01-02 19:34:31.679808+00:00
drv_ext_40,Водитель 40,+79110000040,X0040XX66,2026-01-10 07:07:19.262184+00:00
drv_ext_41,Водитель 41,+79110000041,X0041XX66,2026-01-10 08:35:05.601387+00:00
drv_ext_42,Водитель 42,+79110000042,X0042XX66,2026-01-16 14:41:52.608280+00:00
drv_ext_43,Водитель 43,+79110000043,X0043XX66,2026-01-24 13:39:09.025967+00:00
drv_ext_44,Водитель 44,+79110000044,X0044XX66,2026-01-29 12:10:56.993632+00:00
drv_ext_45,Водитель 45,+79110000045,X0045XX66,2026-01-07 16:08:51.492097+00:00
drv_ext_46,Водитель 46,+79110000046,X0046XX66,2026-01-19 23:11:45.445842+00:00
drv_ext_47,Водитель 47,+79110000047,X0047XX66,2026-01-02 12:21:00.845446+00:00
drv_ext_48,Водитель 48,+79110000048,X0048XX66,2026-01-10 15:42:14.324623+00:00
drv_ext_49,Водитель 49,+79110000049,X0049XX66,2026-01-26 08:58:08.322526+00:00
drv_ext_50,Водитель 50,+79110000050,X0050XX66,2026-01-25 08:20:13.303250+00:00
drv_ext_51,Водитель 51,+79110000051,X0051XX66,2026-01-27 00:44:36.453367+00:00
drv_ext_52,Водитель 52,+79110000052,X0052XX66,2026-01-07 22:31:16.517823+00:00
drv_ext_53,Водитель 53,+79110000053,X0053XX66,2026-01-15 07:47:26.329448+00:00
drv_ext_54,Водитель 54,+79110000054,X0054XX66,2026-01-29 07:55:12.322057+00:00
drv_ext_55,Водитель 55,+79110000055,X0055XX66,2026-01-15 04:07:43.048922+00:00
drv_ext_56,Водитель 56,+79110000056,X0056XX66,2026-01-02 08:20:21.015504+00:00
drv_ext_57,Водитель 57,+79110000057,X0057XX66,2026-01-14 09:00:14.490756+00:00
drv_ext_58,Водитель 58,+79110000058,X0058XX66,2026-01-23 16:51:46.151183+00:00
drv_ext_59,Водитель 59,+79110000059,X0059XX66,2026-01-26 04:30:17.537061+00:00
drv_ext_60,Водитель 60,+79110000060,X0060XX66,2026-01-02 02:33:49.799108+00:00
drv_ext_61,Водитель 61,+79110000061,X0061XX66,2026-01-15 15:28:24.278649+00:00
drv_ext_62,Водитель 62,+79110000062,X0062XX66,2026-01-22 22:47:45.564702+00:00
drv_ext_63,Водитель 63,+79110000063,X0063XX66,2026-01-17 02:14:01.102419+00:00
drv_ext_64,Водитель 64,+79110000064,X0064XX66,2026-01-20 09:54:21.652417+00:00
drv_ext_65,Водитель 65,+79110000065,X0065XX66,2026-01-30 08:58:02.446206+00:00
drv_ext_66,Водитель 66,+79110000066,X0066XX66,2026-01-01 20:45:23.073307+00:00
drv_ext_67,Водитель 67,+79110000067,X0067XX66,2026-01-09 19:32:26.687059+00:00
drv_ext_68,Водитель 68,+79110000068,X0068XX66,2026-01-30 05:00:55.784744+00:00
drv_ext_69,Водитель 69,+79110000069,X0069XX66,2026-01-13 16:27:45.648403+00:00
drv_ext_70,Водитель 70,+79110000070,X0070XX66,2026-01-09 20:11:04.302373+00:00
drv_ext_71,Водитель 71,+79110000071,X0071XX66,2026-01-17 00:34:17.111328+00:00
drv_ext_72,Водитель 72,+79110000072,X0072XX66,2026-01-29 05:52:59.042284+00:00
drv_ext_73,Водитель 73,+79110000073,X0073XX66,2026-01-03 11:37:18.421213+00:00
drv_ext_74,Водитель 74,+79110000074,X0074XX66,2026-01-11 07:05:10.511816+00:00
drv_ext_75,Водитель 75,+79110000075,X0075XX66,2026-01-14 08:53:29.519765+00:00
drv_ext_76,Водитель 76,+79110000076,X0076XX66,2026-01-26 18:31:36.584652+00:00
drv_ext_77,Водитель 77,+79110000077,X0077XX66,2026-01-09 16:59:30.786034+00:00
drv_ext_78,Водитель 78,+79110000078,X0078XX66,2026-01-06 03:09:17.326314+00:00
drv_ext_79,Водитель 79,+79110000079,X0079XX66,2026-01-22 12:03:04.591245+00:00
drv_ext_80,Водитель 80,+79110000080,X0080XX66,2026-01-02 01:00:30.477928+00:00
drv_ext_81,Водитель 81,+79110000081,X0081XX66,2026-01-12 12:15:49.581176+00:00
drv_ext_82,Водитель 82,+79110000082,X0082XX66,2026-01-28 13:58:11.129450+00:00
drv_ext_83,Водитель 83,+79110000083,X0083XX66,2026-01-15 22:47:12.117078+00:00
drv_ext_84,Водитель 84,+79110000084,X0084XX66,2026-01-02 18:00:01.588089+00:00
drv_ext_85,Водитель 85,+79110000085,X0085XX66,2026-01-18 21:09:10.917297+00:00
drv_ext_86,Водитель 86,+79110000086,X0086XX66,2026-01-15 19:21:14.624617+00:00
drv_ext_87,Водитель 87,+79110000087,X0087XX66,2026-01-21 23:26:18.873590+00:00
drv_ext_88,Водитель 88,+79110000088,X0088XX66,2026-01-04 09:13:48.588075+00:00
drv_ext_89,Водитель 89,+79110000089,X0089XX66,2026-01-13 16:19:31.703195+00:00
drv_ext_90,Водитель 90,+79110000090,X0090XX66,2026-01-29 05:18:16.879186+00:00
drv_ext_91,Водитель 91,+79110000091,X0091XX66,2026-01-24 05:24:19.570569+00:00
drv_ext_92,Водитель 92,+79110000092,X0092XX66,2026-01-07 04:19:44.129525+00:00
drv_ext_93,Водитель 93,+79110000093,X0093XX66,2026-01-17 17:44:05.403953+00:00
drv_ext_94,Водитель 94,+79110000094,X0094XX66,2026-01-13 19:14:11.868689+00:00
drv_ext_95,Водитель 95,+79110000095,X0095XX66,2026-01-15 16:26:20.000947+00:00
drv_ext_96,Водитель 96,+79110000096,X0096XX66,2026-01-16 15:35:15.658214+00:00
drv_ext_97,Водитель 97,+79110000097,X0097XX66,2026-01-04 09:55:34.301822+00:00
drv_ext_98,Водитель 98,+79110000098,X0098XX66,2026-01-02 18:14:37.015513+00:00
drv_ext_99,Водитель 99,+79110000099,X0099XX66,2026-01-16 10:13:35.567042+00:00
drv_ext_100,Водитель 100,+79110000100,X0100XX66,2026-01-09 11:10:08.691682+00:00
drv_ext_101,Водитель 101,+79110000101,X0101XX66,2026-01-21 20:48:35.004694+00:00
drv_ext_102,Водитель 102,+79110000102,X0102XX66,2026-01-09 10:46:50.254477+00:00
drv_ext_103,Водитель 103,+79110000103,X0103XX66,2026-01-24 21:41:18.013788+00:00
drv_ext_104,Водитель 104,+79110000104,X0104XX66,2026-01-06 05:22:17.120554+00:00
drv_ext_105,Водитель 105,+79110000105,X0105XX66,2026-01-08 07:07:46.604048+00:00
drv_ext_106,Водитель 106,+79110000106,X0106XX66,2026-01-10 13:13:17.828220+00:00
drv_ext_107,Водитель 107,+79110000107,X0107XX66,2026-01-28 14:42:02.579390+00:00
drv_ext_108,Водитель 108,+79110000108,X0108XX66,2026-01-23 05:38:16.788917+00:00
drv_ext_109,Водитель 109,+79110000109,X0109XX66,2026-01-26 06:17:54.956112+00:00
drv_ext_110,Водитель 110,+79110000110,X0110XX66,2026-01-20 03:13:16.527474+00:00
drv_ext_111,Водитель 111,+79110000111,X0111XX66,2026-01-01 21:37:27.543989+00:00
drv_ext_112,Водитель 112,+79110000112,X0112XX66,2026-01-11 22:29:52.586517+00:00
drv_ext_113,Водитель 113,+79110000113,X0113XX66,2026-01-30 11:07:20.614830+00:00
drv_ext_114,Водитель 114,+79110000114,X0114XX66,2026-01-07 01:49:28.244326+00:00
drv_ext_115,Водитель 115,+79110000115,X0115XX66,2026-01-10 15:16:53.787847+00:00
drv_ext_116,Водитель 116,+79110000116,X0116XX66,2026-01-08 07:00:20.652455+00:00
drv_ext_117,Водитель 117,+79110000117,X0117XX66,2026-01-07 18:30:43.843098+00:00
drv_ext_118,Водитель 118,+79110000118,X0118XX66,2026-01-22 03:18:54.435846+00:00
drv_ext_119,Водитель 119,+79110000119,X0119XX66,2026-01-21 07:03:34.686164+00:00
drv_ext_120,Водитель 120,+79110000120,X0120XX66,2026-01-21 14:30:32.574714+00:00
drv_ext_121,Водитель 121,+79110000121,X0121XX66,2026-01-01 17:50:22.640621+00:00
drv_ext_122,Водитель 122,+79110000122,X0122XX66,2026-01-03 21:23:48.014330+00:00
drv_ext_123,Водитель 123,+79110000123,X0123XX66,2026-01-14 04:13:31.627151+00:00
drv_ext_124,Водитель 124,+79110000124,X0124XX66,2026-01-15 12:24:37.915592+00:00
drv_ext_125,Водитель 125,+79110000125,X0125XX66,2026-01-13 09:47:25.004555+00:00
drv_ext_126,Водитель 126,+79110000126,X0126XX66,2026-01-18 00:28:04.920725+00:00
drv_ext_127,Водитель 127,+79110000127,X0127XX66,2026-01-28 22:51:32.206626+00:00
drv_ext_128,Водитель 128,+79110000128,X0128XX66,2026-01-18 16:03:19.403371+00:00
drv_ext_129,Водитель 129,+79110000129,X0129XX66,2026-01-26 18:32:34.870618+00:00
drv_ext_130,Водитель 130,+79110000130,X0130XX66,2026-01-27 03:50:40.589790+00:00
drv_ext_131,Водитель 131,+79110000131,X0131XX66,2026-01-05 19:06:52.617011+00:00
drv_ext_132,Водитель 132,+79110000132,X0132XX66,2026-01-20 08:22:31.745776+00:00
drv_ext_133,Водитель 133,+79110000133,X0133XX66,2026-01-13 16:27:08.256436+00:00
drv_ext_134,Водитель 134,+79110000134,X0134XX66,2026-01-25 21:51:58.705802+00:00
drv_ext_135,Водитель 135,+79110000135,X0135XX66,2026-01-17 21:37:04.126857+00:00
drv_ext_136,Водитель 136,+79110000136,X0136XX66,2026-01-19 09:53:10.748809+00:00
drv_ext_137,Водитель 137,+79110000137,X0137XX66,2026-01-03 08:18:21.256368+00:00
drv_ext_138,Водитель 138,+79110000138,X0138XX66,2026-01-16 11:32:02.601866+00:00
drv_ext_139,Водитель 139,+79110000139,X0139XX66,2026-01-02 04:05:35.791494+00:00
drv_ext_140,Водитель 140,+79110000140,X0140XX66,2026-01-27 21:06:29.672400+00:00
drv_ext_141,Водитель 141,+79110000141,X0141XX66,2026-01-20 13:56:11.228608+00:00
drv_ext_142,Водитель 142,+79110000142,X0142XX66,2026-01-06 05:38:00.209907+00:00
drv_ext_143,Водитель 143,+79110000143,X0143XX66,2026-01-03 04:14:40.280045+00:00
drv_ext_144,Водитель 144,+79110000144,X0144XX66,2026-01-07 11:07:12.714807+00:00
drv_ext_145,Водитель 145,+79110000145,X0145XX66,2026-01-01 20:32:02.680525+00:00
drv_ext_146,Водитель 146,+79110000146,X0146XX66,2026-01-07 01:23:32.167708+00:00
drv_ext_147,Водитель 147,+79110000147,X0147XX66,2026-01-27 17:30:25.857634+00:00
drv_ext_148,Водитель 148,+79110000148,X0148XX66,2026-01-27 08:17:05.424866+00:00
drv_ext_149,Водитель 149,+79110000149,X0149XX66,2026-01-21 18:41:27.458973+00:00
drv_ext_150,Водитель 150,+79110000150,X0150XX66,2026-01-08 09:24:34.028254+00:00
drv_ext_151,Водитель 151,+79110000151,X0151XX66,2026-01-16 05:09:58.590311+00:00
drv_ext_152,Водитель 152,+79110000152,X0152XX66,2026-01-06 19:26:13.023921+00:00
drv_ext_153,Водитель 153,+79110000153,X0153XX66,2026-01-06 07:38:01.460327+00:00
drv_ext_154,Водитель 154,+79110000154,X0154XX66,2026-01-06 01:22:17.674382+00:00
drv_ext_155,Водитель 155,+79110000155,X0155XX66,2026-01-22 06:28:51.921247+00:00
drv_ext_156,Водитель 156,+79110000156,X0156XX66,2026-01-24 13:21:44.455283+00:00
drv_ext_157,Водитель 157,+79110000157,X0157XX66,2026-01-17 05:40:38.499690+00:00
drv_ext_158,Водитель 158,+79110000158,X0158XX66,2026-01-17 03:13:35.734678+00:00
drv_ext_159,Водитель 159,+79110000159,X0159XX66,2026-01-26 12:31:56.384957+00:00
drv_ext_160,Водитель 160,+79110000160,X0160XX66,2026-01-12 05:48:40.312319+00:00
drv_ext_161,Водитель 161,+79110000161,X0161XX66,2026-01-29 11:47:39.037541+00:00
drv_ext_162,Водитель 162,+79110000162,X0162XX66,2026-01-25 18:36:54.569872+00:00
drv_ext_163,Водитель 163,+79110000163,X0163XX66,2026-01-04 21:32:30.144377+00:00
drv_ext_164,Водитель 164,+79110000164,X0164XX66,2026-01-07 19:30:50.629007+00:00
drv_ext_165,Водитель 165,+79110000165,X0165XX66,2026-01-27 17:31:21.295912+00:00
drv_ext_166,Водитель 166,+79110000166,X0166XX66,2026-01-15 10:31:12.377296+00:00
drv_ext_167,Водитель 167,+79110000167,X0167XX66,2026-01-07 19:55:16.404267+00:00
drv_ext_168,Водитель 168,+79110000168,X0168XX66,2026-01-22 22:49:01.421537+00:00
drv_ext_169,Водитель 169,+79110000169,X0169XX66,2026-01-01 00:49:41.916437+00:00
drv_ext_170,Водитель 170,+79110000170,X0170XX66,2026-01-19 00:44:49.076325+00:00
drv_ext_171,Водитель 171,+79110000171,X0171XX66,2026-01-10 22:25:51.860410+00:00
drv_ext_172,Водитель 172,+79110000172,X0172XX66,2026-01-22 10:27:21.143065+00:00
drv_ext_173,Водитель 173,+79110000173,X0173XX66,2026-01-01 06:00:26.644649+00:00
drv_ext_174,Водитель 174,+79110000174,X0174XX66,2026-01-02 19:42:20.432000+00:00
drv_ext_175,Водитель 175,+79110000175,X0175XX66,2026-01-11 12:52:49.527674+00:00
drv_ext_176,Водитель 176,+79110000176,X0176XX66,2026-01-18 02:57:50.343690+00:00
drv_ext_177,Водитель 177,+79110000177,X0177XX66,2026-01-17 17:57:37.730248+00:00
drv_ext_178,Водитель 178,+79110000178,X0178XX66,2026-01-22 01:16:42.386653+00:00
drv_ext_179,Водитель 179,+79110000179,X0179XX66,2026-01-22 20:17:08.637450+00:00
drv_ext_180,Водитель 180,+79110000180,X0180XX66,2026-01-10 03:59:54.759713+00:00
drv_ext_181,Водитель 181,+79110000181,X0181XX66,2026-01-27 07:06:07.827123+00:00
drv_ext_182,Водитель 182,+79110000182,X0182XX66,2026-01-30 07:56:40.361531+00:00
drv_ext_183,Водитель 183,+79110000183,X0183XX66,2026-01-01 08:33:44.813161+00:00
drv_ext_184,Водитель 184,+79110000184,X0184XX66,2026-01-20 04:45:47.282523+00:00
drv_ext_185,Водитель 185,+79110000185,X0185XX66,2026-01-24 14:58:39.369847+00:00
drv_ext_186,Водитель 186,+79110000186,X0186XX66,2026-01-20 05:05:07.551298+00:00
drv_ext_187,Водитель 187,+79110000187,X0187XX66,2026-01-26 16:49:13.390450+00:00
drv_ext_188,Водитель 188,+79110000188,X0188XX66,2026-01-12 08:21:25.617764+00:00
drv_ext_189,Водитель 189,+79110000189,X0189XX66,2026-01-13 05:06:40.853746+00:00
drv_ext_190,Водитель 190,+79110000190,X0190XX66,2026-01-07 22:37:18.362526+00:00
drv_ext_191,Водитель 191,+79110000191,X0191XX66,2026-01-21 10:59:09.712673+00:00
drv_ext_192,Водитель 192,+79110000192,X0192XX66,2026-01-28 22:09:52.616167+00:00
drv_ext_193,Водитель 193,+79110000193,X0193XX66,2026-01-04 11:40:31.118598+00:00
drv_ext_194,Водитель 194,+79110000194,X0194XX66,2026-01-03 16:34:23.091415+00:00
drv_ext_195,Водитель 195,+79110000195,X0195XX66,2026-01-11 05:36:50.048664+00:00
drv_ext_196,Водитель 196,+79110000196,X0196XX66,2026-01-22 02:22:04.109021+00:00
drv_ext_197,Водитель 197,+79110000197,X0197XX66,2026-01-23 02:38:38.894246+00:00
drv_ext_198,Водитель 198,+79110000198,X0198XX66,2026-01-03 15:53:15.565981+00:00
drv_ext_199,Водитель 199,+79110000199,X0199XX66,2026-01-17 07:44:03.668091+00:00
drv_ext_200,Водитель 200,+79110000200,X0200XX66,2026-01-12 02:27:28.674417+00:00
drv_ext_201,Водитель 201,+79110000201,X0201XX66,2026-01-02 06:09:00.778056+00:00
drv_ext_202,Водитель 202,+79110000202,X0202XX66,2026-01-03 18:28:08.882190+00:00
drv_ext_203,Водитель 203,+79110000203,X0203XX66,2026-01-30 03:55:10.986348+00:00
drv_ext_204,Водитель 204,+79110000204,X0204XX66,2026-01-17 08:22:42.224194+00:00
drv_ext_205,Водитель 205,+79110000205,X0205XX66,2026-01-18 05:53:55.150818+00:00
drv_ext_206,Водитель 206,+79110000206,X0206XX66,2026-01-25 05:33:42.066685+00:00
drv_ext_207,Водитель 207,+79110000207,X0207XX66,2026-01-18 10:50:53.028489+00:00
drv_ext_208,Водитель 208,+79110000208,X0208XX66,2026-01-19 20:09:02.497720+00:00
drv_ext_209,Водитель 209,+79110000209,X0209XX66,2026-01-30 03:32:05.186683+00:00
drv_ext_210,Водитель 210,+79110000210,X0210XX66,2026-01-23 02:35:23.598281+00:00
drv_ext_211,Водитель 211,+79110000211,X0211XX66,2026-01-26 11:34:04.931303+00:00
drv_ext_212,Водитель 212,+79110000212,X0212XX66,2026-01-25 03:16:15.684615+00:00
drv_ext_213,Водитель 213,+79110000213,X0213XX66,2026-01-19 05:57:25.229433+00:00
drv_ext_214,Водитель 214,+79110000214,X0214XX66,2026-01-10 09:29:36.697347+00:00
drv_ext_215,Водитель 215,+79110000215,X0215XX66,2026-01-04 14:08:33.687912+00:00
drv_ext_216,Водитель 216,+79110000216,X0216XX66,2026-01-11 15:30:17.604768+00:00
drv_ext_217,Водитель 217,+79110000217,X0217XX66,2026-01-28 14:12:54.104455+00:00
drv_ext_218,Водитель 218,+79110000218,X0218XX66,2026-01-02 12:19:14.758142+00:00
drv_ext_219,Водитель 219,+79110000219,X0219XX66,2026-01-28 03:40:11.660923+00:00
drv_ext_220,Водитель 220,+79110000220,X0220XX66,2026-01-30 16:16:49.099145+00:00
drv_ext_221,Водитель 221,+79110000221,X0221XX66,2026-01-19 10:26:07.937234+00:00
drv_ext_222,Водитель 222,+79110000222,X0222XX66,2026-01-15 13:23:42.585658+00:00
drv_ext_223,Водитель 223,+79110000223,X0223XX66,2026-01-17 11:19:39.697844+00:00
drv_ext_224,Водитель 224,+79110000224,X0224XX66,2026-01-07 20:21:19.291409+00:00
drv_ext_225,Водитель 225,+79110000225,X0225XX66,2026-01-13 06:03:03.227086+00:00
drv_ext_226,Водитель 226,+79110000226,X0226XX66,2026-01-19 06:38:26.439518+00:00
drv_ext_227,Водитель 227,+79110000227,X0227XX66,2026-01-20 10:13:56.646010+00:00
drv_ext_228,Водитель 228,+79110000228,X0228XX66,2026-01-12 03:16:57.014966+00:00
drv_ext_229,Водитель 229,+79110000229,X0229XX66,2026-01-08 10:58:54.314857+00:00
drv_ext_230,Водитель 230,+79110000230,X0230XX66,2026-01-12 10:05:30.971057+00:00
drv_ext_231,Водитель 231,+79110000231,X0231XX66,2026-01-30 07:44:41.730721+00:00
drv_ext_232,Водитель 232,+79110000232,X0232XX66,2026-01-21 22:11:24.364643+00:00
drv_ext_233,Водитель 233,+79110000233,X0233XX66,2026-01-25 09:44:37.252568+00:00
drv_ext_234,Водитель 234,+79110000234,X0234XX66,2026-01-19 08:23:46.150774+00:00
drv_ext_235,Водитель 235,+79110000235,X0235XX66,2026-01-21 16:15:31.787138+00:00
drv_ext_236,Водитель 236,+79110000236,X0236XX66,2026-01-27 23:02:18.957585+00:00
drv_ext_237,Водитель 237,+79110000237,X0237XX66,2026-01-22 07:34:40.995471+00:00
drv_ext_238,Водитель 238,+79110000238,X0238XX66,2026-01-25 07:11:54.113448+00:00
drv_ext_239,Водитель 239,+79110000239,X0239XX66,2026-01-03 17:21:30.287787+00:00
drv_ext_240,Водитель 240,+79110000240,X0240XX66,2026-01-10 02:09:13.561429+00:00
drv_ext_241,Водитель 241,+79110000241,X0241XX66,2026-01-03 06:01:48.561536+00:00
drv_ext_242,Водитель 242,+79110000242,X0242XX66,2026-01-07 20:19:11.726377+00:00
drv_ext_243,Водитель 243,+79110000243,X0243XX66,2026-01-07 01:28:40.203608+00:00
drv_ext_244,Водитель 244,+79110000244,X0244XX66,2026-01-15 15:17:15.511957+00:00
drv_ext_245,Водитель 245,+79110000245,X0245XX66,2026-01-23 19:03:44.981658+00:00
drv_ext_246,Водитель 246,+79110000246,X0246XX66,2026-01-20 06:26:44.619881+00:00
drv_ext_247,Водитель 247,+79110000247,X0247XX66,2026-01-17 12:27:03.082788+00:00
drv_ext_248,Водитель 248,+79110000248,X0248XX66,2026-01-28 17:32:22.836863+00:00
drv_ext_249,Водитель 249,+79110000249,X0249XX66,2026-01-29 02:00:25.839085+00:00
drv_ext_250,Водитель 250,+79110000250,X0250XX66,2026-01-16 12:47:47.457532+00:00
drv_ext_251,Водитель 251,+79110000251,X0251XX66,2026-01-15 12:15:19.799746+00:00
drv_ext_252,Водитель 252,+79110000252,X0252XX66,2026-01-17 23:53:09.943258+00:00
drv_ext_253,Водитель 253,+79110000253,X0253XX66,2026-01-20 19:28:02.450823+00:00
drv_ext_254,Водитель 254,+79110000254,X0254XX66,2026-01-24 19:05:30.965574+00:00
drv_ext_255,Водитель 255,+79110000255,X0255XX66,2026-01-26 06:03:30.168256+00:00
drv_ext_256,Водитель 256,+79110000256,X0256XX66,2026-01-24 05:58:12.630852+00:00
drv_ext_257,Водитель 257,+79110000257,X0257XX66,2026-01-22 12:39:09.937502+00:00
drv_ext_258,Водитель 258,+79110000258,X0258XX66,2026-01-09 15:58:23.131735+00:00
drv_ext_259,Водитель 259,+79110000259,X0259XX66,2026-01-13 01:44:44.398422+00:00
drv_ext_260,Водитель 260,+79110000260,X0260XX66,2026-01-13 20:02:36.050046+00:00
drv_ext_261,Водитель 261,+79110000261,X0261XX66,2026-01-29 13:42:25.644498+00:00
drv_ext_262,Водитель 262,+79110000262,X0262XX66,2026-01-14 18:47:17.738434+00:00
drv_ext_263,Водитель 263,+79110000263,X0263XX66,2026-01-08 19:30:15.230018+00:00
drv_ext_264,Водитель 264,+79110000264,X0264XX66,2026-01-27 04:40:34.793622+00:00
drv_ext_265,Водитель 265,+79110000265,X0265XX66,2026-01-04 02:11:57.692804+00:00
drv_ext_266,Водитель 266,+79110000266,X0266XX66,2026-01-11 05:34:33.997859+00:00
drv_ext_267,Водитель 267,+79110000267,X0267XX66,2026-01-29 10:59:45.299214+00:00
drv_ext_268,Водитель 268,+79110000268,X0268XX66,2026-01-19 16:43:46.424167+00:00
drv_ext_269,Водитель 269,+79110000269,X0269XX66,2026-01-19 09:55:16.411094+00:00
drv_ext_270,Водитель 270,+79110000270,X0270XX66,2026-01-01 16:34:14.960588+00:00
drv_ext_271,Водитель 271,+79110000271,X0271XX66,2026-01-18 05:36:36.225478+00:00
drv_ext_272,Водитель 272,+79110000272,X0272XX66,2026-01-11 21:42:14.781009+00:00
drv_ext_273,Водитель 273,+79110000273,X0273XX66,2026-01-21 09:16:00.380938+00:00
drv_ext_274,Водитель 274,+79110000274,X0274XX66,2026-01-12 19:19:16.044001+00:00
drv_ext_275,Водитель 275,+79110000275,X0275XX66,2026-01-26 19:04:59.368987+00:00
drv_ext_276,Водитель 276,+79110000276,X0276XX66,2026-01-19 08:02:36.743494+00:00
drv_ext_277,Водитель 277,+79110000277,X0277XX66,2026-01-09 21:23:21.848823+00:00
drv_ext_278,Водитель 278,+79110000278,X0278XX66,2026-01-12 07:28:05.934774+00:00
drv_ext_279,Водитель 279,+79110000279,X0279XX66,2026-01-01 11:35:48.244242+00:00
drv_ext_280,Водитель 280,+79110000280,X0280XX66,2026-01-15 07:15:03.633252+00:00
drv_ext_281,Водитель 281,+79110000281,X0281XX66,2026-01-03 15:07:23.706883+00:00
drv_ext_282,Водитель 282,+79110000282,X0282XX66,2026-01-06 10:24:46.555764+00:00
drv_ext_283,Водитель 283,+79110000283,X0283XX66,2026-01-02 06:55:00.382959+00:00
drv_ext_284,Водитель 284,+79110000284,X0284XX66,2026-01-05 01:46:35.428040+00:00
drv_ext_285,Водитель 285,+79110000285,X0285XX66,2026-01-05 08:09:49.548821+00:00
drv_ext_286,Водитель 286,+79110000286,X0286XX66,2026-01-30 22:11:41.109656+00:00
drv_ext_287,Водитель 287,+79110000287,X0287XX66,2026-01-21 00:55:25.153336+00:00
drv_ext_288,Водитель 288,+79110000288,X0288XX66,2026-01-11 00:25:37.606134+00:00
drv_ext_289,Водитель 289,+79110000289,X0289XX66,2026-01-14 20:22:04.589065+00:00
drv_ext_290,Водитель 290,+79110000290,X0290XX66,2026-01-01 07:02:31.713189+00:00
drv_ext_291,Водитель 291,+79110000291,X0291XX66,2026-01-25 10:59:51.579653+00:00
drv_ext_292,Водитель 292,+79110000292,X0292XX66,2026-01-06 18:36:16.383155+00:00
drv_ext_293,Водитель 293,+79110000293,X0293XX66,2026-01-15 03:28:52.300250+00:00
drv_ext_294,Водитель 294,+79110000294,X0294XX66,2026-01-18 09:11:46.501092+00:00
drv_ext_295,Водитель 295,+79110000295,X0295XX66,2026-01-05 18:51:48.785194+00:00
drv_ext_296,Водитель 296,+79110000296,X0296XX66,2026-01-11 15:24:08.221042+00:00
drv_ext_297,Водитель 297,+79110000297,X0297XX66,2026-01-24 20:52:31.680357+00:00
drv_ext_298,Водитель 298,+79110000298,X0298XX66,2026-01-21 22:22:38.263929+00:00
drv_ext_299,Водитель 299,+79110000299,X0299XX66,2026-01-01 22:04:17.749192+00:00
drv_ext_300,Водитель 300,+79110000300,X0300XX66,2026-01-09 21:11:38.679518+00:00
drv_ext_301,Водитель 301,+79110000301,X0301XX66,2026-01-03 22:01:43.031826+00:00
drv_ext_302,Водитель 302,+79110000302,X0302XX66,2026-01-06 15:09:20.585872+00:00
drv_ext_303,Водитель 303,+79110000303,X0303XX66,2026-01-10 18:01:43.508561+00:00
drv_ext_304,Водитель 304,+79110000304,X0304XX66,2026-01-25 22:26:06.266527+00:00
drv_ext_305,Водитель 305,+79110000305,X0305XX66,2026-01-12 17:15:21.418423+00:00
drv_ext_306,Водитель 306,+79110000306,X0306XX66,2026-01-16 08:03:31.480301+00:00
drv_ext_307,Водитель 307,+79110000307,X0307XX66,2026-01-19 00:42:16.772651+00:00
drv_ext_308,Водитель 308,+79110000308,X0308XX66,2026-01-23 14:08:35.215642+00:00
drv_ext_309,Водитель 309,+79110000309,X0309XX66,2026-01-13 21:24:10.155995+00:00
drv_ext_310,Водитель 310,+79110000310,X0310XX66,2026-01-14 03:52:58.872150+00:00
drv_ext_311,Водитель 311,+79110000311,X0311XX66,2026-01-06 04:00:18.538439+00:00
drv_ext_312,Водитель 312,+79110000312,X0312XX66,2026-01-19 22:59:44.639136+00:00
drv_ext_313,Водитель 313,+79110000313,X0313XX66,2026-01-18 21:43:05.057532+00:00
drv_ext_314,Водитель 314,+79110000314,X0314XX66,2026-01-05 15:12:43.301128+00:00
drv_ext_315,Водитель 315,+79110000315,X0315XX66,2026-01-17 23:51:51.602998+00:00
drv_ext_316,Водитель 316,+79110000316,X0316XX66,2026-01-11 09:16:37.135523+00:00
drv_ext_317,Водитель 317,+79110000317,X0317XX66,2026-01-23 13:49:47.715369+00:00
drv_ext_318,Водитель 318,+79110000318,X0318XX66,2026-01-16 22:32:54.307928+00:00
drv_ext_319,Водитель 319,+79110000319,X0319XX66,2026-01-16 10:44:27.421098+00:00
drv_ext_320,Водитель 320,+79110000320,X0320XX66,2026-01-30 21:35:51.362165+00:00
drv_ext_321,Водитель 321,+79110000321,X0321XX66,2026-01-14 22:48:04.041009+00:00
drv_ext_322,Водитель 322,+79110000322,X0322XX66,2026-01-30 12:56:17.390168+00:00
drv_ext_323,Водитель 323,+79110000323,X0323XX66,2026-01-23 08:40:11.078536+00:00
drv_ext_324,Водитель 324,+79110000324,X0324XX66,2026-01-01 16:26:56.365896+00:00
drv_ext_325,Водитель 325,+79110000325,X0325XX66,2026-01-03 12:16:44.557925+00:00
drv_ext_326,Водитель 326,+79110000326,X0326XX66,2026-01-06 21:36:32.916844+00:00
drv_ext_327,Водитель 327,+79110000327,X0327XX66,2026-01-01 11:30:08.431596+00:00
drv_ext_328,Водитель 328,+79110000328,X0328XX66,2026-01-12 05:31:05.263265+00:00
drv_ext_329,Водитель 329,+79110000329,X0329XX66,2026-01-22 01:31:08.093755+00:00
drv_ext_330,Водитель 330,+79110000330,X0330XX66,2026-01-27 03:18:01.318481+00:00
drv_ext_331,Водитель 331,+79110000331,X0331XX66,2026-01-19 06:05:54.352688+00:00
drv_ext_332,Водитель 332,+79110000332,X0332XX66,2026-01-12 12:44:46.446086+00:00
drv_ext_333,Водитель 333,+79110000333,X0333XX66,2026-01-03 04:14:17.642112+00:00
drv_ext_334,Водитель 334,+79110000334,X0334XX66,2026-01-06 12:31:48.683242+00:00
drv_ext_335,Водитель 335,+79110000335,X0335XX66,2026-01-17 22:30:30.431941+00:00
drv_ext_336,Водитель 336,+79110000336,X0336XX66,2026-01-18 09:54:59.625397+00:00
drv_ext_337,Водитель 337,+79110000337,X0337XX66,2026-01-21 02:14:01.166983+00:00
drv_ext_338,Водитель 338,+79110000338,X0338XX66,2026-01-27 10:31:08.763901+00:00
drv_ext_339,Водитель 339,+79110000339,X0339XX66,2026-01-12 03:02:22.745217+00:00
drv_ext_340,Водитель 340,+79110000340,X0340XX66,2026-01-22 03:41:17.501372+00:00
drv_ext_341,Водитель 341,+79110000341,X0341XX66,2026-01-18 20:43:01.173914+00:00
drv_ext_342,Водитель 342,+79110000342,X0342XX66,2026-01-12 05:52:28.312504+00:00
drv_ext_343,Водитель 343,+79110000343,X0343XX66,2026-01-18 17:22:12.193793+00:00
drv_ext_344,Водитель 344,+79110000344,X0344XX66,2026-01-04 14:28:49.285963+00:00
drv_ext_345,Водитель 345,+79110000345,X0345XX66,2026-01-22 11:10:35.566763+00:00
drv_ext_346,Водитель 346,+79110000346,X0346XX66,2026-01-16 08:28:45.103066+00:00
drv_ext_347,Водитель 347,+79110000347,X0347XX66,2026-01-09 11:02:30.778403+00:00
drv_ext_348,Водитель 348,+79110000348,X0348XX66,2026-01-17 03:30:12.790214+00:00
drv_ext_349,Водитель 349,+79110000349,X0349XX66,2026-01-19 08:20:46.786960+00:00
drv_ext_350,Водитель 350,+79110000350,X0350XX66,2026-01-20 07:33:27.989772+00:00
drv_ext_351,Водитель 351,+79110000351,X0351XX66,2026-01-06 04:35:18.821703+00:00
drv_ext_352,Водитель 352,+79110000352,X0352XX66,2026-01-11 05:21:42.817929+00:00
drv_ext_353,Водитель 353,+79110000353,X0353XX66,2026-01-12 14:23:57.994976+00:00
drv_ext_354,Водитель 354,+79110000354,X0354XX66,2026-01-29 04:44:10.716887+00:00
drv_ext_355,Водитель 355,+79110000355,X0355XX66,2026-01-19 02:29:55.260987+00:00
drv_ext_356,Водитель 356,+79110000356,X0356XX66,2026-01-21 16:35:17.885197+00:00
drv_ext_357,Водитель 357,+79110000357,X0357XX66,2026-01-09 19:07:23.703717+00:00
drv_ext_358,Водитель 358,+79110000358,X0358XX66,2026-01-26 17:18:49.141971+00:00
drv_ext_359,Водитель 359,+79110000359,X0359XX66,2026-01-05 16:05:45.277394+00:00
drv_ext_360,Водитель 360,+79110000360,X0360XX66,2026-01-26 12:55:25.388264+00:00
drv_ext_361,Водитель 361,+79110000361,X0361XX66,2026-01-15 04:48:45.599600+00:00
drv_ext_362,Водитель 362,+79110000362,X0362XX66,2026-01-27 14:02:44.695079+00:00
drv_ext_363,Водитель 363,+79110000363,X0363XX66,2026-01-09 04:56:35.086763+00:00
drv_ext_364,Водитель 364,+79110000364,X0364XX66,2026-01-20 10:31:50.437689+00:00
drv_ext_365,Водитель 365,+79110000365,X0365XX66,2026-01-29 17:39:03.697464+00:00
drv_ext_366,Водитель 366,+79110000366,X0366XX66,2026-01-01 10:19:19.355543+00:00
drv_ext_367,Водитель 367,+79110000367,X0367XX66,2026-01-16 15:05:25.259341+00:00
drv_ext_368,Водитель 368,+79110000368,X0368XX66,2026-01-21 10:31:38.982371+00:00
drv_ext_369,Водитель 369,+79110000369,X0369XX66,2026-01-20 15:38:18.512176+00:00
drv_ext_370,Водитель 370,+79110000370,X0370XX66,2026-01-29 16:31:21.483703+00:00
drv_ext_371,Водитель 371,+79110000371,X0371XX66,2026-01-28 12:28:07.112482+00:00
drv_ext_372,Водитель 372,+79110000372,X0372XX66,2026-01-13 04:26:33.299748+00:00
drv_ext_373,Водитель 373,+79110000373,X0373XX66,2026-01-13 10:22:45.819744+00:00
drv_ext_374,Водитель 374,+79110000374,X0374XX66,2026-01-11 13:16:08.437111+00:00
drv_ext_375,Водитель 375,+79110000375,X0375XX66,2026-01-26 19:15:54.427892+00:00
drv_ext_376,Водитель 376,+79110000376,X0376XX66,2026-01-01 14:45:42.920154+00:00
drv_ext_377,Водитель 377,+79110000377,X0377XX66,2026-01-02 15:23:29.997891+00:00
drv_ext_378,Водитель 378,+79110000378,X0378XX66,2026-01-01 21:51:26.190509+00:00
drv_ext_379,Водитель 379,+79110000379,X0379XX66,2026-01-13 23:01:06.816578+00:00
drv_ext_380,Водитель 380,+79110000380,X0380XX66,2026-01-30 21:14:48.486781+00:00
drv_ext_381,Водитель 381,+79110000381,X0381XX66,2026-01-12 03:43:04.802980+00:00
drv_ext_382,Водитель 382,+79110000382,X0382XX66,2026-01-13 21:31:19.644427+00:00
drv_ext_383,Водитель 383,+79110000383,X0383XX66,2026-01-22 00:07:11.476664+00:00
drv_ext_384,Водитель 384,+79110000384,X0384XX66,2026-01-08 19:52:47.327606+00:00
drv_ext_385,Водитель 385,+79110000385,X0385XX66,2026-01-01 13:17:22.925546+00:00
drv_ext_386,Водитель 386,+79110000386,X0386XX66,2026-01-27 17:03:07.883762+00:00
drv_ext_387,Водитель 387,+79110000387,X0387XX66,2026-01-18 12:13:30.978319+00:00
drv_ext_388,Водитель 388,+79110000388,X0388XX66,2026-01-13 14:59:49.352744+00:00
drv_ext_389,Водитель 389,+79110000389,X0389XX66,2026-01-24 13:27:28.930277+00:00
drv_ext_390,Водитель 390,+79110000390,X0390XX66,2026-01-27 15:34:45.814910+00:00
drv_ext_391,Водитель 391,+79110000391,X0391XX66,2026-01-03 12:13:43.074504+00:00
drv_ext_392,Водитель 392,+79110000392,X0392XX66,2026-01-10 11:31:41.880751+00:00
drv_ext_393,Водитель 393,+79110000393,X0393XX66,2026-01-19 09:55:03.396022+00:00
drv_ext_394,Водитель 394,+79110000394,X0394XX66,2026-01-15 07:32:29.854027+00:00
drv_ext_395,Водитель 395,+79110000395,X0395XX66,2026-01-29 08:04:41.090734+00:00
drv_ext_396,Водитель 396,+79110000396,X0396XX66,2026-01-10 18:23:49.504838+00:00
drv_ext_397,Водитель 397,+79110000397,X0397XX66,2026-01-08 12:52:32.157607+00:00
drv_ext_398,Водитель 398,+79110000398,X0398XX66,2026-01-17 00:35:39.434415+00:00
drv_ext_399,Водитель 399,+79110000399,X0399XX66,2026-01-22 00:34:54.443891+00:00
drv_ext_400,Водитель 400,+79110000400,X0400XX66,2026-01-26 11:08:59.282116+00:00
drv_ext_401,Водитель 401,+79110000401,X0401XX66,2026-01-26 09:11:10.666897+00:00
drv_ext_402,Водитель 402,+79110000402,X0402XX66,2026-01-23 09:24:47.375553+00:00
drv_ext_403,Водитель 403,+79110000403,X0403XX66,2026-01-24 16:35:15.265625+00:00
drv_ext_404,Водитель 404,+79110000404,X0404XX66,2026-01-10 04:29:19.853617+00:00
drv_ext_405,Водитель 405,+79110000405,X0405XX66,2026-01-30 18:45:04.185837+00:00
drv_ext_406,Водитель 406,+79110000406,X0406XX66,2026-01-28 21:09:52.224733+00:00
drv_ext_407,Водитель 407,+79110000407,X0407XX66,2026-01-30 22:41:30.476405+00:00
drv_ext_408,Водитель 408,+79110000408,X0408XX66,2026-01-22 04:53:09.855384+00:00
drv_ext_409,Водитель 409,+79110000409,X0409XX66,2026-01-23 22:17:13.286472+00:00
drv_ext_410,Водитель 410,+79110000410,X0410XX66,2026-01-01 19:34:34.835532+00:00
drv_ext_411,Водитель 411,+79110000411,X0411XX66,2026-01-17 17:46:58.016241+00:00
drv_ext_412,Водитель 412,+79110000412,X0412XX66,2026-01-23 08:33:41.339137+00:00
drv_ext_413,Водитель 413,+79110000413,X0413XX66,2026-01-21 08:24:43.215199+00:00
drv_ext_414,Водитель 414,+79110000414,X0414XX66,2026-01-27 03:57:49.864078+00:00
drv_ext_415,Водитель 415,+79110000415,X0415XX66,2026-01-02 16:36:14.640698+00:00
drv_ext_416,Водитель 416,+79110000416,X0416XX66,2026-01-13 21:18:02.620219+00:00
drv_ext_417,Водитель 417,+79110000417,X0417XX66,2026-01-10 04:30:56.045139+00:00
drv_ext_418,Водитель 418,+79110000418,X0418XX66,2026-01-16 23:20:21.407097+00:00
drv_ext_419,Водитель 419,+79110000419,X0419XX66,2026-01-16 23:34:11.462816+00:00
drv_ext_420,Водитель 420,+79110000420,X0420XX66,2026-01-29 22:43:17.863808+00:00
drv_ext_421,Водитель 421,+79110000421,X0421XX66,2026-01-03 00:09:56.373789+00:00
drv_ext_422,Водитель 422,+79110000422,X0422XX66,2026-01-19 20:49:47.265523+00:00
drv_ext_423,Водитель 423,+79110000423,X0423XX66,2026-01-26 18:31:59.677846+00:00
drv_ext_424,Водитель 424,+79110000424,X0424XX66,2026-01-04 23:28:44.741546+00:00
drv_ext_425,Водитель 425,+79110000425,X0425XX66,2026-01-20 00:29:54.327036+00:00
drv_ext_426,Водитель 426,+79110000426,X0426XX66,2026-01-16 14:19:57.836238+00:00
drv_ext_427,Водитель 427,+79110000427,X0427XX66,2026-01-02 06:33:39.287323+00:00
drv_ext_428,Водитель 428,+79110000428,X0428XX66,2026-01-09 14:50:43.472141+00:00
drv_ext_429,Водитель 429,+79110000429,X0429XX66,2026-01-14 05:22:17.001322+00:00
drv_ext_430,Водитель 430,+79110000430,X0430XX66,2026-01-15 07:14:33.138327+00:00
drv_ext_431,Водитель 431,+79110000431,X0431XX66,2026-01-23 18:00:02.451911+00:00
drv_ext_432,Водитель 432,+79110000432,X0432XX66,2026-01-03 12:02:42.404660+00:00
drv_ext_433,Водитель 433,+79110000433,X0433XX66,2026-01-25 22:27:41.033618+00:00
drv_ext_434,Водитель 434,+79110000434,X0434XX66,2026-01-30 23:41:12.081617+00:00
drv_ext_435,Водитель 435,+79110000435,X0435XX66,2026-01-06 21:19:39.396446+00:00
drv_ext_436,Водитель 436,+79110000436,X0436XX66,2026-01-21 20:51:20.126270+00:00
drv_ext_437,Водитель 437,+79110000437,X0437XX66,2026-01-09 13:30:16.766601+00:00
drv_ext_438,Водитель 438,+79110000438,X0438XX66,2026-01-08 17:53:18.260615+00:00
drv_ext_439,Водитель 439,+79110000439,X0439XX66,2026-01-10 15:20:54.815668+00:00
drv_ext_440,Водитель 440,+79110000440,X0440XX66,2026-01-22 16:04:04.295844+00:00
drv_ext_441,Водитель 441,+79110000441,X0441XX66,2026-01-22 16:35:34.297240+00:00
drv_ext_442,Водитель 442,+79110000442,X0442XX66,2026-01-04 05:03:24.536601+00:00
drv_ext_443,Водитель 443,+79110000443,X0443XX66,2026-01-08 15:56:24.404134+00:00
drv_ext_444,Водитель 444,+79110000444,X0444XX66,2026-01-05 13:50:04.674072+00:00
drv_ext_445,Водитель 445,+79110000445,X0445XX66,2026-01-19 04:57:30.882927+00:00
drv_ext_446,Водитель 446,+79110000446,X0446XX66,2026-01-06 04:54:44.005121+00:00
drv_ext_447,Водитель 447,+79110000447,X0447XX66,2026-01-19 21:36:08.824492+00:00
drv_ext_448,Водитель 448,+79110000448,X0448XX66,2026-01-27 17:50:37.226802+00:00
drv_ext_449,Водитель 449,+79110000449,X0449XX66,2026-01-28 11:00:04.876444+00:00
drv_ext_450,Водитель 450,+79110000450,X0450XX66,2026-01-02 15:28:23.485402+00:00
drv_ext_451,Водитель 451,+79110000451,X0451XX66,2026-01-23 23:11:11.130168+00:00
drv_ext_452,Водитель 452,+79110000452,X0452XX66,2026-01-23 12:36:33.183350+00:00
drv_ext_453,Водитель 453,+79110000453,X0453XX66,2026-01-30 05:15:18.613414+00:00
drv_ext_454,Водитель 454,+79110000454,X0454XX66,2026-01-14 13:55:16.180031+00:00
drv_ext_455,Водитель 455,+79110000455,X0455XX66,2026-01-20 03:58:19.637389+00:00
drv_ext_456,Водитель 456,+79110000456,X0456XX66,2026-01-23 08:55:04.638232+00:00
drv_ext_457,Водитель 457,+79110000457,X0457XX66,2026-01-30 04:54:31.910309+00:00
drv_ext_458,Водитель 458,+79110000458,X0458XX66,2026-01-07 05:15:29.574318+00:00
drv_ext_459,Водитель 459,+79110000459,X0459XX66,2026-01-08 15:17:53.947011+00:00
drv_ext_460,Водитель 460,+79110000460,X0460XX66,2026-01-30 23:50:30.605108+00:00
drv_ext_461,Водитель 461,+79110000461,X0461XX66,2026-01-13 21:40:41.405879+00:00
drv_ext_462,Водитель 462,+79110000462,X0462XX66,2026-01-14 19:09:11.346626+00:00
drv_ext_463,Водитель 463,+79110000463,X0463XX66,2026-01-27 19:28:35.598415+00:00
drv_ext_464,Водитель 464,+79110000464,X0464XX66,2026-01-12 21:12:23.010251+00:00
drv_ext_465,Водитель 465,+79110000465,X0465XX66,2026-01-06 01:36:04.497934+00:00
drv_ext_466,Водитель 466,+79110000466,X0466XX66,2026-01-04 01:40:46.497489+00:00
drv_ext_467,Водитель 467,+79110000467,X0467XX66,2026-01-26 17:56:10.928096+00:00
drv_ext_468,Водитель 468,+79110000468,X0468XX66,2026-01-14 21:02:24.629797+00:00
drv_ext_469,Водитель 469,+79110000469,X0469XX66,2026-01-19 02:01:23.865156+00:00
drv_ext_470,Водитель 470,+79110000470,X0470XX66,2026-01-01 16:55:46.943871+00:00
drv_ext_471,Водитель 471,+79110000471,X0471XX66,2026-01-18 14:44:23.755274+00:00
drv_ext_472,Водитель 472,+79110000472,X0472XX66,2026-01-05 09:19:37.089813+00:00
drv_ext_473,Водитель 473,+79110000473,X0473XX66,2026-01-14 23:04:59.228159+00:00
drv_ext_474,Водитель 474,+79110000474,X0474XX66,2026-01-07 14:09:01.613770+00:00
drv_ext_475,Водитель 475,+79110000475,X0475XX66,2026-01-27 01:47:17.855010+00:00
drv_ext_476,Водитель 476,+79110000476,X0476XX66,2026-01-04 06:23:54.373151+00:00
drv_ext_477,Водитель 477,+79110000477,X0477XX66,2026-01-06 02:03:15.362991+00:00
drv_ext_478,Водитель 478,+79110000478,X0478XX66,2026-01-14 19:39:55.260221+00:00
drv_ext_479,Водитель 479,+79110000479,X0479XX66,2026-01-14 22:48:56.648805+00:00
drv_ext_480,Водитель 480,+79110000480,X0480XX66,2026-01-25 06:38:45.648238+00:00
drv_ext_481,Водитель 481,+79110000481,X0481XX66,2026-01-09 03:25:10.609670+00:00
drv_ext_482,Водитель 482,+79110000482,X0482XX66,2026-01-24 02:09:18.746878+00:00
drv_ext_483,Водитель 483,+79110000483,X0483XX66,2026-01-03 03:06:46.659558+00:00
drv_ext_484,Водитель 484,+79110000484,X0484XX66,2026-01-01 23:42:23.528297+00:00
drv_ext_485,Водитель 485,+79110000485,X0485XX66,2026-01-02 08:21:36.695071+00:00
drv_ext_486,Водитель 486,+79110000486,X0486XX66,2026-01-21 15:55:00.131058+00:00
drv_ext_487,Водитель 487,+79110000487,X0487XX66,2026-01-30 18:50:16.751082+00:00
drv_ext_488,Водитель 488,+79110000488,X0488XX66,2026-01-01 13:50:07.903959+00:00
drv_ext_489,Водитель 489,+79110000489,X0489XX66,2026-01-27 12:38:15.155708+00:00
drv_ext_490,Водитель 490,+79110000490,X0490XX66,2026-01-05 09:32:30.799503+00:00
drv_ext_491,Водитель 491,+79110000491,X0491XX66,2026-01-09 19:51:42.206706+00:00
drv_ext_492,Водитель 492,+79110000492,X0492XX66,2026-01-27 00:05:08.568047+00:00
drv_ext_493,Водитель 493,+79110000493,X0493XX66,2026-01-27 16:22:05.916036+00:00
drv_ext_494,Водитель 494,+79110000494,X0494XX66,2026-01-26 11:39:27.741650+00:00
drv_ext_495,Водитель 495,+79110000495,X0495XX66,2026-01-21 01:06:32.977285+00:00
drv_ext_496,Водитель 496,+79110000496,X0496XX66,2026-01-19 13:50:04.390807+00:00
drv_ext_497,Водитель 497,+79110000497,X0497XX66,2026-01-20 21:02:02.752514+00:00
drv_ext_498,Водитель 498,+79110000498,X0498XX66,2026-01-12 22:11:21.684698+00:00
drv_ext_499,Водитель 499,+79110000499,X0499XX66,2026-01-06 00:38:15.091439+00:00
drv_ext_500,Водитель 500,+79110000500,X0500XX66,2026-01-12 08:43:22.021439+00:00
drv_ext_501,Водитель 501,+79110000501,X0501XX66,2026-01-15 02:23:23.272198+00:00
drv_ext_502,Водитель 502,+79110000502,X0502XX66,2026-01-25 18:44:53.695044+00:00
drv_ext_503,Водитель 503,+79110000503,X0503XX66,2026-01-07 03:47:28.876327+00:00
drv_ext_504,Водитель 504,+79110000504,X0504XX66,2026-01-09 08:04:22.992616+00:00
drv_ext_505,Водитель 505,+79110000505,X0505XX66,2026-01-13 00:34:50.165958+00:00
drv_ext_506,Водитель 506,+79110000506,X0506XX66,2026-01-25 11:25:29.564776+00:00
drv_ext_507,Водитель 507,+79110000507,X0507XX66,2026-01-10 00:17:58.863494+00:00
drv_ext_508,Водитель 508,+79110000508,X0508XX66,2026-01-30 14:26:14.165319+00:00
drv_ext_509,Водитель 509,+79110000509,X0509XX66,2026-01-30 17:07:48.354607+00:00
drv_ext_510,Водитель 510,+79110000510,X0510XX66,2026-01-21 16:33:09.912478+00:00
drv_ext_511,Водитель 511,+79110000511,X0511XX66,2026-01-12 14:42:29.116940+00:00
drv_ext_512,Водитель 512,+79110000512,X0512XX66,2026-01-06 15:04:24.688826+00:00
drv_ext_513,Водитель 513,+79110000513,X0513XX66,2026-01-05 11:28:09.362017+00:00
drv_ext_514,Водитель 514,+79110000514,X0514XX66,2026-01-15 16:39:20.490062+00:00
drv_ext_515,Водитель 515,+79110000515,X0515XX66,2026-01-22 19:50:15.257380+00:00
drv_ext_516,Водитель 516,+79110000516,X0516XX66,2026-01-11 00:56:19.042058+00:00
drv_ext_517,Водитель 517,+79110000517,X0517XX66,2026-01-16 09:29:59.815858+00:00
drv_ext_518,Водитель 518,+79110000518,X0518XX66,2026-01-10 15:26:43.559751+00:00
drv_ext_519,Водитель 519,+79110000519,X0519XX66,2026-01-05 19:41:33.427669+00:00
drv_ext_520,Водитель 520,+79110000520,X0520XX66,2026-01-10 19:04:04.711286+00:00
drv_ext_521,Водитель 521,+79110000521,X0521XX66,2026-01-15 21:31:48.289490+00:00
drv_ext_522,Водитель 522,+79110000522,X0522XX66,2026-01-14 07:32:03.425400+00:00
drv_ext_523,Водитель 523,+79110000523,X0523XX66,2026-01-21 12:02:18.048419+00:00
drv_ext_524,Водитель 524,+79110000524,X0524XX66,2026-01-18 18:21:11.778086+00:00
drv_ext_525,Водитель 525,+79110000525,X0525XX66,2026-01-24 01:13:23.973928+00:00
drv_ext_526,Водитель 526,+79110000526,X0526XX66,2026-01-27 11:55:54.939544+00:00
drv_ext_527,Водитель 527,+79110000527,X0527XX66,2026-01-06 09:10:55.601297+00:00
drv_ext_528,Водитель 528,+79110000528,X0528XX66,2026-01-27 16:32:30.900103+00:00
drv_ext_529,Водитель 529,+79110000529,X0529XX66,2026-01-13 04:46:31.420281+00:00
drv_ext_530,Водитель 530,+79110000530,X0530XX66,2026-01-24 11:06:03.522417+00:00
drv_ext_531,Водитель 531,+79110000531,X0531XX66,2026-01-29 03:27:43.441107+00:00
drv_ext_532,Водитель 532,+79110000532,X0532XX66,2026-01-06 22:11:30.791927+00:00
drv_ext_533,Водитель 533,+79110000533,X0533XX66,2026-01-27 11:56:47.502188+00:00
drv_ext_534,Водитель 534,+79110000534,X0534XX66,2026-01-19 04:36:39.508247+00:00
drv_ext_535,Водитель 535,+79110000535,X0535XX66,2026-01-06 00:06:08.048078+00:00
drv_ext_536,Водитель 536,+79110000536,X0536XX66,2026-01-10 18:46:08.547070+00:00
drv_ext_537,Водитель 537,+79110000537,X0537XX66,2026-01-17 10:52:56.335712+00:00
drv_ext_538,Водитель 538,+79110000538,X0538XX66,2026-01-19 02:24:18.740405+00:00
drv_ext_539,Водитель 539,+79110000539,X0539XX66,2026-01-20 03:58:05.135448+00:00
drv_ext_540,Водитель 540,+79110000540,X0540XX66,2026-01-19 00:10:32.135000+00:00
drv_ext_541,Водитель 541,+79110000541,X0541XX66,2026-01-06 04:10:52.847209+00:00
drv_ext_542,Водитель 542,+79110000542,X0542XX66,2026-01-13 18:10:16.980763+00:00
drv_ext_543,Водитель 543,+79110000543,X0543XX66,2026-01-09 02:22:07.596397+00:00
drv_ext_544,Водитель 544,+79110000544,X0544XX66,2026-01-12 03:11:19.725184+00:00
drv_ext_545,Водитель 545,+79110000545,X0545XX66,2026-01-16 02:47:45.680441+00:00
drv_ext_546,Водитель 546,+79110000546,X0546XX66,2026-01-19 07:21:21.032442+00:00
drv_ext_547,Водитель 547,+79110000547,X0547XX66,2026-01-23 23:50:20.477925+00:00
drv_ext_548,Водитель 548,+79110000548,X0548XX66,2026-01-29 23:25:29.736561+00:00
drv_ext_549,Водитель 549,+79110000549,X0549XX66,2026-01-29 21:49:45.426383+00:00
drv_ext_550,Водитель 550,+79110000550,X0550XX66,2026-01-20 20:37:32.839160+00:00
drv_ext_551,Водитель 551,+79110000551,X0551XX66,2026-01-10 08:21:09.876005+00:00
drv_ext_552,Водитель 552,+79110000552,X0552XX66,2026-01-03 01:50:43.570095+00:00
drv_ext_553,Водитель 553,+79110000553,X0553XX66,2026-01-06 13:44:32.124001+00:00
drv_ext_554,Водитель 554,+79110000554,X0554XX66,2026-01-26 17:49:30.135732+00:00
drv_ext_555,Водитель 555,+79110000555,X0555XX66,2026-01-16 08:24:50.691021+00:00
drv_ext_556,Водитель 556,+79110000556,X0556XX66,2026-01-02 15:59:09.199107+00:00
drv_ext_557,Водитель 557,+79110000557,X0557XX66,2026-01-27 13:15:09.427126+00:00
drv_ext_558,Водитель 558,+79110000558,X0558XX66,2026-01-08 04:56:03.630628+00:00
drv_ext_559,Водитель 559,+79110000559,X0559XX66,2026-01-11 10:03:41.712341+00:00
drv_ext_560,Водитель 560,+79110000560,X0560XX66,2026-01-09 22:22:57.181166+00:00
drv_ext_561,Водитель 561,+79110000561,X0561XX66,2026-01-16 06:09:43.725114+00:00
drv_ext_562,Водитель 562,+79110000562,X0562XX66,2026-01-01 07:37:34.688036+00:00
drv_ext_563,Водитель 563,+79110000563,X0563XX66,2026-01-14 22:49:58.077883+00:00
drv_ext_564,Водитель 564,+79110000564,X0564XX66,2026-01-08 23:33:17.038032+00:00
drv_ext_565,Водитель 565,+79110000565,X0565XX66,2026-01-30 22:17:26.763904+00:00
drv_ext_566,Водитель 566,+79110000566,X0566XX66,2026-01-05 04:39:01.754172+00:00
drv_ext_567,Водитель 567,+79110000567,X0567XX66,2026-01-02 07:42:32.853874+00:00
drv_ext_568,Водитель 568,+79110000568,X0568XX66,2026-01-29 08:23:41.771895+00:00
drv_ext_569,Водитель 569,+79110000569,X0569XX66,2026-01-05 11:22:57.313983+00:00
drv_ext_570,Водитель 570,+79110000570,X0570XX66,2026-01-22 23:17:24.638536+00:00
drv_ext_571,Водитель 571,+79110000571,X0571XX66,2026-01-25 00:59:04.526003+00:00
drv_ext_572,Водитель 572,+79110000572,X0572XX66,2026-01-19 06:56:12.118172+00:00
drv_ext_573,Водитель 573,+79110000573,X0573XX66,2026-01-23 09:48:20.529542+00:00
drv_ext_574,Водитель 574,+79110000574,X0574XX66,2026-01-01 03:17:10.744379+00:00
drv_ext_575,Водитель 575,+79110000575,X0575XX66,2026-01-20 15:42:18.988699+00:00
drv_ext_576,Водитель 576,+79110000576,X0576XX66,2026-01-17 13:01:28.053231+00:00
drv_ext_577,Водитель 577,+79110000577,X0577XX66,2026-01-28 23:19:37.137027+00:00
drv_ext_578,Водитель 578,+79110000578,X0578XX66,2026-01-12 12:12:30.431984+00:00
drv_ext_579,Водитель 579,+79110000579,X0579XX66,2026-01-19 12:12:12.587002+00:00
drv_ext_580,Водитель 580,+79110000580,X0580XX66,2026-01-01 16:07:00.310981+00:00
drv_ext_581,Водитель 581,+79110000581,X0581XX66,2026-01-02 20:35:21.721961+00:00
drv_ext_582,Водитель 582,+79110000582,X0582XX66,2026-01-08 20:03:02.734476+00:00
drv_ext_583,Водитель 583,+79110000583,X0583XX66,2026-01-04 09:02:56.378967+00:00
drv_ext_584,Водитель 584,+79110000584,X0584XX66,2026-01-13 22:22:34.115856+00:00
drv_ext_585,Водитель 585,+79110000585,X0585XX66,2026-01-07 09:58:01.504566+00:00
drv_ext_586,Водитель 586,+79110000586,X0586XX66,2026-01-16 09:56:35.542935+00:00
drv_ext_587,Водитель 587,+79110000587,X0587XX66,2026-01-07 08:57:05.643134+00:00
drv_ext_588,Водитель 588,+79110000588,X0588XX66,2026-01-16 00:18:13.831853+00:00
drv_ext_589,Водитель 589,+79110000589,X0589XX66,2026-01-25 15:28:49.094270+00:00
drv_ext_590,Водитель 590,+79110000590,X0590XX66,2026-01-22 16:31:07.657594+00:00
drv_ext_591,Водитель 591,+79110000591,X0591XX66,2026-01-07 17:30:17.972917+00:00
drv_ext_592,Водитель 592,+79110000592,X0592XX66,2026-01-04 04:25:19.536744+00:00
drv_ext_593,Водитель 593,+79110000593,X0593XX66,2026-01-10 05:46:56.211112+00:00
drv_ext_594,Водитель 594,+79110000594,X0594XX66,2026-01-28 21:16:02.457950+00:00
drv_ext_595,Водитель 595,+79110000595,X0595XX66,2026-01-04 09:06:08.598649+00:00
drv_ext_596,Водитель 596,+79110000596,X0596XX66,2026-01-06 11:20:15.256725+00:00
drv_ext_597,Водитель 597,+79110000597,X0597XX66,2026-01-17 14:24:08.036058+00:00
drv_ext_598,Водитель 598,+79110000598,X0598XX66,2026-01-11 19:00:39.411279+00:00
drv_ext_599,Водитель 599,+79110000599,X0599XX66,2026-01-19 17:26:54.244328+00:00
drv_ext_600,Водитель 600,+79110000600,X0600XX66,2026-01-17 04:02:38.217359+00:00
drv_ext_601,Водитель 601,+79110000601,X0601XX66,2026-01-09 21:12:30.867284+00:00
drv_ext_602,Водитель 602,+79110000602,X0602XX66,2026-01-06 16:24:28.456620+00:00
drv_ext_603,Водитель 603,+79110000603,X0603XX66,2026-01-20 13:53:05.300631+00:00
drv_ext_604,Водитель 604,+79110000604,X0604XX66,2026-01-29 15:15:40.794838+00:00
drv_ext_605,Водитель 605,+79110000605,X0605XX66,2026-01-07 03:07:45.550946+00:00
drv_ext_606,Водитель 606,+79110000606,X0606XX66,2026-01-08 04:42:09.710916+00:00
drv_ext_607,Водитель 607,+79110000607,X0607XX66,2026-01-11 15:41:27.932888+00:00
drv_ext_608,Водитель 608,+79110000608,X0608XX66,2026-01-26 22:47:14.791702+00:00
drv_ext_609,Водитель 609,+79110000609,X0609XX66,2026-01-14 16:39:05.615686+00:00
drv_ext_610,Водитель 610,+79110000610,X0610XX66,2026-01-24 13:32:41.409475+00:00
drv_ext_611,Водитель 611,+79110000611,X0611XX66,2026-01-08 13:26:09.766427+00:00
drv_ext_612,Водитель 612,+79110000612,X0612XX66,2026-01-08 04:47:24.604802+00:00
drv_ext_613,Водитель 613,+79110000613,X0613XX66,2026-01-14 01:41:13.299730+00:00
drv_ext_614,Водитель 614,+79110000614,X0614XX66,2026-01-23 22:09:03.120783+00:00
drv_ext_615,Водитель 615,+79110000615,X0615XX66,2026-01-08 17:29:01.205772+00:00
drv_ext_616,Водитель 616,+79110000616,X0616XX66,2026-01-07 14:40:48.286470+00:00
drv_ext_617,Водитель 617,+79110000617,X0617XX66,2026-01-12 02:28:52.396016+00:00
drv_ext_618,Водитель 618,+79110000618,X0618XX66,2026-01-24 08:55:30.617942+00:00
drv_ext_619,Водитель 619,+79110000619,X0619XX66,2026-01-07 18:03:06.675298+00:00
drv_ext_620,Водитель 620,+79110000620,X0620XX66,2026-01-15 07:48:44.596217+00:00
drv_ext_621,Водитель 621,+79110000621,X0621XX66,2026-01-30 04:42:04.570040+00:00
drv_ext_622,Водитель 622,+79110000622,X0622XX66,2026-01-09 19:00:47.558033+00:00
drv_ext_623,Водитель 623,+79110000623,X0623XX66,2026-01-21 22:34:18.922652+00:00
drv_ext_624,Водитель 624,+79110000624,X0624XX66,2026-01-21 08:19:12.211319+00:00
drv_ext_625,Водитель 625,+79110000625,X0625XX66,2026-01-16 14:24:55.171287+00:00
drv_ext_626,Водитель 626,+79110000626,X0626XX66,2026-01-01 02:58:33.503005+00:00
drv_ext_627,Водитель 627,+79110000627,X0627XX66,2026-01-28 12:07:57.417536+00:00
drv_ext_628,Водитель 628,+79110000628,X0628XX66,2026-01-30 12:36:03.351538+00:00
drv_ext_629,Водитель 629,+79110000629,X0629XX66,2026-01-15 18:09:09.809094+00:00
drv_ext_630,Водитель 630,+79110000630,X0630XX66,2026-01-04 17:19:11.687595+00:00
drv_ext_631,Водитель 631,+79110000631,X0631XX66,2026-01-11 14:07:49.250149+00:00
drv_ext_632,Водитель 632,+79110000632,X0632XX66,2026-01-07 13:37:04.238338+00:00
drv_ext_633,Водитель 633,+79110000633,X0633XX66,2026-01-16 22:15:19.136315+00:00
drv_ext_634,Водитель 634,+79110000634,X0634XX66,2026-01-05 08:06:15.337680+00:00
drv_ext_635,Водитель 635,+79110000635,X0635XX66,2026-01-08 07:05:06.351212+00:00
drv_ext_636,Водитель 636,+79110000636,X0636XX66,2026-01-23 10:44:47.499674+00:00
drv_ext_637,Водитель 637,+79110000637,X0637XX66,2026-01-28 21:24:14.522160+00:00
drv_ext_638,Водитель 638,+79110000638,X0638XX66,2026-01-02 12:16:29.231673+00:00
drv_ext_639,Водитель 639,+79110000639,X0639XX66,2026-01-29 11:35:44.511289+00:00
drv_ext_640,Водитель 640,+79110000640,X0640XX66,2026-01-08 22:43:19.744645+00:00
drv_ext_641,Водитель 641,+79110000641,X0641XX66,2026-01-10 14:35:55.977576+00:00
drv_ext_642,Водитель 642,+79110000642,X0642XX66,2026-01-02 20:09:18.640458+00:00
drv_ext_643,Водитель 643,+79110000643,X0643XX66,2026-01-10 08:23:19.667539+00:00
drv_ext_644,Водитель 644,+79110000644,X0644XX66,2026-01-15 18:43:01.371960+00:00
drv_ext_645,Водитель 645,+79110000645,X0645XX66,2026-01-26 07:36:59.451198+00:00
drv_ext_646,Водитель 646,+79110000646,X0646XX66,2026-01-20 13:09:13.533868+00:00
drv_ext_647,Водитель 647,+79110000647,X0647XX66,2026-01-15 00:28:24.287279+00:00
drv_ext_648,Водитель 648,+79110000648,X0648XX66,2026-01-03 19:49:07.110658+00:00
drv_ext_649,Водитель 649,+79110000649,X0649XX66,2026-01-09 04:54:24.221489+00:00
drv_ext_650,Водитель 650,+79110000650,X0650XX66,2026-01-08 17:58:51.859833+00:00
drv_ext_651,Водитель 651,+79110000651,X0651XX66,2026-01-16 11:40:17.201279+00:00
drv_ext_652,Водитель 652,+79110000652,X0652XX66,2026-01-20 03:14:19.335707+00:00
drv_ext_653,Водитель 653,+79110000653,X0653XX66,2026-01-29 18:52:20.884797+00:00
drv_ext_654,Водитель 654,+79110000654,X0654XX66,2026-01-11 04:22:51.393684+00:00
drv_ext_655,Водитель 655,+79110000655,X0655XX66,2026-01-13 09:13:33.704362+00:00
drv_ext_656,Водитель 656,+79110000656,X0656XX66,2026-01-13 22:42:40.367777+00:00
drv_ext_657,Водитель 657,+79110000657,X0657XX66,2026-01-21 19:36:54.330923+00:00
drv_ext_658,Водитель 658,+79110000658,X0658XX66,2026-01-09 14:58:59.850351+00:00
drv_ext_659,Водитель 659,+79110000659,X0659XX66,2026-01-15 02:20:39.070070+00:00
drv_ext_660,Водитель 660,+79110000660,X0660XX66,2026-01-30 08:38:55.066824+00:00
drv_ext_661,Водитель 661,+79110000661,X0661XX66,2026-01-07 09:07:46.810266+00:00
drv_ext_662,Водитель 662,+79110000662,X0662XX66,2026-01-15 02:57:31.336851+00:00
drv_ext_663,Водитель 663,+79110000663,X0663XX66,2026-01-30 18:25:18.193594+00:00
drv_ext_664,Водитель 664,+79110000664,X0664XX66,2026-01-18 13:06:00.458166+00:00
drv_ext_665,Водитель 665,+79110000665,X0665XX66,2026-01-07 19:16:50.383855+00:00
drv_ext_666,Водитель 666,+79110000666,X0666XX66,2026-01-20 00:05:06.962754+00:00
drv_ext_667,Водитель 667,+79110000667,X0667XX66,2026-01-27 22:18:26.101858+00:00
drv_ext_668,Водитель 668,+79110000668,X0668XX66,2026-01-01 10:37:54.434160+00:00
drv_ext_669,Водитель 669,+79110000669,X0669XX66,2026-01-23 10:31:16.489591+00:00
drv_ext_670,Водитель 670,+79110000670,X0670XX66,2026-01-27 23:00:43.449581+00:00
drv_ext_671,Водитель 671,+79110000671,X0671XX66,2026-01-22 23:44:52.212947+00:00
drv_ext_672,Водитель 672,+79110000672,X0672XX66,2026-01-16 21:10:27.637372+00:00
drv_ext_673,Водитель 673,+79110000673,X0673XX66,2026-01-08 04:30:28.115515+00:00
drv_ext_674,Водитель 674,+79110000674,X0674XX66,2026-01-27 16:59:13.637047+00:00
drv_ext_675,Водитель 675,+79110000675,X0675XX66,2026-01-14 09:48:16.936174+00:00
drv_ext_676,Водитель 676,+79110000676,X0676XX66,2026-01-19 22:54:18.705579+00:00
drv_ext_677,Водитель 677,+79110000677,X0677XX66,2026-01-12 13:36:07.385654+00:00
drv_ext_678,Водитель 678,+79110000678,X0678XX66,2026-01-21 14:16:37.405563+00:00
drv_ext_679,Водитель 679,+79110000679,X0679XX66,2026-01-09 00:53:23.704621+00:00
drv_ext_680,Водитель 680,+79110000680,X0680XX66,2026-01-30 03:39:55.770929+00:00
drv_ext_681,Водитель 681,+79110000681,X0681XX66,2026-01-18 14:55:40.691433+00:00
drv_ext_682,Водитель 682,+79110000682,X0682XX66,2026-01-09 04:27:18.678620+00:00
drv_ext_683,Водитель 683,+79110000683,X0683XX66,2026-01-15 23:05:03.639215+00:00
drv_ext_684,Водитель 684,+79110000684,X0684XX66,2026-01-28 14:36:50.492070+00:00
drv_ext_685,Водитель 685,+79110000685,X0685XX66,2026-01-10 16:10:22.997484+00:00
drv_ext_686,Водитель 686,+79110000686,X0686XX66,2026-01-18 13:11:18.731641+00:00
drv_ext_687,Водитель 687,+79110000687,X0687XX66,2026-01-17 22:42:43.018104+00:00
drv_ext_688,Водитель 688,+79110000688,X0688XX66,2026-01-06 07:04:43.599407+00:00
drv_ext_689,Водитель 689,+79110000689,X0689XX66,2026-01-14 16:46:04.771150+00:00
drv_ext_690,Водитель 690,+79110000690,X0690XX66,2026-01-29 20:19:28.122890+00:00
drv_ext_691,Водитель 691,+79110000691,X0691XX66,2026-01-03 22:25:10.430554+00:00
drv_ext_692,Водитель 692,+79110000692,X0692XX66,2026-01-08 09:06:09.267930+00:00
drv_ext_693,Водитель 693,+79110000693,X0693XX66,2026-01-21 20:23:15.055467+00:00
drv_ext_694,Водитель 694,+79110000694,X0694XX66,2026-01-08 23:13:24.695537+00:00
drv_ext_695,Водитель 695,+79110000695,X0695XX66,2026-01-10 12:47:55.453210+00:00
drv_ext_696,Водитель 696,+79110000696,X0696XX66,2026-01-24 06:51:23.731245+00:00
drv_ext_697,Водитель 697,+79110000697,X0697XX66,2026-01-22 20:21:51.327624+00:00
drv_ext_698,Водитель 698,+79110000698,X0698XX66,2026-01-15 01:41:52.948723+00:00
drv_ext_699,Водитель 699,+79110000699,X0699XX66,2026-01-23 05:46:37.443081+00:00
drv_ext_700,Водитель 700,+79110000700,X0700XX66,2026-01-20 10:20:12.107727+00:00
drv_ext_701,Водитель 701,+79110000701,X0701XX66,2026-01-15 03:43:05.056280+00:00
drv_ext_702,Водитель 702,+79110000702,X0702XX66,2026-01-01 12:54:48.670647+00:00
drv_ext_703,Водитель 703,+79110000703,X0703XX66,2026-01-30 12:09:27.448087+00:00
drv_ext_704,Водитель 704,+79110000704,X0704XX66,2026-01-20 12:11:32.615571+00:00
drv_ext_705,Водитель 705,+79110000705,X0705XX66,2026-01-23 14:29:07.273873+00:00
drv_ext_706,Водитель 706,+79110000706,X0706XX66,2026-01-19 23:28:00.027200+00:00
drv_ext_707,Водитель 707,+79110000707,X0707XX66,2026-01-21 14:53:52.816147+00:00
drv_ext_708,Водитель 708,+79110000708,X0708XX66,2026-01-08 23:27:44.257966+00:00
drv_ext_709,Водитель 709,+79110000709,X0709XX66,2026-01-09 23:11:06.444966+00:00
drv_ext_710,Водитель 710,+79110000710,X0710XX66,2026-01-18 02:42:01.954782+00:00
drv_ext_711,Водитель 711,+79110000711,X0711XX66,2026-01-24 22:06:22.295651+00:00
drv_ext_712,Водитель 712,+79110000712,X0712XX66,2026-01-10 15:44:45.950304+00:00
drv_ext_713,Водитель 713,+79110000713,X0713XX66,2026-01-16 15:41:13.217754+00:00
drv_ext_714,Водитель 714,+79110000714,X0714XX66,2026-01-05 09:58:11.387542+00:00
drv_ext_715,Водитель 715,+79110000715,X0715XX66,2026-01-13 01:23:21.905206+00:00
drv_ext_716,Водитель 716,+79110000716,X0716XX66,2026-01-18 13:55:38.507357+00:00
drv_ext_717,Водитель 717,+79110000717,X0717XX66,2026-01-14 12:25:19.195309+00:00
drv_ext_718,Водитель 718,+79110000718,X0718XX66,2026-01-21 01:53:19.450010+00:00
drv_ext_719,Водитель 719,+79110000719,X0719XX66,2026-01-10 10:19:13.660833+00:00
drv_ext_720,Водитель 720,+79110000720,X0720XX66,2026-01-11 09:35:55.702780+00:00
drv_ext_721,Водитель 721,+79110000721,X0721XX66,2026-01-13 06:22:06.844567+00:00
drv_ext_722,Водитель 722,+79110000722,X0722XX66,2026-01-24 11:57:58.822229+00:00
drv_ext_723,Водитель 723,+79110000723,X0723XX66,2026-01-22 12:43:27.993685+00:00
drv_ext_724,Водитель 724,+79110000724,X0724XX66,2026-01-10 10:06:00.079427+00:00
drv_ext_725,Водитель 725,+79110000725,X0725XX66,2026-01-27 10:22:02.447043+00:00
drv_ext_726,Водитель 726,+79110000726,X0726XX66,2026-01-21 22:30:31.562864+00:00
drv_ext_727,Водитель 727,+79110000727,X0727XX66,2026-01-14 07:23:44.854859+00:00
drv_ext_728,Водитель 728,+79110000728,X0728XX66,2026-01-02 22:03:11.178968+00:00
drv_ext_729,Водитель 729,+79110000729,X0729XX66,2026-01-14 16:31:48.567183+00:00
drv_ext_730,Водитель 730,+79110000730,X0730XX66,2026-01-25 11:50:10.537775+00:00
drv_ext_731,Водитель 731,+79110000731,X0731XX66,2026-01-19 07:08:58.723656+00:00
drv_ext_732,Водитель 732,+79110000732,X0732XX66,2026-01-08 22:05:53.914009+00:00
drv_ext_733,Водитель 733,+79110000733,X0733XX66,2026-01-24 01:14:56.219104+00:00
drv_ext_734,Водитель 734,+79110000734,X0734XX66,2026-01-23 02:17:26.762009+00:00
drv_ext_735,Водитель 735,+79110000735,X0735XX66,2026-01-26 16:02:01.737024+00:00
drv_ext_736,Водитель 736,+79110000736,X0736XX66,2026-01-04 09:05:39.005232+00:00
drv_ext_737,Водитель 737,+79110000737,X0737XX66,2026-01-06 21:37:27.825017+00:00
drv_ext_738,Водитель 738,+79110000738,X0738XX66,2026-01-15 13:29:12.957499+00:00
drv_ext_739,Водитель 739,+79110000739,X0739XX66,2026-01-07 21:28:31.351071+00:00
drv_ext_740,Водитель 740,+79110000740,X0740XX66,2026-01-05 05:18:29.295227+00:00
drv_ext_741,Водитель 741,+79110000741,X0741XX66,2026-01-07 11:25:18.298036+00:00
drv_ext_742,Водитель 742,+79110000742,X0742XX66,2026-01-10 21:43:04.038144+00:00
drv_ext_743,Водитель 743,+79110000743,X0743XX66,2026-01-28 03:05:04.123112+00:00
drv_ext_744,Водитель 744,+79110000744,X0744XX66,2026-01-21 11:57:51.183798+00:00
drv_ext_745,Водитель 745,+79110000745,X0745XX66,2026-01-11 05:48:14.368856+00:00
drv_ext_746,Водитель 746,+79110000746,X0746XX66,2026-01-18 05:58:14.169090+00:00
drv_ext_747,Водитель 747,+79110000747,X0747XX66,2026-01-13 20:28:49.853472+00:00
drv_ext_748,Водитель 748,+79110000748,X0748XX66,2026-01-15 15:55:11.458861+00:00
drv_ext_749,Водитель 749,+79110000749,X0749XX66,2026-01-23 10:13:24.521505+00:00
drv_ext_750,Водитель 750,+79110000750,X0750XX66,2026-01-19 13:34:51.759411+00:00
drv_ext_751,Водитель 751,+79110000751,X0751XX66,2026-01-17 20:52:55.176351+00:00
drv_ext_752,Водитель 752,+79110000752,X0752XX66,2026-01-09 02:38:28.916219+00:00
drv_ext_753,Водитель 753,+79110000753,X0753XX66,2026-01-30 23:31:53.119576+00:00
drv_ext_754,Водитель 754,+79110000754,X0754XX66,2026-01-06 01:26:19.478733+00:00
drv_ext_755,Водитель 755,+79110000755,X0755XX66,2026-01-06 22:19:46.199235+00:00
drv_ext_756,Водитель 756,+79110000756,X0756XX66,2026-01-27 16:25:27.539055+00:00
drv_ext_757,Водитель 757,+79110000757,X0757XX66,2026-01-17 02:19:37.802546+00:00
drv_ext_758,Водитель 758,+79110000758,X0758XX66,2026-01-08 21:14:37.991093+00:00
drv_ext_759,Водитель 759,+79110000759,X0759XX66,2026-01-05 06:54:50.970144+00:00
drv_ext_760,Водитель 760,+79110000760,X0760XX66,2026-01-04 21:34:53.515525+00:00
drv_ext_761,Водитель 761,+79110000761,X0761XX66,2026-01-09 11:40:50.023507+00:00
drv_ext_762,Водитель 762,+79110000762,X0762XX66,2026-01-05 06:32:40.178811+00:00
drv_ext_763,Водитель 763,+79110000763,X0763XX66,2026-01-10 11:34:04.256055+00:00
drv_ext_764,Водитель 764,+79110000764,X0764XX66,2026-01-23 20:18:38.918297+00:00
drv_ext_765,Водитель 765,+79110000765,X0765XX66,2026-01-04 13:55:32.818077+00:00
drv_ext_766,Водитель 766,+79110000766,X0766XX66,2026-01-02 21:45:39.443869+00:00
drv_ext_767,Водитель 767,+79110000767,X0767XX66,2026-01-08 20:59:45.510163+00:00
drv_ext_768,Водитель 768,+79110000768,X0768XX66,2026-01-18 06:44:16.030264+00:00
drv_ext_769,Водитель 769,+79110000769,X0769XX66,2026-01-05 08:46:04.239214+00:00
drv_ext_770,Водитель 770,+79110000770,X0770XX66,2026-01-10 13:20:24.567222+00:00
drv_ext_771,Водитель 771,+79110000771,X0771XX66,2026-01-11 11:19:52.010055+00:00
drv_ext_772,Водитель 772,+79110000772,X0772XX66,2026-01-22 21:44:46.283753+00:00
drv_ext_773,Водитель 773,+79110000773,X0773XX66,2026-01-18 23:57:04.110665+00:00
drv_ext_774,Водитель 774,+79110000774,X0774XX66,2026-01-08 14:22:37.123395+00:00
drv_ext_775,Водитель 775,+79110000775,X0775XX66,2026-01-28 09:17:01.530736+00:00
drv_ext_776,Водитель 776,+79110000776,X0776XX66,2026-01-08 14:38:49.902788+00:00
drv_ext_777,Водитель 777,+79110000777,X0777XX66,2026-01-16 08:25:59.131201+00:00
drv_ext_778,Водитель 778,+79110000778,X0778XX66,2026-01-02 04:27:55.582651+00:00
drv_ext_779,Водитель 779,+79110000779,X0779XX66,2026-01-14 08:35:00.412802+00:00
drv_ext_780,Водитель 780,+79110000780,X0780XX66,2026-01-13 18:14:05.924169+00:00
drv_ext_781,Водитель 781,+79110000781,X0781XX66,2026-01-22 09:12:10.391762+00:00
drv_ext_782,Водитель 782,+79110000782,X0782XX66,2026-01-10 15:22:19.240851+00:00
drv_ext_783,Водитель 783,+79110000783,X0783XX66,2026-01-09 01:49:38.563564+00:00
drv_ext_784,Водитель 784,+79110000784,X0784XX66,2026-01-08 12:24:40.591777+00:00
drv_ext_785,Водитель 785,+79110000785,X0785XX66,2026-01-29 09:58:46.120946+00:00
drv_ext_786,Водитель 786,+79110000786,X0786XX66,2026-01-16 14:58:04.187392+00:00
drv_ext_787,Водитель 787,+79110000787,X0787XX66,2026-01-19 21:34:44.168028+00:00
drv_ext_788,Водитель 788,+79110000788,X0788XX66,2026-01-10 19:40:57.474016+00:00
drv_ext_789,Водитель 789,+79110000789,X0789XX66,2026-01-20 07:29:51.101758+00:00
drv_ext_790,Водитель 790,+79110000790,X0790XX66,2026-01-14 16:05:41.605293+00:00
drv_ext_791,Водитель 791,+79110000791,X0791XX66,2026-01-19 01:04:42.841621+00:00
drv_ext_792,Водитель 792,+79110000792,X0792XX66,2026-01-25 07:09:38.923675+00:00
drv_ext_793,Водитель 793,+79110000793,X0793XX66,2026-01-23 01:04:56.981738+00:00
drv_ext_794,Водитель 794,+79110000794,X0794XX66,2026-01-15 16:27:32.327382+00:00
drv_ext_795,Водитель 795,+79110000795,X0795XX66,2026-01-15 07:53:33.361253+00:00
drv_ext_796,Водитель 796,+79110000796,X0796XX66,2026-01-05 23:48:42.946925+00:00
drv_ext_797,Водитель 797,+79110000797,X0797XX66,2026-01-24 13:30:39.273534+00:00
drv_ext_798,Водитель 798,+79110000798,X0798XX66,2026-01-15 22:01:17.091403+00:00
drv_ext_799,Водитель 799,+79110000799,X0799XX66,2026-01-17 22:37:38.347586+00:00
drv_ext_800,Водитель 800,+79110000800,X0800XX66,2026-01-01 19:26:44.358106+00:00
drv_ext_801,Водитель 801,+79110000801,X0801XX66,2026-01-25 12:06:06.559474+00:00
drv_ext_802,Водитель 802,+79110000802,X0802XX66,2026-01-12 03:19:22.569531+00:00
drv_ext_803,Водитель 803,+79110000803,X0803XX66,2026-01-29 04:42:07.956562+00:00
drv_ext_804,Водитель 804,+79110000804,X0804XX66,2026-01-18 20:11:07.298628+00:00
drv_ext_805,Водитель 805,+79110000805,X0805XX66,2026-01-11 03:01:49.489291+00:00
drv_ext_806,Водитель 806,+79110000806,X0806XX66,2026-01-22 09:40:30.596788+00:00
drv_ext_807,Водитель 807,+79110000807,X0807XX66,2026-01-13 12:49:03.803932+00:00
drv_ext_808,Водитель 808,+79110000808,X0808XX66,2026-01-10 02:47:45.581342+00:00
drv_ext_809,Водитель 809,+79110000809,X0809XX66,2026-01-26 04:21:42.748477+00:00
drv_ext_810,Водитель 810,+79110000810,X0810XX66,2026-01-21 05:35:31.799630+00:00
drv_ext_811,Водитель 811,+79110000811,X0811XX66,2026-01-24 23:51:01.791764+00:00
drv_ext_812,Водитель 812,+79110000812,X0812XX66,2026-01-18 17:09:39.908707+00:00
drv_ext_813,Водитель 813,+79110000813,X0813XX66,2026-01-30 10:19:44.988501+00:00
drv_ext_814,Водитель 814,+79110000814,X0814XX66,2026-01-27 00:16:06.248929+00:00
drv_ext_815,Водитель 815,+79110000815,X0815XX66,2026-01-14 13:23:00.829244+00:00
drv_ext_816,Водитель 816,+79110000816,X0816XX66,2026-01-17 00:52:56.672346+00:00
drv_ext_817,Водитель 817,+79110000817,X0817XX66,2026-01-29 00:19:36.073230+00:00
drv_ext_818,Водитель 818,+79110000818,X0818XX66,2026-01-20 13:22:02.103563+00:00
drv_ext_819,Водитель 819,+79110000819,X0819XX66,2026-01-13 10:04:47.059854+00:00
drv_ext_820,Водитель 820,+79110000820,X0820XX66,2026-01-20 09:44:13.388899+00:00
drv_ext_821,Водитель 821,+79110000821,X0821XX66,2026-01-11 09:18:49.899586+00:00
drv_ext_822,Водитель 822,+79110000822,X0822XX66,2026-01-22 04:15:41.975313+00:00
drv_ext_823,Водитель 823,+79110000823,X0823XX66,2026-01-02 21:54:02.738270+00:00
drv_ext_824,Водитель 824,+79110000824,X0824XX66,2026-01-10 17:12:15.541371+00:00
drv_ext_825,Водитель 825,+79110000825,X0825XX66,2026-01-25 09:56:21.091666+00:00
drv_ext_826,Водитель 826,+79110000826,X0826XX66,2026-01-10 21:08:23.014875+00:00
drv_ext_827,Водитель 827,+79110000827,X0827XX66,2026-01-29 02:42:58.815375+00:00
drv_ext_828,Водитель 828,+79110000828,X0828XX66,2026-01-16 02:21:55.490392+00:00
drv_ext_829,Водитель 829,+79110000829,X0829XX66,2026-01-01 14:13:38.916732+00:00
drv_ext_830,Водитель 830,+79110000830,X0830XX66,2026-01-10 01:41:20.261474+00:00
drv_ext_831,Водитель 831,+79110000831,X0831XX66,2026-01-03 12:13:50.441310+00:00
drv_ext_832,Водитель 832,+79110000832,X0832XX66,2026-01-05 06:45:57.040479+00:00
drv_ext_833,Водитель 833,+79110000833,X0833XX66,2026-01-19 15:08:06.445054+00:00
drv_ext_834,Водитель 834,+79110000834,X0834XX66,2026-01-24 15:06:58.597307+00:00
drv_ext_835,Водитель 835,+79110000835,X0835XX66,2026-01-27 23:19:53.250577+00:00
drv_ext_836,Водитель 836,+79110000836,X0836XX66,2026-01-02 03:57:35.025144+00:00
drv_ext_837,Водитель 837,+79110000837,X0837XX66,2026-01-03 00:43:14.534284+00:00
drv_ext_838,Водитель 838,+79110000838,X0838XX66,2026-01-13 22:55:59.805952+00:00
drv_ext_839,Водитель 839,+79110000839,X0839XX66,2026-01-27 09:43:43.297678+00:00
drv_ext_840,Водитель 840,+79110000840,X0840XX66,2026-01-01 01:20:44.394997+00:00
drv_ext_841,Водитель 841,+79110000841,X0841XX66,2026-01-26 22:36:02.817154+00:00
drv_ext_842,Водитель 842,+79110000842,X0842XX66,2026-01-24 03:49:16.040426+00:00
drv_ext_843,Водитель 843,+79110000843,X0843XX66,2026-01-12 22:10:21.832337+00:00
drv_ext_844,Водитель 844,+79110000844,X0844XX66,2026-01-04 22:16:12.744150+00:00
drv_ext_845,Водитель 845,+79110000845,X0845XX66,2026-01-14 08:18:02.975196+00:00
drv_ext_846,Водитель 846,+79110000846,X0846XX66,2026-01-30 00:09:25.586784+00:00
drv_ext_847,Водитель 847,+79110000847,X0847XX66,2026-01-10 02:51:46.015597+00:00
drv_ext_848,Водитель 848,+79110000848,X0848XX66,2026-01-25 18:59:59.538080+00:00
drv_ext_849,Водитель 849,+79110000849,X0849XX66,2026-01-14 17:28:08.585392+00:00
drv_ext_850,Водитель 850,+79110000850,X0850XX66,2026-01-07 08:40:26.451398+00:00
drv_ext_851,Водитель 851,+79110000851,X0851XX66,2026-01-12 02:55:04.238949+00:00
drv_ext_852,Водитель 852,+79110000852,X0852XX66,2026-01-13 08:46:45.972335+00:00
drv_ext_853,Водитель 853,+79110000853,X0853XX66,2026-01-02 20:07:47.188612+00:00
drv_ext_854,Водитель 854,+79110000854,X0854XX66,2026-01-25 20:53:21.364062+00:00
drv_ext_855,Водитель 855,+79110000855,X0855XX66,2026-01-23 03:42:40.327252+00:00
drv_ext_856,Водитель 856,+79110000856,X0856XX66,2026-01-10 10:38:45.535741+00:00
drv_ext_857,Водитель 857,+79110000857,X0857XX66,2026-01-11 11:22:38.089973+00:00
drv_ext_858,Водитель 858,+79110000858,X0858XX66,2026-01-22 13:46:24.628725+00:00
drv_ext_859,Водитель 859,+79110000859,X0859XX66,2026-01-04 10:04:46.304035+00:00
drv_ext_860,Водитель 860,+79110000860,X0860XX66,2026-01-25 00:23:57.453055+00:00
drv_ext_861,Водитель 861,+79110000861,X0861XX66,2026-01-29 21:36:45.991630+00:00
drv_ext_862,Водитель 862,+79110000862,X0862XX66,2026-01-23 04:45:07.027699+00:00
drv_ext_863,Водитель 863,+79110000863,X0863XX66,2026-01-23 13:41:12.576001+00:00
drv_ext_864,Водитель 864,+79110000864,X0864XX66,2026-01-25 20:06:24.124938+00:00
drv_ext_865,Водитель 865,+79110000865,X0865XX66,2026-01-27 15:13:05.007345+00:00
drv_ext_866,Водитель 866,+79110000866,X0866XX66,2026-01-29 16:24:11.148548+00:00
drv_ext_867,Водитель 867,+79110000867,X0867XX66,2026-01-27 02:12:47.844168+00:00
drv_ext_868,Водитель 868,+79110000868,X0868XX66,2026-01-27 11:23:32.344147+00:00
drv_ext_869,Водитель 869,+79110000869,X0869XX66,2026-01-20 21:48:25.445451+00:00
drv_ext_870,Водитель 870,+79110000870,X0870XX66,2026-01-24 07:47:56.070519+00:00
drv_ext_871,Водитель 871,+79110000871,X0871XX66,2026-01-18 03:56:29.757558+00:00
drv_ext_872,Водитель 872,+79110000872,X0872XX66,2026-01-26 09:53:13.222446+00:00
drv_ext_873,Водитель 873,+79110000873,X0873XX66,2026-01-10 18:50:12.157372+00:00
drv_ext_874,Водитель 874,+79110000874,X0874XX66,2026-01-19 11:21:30.516391+00:00
drv_ext_875,Водитель 875,+79110000875,X0875XX66,2026-01-10 22:24:04.382474+00:00
drv_ext_876,Водитель 876,+79110000876,X0876XX66,2026-01-02 10:08:27.101526+00:00
drv_ext_877,Водитель 877,+79110000877,X0877XX66,2026-01-06 08:18:28.067639+00:00
drv_ext_878,Водитель 878,+79110000878,X0878XX66,2026-01-30 17:36:37.097677+00:00
drv_ext_879,Водитель 879,+79110000879,X0879XX66,2026-01-19 11:33:58.203368+00:00
drv_ext_880,Водитель 880,+79110000880,X0880XX66,2026-01-12 23:50:12.259996+00:00
drv_ext_881,Водитель 881,+79110000881,X0881XX66,2026-01-04 05:18:53.353966+00:00
drv_ext_882,Водитель 882,+79110000882,X0882XX66,2026-01-02 00:30:30.561830+00:00
drv_ext_883,Водитель 883,+79110000883,X0883XX66,2026-01-27 23:16:35.135433+00:00
drv_ext_884,Водитель 884,+79110000884,X0884XX66,2026-01-24 05:45:44.353075+00:00
drv_ext_885,Водитель 885,+79110000885,X0885XX66,2026-01-16 12:33:55.400982+00:00
drv_ext_886,Водитель 886,+79110000886,X0886XX66,2026-01-22 10:51:29.513552+00:00
drv_ext_887,Водитель 887,+79110000887,X0887XX66,2026-01-24 12:04:41.439663+00:00
drv_ext_888,Водитель 888,+79110000888,X0888XX66,2026-01-15 16:34:11.110891+00:00
drv_ext_889,Водитель 889,+79110000889,X0889XX66,2026-01-19 12:21:06.992439+00:00
drv_ext_890,Водитель 890,+79110000890,X0890XX66,2026-01-25 15:53:01.326668+00:00
drv_ext_891,Водитель 891,+79110000891,X0891XX66,2026-01-02 02:27:00.490853+00:00
drv_ext_892,Водитель 892,+79110000892,X0892XX66,2026-01-30 14:10:43.659438+00:00
drv_ext_893,Водитель 893,+79110000893,X0893XX66,2026-01-06 23:35:41.538944+00:00
drv_ext_894,Водитель 894,+79110000894,X0894XX66,2026-01-22 05:16:32.108242+00:00
drv_ext_895,Водитель 895,+79110000895,X0895XX66,2026-01-20 01:35:42.866146+00:00
drv_ext_896,Водитель 896,+79110000896,X0896XX66,2026-01-30 16:11:46.731036+00:00
drv_ext_897,Водитель 897,+79110000897,X0897XX66,2026-01-17 04:21:20.937485+00:00
drv_ext_898,Водитель 898,+79110000898,X0898XX66,2026-01-30 21:08:41.928605+00:00
drv_ext_899,Водитель 899,+79110000899,X0899XX66,2026-01-20 03:34:41.377333+00:00
drv_ext_900,Водитель 900,+79110000900,X0900XX66,2026-01-03 00:19:43.369578+00:00
drv_ext_901,Водитель 901,+79110000901,X0901XX66,2026-01-26 00:46:14.862161+00:00
drv_ext_902,Водитель 902,+79110000902,X0902XX66,2026-01-30 04:08:52.666131+00:00
drv_ext_903,Водитель 903,+79110000903,X0903XX66,2026-01-04 05:37:33.012249+00:00
drv_ext_904,Водитель 904,+79110000904,X0904XX66,2026-01-18 11:39:32.550648+00:00
drv_ext_905,Водитель 905,+79110000905,X0905XX66,2026-01-23 06:16:38.753086+00:00
drv_ext_906,Водитель 906,+79110000906,X0906XX66,2026-01-13 12:49:49.818816+00:00
drv_ext_907,Водитель 907,+79110000907,X0907XX66,2026-01-25 14:29:03.058518+00:00
drv_ext_908,Водитель 908,+79110000908,X0908XX66,2026-01-09 02:25:17.279455+00:00
drv_ext_909,Водитель 909,+79110000909,X0909XX66,2026-01-04 12:49:38.414211+00:00
drv_ext_910,Водитель 910,+79110000910,X0910XX66,2026-01-19 15:03:52.016212+00:00
drv_ext_911,Водитель 911,+79110000911,X0911XX66,2026-01-07 14:37:32.125502+00:00
drv_ext_912,Водитель 912,+79110000912,X0912XX66,2026-01-22 18:56:26.895404+00:00
drv_ext_913,Водитель 913,+79110000913,X0913XX66,2026-01-20 18:01:28.087854+00:00
drv_ext_914,Водитель 914,+79110000914,X0914XX66,2026-01-24 20:22:48.542341+00:00
drv_ext_915,Водитель 915,+79110000915,X0915XX66,2026-01-21 19:34:09.988698+00:00
drv_ext_916,Водитель 916,+79110000916,X0916XX66,2026-01-20 10:02:11.902919+00:00
drv_ext_917,Водитель 917,+79110000917,X0917XX66,2026-01-09 04:04:13.177701+00:00
drv_ext_918,Водитель 918,+79110000918,X0918XX66,2026-01-03 06:46:02.973932+00:00
drv_ext_919,Водитель 919,+79110000919,X0919XX66,2026-01-23 10:52:52.473346+00:00
drv_ext_920,Водитель 920,+79110000920,X0920XX66,2026-01-23 08:53:49.754997+00:00
drv_ext_921,Водитель 921,+79110000921,X0921XX66,2026-01-14 10:23:12.487525+00:00
drv_ext_922,Водитель 922,+79110000922,X0922XX66,2026-01-17 00:03:02.147194+00:00
drv_ext_923,Водитель 923,+79110000923,X0923XX66,2026-01-01 08:55:53.503148+00:00
drv_ext_924,Водитель 924,+79110000924,X0924XX66,2026-01-04 03:43:06.280961+00:00
drv_ext_925,Водитель 925,+79110000925,X0925XX66,2026-01-29 11:12:42.035521+00:00
drv_ext_926,Водитель 926,+79110000926,X0926XX66,2026-01-23 06:07:33.100588+00:00
drv_ext_927,Водитель 927,+79110000927,X0927XX66,2026-01-23 07:34:21.802853+00:00
drv_ext_928,Водитель 928,+79110000928,X0928XX66,2026-01-23 08:01:32.303673+00:00
drv_ext_929,Водитель 929,+79110000929,X0929XX66,2026-01-14 00:54:28.623046+00:00
drv_ext_930,Водитель 930,+79110000930,X0930XX66,2026-01-29 14:47:29.535254+00:00
drv_ext_931,Водитель 931,+79110000931,X0931XX66,2026-01-22 05:55:43.716767+00:00
drv_ext_932,Водитель 932,+79110000932,X0932XX66,2026-01-16 07:16:27.808447+00:00
drv_ext_933,Водитель 933,+79110000933,X0933XX66,2026-01-19 00:33:10.107845+00:00
drv_ext_934,Водитель 934,+79110000934,X0934XX66,2026-01-18 12:33:59.150550+00:00
drv_ext_935,Водитель 935,+79110000935,X0935XX66,2026-01-22 22:53:41.375712+00:00
drv_ext_936,Водитель 936,+79110000936,X0936XX66,2026-01-17 05:16:52.177643+00:00
drv_ext_937,Водитель 937,+79110000937,X0937XX66,2026-01-23 07:55:46.225719+00:00
drv_ext_938,Водитель 938,+79110000938,X0938XX66,2026-01-08 04:22:57.546690+00:00
drv_ext_939,Водитель 939,+79110000939,X0939XX66,2026-01-06 07:33:06.293986+00:00
drv_ext_940,Водитель 940,+79110000940,X0940XX66,2026-01-30 18:15:03.837735+00:00
drv_ext_941,Водитель 941,+79110000941,X0941XX66,2026-01-19 05:28:49.715622+00:00
drv_ext_942,Водитель 942,+79110000942,X0942XX66,2026-01-27 04:20:40.254080+00:00
drv_ext_943,Водитель 943,+79110000943,X0943XX66,2026-01-01 10:11:48.790713+00:00
drv_ext_944,Водитель 944,+79110000944,X0944XX66,2026-01-02 00:19:34.000131+00:00
drv_ext_945,Водитель 945,+79110000945,X0945XX66,2026-01-25 12:51:21.515692+00:00
drv_ext_946,Водитель 946,+79110000946,X0946XX66,2026-01-24 02:13:12.287720+00:00
drv_ext_947,Водитель 947,+79110000947,X0947XX66,2026-01-13 06:55:00.212185+00:00
drv_ext_948,Водитель 948,+79110000948,X0948XX66,2026-01-17 13:04:07.397867+00:00
drv_ext_949,Водитель 949,+79110000949,X0949XX66,2026-01-18 00:24:23.831678+00:00
drv_ext_950,Водитель 950,+79110000950,X0950XX66,2026-01-15 19:49:36.237941+00:00
drv_ext_951,Водитель 951,+79110000951,X0951XX66,2026-01-11 23:14:46.081001+00:00
drv_ext_952,Водитель 952,+79110000952,X0952XX66,2026-01-30 08:02:48.638769+00:00
drv_ext_953,Водитель 953,+79110000953,X0953XX66,2026-01-11 05:57:58.695975+00:00
drv_ext_954,Водитель 954,+79110000954,X0954XX66,2026-01-30 08:16:53.664995+00:00
drv_ext_955,Водитель 955,+79110000955,X0955XX66,2026-01-24 05:08:36.933879+00:00
drv_ext_956,Водитель 956,+79110000956,X0956XX66,2026-01-29 01:00:08.246282+00:00
drv_ext_957,Водитель 957,+79110000957,X0957XX66,2026-01-07 01:57:14.745456+00:00
drv_ext_958,Водитель 958,+79110000958,X0958XX66,2026-01-18 17:46:17.741848+00:00
drv_ext_959,Водитель 959,+79110000959,X0959XX66,2026-01-15 22:48:48.067755+00:00
drv_ext_960,Водитель 960,+79110000960,X0960XX66,2026-01-07 07:22:14.504606+00:00
drv_ext_961,Водитель 961,+79110000961,X0961XX66,2026-01-03 04:09:24.828509+00:00
drv_ext_962,Водитель 962,+79110000962,X0962XX66,2026-01-09 08:59:52.558314+00:00
drv_ext_963,Водитель 963,+79110000963,X0963XX66,2026-01-08 15:21:00.314375+00:00
drv_ext_964,Водитель 964,+79110000964,X0964XX66,2026-01-23 05:53:39.606891+00:00
drv_ext_965,Водитель 965,+79110000965,X0965XX66,2026-01-08 17:47:35.322538+00:00
drv_ext_966,Водитель 966,+79110000966,X0966XX66,2026-01-09 07:45:56.082014+00:00
drv_ext_967,Водитель 967,+79110000967,X0967XX66,2026-01-05 08:40:19.945483+00:00
drv_ext_968,Водитель 968,+79110000968,X0968XX66,2026-01-05 23:36:12.109806+00:00
drv_ext_969,Водитель 969,+79110000969,X0969XX66,2026-01-18 12:17:46.596252+00:00
drv_ext_970,Водитель 970,+79110000970,X0970XX66,2026-01-01 17:20:12.883599+00:00
drv_ext_971,Водитель 971,+79110000971,X0971XX66,2026-01-05 03:50:14.941912+00:00
drv_ext_972,Водитель 972,+79110000972,X0972XX66,2026-01-29 08:26:22.156795+00:00
drv_ext_973,Водитель 973,+79110000973,X0973XX66,2026-01-23 09:27:01.948900+00:00
drv_ext_974,Водитель 974,+79110000974,X0974XX66,2026-01-30 22:00:54.407137+00:00
drv_ext_975,Водитель 975,+79110000975,X0975XX66,2026-01-29 21:51:03.200789+00:00
drv_ext_976,Водитель 976,+79110000976,X0976XX66,2026-01-29 11:07:21.082465+00:00
drv_ext_977,Водитель 977,+79110000977,X0977XX66,2026-01-04 05:03:47.375177+00:00
drv_ext_978,Водитель 978,+79110000978,X0978XX66,2026-01-02 18:34:25.201742+00:00
drv_ext_979,Водитель 979,+79110000979,X0979XX66,2026-01-28 05:54:42.179507+00:00
drv_ext_980,Водитель 980,+79110000980,X0980XX66,2026-01-18 05:45:00.851975+00:00
drv_ext_981,Водитель 981,+79110000981,X0981XX66,2026-01-06 17:35:04.075670+00:00
drv_ext_982,Водитель 982,+79110000982,X0982XX66,2026-01-14 04:47:29.061356+00:00
drv_ext_983,Водитель 983,+79110000983,X0983XX66,2026-01-05 06:11:21.715416+00:00
drv_ext_984,Водитель 984,+79110000984,X0984XX66,2026-01-29 13:34:21.480641+00:00
drv_ext_985,Водитель 985,+79110000985,X0985XX66,2026-01-25 02:41:48.864051+00:00
drv_ext_986,Водитель 986,+79110000986,X0986XX66,2026-01-02 08:34:10.807457+00:00
drv_ext_987,Водитель 987,+79110000987,X0987XX66,2026-01-20 10:26:35.708210+00:00
drv_ext_988,Водитель 988,+79110000988,X0988XX66,2026-01-30 09:40:31.104249+00:00
drv_ext_989,Водитель 989,+79110000989,X0989XX66,2026-01-02 16:33:47.572920+00:00
drv_ext_990,Водитель 990,+79110000990,X0990XX66,2026-01-03 14:02:34.692950+00:00
drv_ext_991,Водитель 991,+79110000991,X0991XX66,2026-01-28 17:03:43.653706+00:00
drv_ext_992,Водитель 992,+79110000992,X0992XX66,2026-01-20 06:31:39.792481+00:00
drv_ext_993,Водитель 993,+79110000993,X0993XX66,2026-01-20 16:04:47.580246+00:00
drv_ext_994,Водитель 994,+79110000994,X0994XX66,2026-01-24 00:17:55.632672+00:00
drv_ext_995,Водитель 995,+79110000995,X0995XX66,2026-01-27 14:43:31.528933+00:00
drv_ext_996,Водитель 996,+79110000996,X0996XX66,2026-01-20 12:58:17.962400+00:00
drv_ext_997,Водитель 997,+79110000997,X0997XX66,2026-01-27 16:34:39.162566+00:00
drv_ext_998,Водитель 998,+79110000998,X0998XX66,2026-01-17 10:47:44.870547+00:00
drv_ext_999,Водитель 999,+79110000999,X0999XX66,2026-01-24 12:47:41.317273+00:00
drv_ext_1000,Водитель 1000,+79110001000,X1000XX66,2026-01-05 03:18:39.798759+00:00
drv_ext_1001,Водитель 1001,+79110001001,X1001XX66,2026-01-18 19:49:26.388708+00:00
drv_ext_1002,Водитель 1002,+79110001002,X1002XX66,2026-01-21 12:20:30.288303+00:00
drv_ext_1003,Водитель 1003,+79110001003,X1003XX66,2026-01-13 20:01:58.377153+00:00
drv_ext_1004,Водитель 1004,+79110001004,X1004XX66,2026-01-08 19:41:27.165803+00:00
drv_ext_1005,Водитель 1005,+79110001005,X1005XX66,2026-01-21 14:27:02.997112+00:00
drv_ext_1006,Водитель 1006,+79110001006,X1006XX66,2026-01-13 07:49:27.553313+00:00
drv_ext_1007,Водитель 1007,+79110001007,X1007XX66,2026-01-11 06:09:08.576695+00:00
drv_ext_1008,Водитель 1008,+79110001008,X1008XX66,2026-01-02 18:25:33.816424+00:00
drv_ext_1009,Водитель 1009,+79110001009,X1009XX66,2026-01-14 03:22:47.488315+00:00
drv_ext_1010,Водитель 1010,+79110001010,X1010XX66,2026-01-21 05:09:48.931111+00:00
drv_ext_1011,Водитель 1011,+79110001011,X1011XX66,2026-01-07 05:08:08.366172+00:00
drv_ext_1012,Водитель 1012,+79110001012,X1012XX66,2026-01-25 13:54:08.320962+00:00
drv_ext_1013,Водитель 1013,+79110001013,X1013XX66,2026-01-20 14:54:02.309435+00:00
drv_ext_1014,Водитель 1014,+79110001014,X1014XX66,2026-01-22 12:08:01.640067+00:00
drv_ext_1015,Водитель 1015,+79110001015,X1015XX66,2026-01-03 10:06:57.938203+00:00
drv_ext_1016,Водитель 1016,+79110001016,X1016XX66,2026-01-19 01:52:26.304824+00:00
drv_ext_1017,Водитель 1017,+79110001017,X1017XX66,2026-01-06 12:47:46.713185+00:00
drv_ext_1018,Водитель 1018,+79110001018,X1018XX66,2026-01-10 17:26:49.850498+00:00
drv_ext_1019,Водитель 1019,+79110001019,X1019XX66,2026-01-20 01:32:50.333748+00:00
drv_ext_1020,Водитель 1020,+79110001020,X1020XX66,2026-01-06 21:03:07.821449+00:00
drv_ext_1021,Водитель 1021,+79110001021,X1021XX66,2026-01-21 10:24:57.199826+00:00
drv_ext_1022,Водитель 1022,+79110001022,X1022XX66,2026-01-09 07:40:36.552838+00:00
drv_ext_1023,Водитель 1023,+79110001023,X1023XX66,2026-01-13 04:42:40.477969+00:00
drv_ext_1024,Водитель 1024,+79110001024,X1024XX66,2026-01-09 14:27:30.146655+00:00
drv_ext_1025,Водитель 1025,+79110001025,X1025XX66,2026-01-04 13:21:20.327266+00:00
drv_ext_1026,Водитель 1026,+79110001026,X1026XX66,2026-01-22 04:51:20.699710+00:00
drv_ext_1027,Водитель 1027,+79110001027,X1027XX66,2026-01-27 07:31:18.874764+00:00
drv_ext_1028,Водитель 1028,+79110001028,X1028XX66,2026-01-21 16:18:49.143179+00:00
drv_ext_1029,Водитель 1029,+79110001029,X1029XX66,2026-01-14 01:25:40.093698+00:00
drv_ext_1030,Водитель 1030,+79110001030,X1030XX66,2026-01-26 13:45:10.721400+00:00
drv_ext_1031,Водитель 1031,+79110001031,X1031XX66,2026-01-16 15:25:52.255527+00:00
drv_ext_1032,Водитель 1032,+79110001032,X1032XX66,2026-01-09 10:29:27.429098+00:00
drv_ext_1033,Водитель 1033,+79110001033,X1033XX66,2026-01-11 10:28:15.351317+00:00
drv_ext_1034,Водитель 1034,+79110001034,X1034XX66,2026-01-02 17:13:29.255795+00:00
drv_ext_1035,Водитель 1035,+79110001035,X1035XX66,2026-01-21 11:32:31.219832+00:00
drv_ext_1036,Водитель 1036,+79110001036,X1036XX66,2026-01-11 01:23:06.714112+00:00
drv_ext_1037,Водитель 1037,+79110001037,X1037XX66,2026-01-26 03:44:56.621521+00:00
drv_ext_1038,Водитель 1038,+79110001038,X1038XX66,2026-01-10 20:47:25.711683+00:00
drv_ext_1039,Водитель 1039,+79110001039,X1039XX66,2026-01-21 12:39:17.293602+00:00
drv_ext_1040,Водитель 1040,+79110001040,X1040XX66,2026-01-11 00:30:11.584157+00:00
drv_ext_1041,Водитель 1041,+79110001041,X1041XX66,2026-01-13 17:56:32.551896+00:00
drv_ext_1042,Водитель 1042,+79110001042,X1042XX66,2026-01-25 04:13:12.914931+00:00
drv_ext_1043,Водитель 1043,+79110001043,X1043XX66,2026-01-21 17:00:31.589694+00:00
drv_ext_1044,Водитель 1044,+79110001044,X1044XX66,2026-01-04 01:09:44.292877+00:00
drv_ext_1045,Водитель 1045,+79110001045,X1045XX66,2026-01-12 05:53:10.242964+00:00
drv_ext_1046,Водитель 1046,+79110001046,X1046XX66,2026-01-25 23:28:12.747767+00:00
drv_ext_1047,Водитель 1047,+79110001047,X1047XX66,2026-01-02 02:51:15.103511+00:00
drv_ext_1048,Водитель 1048,+79110001048,X1048XX66,2026-01-10 02:26:51.019889+00:00
drv_ext_1049,Водитель 1049,+79110001049,X1049XX66,2026-01-29 13:25:52.012467+00:00
drv_ext_1050,Водитель 1050,+79110001050,X1050XX66,2026-01-23 08:27:46.472586+00:00
drv_ext_1051,Водитель 1051,+79110001051,X1051XX66,2026-01-28 09:35:17.538320+00:00
drv_ext_1052,Водитель 1052,+79110001052,X1052XX66,2026-01-10 23:22:31.436238+00:00
drv_ext_1053,Водитель 1053,+79110001053,X1053XX66,2026-01-24 02:24:16.134658+00:00
drv_ext_1054,Водитель 1054,+79110001054,X1054XX66,2026-01-16 05:48:54.147047+00:00
drv_ext_1055,Водитель 1055,+79110001055,X1055XX66,2026-01-08 16:15:32.760798+00:00
drv_ext_1056,Водитель 1056,+79110001056,X1056XX66,2026-01-19 03:01:54.130767+00:00
drv_ext_1057,Водитель 1057,+79110001057,X1057XX66,2026-01-24 17:27:50.002296+00:00
drv_ext_1058,Водитель 1058,+79110001058,X1058XX66,2026-01-23 02:42:11.914645+00:00
drv_ext_1059,Водитель 1059,+79110001059,X1059XX66,2026-01-25 00:58:01.060473+00:00
drv_ext_1060,Водитель 1060,+79110001060,X1060XX66,2026-01-17 11:25:19.962181+00:00
drv_ext_1061,Водитель 1061,+79110001061,X1061XX66,2026-01-19 01:36:37.016464+00:00
drv_ext_1062,Водитель 1062,+79110001062,X1062XX66,2026-01-04 18:24:06.021418+00:00
drv_ext_1063,Водитель 1063,+79110001063,X1063XX66,2026-01-04 21:35:16.743610+00:00
drv_ext_1064,Водитель 1064,+79110001064,X1064XX66,2026-01-23 04:18:57.032729+00:00
drv_ext_1065,Водитель 1065,+79110001065,X1065XX66,2026-01-16 03:28:06.518925+00:00
drv_ext_1066,Водитель 1066,+79110001066,X1066XX66,2026-01-30 00:08:07.874951+00:00
drv_ext_1067,Водитель 1067,+79110001067,X1067XX66,2026-01-07 05:35:12.480310+00:00
drv_ext_1068,Водитель 1068,+79110001068,X1068XX66,2026-01-06 11:45:00.595608+00:00
drv_ext_1069,Водитель 1069,+79110001069,X1069XX66,2026-01-11 06:31:43.546075+00:00
drv_ext_1070,Водитель 1070,+79110001070,X1070XX66,2026-01-03 20:38:57.496650+00:00
drv_ext_1071,Водитель 1071,+79110001071,X1071XX66,2026-01-14 11:30:52.082293+00:00
drv_ext_1072,Водитель 1072,+79110001072,X1072XX66,2026-01-27 07:48:02.516240+00:00
drv_ext_1073,Водитель 1073,+79110001073,X1073XX66,2026-01-14 00:32:56.848320+00:00
drv_ext_1074,Водитель 1074,+79110001074,X1074XX66,2026-01-11 22:35:01.018984+00:00
drv_ext_1075,Водитель 1075,+79110001075,X1075XX66,2026-01-02 09:17:01.499898+00:00
drv_ext_1076,Водитель 1076,+79110001076,X1076XX66,2026-01-25 10:40:57.483415+00:00
drv_ext_1077,Водитель 1077,+79110001077,X1077XX66,2026-01-30 10:10:52.849941+00:00
drv_ext_1078,Водитель 1078,+79110001078,X1078XX66,2026-01-25 12:19:19.085382+00:00
drv_ext_1079,Водитель 1079,+79110001079,X1079XX66,2026-01-15 06:19:47.000577+00:00
drv_ext_1080,Водитель 1080,+79110001080,X1080XX66,2026-01-06 06:08:08.092503+00:00
drv_ext_1081,Водитель 1081,+79110001081,X1081XX66,2026-01-13 08:50:41.610668+00:00
drv_ext_1082,Водитель 1082,+79110001082,X1082XX66,2026-01-30 13:13:43.033441+00:00
drv_ext_1083,Водитель 1083,+79110001083,X1083XX66,2026-01-06 07:07:09.610169+00:00
drv_ext_1084,Водитель 1084,+79110001084,X1084XX66,2026-01-03 14:19:53.547277+00:00
drv_ext_1085,Водитель 1085,+79110001085,X1085XX66,2026-01-14 17:26:34.555311+00:00
drv_ext_1086,Водитель 1086,+79110001086,X1086XX66,2026-01-14 15:22:56.512539+00:00
drv_ext_1087,Водитель 1087,+79110001087,X1087XX66,2026-01-18 15:55:53.975030+00:00
drv_ext_1088,Водитель 1088,+79110001088,X1088XX66,2026-01-24 11:38:07.818219+00:00
drv_ext_1089,Водитель 1089,+79110001089,X1089XX66,2026-01-19 21:28:26.716127+00:00
drv_ext_1090,Водитель 1090,+79110001090,X1090XX66,2026-01-26 03:35:07.715910+00:00
drv_ext_1091,Водитель 1091,+79110001091,X1091XX66,2026-01-29 11:25:39.572214+00:00
drv_ext_1092,Водитель 1092,+79110001092,X1092XX66,2026-01-02 20:30:36.097861+00:00
drv_ext_1093,Водитель 1093,+79110001093,X1093XX66,2026-01-30 19:50:00.667747+00:00
drv_ext_1094,Водитель 1094,+79110001094,X1094XX66,2026-01-18 18:40:05.773299+00:00
drv_ext_1095,Водитель 1095,+79110001095,X1095XX66,2026-01-14 06:46:59.236905+00:00
drv_ext_1096,Водитель 1096,+79110001096,X1096XX66,2026-01-28 10:22:24.237715+00:00
drv_ext_1097,Водитель 1097,+79110001097,X1097XX66,2026-01-21 11:22:02.943089+00:00
drv_ext_1098,Водитель 1098,+79110001098,X1098XX66,2026-01-01 22:39:32.400658+00:00
drv_ext_1099,Водитель 1099,+79110001099,X1099XX66,2026-01-05 12:06:24.611695+00:00
drv_ext_1100,Водитель 1100,+79110001100,X1100XX66,2026-01-27 09:35:41.975546+00:00
drv_ext_1101,Водитель 1101,+79110001101,X1101XX66,2026-01-18 14:15:22.231065+00:00
drv_ext_1102,Водитель 1102,+79110001102,X1102XX66,2026-01-04 01:51:53.407703+00:00
drv_ext_1103,Водитель 1103,+79110001103,X1103XX66,2026-01-07 23:05:45.777138+00:00
drv_ext_1104,Водитель 1104,+79110001104,X1104XX66,2026-01-22 12:45:57.849514+00:00
drv_ext_1105,Водитель 1105,+79110001105,X1105XX66,2026-01-15 17:02:12.948177+00:00
drv_ext_1106,Водитель 1106,+79110001106,X1106XX66,2026-01-17 11:37:38.882118+00:00
drv_ext_1107,Водитель 1107,+79110001107,X1107XX66,2026-01-22 01:48:41.412631+00:00
drv_ext_1108,Водитель 1108,+79110001108,X1108XX66,2026-01-02 16:54:36.857170+00:00
drv_ext_1109,Водитель 1109,+79110001109,X1109XX66,2026-01-25 01:50:50.376061+00:00
drv_ext_1110,Водитель 1110,+79110001110,X1110XX66,2026-01-21 12:09:35.013739+00:00
drv_ext_1111,Водитель 1111,+79110001111,X1111XX66,2026-01-14 07:54:49.774686+00:00
drv_ext_1112,Водитель 1112,+79110001112,X1112XX66,2026-01-25 22:31:40.602427+00:00
drv_ext_1113,Водитель 1113,+79110001113,X1113XX66,2026-01-03 15:07:35.554989+00:00
drv_ext_1114,Водитель 1114,+79110001114,X1114XX66,2026-01-22 09:26:06.281234+00:00
drv_ext_1115,Водитель 1115,+79110001115,X1115XX66,2026-01-20 23:31:07.680893+00:00
drv_ext_1116,Водитель 1116,+79110001116,X1116XX66,2026-01-10 15:46:52.901566+00:00
drv_ext_1117,Водитель 1117,+79110001117,X1117XX66,2026-01-25 06:35:49.904526+00:00
drv_ext_1118,Водитель 1118,+79110001118,X1118XX66,2026-01-08 17:23:57.188636+00:00
drv_ext_1119,Водитель 1119,+79110001119,X1119XX66,2026-01-07 05:14:35.460510+00:00
drv_ext_1120,Водитель 1120,+79110001120,X1120XX66,2026-01-21 18:43:36.247077+00:00
drv_ext_1121,Водитель 1121,+79110001121,X1121XX66,2026-01-30 05:01:35.890253+00:00
drv_ext_1122,Водитель 1122,+79110001122,X1122XX66,2026-01-23 02:04:07.259992+00:00
drv_ext_1123,Водитель 1123,+79110001123,X1123XX66,2026-01-23 11:17:21.790355+00:00
drv_ext_1124,Водитель 1124,+79110001124,X1124XX66,2026-01-28 13:23:32.657948+00:00
drv_ext_1125,Водитель 1125,+79110001125,X1125XX66,2026-01-29 13:27:08.839872+00:00
drv_ext_1126,Водитель 1126,+79110001126,X1126XX66,2026-01-27 00:43:17.318898+00:00
drv_ext_1127,Водитель 1127,+79110001127,X1127XX66,2026-01-16 10:54:08.655349+00:00
drv_ext_1128,Водитель 1128,+79110001128,X1128XX66,2026-01-21 22:37:45.639333+00:00
drv_ext_1129,Водитель 1129,+79110001129,X1129XX66,2026-01-09 23:15:58.909738+00:00
drv_ext_1130,Водитель 1130,+79110001130,X1130XX66,2026-01-02 09:17:31.312758+00:00
drv_ext_1131,Водитель 1131,+79110001131,X1131XX66,2026-01-25 11:41:26.628357+00:00
drv_ext_1132,Водитель 1132,+79110001132,X1132XX66,2026-01-03 13:07:49.394966+00:00
drv_ext_1133,Водитель 1133,+79110001133,X1133XX66,2026-01-08 21:50:13.026306+00:00
drv_ext_1134,Водитель 1134,+79110001134,X1134XX66,2026-01-21 02:41:33.570262+00:00
drv_ext_1135,Водитель 1135,+79110001135,X1135XX66,2026-01-06 06:20:50.690744+00:00
drv_ext_1136,Водитель 1136,+79110001136,X1136XX66,2026-01-25 03:25:25.305951+00:00
drv_ext_1137,Водитель 1137,+79110001137,X1137XX66,2026-01-11 00:29:25.429359+00:00
drv_ext_1138,Водитель 1138,+79110001138,X1138XX66,2026-01-13 18:42:26.668415+00:00
drv_ext_1139,Водитель 1139,+79110001139,X1139XX66,2026-01-14 05:16:51.883187+00:00
drv_ext_1140,Водитель 1140,+79110001140,X1140XX66,2026-01-29 04:29:17.520328+00:00
drv_ext_1141,Водитель 1141,+79110001141,X1141XX66,2026-01-17 09:52:43.997416+00:00
drv_ext_1142,Водитель 1142,+79110001142,X1142XX66,2026-01-04 19:08:37.808945+00:00
drv_ext_1143,Водитель 1143,+79110001143,X1143XX66,2026-01-20 22:25:20.469437+00:00
drv_ext_1144,Водитель 1144,+79110001144,X1144XX66,2026-01-04 06:34:18.464996+00:00
drv_ext_1145,Водитель 1145,+79110001145,X1145XX66,2026-01-18 01:12:04.152277+00:00
drv_ext_1146,Водитель 1146,+79110001146,X1146XX66,2026-01-23 22:00:45.121531+00:00
drv_ext_1147,Водитель 1147,+79110001147,X1147XX66,2026-01-29 08:29:33.322943+00:00
drv_ext_1148,Водитель 1148,+79110001148,X1148XX66,2026-01-21 17:11:59.644373+00:00
drv_ext_1149,Водитель 1149,+79110001149,X1149XX66,2026-01-28 17:48:08.196064+00:00
drv_ext_1150,Водитель 1150,+79110001150,X1150XX66,2026-01-19 16:27:08.636514+00:00
drv_ext_1151,Водитель 1151,+79110001151,X1151XX66,2026-01-10 14:10:24.418702+00:00
drv_ext_1152,Водитель 1152,+79110001152,X1152XX66,2026-01-16 14:40:23.426455+00:00
drv_ext_1153,Водитель 1153,+79110001153,X1153XX66,2026-01-26 05:08:53.055425+00:00
drv_ext_1154,Водитель 1154,+79110001154,X1154XX66,2026-01-29 13:29:31.607128+00:00
drv_ext_1155,Водитель 1155,+79110001155,X1155XX66,2026-01-01 06:49:25.075926+00:00
drv_ext_1156,Водитель 1156,+79110001156,X1156XX66,2026-01-21 08:13:39.307699+00:00
drv_ext_1157,Водитель 1157,+79110001157,X1157XX66,2026-01-14 13:09:09.460217+00:00
drv_ext_1158,Водитель 1158,+79110001158,X1158XX66,2026-01-16 16:12:15.637740+00:00
drv_ext_1159,Водитель 1159,+79110001159,X1159XX66,2026-01-11 05:35:07.890548+00:00
drv_ext_1160,Водитель 1160,+79110001160,X1160XX66,2026-01-16 19:25:53.300828+00:00
drv_ext_1161,Водитель 1161,+79110001161,X1161XX66,2026-01-06 22:24:59.064753+00:00
drv_ext_1162,Водитель 1162,+79110001162,X1162XX66,2026-01-14 21:36:03.225726+00:00
drv_ext_1163,Водитель 1163,+79110001163,X1163XX66,2026-01-03 00:36:24.584062+00:00
drv_ext_1164,Водитель 1164,+79110001164,X1164XX66,2026-01-27 15:28:22.996049+00:00
drv_ext_1165,Водитель 1165,+79110001165,X1165XX66,2026-01-15 00:49:20.497580+00:00
drv_ext_1166,Водитель 1166,+79110001166,X1166XX66,2026-01-02 04:18:57.463001+00:00
drv_ext_1167,Водитель 1167,+79110001167,X1167XX66,2026-01-26 07:36:10.189694+00:00
drv_ext_1168,Водитель 1168,+79110001168,X1168XX66,2026-01-15 22:09:16.470646+00:00
drv_ext_1169,Водитель 1169,+79110001169,X1169XX66,2026-01-16 10:11:23.024200+00:00
drv_ext_1170,Водитель 1170,+79110001170,X1170XX66,2026-01-29 20:49:11.417294+00:00
drv_ext_1171,Водитель 1171,+79110001171,X1171XX66,2026-01-07 12:56:10.350645+00:00
drv_ext_1172,Водитель 1172,+79110001172,X1172XX66,2026-01-21 21:01:04.347415+00:00
drv_ext_1173,Водитель 1173,+79110001173,X1173XX66,2026-01-02 02:35:23.565972+00:00
drv_ext_1174,Водитель 1174,+79110001174,X1174XX66,2026-01-21 12:22:44.071479+00:00
drv_ext_1175,Водитель 1175,+79110001175,X1175XX66,2026-01-24 06:21:08.227926+00:00
drv_ext_1176,Водитель 1176,+79110001176,X1176XX66,2026-01-26 21:07:54.284378+00:00
drv_ext_1177,Водитель 1177,+79110001177,X1177XX66,2026-01-02 00:06:58.231653+00:00
drv_ext_1178,Водитель 1178,+79110001178,X1178XX66,2026-01-14 20:55:33.958067+00:00
drv_ext_1179,Водитель 1179,+79110001179,X1179XX66,2026-01-26 02:28:57.237367+00:00
drv_ext_1180,Водитель 1180,+79110001180,X1180XX66,2026-01-22 13:27:39.695976+00:00
drv_ext_1181,Водитель 1181,+79110001181,X1181XX66,2026-01-29 18:32:14.902178+00:00
drv_ext_1182,Водитель 1182,+79110001182,X1182XX66,2026-01-01 06:20:23.294497+00:00
drv_ext_1183,Водитель 1183,+79110001183,X1183XX66,2026-01-18 20:45:07.088065+00:00
drv_ext_1184,Водитель 1184,+79110001184,X1184XX66,2026-01-19 14:18:48.658536+00:00
drv_ext_1185,Водитель 1185,+79110001185,X1185XX66,2026-01-02 20:51:22.239365+00:00
drv_ext_1186,Водитель 1186,+79110001186,X1186XX66,2026-01-06 15:44:38.350315+00:00
drv_ext_1187,Водитель 1187,+79110001187,X1187XX66,2026-01-09 12:00:31.692609+00:00
drv_ext_1188,Водитель 1188,+79110001188,X1188XX66,2026-01-21 14:01:35.847048+00:00
drv_ext_1189,Водитель 1189,+79110001189,X1189XX66,2026-01-19 19:15:42.629421+00:00
drv_ext_1190,Водитель 1190,+79110001190,X1190XX66,2026-01-16 12:41:32.570646+00:00
drv_ext_1191,Водитель 1191,+79110001191,X1191XX66,2026-01-20 10:33:38.569214+00:00
drv_ext_1192,Водитель 1192,+79110001192,X1192XX66,2026-01-03 21:04:57.975958+00:00
drv_ext_1193,Водитель 1193,+79110001193,X1193XX66,2026-01-21 11:09:31.925565+00:00
drv_ext_1194,Водитель 1194,+79110001194,X1194XX66,2026-01-11 12:54:59.251300+00:00
drv_ext_1195,Водитель 1195,+79110001195,X1195XX66,2026-01-21 18:01:11.743454+00:00
drv_ext_1196,Водитель 1196,+79110001196,X1196XX66,2026-01-16 14:47:37.871011+00:00
drv_ext_1197,Водитель 1197,+79110001197,X1197XX66,2026-01-28 05:29:48.594806+00:00
drv_ext_1198,Водитель 1198,+79110001198,X1198XX66,2026-01-23 22:35:56.867840+00:00
drv_ext_1199,Водитель 1199,+79110001199,X1199XX66,2026-01-01 10:14:02.355568+00:00
drv_ext_1200,Водитель 1200,+79110001200,X1200XX66,2026-01-16 06:30:36.584160+00:00
drv_ext_1201,Водитель 1201,+79110001201,X1201XX66,2026-01-20 13:59:21.374701+00:00
drv_ext_1202,Водитель 1202,+79110001202,X1202XX66,2026-01-03 16:53:54.897212+00:00
drv_ext_1203,Водитель 1203,+79110001203,X1203XX66,2026-01-10 11:27:01.201717+00:00
drv_ext_1204,Водитель 1204,+79110001204,X1204XX66,2026-01-13 14:50:34.355828+00:00
drv_ext_1205,Водитель 1205,+79110001205,X1205XX66,2026-01-29 21:08:04.999674+00:00
drv_ext_1206,Водитель 1206,+79110001206,X1206XX66,2026-01-27 08:30:52.158628+00:00
drv_ext_1207,Водитель 1207,+79110001207,X1207XX66,2026-01-10 09:48:18.602716+00:00
drv_ext_1208,Водитель 1208,+79110001208,X1208XX66,2026-01-05 14:16:40.369294+00:00
drv_ext_1209,Водитель 1209,+79110001209,X1209XX66,2026-01-05 15:45:12.795283+00:00
drv_ext_1210,Водитель 1210,+79110001210,X1210XX66,2026-01-23 10:06:29.512145+00:00
drv_ext_1211,Водитель 1211,+79110001211,X1211XX66,2026-01-23 10:14:19.836834+00:00
drv_ext_1212,Водитель 1212,+79110001212,X1212XX66,2026-01-29 12:24:02.703927+00:00
drv_ext_1213,Водитель 1213,+79110001213,X1213XX66,2026-01-09 12:28:27.767066+00:00
drv_ext_1214,Водитель 1214,+79110001214,X1214XX66,2026-01-18 16:02:52.415367+00:00
drv_ext_1215,Водитель 1215,+79110001215,X1215XX66,2026-01-10 04:56:46.580461+00:00
drv_ext_1216,Водитель 1216,+79110001216,X1216XX66,2026-01-12 02:00:43.660488+00:00
drv_ext_1217,Водитель 1217,+79110001217,X1217XX66,2026-01-28 00:07:10.176621+00:00
drv_ext_1218,Водитель 1218,+79110001218,X1218XX66,2026-01-27 15:03:33.261467+00:00
drv_ext_1219,Водитель 1219,+79110001219,X1219XX66,2026-01-25 15:32:55.989479+00:00
drv_ext_1220,Водитель 1220,+79110001220,X1220XX66,2026-01-18 06:51:38.966022+00:00
drv_ext_1221,Водитель 1221,+79110001221,X1221XX66,2026-01-03 20:37:27.825270+00:00
drv_ext_1222,Водитель 1222,+79110001222,X1222XX66,2026-01-12 06:29:58.261120+00:00
drv_ext_1223,Водитель 1223,+79110001223,X1223XX66,2026-01-13 14:26:51.696909+00:00
drv_ext_1224,Водитель 1224,+79110001224,X1224XX66,2026-01-18 10:51:47.723282+00:00
drv_ext_1225,Водитель 1225,+79110001225,X1225XX66,2026-01-10 02:11:29.475049+00:00
drv_ext_1226,Водитель 1226,+79110001226,X1226XX66,2026-01-13 00:24:35.023442+00:00
drv_ext_1227,Водитель 1227,+79110001227,X1227XX66,2026-01-11 08:06:33.272451+00:00
drv_ext_1228,Водитель 1228,+79110001228,X1228XX66,2026-01-13 04:36:14.812469+00:00
drv_ext_1229,Водитель 1229,+79110001229,X1229XX66,2026-01-20 05:45:14.170410+00:00
drv_ext_1230,Водитель 1230,+79110001230,X1230XX66,2026-01-17 23:27:34.464772+00:00
drv_ext_1231,Водитель 1231,+79110001231,X1231XX66,2026-01-19 10:38:10.884103+00:00
drv_ext_1232,Водитель 1232,+79110001232,X1232XX66,2026-01-23 07:24:06.473512+00:00
drv_ext_1233,Водитель 1233,+79110001233,X1233XX66,2026-01-24 06:59:08.404396+00:00
drv_ext_1234,Водитель 1234,+79110001234,X1234XX66,2026-01-26 06:12:14.718000+00:00
drv_ext_1235,Водитель 1235,+79110001235,X1235XX66,2026-01-30 12:13:22.199291+00:00
drv_ext_1236,Водитель 1236,+79110001236,X1236XX66,2026-01-11 02:00:51.822997+00:00
drv_ext_1237,Водитель 1237,+79110001237,X1237XX66,2026-01-23 08:14:26.890649+00:00
drv_ext_1238,Водитель 1238,+79110001238,X1238XX66,2026-01-19 19:17:08.249281+00:00
drv_ext_1239,Водитель 1239,+79110001239,X1239XX66,2026-01-25 21:36:13.274445+00:00
drv_ext_1240,Водитель 1240,+79110001240,X1240XX66,2026-01-28 02:34:21.196584+00:00
drv_ext_1241,Водитель 1241,+79110001241,X1241XX66,2026-01-06 09:33:34.548949+00:00
drv_ext_1242,Водитель 1242,+79110001242,X1242XX66,2026-01-09 06:07:36.924524+00:00
drv_ext_1243,Водитель 1243,+79110001243,X1243XX66,2026-01-24 01:47:17.795335+00:00
drv_ext_1244,Водитель 1244,+79110001244,X1244XX66,2026-01-21 13:41:28.490308+00:00
drv_ext_1245,Водитель 1245,+79110001245,X1245XX66,2026-01-22 16:33:54.858300+00:00
drv_ext_1246,Водитель 1246,+79110001246,X1246XX66,2026-01-12 11:18:29.965450+00:00
drv_ext_1247,Водитель 1247,+79110001247,X1247XX66,2026-01-25 16:05:44.109037+00:00
drv_ext_1248,Водитель 1248,+79110001248,X1248XX66,2026-01-27 10:19:39.515280+00:00
drv_ext_1249,Водитель 1249,+79110001249,X1249XX66,2026-01-30 22:06:50.746669+00:00
drv_ext_1250,Водитель 1250,+79110001250,X1250XX66,2026-01-02 10:09:52.922472+00:00
drv_ext_1251,Водитель 1251,+79110001251,X1251XX66,2026-01-02 13:13:10.361670+00:00
drv_ext_1252,Водитель 1252,+79110001252,X1252XX66,2026-01-24 02:12:44.370389+00:00
drv_ext_1253,Водитель 1253,+79110001253,X1253XX66,2026-01-16 00:05:05.697475+00:00
drv_ext_1254,Водитель 1254,+79110001254,X1254XX66,2026-01-07 10:48:30.471353+00:00
drv_ext_1255,Водитель 1255,+79110001255,X1255XX66,2026-01-26 16:01:12.035785+00:00
drv_ext_1256,Водитель 1256,+79110001256,X1256XX66,2026-01-19 17:36:19.142173+00:00
drv_ext_1257,Водитель 1257,+79110001257,X1257XX66,2026-01-12 10:49:33.090368+00:00
drv_ext_1258,Водитель 1258,+79110001258,X1258XX66,2026-01-10 05:04:25.810442+00:00
drv_ext_1259,Водитель 1259,+79110001259,X1259XX66,2026-01-05 08:03:48.700438+00:00
drv_ext_1260,Водитель 1260,+79110001260,X1260XX66,2026-01-14 12:42:48.467093+00:00
drv_ext_1261,Водитель 1261,+79110001261,X1261XX66,2026-01-13 00:59:09.755882+00:00
drv_ext_1262,Водитель 1262,+79110001262,X1262XX66,2026-01-27 21:20:44.531663+00:00
drv_ext_1263,Водитель 1263,+79110001263,X1263XX66,2026-01-01 13:17:37.134021+00:00
drv_ext_1264,Водитель 1264,+79110001264,X1264XX66,2026-01-01 16:12:27.584648+00:00
drv_ext_1265,Водитель 1265,+79110001265,X1265XX66,2026-01-24 09:05:48.637804+00:00
drv_ext_1266,Водитель 1266,+79110001266,X1266XX66,2026-01-28 11:56:01.802062+00:00
drv_ext_1267,Водитель 1267,+79110001267,X1267XX66,2026-01-07 23:26:17.344141+00:00
drv_ext_1268,Водитель 1268,+79110001268,X1268XX66,2026-01-11 16:01:16.633967+00:00
drv_ext_1269,Водитель 1269,+79110001269,X1269XX66,2026-01-30 21:41:53.085829+00:00
drv_ext_1270,Водитель 1270,+79110001270,X1270XX66,2026-01-13 06:40:15.239345+00:00
drv_ext_1271,Водитель 1271,+79110001271,X1271XX66,2026-01-25 07:12:39.356218+00:00
drv_ext_1272,Водитель 1272,+79110001272,X1272XX66,2026-01-10 23:17:58.965972+00:00
drv_ext_1273,Водитель 1273,+79110001273,X1273XX66,2026-01-25 16:51:00.242853+00:00
drv_ext_1274,Водитель 1274,+79110001274,X1274XX66,2026-01-19 05:08:53.703491+00:00
drv_ext_1275,Водитель 1275,+79110001275,X1275XX66,2026-01-19 18:55:56.695542+00:00
drv_ext_1276,Водитель 1276,+79110001276,X1276XX66,2026-01-16 22:19:05.513954+00:00
drv_ext_1277,Водитель 1277,+79110001277,X1277XX66,2026-01-22 17:37:39.122388+00:00
drv_ext_1278,Водитель 1278,+79110001278,X1278XX66,2026-01-18 15:03:47.975437+00:00
drv_ext_1279,Водитель 1279,+79110001279,X1279XX66,2026-01-02 23:45:26.882696+00:00
drv_ext_1280,Водитель 1280,+79110001280,X1280XX66,2026-01-26 02:35:57.984170+00:00
drv_ext_1281,Водитель 1281,+79110001281,X1281XX66,2026-01-15 14:36:20.061029+00:00
drv_ext_1282,Водитель 1282,+79110001282,X1282XX66,2026-01-13 18:22:13.826313+00:00
drv_ext_1283,Водитель 1283,+79110001283,X1283XX66,2026-01-21 14:47:58.777191+00:00
drv_ext_1284,Водитель 1284,+79110001284,X1284XX66,2026-01-21 15:23:16.166736+00:00
drv_ext_1285,Водитель 1285,+79110001285,X1285XX66,2026-01-25 07:32:21.590793+00:00
drv_ext_1286,Водитель 1286,+79110001286,X1286XX66,2026-01-24 00:59:35.856178+00:00
drv_ext_1287,Водитель 1287,+79110001287,X1287XX66,2026-01-21 05:01:59.523379+00:00
drv_ext_1288,Водитель 1288,+79110001288,X1288XX66,2026-01-21 02:55:16.919497+00:00
drv_ext_1289,Водитель 1289,+79110001289,X1289XX66,2026-01-25 10:30:00.527781+00:00
drv_ext_1290,Водитель 1290,+79110001290,X1290XX66,2026-01-09 20:44:12.102459+00:00
drv_ext_1291,Водитель 1291,+79110001291,X1291XX66,2026-01-12 01:03:43.610639+00:00
drv_ext_1292,Водитель 1292,+79110001292,X1292XX66,2026-01-28 03:52:50.521220+00:00
drv_ext_1293,Водитель 1293,+79110001293,X1293XX66,2026-01-20 04:24:21.543020+00:00
drv_ext_1294,Водитель 1294,+79110001294,X1294XX66,2026-01-25 00:06:08.960371+00:00
drv_ext_1295,Водитель 1295,+79110001295,X1295XX66,2026-01-26 05:25:15.281024+00:00
drv_ext_1296,Водитель 1296,+79110001296,X1296XX66,2026-01-29 09:38:07.028417+00:00
drv_ext_1297,Водитель 1297,+79110001297,X1297XX66,2026-01-02 13:44:00.186466+00:00
drv_ext_1298,Водитель 1298,+79110001298,X1298XX66,2026-01-06 18:19:12.998089+00:00
drv_ext_1299,Водитель 1299,+79110001299,X1299XX66,2026-01-30 00:51:31.712891+00:00
drv_ext_1300,Водитель 1300,+79110001300,X1300XX66,2026-01-24 19:38:06.573270+00:00
drv_ext_1301,Водитель 1301,+79110001301,X1301XX66,2026-01-09 04:42:29.717598+00:00
drv_ext_1302,Водитель 1302,+79110001302,X1302XX66,2026-01-04 20:15:42.419565+00:00
drv_ext_1303,Водитель 1303,+79110001303,X1303XX66,2026-01-12 12:33:41.536262+00:00
drv_ext_1304,Водитель 1304,+79110001304,X1304XX66,2026-01-16 08:42:23.843340+00:00
drv_ext_1305,Водитель 1305,+79110001305,X1305XX66,2026-01-15 21:39:49.111046+00:00
drv_ext_1306,Водитель 1306,+79110001306,X1306XX66,2026-01-20 17:14:55.553543+00:00
drv_ext_1307,Водитель 1307,+79110001307,X1307XX66,2026-01-06 19:36:36.143192+00:00
drv_ext_1308,Водитель 1308,+79110001308,X1308XX66,2026-01-02 10:37:08.126599+00:00
drv_ext_1309,Водитель 1309,+79110001309,X1309XX66,2026-01-30 00:17:17.745186+00:00
drv_ext_1310,Водитель 1310,+79110001310,X1310XX66,2026-01-02 11:00:48.028030+00:00
drv_ext_1311,Водитель 1311,+79110001311,X1311XX66,2026-01-25 10:39:50.548847+00:00
drv_ext_1312,Водитель 1312,+79110001312,X1312XX66,2026-01-10 11:36:03.545722+00:00
drv_ext_1313,Водитель 1313,+79110001313,X1313XX66,2026-01-01 00:48:22.518256+00:00
drv_ext_1314,Водитель 1314,+79110001314,X1314XX66,2026-01-20 09:49:34.396648+00:00
drv_ext_1315,Водитель 1315,+79110001315,X1315XX66,2026-01-12 06:29:07.334321+00:00
drv_ext_1316,Водитель 1316,+79110001316,X1316XX66,2026-01-11 16:57:53.482556+00:00
drv_ext_1317,Водитель 1317,+79110001317,X1317XX66,2026-01-07 01:17:37.915846+00:00
drv_ext_1318,Водитель 1318,+79110001318,X1318XX66,2026-01-11 03:10:32.972223+00:00
drv_ext_1319,Водитель 1319,+79110001319,X1319XX66,2026-01-03 08:55:11.126351+00:00
drv_ext_1320,Водитель 1320,+79110001320,X1320XX66,2026-01-08 14:31:10.863693+00:00
drv_ext_1321,Водитель 1321,+79110001321,X1321XX66,2026-01-07 04:45:12.710927+00:00
drv_ext_1322,Водитель 1322,+79110001322,X1322XX66,2026-01-26 11:38:29.240988+00:00
drv_ext_1323,Водитель 1323,+79110001323,X1323XX66,2026-01-06 09:54:16.656973+00:00
drv_ext_1324,Водитель 1324,+79110001324,X1324XX66,2026-01-24 16:01:13.110350+00:00
drv_ext_1325,Водитель 1325,+79110001325,X1325XX66,2026-01-20 03:14:26.930429+00:00
drv_ext_1326,Водитель 1326,+79110001326,X1326XX66,2026-01-19 07:50:34.203603+00:00
drv_ext_1327,Водитель 1327,+79110001327,X1327XX66,2026-01-11 14:27:51.644584+00:00
drv_ext_1328,Водитель 1328,+79110001328,X1328XX66,2026-01-12 22:08:28.267887+00:00
drv_ext_1329,Водитель 1329,+79110001329,X1329XX66,2026-01-05 04:41:55.910629+00:00
drv_ext_1330,Водитель 1330,+79110001330,X1330XX66,2026-01-11 06:56:19.909800+00:00
drv_ext_1331,Водитель 1331,+79110001331,X1331XX66,2026-01-08 07:02:29.145322+00:00
drv_ext_1332,Водитель 1332,+79110001332,X1332XX66,2026-01-08 14:56:31.752090+00:00
drv_ext_1333,Водитель 1333,+79110001333,X1333XX66,2026-01-11 12:25:30.681980+00:00
drv_ext_1334,Водитель 1334,+79110001334,X1334XX66,2026-01-27 21:52:51.191088+00:00
drv_ext_1335,Водитель 1335,+79110001335,X1335XX66,2026-01-07 00:07:14.919512+00:00
drv_ext_1336,Водитель 1336,+79110001336,X1336XX66,2026-01-01 06:40:30.700887+00:00
drv_ext_1337,Водитель 1337,+79110001337,X1337XX66,2026-01-09 02:13:20.055513+00:00
drv_ext_1338,Водитель 1338,+79110001338,X1338XX66,2026-01-02 05:37:33.182515+00:00
drv_ext_1339,Водитель 1339,+79110001339,X1339XX66,2026-01-08 03:17:03.173246+00:00
drv_ext_1340,Водитель 1340,+79110001340,X1340XX66,2026-01-19 21:28:06.200409+00:00
drv_ext_1341,Водитель 1341,+79110001341,X1341XX66,2026-01-14 16:08:27.313179+00:00
drv_ext_1342,Водитель 1342,+79110001342,X1342XX66,2026-01-08 18:54:21.677903+00:00
drv_ext_1343,Водитель 1343,+79110001343,X1343XX66,2026-01-18 00:01:30.965536+00:00
drv_ext_1344,Водитель 1344,+79110001344,X1344XX66,2026-01-23 07:41:21.173085+00:00
drv_ext_1345,Водитель 1345,+79110001345,X1345XX66,2026-01-01 00:22:59.214629+00:00
drv_ext_1346,Водитель 1346,+79110001346,X1346XX66,2026-01-26 01:12:47.246250+00:00
drv_ext_1347,Водитель 1347,+79110001347,X1347XX66,2026-01-12 00:49:46.782893+00:00
drv_ext_1348,Водитель 1348,+79110001348,X1348XX66,2026-01-12 14:43:42.778823+00:00
drv_ext_1349,Водитель 1349,+79110001349,X1349XX66,2026-01-26 18:01:14.368967+00:00
drv_ext_1350,Водитель 1350,+79110001350,X1350XX66,2026-01-23 11:09:53.436250+00:00
drv_ext_1351,Водитель 1351,+79110001351,X1351XX66,2026-01-17 04:09:47.524774+00:00
drv_ext_1352,Водитель 1352,+79110001352,X1352XX66,2026-01-17 08:40:24.913171+00:00
drv_ext_1353,Водитель 1353,+79110001353,X1353XX66,2026-01-09 06:46:07.847203+00:00
drv_ext_1354,Водитель 1354,+79110001354,X1354XX66,2026-01-08 16:49:20.594070+00:00
drv_ext_1355,Водитель 1355,+79110001355,X1355XX66,2026-01-24 06:53:49.341547+00:00
drv_ext_1356,Водитель 1356,+79110001356,X1356XX66,2026-01-28 03:14:48.390560+00:00
drv_ext_1357,Водитель 1357,+79110001357,X1357XX66,2026-01-21 09:24:33.569136+00:00
drv_ext_1358,Водитель 1358,+79110001358,X1358XX66,2026-01-09 18:04:12.398188+00:00
drv_ext_1359,Водитель 1359,+79110001359,X1359XX66,2026-01-26 07:28:34.797714+00:00
drv_ext_1360,Водитель 1360,+79110001360,X1360XX66,2026-01-10 09:24:33.086033+00:00
drv_ext_1361,Водитель 1361,+79110001361,X1361XX66,2026-01-17 00:58:50.013258+00:00
drv_ext_1362,Водитель 1362,+79110001362,X1362XX66,2026-01-15 21:04:32.918464+00:00
drv_ext_1363,Водитель 1363,+79110001363,X1363XX66,2026-01-23 21:06:56.327925+00:00
drv_ext_1364,Водитель 1364,+79110001364,X1364XX66,2026-01-01 22:31:54.126331+00:00
drv_ext_1365,Водитель 1365,+79110001365,X1365XX66,2026-01-22 02:20:33.435382+00:00
drv_ext_1366,Водитель 1366,+79110001366,X1366XX66,2026-01-02 14:25:02.764181+00:00
drv_ext_1367,Водитель 1367,+79110001367,X1367XX66,2026-01-28 23:19:16.346680+00:00
drv_ext_1368,Водитель 1368,+79110001368,X1368XX66,2026-01-26 07:21:27.677188+00:00
drv_ext_1369,Водитель 1369,+79110001369,X1369XX66,2026-01-03 20:05:49.538147+00:00
drv_ext_1370,Водитель 1370,+79110001370,X1370XX66,2026-01-30 19:48:04.292270+00:00
drv_ext_1371,Водитель 1371,+79110001371,X1371XX66,2026-01-26 05:30:06.749100+00:00
drv_ext_1372,Водитель 1372,+79110001372,X1372XX66,2026-01-24 16:41:12.326926+00:00
drv_ext_1373,Водитель 1373,+79110001373,X1373XX66,2026-01-26 10:01:28.303386+00:00
drv_ext_1374,Водитель 1374,+79110001374,X1374XX66,2026-01-20 11:55:34.831449+00:00
drv_ext_1375,Водитель 1375,+79110001375,X1375XX66,2026-01-15 03:44:35.353853+00:00
drv_ext_1376,Водитель 1376,+79110001376,X1376XX66,2026-01-11 09:07:05.705810+00:00
drv_ext_1377,Водитель 1377,+79110001377,X1377XX66,2026-01-06 04:16:36.821054+00:00
drv_ext_1378,Водитель 1378,+79110001378,X1378XX66,2026-01-17 21:49:05.469169+00:00
drv_ext_1379,Водитель 1379,+79110001379,X1379XX66,2026-01-07 15:24:47.759104+00:00
drv_ext_1380,Водитель 1380,+79110001380,X1380XX66,2026-01-27 07:39:26.208566+00:00
drv_ext_1381,Водитель 1381,+79110001381,X1381XX66,2026-01-05 05:41:30.267573+00:00
drv_ext_1382,Водитель 1382,+79110001382,X1382XX66,2026-01-23 15:08:09.485575+00:00
drv_ext_1383,Водитель 1383,+79110001383,X1383XX66,2026-01-30 06:38:47.151084+00:00
drv_ext_1384,Водитель 1384,+79110001384,X1384XX66,2026-01-12 14:34:37.495731+00:00
drv_ext_1385,Водитель 1385,+79110001385,X1385XX66,2026-01-10 03:26:28.686769+00:00
drv_ext_1386,Водитель 1386,+79110001386,X1386XX66,2026-01-19 08:05:19.653964+00:00
drv_ext_1387,Водитель 1387,+79110001387,X1387XX66,2026-01-25 17:55:27.974645+00:00
drv_ext_1388,Водитель 1388,+79110001388,X1388XX66,2026-01-18 16:05:24.327459+00:00
drv_ext_1389,Водитель 1389,+79110001389,X1389XX66,2026-01-28 22:42:36.132744+00:00
drv_ext_1390,Водитель 1390,+79110001390,X1390XX66,2026-01-10 18:29:37.632253+00:00
drv_ext_1391,Водитель 1391,+79110001391,X1391XX66,2026-01-12 07:02:03.103018+00:00
drv_ext_1392,Водитель 1392,+79110001392,X1392XX66,2026-01-04 00:56:52.010835+00:00
drv_ext_1393,Водитель 1393,+79110001393,X1393XX66,2026-01-09 15:24:05.913428+00:00
drv_ext_1394,Водитель 1394,+79110001394,X1394XX66,2026-01-02 18:36:14.770881+00:00
drv_ext_1395,Водитель 1395,+79110001395,X1395XX66,2026-01-07 05:43:09.509864+00:00
drv_ext_1396,Водитель 1396,+79110001396,X1396XX66,2026-01-04 15:58:06.872309+00:00
drv_ext_1397,Водитель 1397,+79110001397,X1397XX66,2026-01-01 14:16:39.346966+00:00
drv_ext_1398,Водитель 1398,+79110001398,X1398XX66,2026-01-10 19:38:15.464454+00:00
drv_ext_1399,Водитель 1399,+79110001399,X1399XX66,2026-01-25 21:50:42.767139+00:00
drv_ext_1400,Водитель 1400,+79110001400,X1400XX66,2026-01-29 13:01:44.427709+00:00
drv_ext_1401,Водитель 1401,+79110001401,X1401XX66,2026-01-19 04:00:27.304678+00:00
drv_ext_1402,Водитель 1402,+79110001402,X1402XX66,2026-01-18 23:37:25.223955+00:00
drv_ext_1403,Водитель 1403,+79110001403,X1403XX66,2026-01-26 01:35:57.999934+00:00
drv_ext_1404,Водитель 1404,+79110001404,X1404XX66,2026-01-19 11:13:01.600256+00:00
drv_ext_1405,Водитель 1405,+79110001405,X1405XX66,2026-01-16 05:17:46.169678+00:00
drv_ext_1406,Водитель 1406,+79110001406,X1406XX66,2026-01-01 04:46:49.369787+00:00
drv_ext_1407,Водитель 1407,+79110001407,X1407XX66,2026-01-06 23:23:43.657273+00:00
drv_ext_1408,Водитель 1408,+79110001408,X1408XX66,2026-01-05 11:41:15.173937+00:00
drv_ext_1409,Водитель 1409,+79110001409,X1409XX66,2026-01-17 12:23:16.397524+00:00
drv_ext_1410,Водитель 1410,+79110001410,X1410XX66,2026-01-10 17:35:56.016420+00:00
drv_ext_1411,Водитель 1411,+79110001411,X1411XX66,2026-01-21 11:58:24.592255+00:00
drv_ext_1412,Водитель 1412,+79110001412,X1412XX66,2026-01-15 12:05:29.722607+00:00
drv_ext_1413,Водитель 1413,+79110001413,X1413XX66,2026-01-04 12:29:27.573697+00:00
drv_ext_1414,Водитель 1414,+79110001414,X1414XX66,2026-01-30 15:59:21.791318+00:00
drv_ext_1415,Водитель 1415,+79110001415,X1415XX66,2026-01-13 11:41:44.335266+00:00
drv_ext_1416,Водитель 1416,+79110001416,X1416XX66,2026-01-25 19:15:14.174734+00:00
drv_ext_1417,Водитель 1417,+79110001417,X1417XX66,2026-01-07 02:27:21.104070+00:00
drv_ext_1418,Водитель 1418,+79110001418,X1418XX66,2026-01-12 20:58:37.360749+00:00
drv_ext_1419,Водитель 1419,+79110001419,X1419XX66,2026-01-11 16:09:45.885126+00:00
drv_ext_1420,Водитель 1420,+79110001420,X1420XX66,2026-01-09 15:39:49.749950+00:00
drv_ext_1421,Водитель 1421,+79110001421,X1421XX66,2026-01-13 02:52:35.377849+00:00
drv_ext_1422,Водитель 1422,+79110001422,X1422XX66,2026-01-19 07:02:35.535455+00:00
drv_ext_1423,Водитель 1423,+79110001423,X1423XX66,2026-01-27 18:25:03.166988+00:00
drv_ext_1424,Водитель 1424,+79110001424,X1424XX66,2026-01-05 16:46:09.373004+00:00
drv_ext_1425,Водитель 1425,+79110001425,X1425XX66,2026-01-12 23:09:16.527418+00:00
drv_ext_1426,Водитель 1426,+79110001426,X1426XX66,2026-01-02 15:12:28.674147+00:00
drv_ext_1427,Водитель 1427,+79110001427,X1427XX66,2026-01-17 06:23:28.028559+00:00
drv_ext_1428,Водитель 1428,+79110001428,X1428XX66,2026-01-05 15:11:14.772678+00:00
drv_ext_1429,Водитель 1429,+79110001429,X1429XX66,2026-01-16 20:44:29.269248+00:00
drv_ext_1430,Водитель 1430,+79110001430,X1430XX66,2026-01-03 15:22:33.990965+00:00
drv_ext_1431,Водитель 1431,+79110001431,X1431XX66,2026-01-05 06:54:49.140818+00:00
drv_ext_1432,Водитель 1432,+79110001432,X1432XX66,2026-01-01 08:34:44.358366+00:00
drv_ext_1433,Водитель 1433,+79110001433,X1433XX66,2026-01-04 02:21:07.470773+00:00
drv_ext_1434,Водитель 1434,+79110001434,X1434XX66,2026-01-25 17:59:22.944873+00:00
drv_ext_1435,Водитель 1435,+79110001435,X1435XX66,2026-01-06 09:47:16.094375+00:00
drv_ext_1436,Водитель 1436,+79110001436,X1436XX66,2026-01-04 14:43:08.527663+00:00
drv_ext_1437,Водитель 1437,+79110001437,X1437XX66,2026-01-27 23:13:24.494653+00:00
drv_ext_1438,Водитель 1438,+79110001438,X1438XX66,2026-01-27 11:30:54.301983+00:00
drv_ext_1439,Водитель 1439,+79110001439,X1439XX66,2026-01-26 06:04:09.040770+00:00
drv_ext_1440,Водитель 1440,+79110001440,X1440XX66,2026-01-08 02:44:27.709753+00:00
drv_ext_1441,Водитель 1441,+79110001441,X1441XX66,2026-01-08 12:29:03.210684+00:00
drv_ext_1442,Водитель 1442,+79110001442,X1442XX66,2026-01-23 06:54:32.513065+00:00
drv_ext_1443,Водитель 1443,+79110001443,X1443XX66,2026-01-13 02:00:00.634542+00:00
drv_ext_1444,Водитель 1444,+79110001444,X1444XX66,2026-01-24 05:52:33.539437+00:00
drv_ext_1445,Водитель 1445,+79110001445,X1445XX66,2026-01-08 17:16:46.751956+00:00
drv_ext_1446,Водитель 1446,+79110001446,X1446XX66,2026-01-23 15:55:06.277590+00:00
drv_ext_1447,Водитель 1447,+79110001447,X1447XX66,2026-01-06 15:58:32.506135+00:00
drv_ext_1448,Водитель 1448,+79110001448,X1448XX66,2026-01-17 00:39:23.842327+00:00
drv_ext_1449,Водитель 1449,+79110001449,X1449XX66,2026-01-10 17:39:34.760558+00:00
drv_ext_1450,Водитель 1450,+79110001450,X1450XX66,2026-01-19 15:08:21.453707+00:00
drv_ext_1451,Водитель 1451,+79110001451,X1451XX66,2026-01-05 17:03:05.456996+00:00
drv_ext_1452,Водитель 1452,+79110001452,X1452XX66,2026-01-13 05:29:40.412004+00:00
drv_ext_1453,Водитель 1453,+79110001453,X1453XX66,2026-01-12 12:58:25.289602+00:00
drv_ext_1454,Водитель 1454,+79110001454,X1454XX66,2026-01-10 00:31:35.073626+00:00
drv_ext_1455,Водитель 1455,+79110001455,X1455XX66,2026-01-21 03:40:59.355000+00:00
drv_ext_1456,Водитель 1456,+79110001456,X1456XX66,2026-01-23 21:27:59.139240+00:00
drv_ext_1457,Водитель 1457,+79110001457,X1457XX66,2026-01-29 06:39:24.283060+00:00
drv_ext_1458,Водитель 1458,+79110001458,X1458XX66,2026-01-21 14:42:05.311452+00:00
drv_ext_1459,Водитель 1459,+79110001459,X1459XX66,2026-01-07 00:31:10.014361+00:00
drv_ext_1460,Водитель 1460,+79110001460,X1460XX66,2026-01-01 18:21:53.798252+00:00
drv_ext_1461,Водитель 1461,+79110001461,X1461XX66,2026-01-04 03:01:57.962131+00:00
drv_ext_1462,Водитель 1462,+79110001462,X1462XX66,2026-01-09 20:19:48.048965+00:00
drv_ext_1463,Водитель 1463,+79110001463,X1463XX66,2026-01-04 05:19:54.781988+00:00
drv_ext_1464,Водитель 1464,+79110001464,X1464XX66,2026-01-02 18:55:22.270282+00:00
drv_ext_1465,Водитель 1465,+79110001465,X1465XX66,2026-01-07 22:58:29.042978+00:00
drv_ext_1466,Водитель 1466,+79110001466,X1466XX66,2026-01-29 20:17:17.640753+00:00
drv_ext_1467,Водитель 1467,+79110001467,X1467XX66,2026-01-15 12:51:25.566383+00:00
drv_ext_1468,Водитель 1468,+79110001468,X1468XX66,2026-01-21 01:12:39.705953+00:00
drv_ext_1469,Водитель 1469,+79110001469,X1469XX66,2026-01-09 18:01:30.693677+00:00
drv_ext_1470,Водитель 1470,+79110001470,X1470XX66,2026-01-11 19:01:10.510092+00:00
drv_ext_1471,Водитель 1471,+79110001471,X1471XX66,2026-01-13 11:45:00.685579+00:00
drv_ext_1472,Водитель 1472,+79110001472,X1472XX66,2026-01-29 20:41:31.370947+00:00
drv_ext_1473,Водитель 1473,+79110001473,X1473XX66,2026-01-08 13:16:46.451433+00:00
drv_ext_1474,Водитель 1474,+79110001474,X1474XX66,2026-01-23 08:08:50.933245+00:00
drv_ext_1475,Водитель 1475,+79110001475,X1475XX66,2026-01-08 23:02:54.421409+00:00
drv_ext_1476,Водитель 1476,+79110001476,X1476XX66,2026-01-07 14:44:27.454393+00:00
drv_ext_1477,Водитель 1477,+79110001477,X1477XX66,2026-01-06 10:55:45.807308+00:00
drv_ext_1478,Водитель 1478,+79110001478,X1478XX66,2026-01-15 03:07:58.251410+00:00
drv_ext_1479,Водитель 1479,+79110001479,X1479XX66,2026-01-20 19:31:21.271011+00:00
drv_ext_1480,Водитель 1480,+79110001480,X1480XX66,2026-01-07 11:06:53.928581+00:00
drv_ext_1481,Водитель 1481,+79110001481,X1481XX66,2026-01-09 10:56:40.707670+00:00
drv_ext_1482,Водитель 1482,+79110001482,X1482XX66,2026-01-26 15:25:42.878636+00:00
drv_ext_1483,Водитель 1483,+79110001483,X1483XX66,2026-01-24 16:21:28.025298+00:00
drv_ext_1484,Водитель 1484,+79110001484,X1484XX66,2026-01-09 22:05:35.492473+00:00
drv_ext_1485,Водитель 1485,+79110001485,X1485XX66,2026-01-07 21:04:19.675898+00:00
drv_ext_1486,Водитель 1486,+79110001486,X1486XX66,2026-01-01 17:19:25.746677+00:00
drv_ext_1487,Водитель 1487,+79110001487,X1487XX66,2026-01-16 02:23:11.849488+00:00
drv_ext_1488,Водитель 1488,+79110001488,X1488XX66,2026-01-24 15:48:27.151954+00:00
drv_ext_1489,Водитель 1489,+79110001489,X1489XX66,2026-01-06 17:34:18.564211+00:00
drv_ext_1490,Водитель 1490,+79110001490,X1490XX66,2026-01-13 02:06:27.487150+00:00
drv_ext_1491,Водитель 1491,+79110001491,X1491XX66,2026-01-09 12:42:20.714552+00:00
drv_ext_1492,Водитель 1492,+79110001492,X1492XX66,2026-01-16 11:49:00.682189+00:00
drv_ext_1493,Водитель 1493,+79110001493,X1493XX66,2026-01-16 16:13:46.532070+00:00
drv_ext_1494,Водитель 1494,+79110001494,X1494XX66,2026-01-16 16:26:22.333131+00:00
drv_ext_1495,Водитель 1495,+79110001495,X1495XX66,2026-01-30 08:09:41.148455+00:00
drv_ext_1496,Водитель 1496,+79110001496,X1496XX66,2026-01-27 12:01:52.591035+00:00
drv_ext_1497,Водитель 1497,+79110001497,X1497XX66,2026-01-02 20:35:19.545104+00:00
drv_ext_1498,Водитель 1498,+79110001498,X1498XX66,2026-01-15 04:09:06.702974+00:00
drv_ext_1499,Водитель 1499,+79110001499,X1499XX66,2026-01-26 23:41:40.672898+00:00
drv_ext_1500,Водитель 1500,+79110001500,X1500XX66,2026-01-22 22:07:29.085324+00:00
drv_ext_1501,Водитель 1501,+79110001501,X1501XX66,2026-01-02 05:27:28.330940+00:00
drv_ext_1502,Водитель 1502,+79110001502,X1502XX66,2026-01-22 23:19:03.274144+00:00
drv_ext_1503,Водитель 1503,+79110001503,X1503XX66,2026-01-17 17:46:36.587481+00:00
drv_ext_1504,Водитель 1504,+79110001504,X1504XX66,2026-01-09 08:42:23.612716+00:00
drv_ext_1505,Водитель 1505,+79110001505,X1505XX66,2026-01-22 14:43:28.831362+00:00
drv_ext_1506,Водитель 1506,+79110001506,X1506XX66,2026-01-05 01:39:02.552486+00:00
drv_ext_1507,Водитель 1507,+79110001507,X1507XX66,2026-01-26 15:01:37.250293+00:00
drv_ext_1508,Водитель 1508,+79110001508,X1508XX66,2026-01-05 08:12:52.959147+00:00
drv_ext_1509,Водитель 1509,+79110001509,X1509XX66,2026-01-20 09:28:48.170670+00:00
drv_ext_1510,Водитель 1510,+79110001510,X1510XX66,2026-01-27 14:28:27.342816+00:00
drv_ext_1511,Водитель 1511,+79110001511,X1511XX66,2026-01-27 03:04:31.035888+00:00
drv_ext_1512,Водитель 1512,+79110001512,X1512XX66,2026-01-01 19:17:36.210012+00:00
drv_ext_1513,Водитель 1513,+79110001513,X1513XX66,2026-01-11 04:53:40.255006+00:00
drv_ext_1514,Водитель 1514,+79110001514,X1514XX66,2026-01-08 17:55:08.506984+00:00
drv_ext_1515,Водитель 1515,+79110001515,X1515XX66,2026-01-26 07:32:24.380302+00:00
drv_ext_1516,Водитель 1516,+79110001516,X1516XX66,2026-01-01 05:24:57.948929+00:00
drv_ext_1517,Водитель 1517,+79110001517,X1517XX66,2026-01-14 23:31:25.007620+00:00
drv_ext_1518,Водитель 1518,+79110001518,X1518XX66,2026-01-19 12:37:47.991317+00:00
drv_ext_1519,Водитель 1519,+79110001519,X1519XX66,2026-01-12 23:53:06.540751+00:00
drv_ext_1520,Водитель 1520,+79110001520,X1520XX66,2026-01-08 11:21:06.026381+00:00
drv_ext_1521,Водитель 1521,+79110001521,X1521XX66,2026-01-01 00:36:37.748310+00:00
drv_ext_1522,Водитель 1522,+79110001522,X1522XX66,2026-01-13 06:26:43.796545+00:00
drv_ext_1523,Водитель 1523,+79110001523,X1523XX66,2026-01-04 20:29:42.791707+00:00
drv_ext_1524,Водитель 1524,+79110001524,X1524XX66,2026-01-09 08:03:15.563977+00:00
drv_ext_1525,Водитель 1525,+79110001525,X1525XX66,2026-01-21 07:31:15.455502+00:00
drv_ext_1526,Водитель 1526,+79110001526,X1526XX66,2026-01-29 22:50:21.347859+00:00
drv_ext_1527,Водитель 1527,+79110001527,X1527XX66,2026-01-20 00:53:44.879657+00:00
drv_ext_1528,Водитель 1528,+79110001528,X1528XX66,2026-01-02 05:16:12.842921+00:00
drv_ext_1529,Водитель 1529,+79110001529,X1529XX66,2026-01-07 03:06:44.624141+00:00
drv_ext_1530,Водитель 1530,+79110001530,X1530XX66,2026-01-01 04:57:40.494830+00:00
drv_ext_1531,Водитель 1531,+79110001531,X1531XX66,2026-01-06 14:14:57.000190+00:00
drv_ext_1532,Водитель 1532,+79110001532,X1532XX66,2026-01-26 00:43:01.655661+00:00
drv_ext_1533,Водитель 1533,+79110001533,X1533XX66,2026-01-06 23:20:43.919542+00:00
drv_ext_1534,Водитель 1534,+79110001534,X1534XX66,2026-01-25 14:59:27.732706+00:00
drv_ext_1535,Водитель 1535,+79110001535,X1535XX66,2026-01-05 22:06:41.716716+00:00
drv_ext_1536,Водитель 1536,+79110001536,X1536XX66,2026-01-01 21:41:59.702214+00:00
drv_ext_1537,Водитель 1537,+79110001537,X1537XX66,2026-01-19 12:15:53.796068+00:00
drv_ext_1538,Водитель 1538,+79110001538,X1538XX66,2026-01-09 17:32:09.648385+00:00
drv_ext_1539,Водитель 1539,+79110001539,X1539XX66,2026-01-02 06:41:41.305207+00:00
drv_ext_1540,Водитель 1540,+79110001540,X1540XX66,2026-01-22 13:07:15.175245+00:00
drv_ext_1541,Водитель 1541,+79110001541,X1541XX66,2026-01-19 20:26:44.178750+00:00
drv_ext_1542,Водитель 1542,+79110001542,X1542XX66,2026-01-08 19:36:08.449359+00:00
drv_ext_1543,Водитель 1543,+79110001543,X1543XX66,2026-01-15 11:39:20.257189+00:00
drv_ext_1544,Водитель 1544,+79110001544,X1544XX66,2026-01-23 20:09:20.094160+00:00
drv_ext_1545,Водитель 1545,+79110001545,X1545XX66,2026-01-02 01:34:03.290142+00:00
drv_ext_1546,Водитель 1546,+79110001546,X1546XX66,2026-01-03 13:37:18.526931+00:00
drv_ext_1547,Водитель 1547,+79110001547,X1547XX66,2026-01-30 06:14:18.907426+00:00
drv_ext_1548,Водитель 1548,+79110001548,X1548XX66,2026-01-25 03:28:45.120545+00:00
drv_ext_1549,Водитель 1549,+79110001549,X1549XX66,2026-01-01 05:00:42.092088+00:00
drv_ext_1550,Водитель 1550,+79110001550,X1550XX66,2026-01-16 20:20:17.040397+00:00
drv_ext_1551,Водитель 1551,+79110001551,X1551XX66,2026-01-07 11:49:37.169137+00:00
drv_ext_1552,Водитель 1552,+79110001552,X1552XX66,2026-01-15 23:14:11.589998+00:00
drv_ext_1553,Водитель 1553,+79110001553,X1553XX66,2026-01-29 03:45:58.400024+00:00
drv_ext_1554,Водитель 1554,+79110001554,X1554XX66,2026-01-08 03:45:08.686686+00:00
drv_ext_1555,Водитель 1555,+79110001555,X1555XX66,2026-01-27 00:36:38.401923+00:00
drv_ext_1556,Водитель 1556,+79110001556,X1556XX66,2026-01-24 17:10:10.103727+00:00
drv_ext_1557,Водитель 1557,+79110001557,X1557XX66,2026-01-29 06:09:40.395667+00:00
drv_ext_1558,Водитель 1558,+79110001558,X1558XX66,2026-01-03 12:29:26.291421+00:00
drv_ext_1559,Водитель 1559,+79110001559,X1559XX66,2026-01-18 23:04:48.560201+00:00
drv_ext_1560,Водитель 1560,+79110001560,X1560XX66,2026-01-22 12:59:14.209920+00:00
drv_ext_1561,Водитель 1561,+79110001561,X1561XX66,2026-01-16 05:12:13.659382+00:00
drv_ext_1562,Водитель 1562,+79110001562,X1562XX66,2026-01-02 21:27:29.129562+00:00
drv_ext_1563,Водитель 1563,+79110001563,X1563XX66,2026-01-24 11:05:47.655896+00:00
drv_ext_1564,Водитель 1564,+79110001564,X1564XX66,2026-01-15 21:54:19.396310+00:00
drv_ext_1565,Водитель 1565,+79110001565,X1565XX66,2026-01-17 02:34:57.667253+00:00
drv_ext_1566,Водитель 1566,+79110001566,X1566XX66,2026-01-18 21:38:53.231888+00:00
drv_ext_1567,Водитель 1567,+79110001567,X1567XX66,2026-01-10 03:04:08.072721+00:00
drv_ext_1568,Водитель 1568,+79110001568,X1568XX66,2026-01-13 14:33:29.473768+00:00
drv_ext_1569,Водитель 1569,+79110001569,X1569XX66,2026-01-13 17:39:57.315750+00:00
drv_ext_1570,Водитель 1570,+79110001570,X1570XX66,2026-01-22 21:30:47.703990+00:00
drv_ext_1571,Водитель 1571,+79110001571,X1571XX66,2026-01-24 08:09:56.356107+00:00
drv_ext_1572,Водитель 1572,+79110001572,X1572XX66,2026-01-18 14:42:04.249367+00:00
drv_ext_1573,Водитель 1573,+79110001573,X1573XX66,2026-01-03 14:08:34.566332+00:00
drv_ext_1574,Водитель 1574,+79110001574,X1574XX66,2026-01-30 08:18:30.362913+00:00
drv_ext_1575,Водитель 1575,+79110001575,X1575XX66,2026-01-14 01:37:22.989097+00:00
drv_ext_1576,Водитель 1576,+79110001576,X1576XX66,2026-01-11 02:44:14.643764+00:00
drv_ext_1577,Водитель 1577,+79110001577,X1577XX66,2026-01-21 09:16:38.932463+00:00
drv_ext_1578,Водитель 1578,+79110001578,X1578XX66,2026-01-12 22:29:59.879574+00:00
drv_ext_1579,Водитель 1579,+79110001579,X1579XX66,2026-01-01 13:25:27.896231+00:00
drv_ext_1580,Водитель 1580,+79110001580,X1580XX66,2026-01-20 20:08:52.956506+00:00
drv_ext_1581,Водитель 1581,+79110001581,X1581XX66,2026-01-11 06:50:50.080292+00:00
drv_ext_1582,Водитель 1582,+79110001582,X1582XX66,2026-01-10 08:44:04.091853+00:00
drv_ext_1583,Водитель 1583,+79110001583,X1583XX66,2026-01-25 09:47:27.730660+00:00
drv_ext_1584,Водитель 1584,+79110001584,X1584XX66,2026-01-08 10:38:34.951124+00:00
drv_ext_1585,Водитель 1585,+79110001585,X1585XX66,2026-01-20 23:59:06.287205+00:00
drv_ext_1586,Водитель 1586,+79110001586,X1586XX66,2026-01-11 13:19:44.790932+00:00
drv_ext_1587,Водитель 1587,+79110001587,X1587XX66,2026-01-08 10:37:32.834595+00:00
drv_ext_1588,Водитель 1588,+79110001588,X1588XX66,2026-01-07 01:30:54.230297+00:00
drv_ext_1589,Водитель 1589,+79110001589,X1589XX66,2026-01-22 23:17:05.230362+00:00
drv_ext_1590,Водитель 1590,+79110001590,X1590XX66,2026-01-18 17:32:07.374272+00:00
drv_ext_1591,Водитель 1591,+79110001591,X1591XX66,2026-01-22 11:22:13.387767+00:00
drv_ext_1592,Водитель 1592,+79110001592,X1592XX66,2026-01-19 10:41:39.834022+00:00
drv_ext_1593,Водитель 1593,+79110001593,X1593XX66,2026-01-10 04:52:21.133479+00:00
drv_ext_1594,Водитель 1594,+79110001594,X1594XX66,2026-01-27 00:08:33.484304+00:00
drv_ext_1595,Водитель 1595,+79110001595,X1595XX66,2026-01-01 13:27:23.951233+00:00
drv_ext_1596,Водитель 1596,+79110001596,X1596XX66,2026-01-10 14:48:59.067150+00:00
drv_ext_1597,Водитель 1597,+79110001597,X1597XX66,2026-01-13 19:02:20.753975+00:00
drv_ext_1598,Водитель 1598,+79110001598,X1598XX66,2026-01-13 13:19:46.829328+00:00
drv_ext_1599,Водитель 1599,+79110001599,X1599XX66,2026-01-07 21:02:36.370021+00:00
drv_ext_1600,Водитель 1600,+79110001600,X1600XX66,2026-01-30 16:56:49.544714+00:00
drv_ext_1601,Водитель 1601,+79110001601,X1601XX66,2026-01-21 20:22:50.801994+00:00
drv_ext_1602,Водитель 1602,+79110001602,X1602XX66,2026-01-20 15:35:33.928091+00:00
drv_ext_1603,Водитель 1603,+79110001603,X1603XX66,2026-01-13 09:20:33.783559+00:00
drv_ext_1604,Водитель 1604,+79110001604,X1604XX66,2026-01-17 02:04:53.770697+00:00
drv_ext_1605,Водитель 1605,+79110001605,X1605XX66,2026-01-21 23:12:59.967338+00:00
drv_ext_1606,Водитель 1606,+79110001606,X1606XX66,2026-01-02 19:20:39.133400+00:00
drv_ext_1607,Водитель 1607,+79110001607,X1607XX66,2026-01-28 04:44:02.945707+00:00
drv_ext_1608,Водитель 1608,+79110001608,X1608XX66,2026-01-04 07:34:39.386978+00:00
drv_ext_1609,Водитель 1609,+79110001609,X1609XX66,2026-01-02 20:50:25.237049+00:00
drv_ext_1610,Водитель 1610,+79110001610,X1610XX66,2026-01-05 23:59:05.146879+00:00
drv_ext_1611,Водитель 1611,+79110001611,X1611XX66,2026-01-05 14:12:48.098056+00:00
drv_ext_1612,Водитель 1612,+79110001612,X1612XX66,2026-01-27 12:22:24.599924+00:00
drv_ext_1613,Водитель 1613,+79110001613,X1613XX66,2026-01-05 07:35:56.428013+00:00
drv_ext_1614,Водитель 1614,+79110001614,X1614XX66,2026-01-24 09:35:47.032384+00:00
drv_ext_1615,Водитель 1615,+79110001615,X1615XX66,2026-01-19 17:18:45.993636+00:00
drv_ext_1616,Водитель 1616,+79110001616,X1616XX66,2026-01-30 21:45:40.247372+00:00
drv_ext_1617,Водитель 1617,+79110001617,X1617XX66,2026-01-18 01:26:48.864130+00:00
drv_ext_1618,Водитель 1618,+79110001618,X1618XX66,2026-01-06 05:40:01.979830+00:00
drv_ext_1619,Водитель 1619,+79110001619,X1619XX66,2026-01-03 12:29:34.855731+00:00
drv_ext_1620,Водитель 1620,+79110001620,X1620XX66,2026-01-21 20:19:39.661246+00:00
drv_ext_1621,Водитель 1621,+79110001621,X1621XX66,2026-01-20 02:12:20.987308+00:00
drv_ext_1622,Водитель 1622,+79110001622,X1622XX66,2026-01-12 23:30:39.536219+00:00
drv_ext_1623,Водитель 1623,+79110001623,X1623XX66,2026-01-30 11:45:27.997097+00:00
drv_ext_1624,Водитель 1624,+79110001624,X1624XX66,2026-01-30 06:17:44.427411+00:00
drv_ext_1625,Водитель 1625,+79110001625,X1625XX66,2026-01-04 22:44:20.603132+00:00
drv_ext_1626,Водитель 1626,+79110001626,X1626XX66,2026-01-05 04:58:07.257114+00:00
drv_ext_1627,Водитель 1627,+79110001627,X1627XX66,2026-01-26 13:21:06.245406+00:00
drv_ext_1628,Водитель 1628,+79110001628,X1628XX66,2026-01-30 04:55:46.292963+00:00
drv_ext_1629,Водитель 1629,+79110001629,X1629XX66,2026-01-28 13:58:20.397158+00:00
drv_ext_1630,Водитель 1630,+79110001630,X1630XX66,2026-01-08 14:50:14.471081+00:00
drv_ext_1631,Водитель 1631,+79110001631,X1631XX66,2026-01-10 21:08:54.797543+00:00
drv_ext_1632,Водитель 1632,+79110001632,X1632XX66,2026-01-10 12:32:35.960959+00:00
drv_ext_1633,Водитель 1633,+79110001633,X1633XX66,2026-01-15 04:00:03.589760+00:00
drv_ext_1634,Водитель 1634,+79110001634,X1634XX66,2026-01-13 04:41:43.554484+00:00
drv_ext_1635,Водитель 1635,+79110001635,X1635XX66,2026-01-25 02:02:34.131811+00:00
drv_ext_1636,Водитель 1636,+79110001636,X1636XX66,2026-01-10 22:33:22.330372+00:00
drv_ext_1637,Водитель 1637,+79110001637,X1637XX66,2026-01-16 14:51:46.819270+00:00
drv_ext_1638,Водитель 1638,+79110001638,X1638XX66,2026-01-11 09:13:23.658511+00:00
drv_ext_1639,Водитель 1639,+79110001639,X1639XX66,2026-01-01 02:49:31.769739+00:00
drv_ext_1640,Водитель 1640,+79110001640,X1640XX66,2026-01-24 00:30:44.773725+00:00
drv_ext_1641,Водитель 1641,+79110001641,X1641XX66,2026-01-19 10:04:51.205477+00:00
drv_ext_1642,Водитель 1642,+79110001642,X1642XX66,2026-01-17 02:20:29.807519+00:00
drv_ext_1643,Водитель 1643,+79110001643,X1643XX66,2026-01-12 12:29:25.249433+00:00
drv_ext_1644,Водитель 1644,+79110001644,X1644XX66,2026-01-26 00:52:13.504162+00:00
drv_ext_1645,Водитель 1645,+79110001645,X1645XX66,2026-01-02 13:12:57.830401+00:00
drv_ext_1646,Водитель 1646,+79110001646,X1646XX66,2026-01-12 15:01:48.603459+00:00
drv_ext_1647,Водитель 1647,+79110001647,X1647XX66,2026-01-09 21:48:26.368975+00:00
drv_ext_1648,Водитель 1648,+79110001648,X1648XX66,2026-01-22 03:26:45.872503+00:00
drv_ext_1649,Водитель 1649,+79110001649,X1649XX66,2026-01-04 13:02:11.650621+00:00
drv_ext_1650,Водитель 1650,+79110001650,X1650XX66,2026-01-02 11:25:28.943042+00:00
drv_ext_1651,Водитель 1651,+79110001651,X1651XX66,2026-01-08 02:15:23.863924+00:00
drv_ext_1652,Водитель 1652,+79110001652,X1652XX66,2026-01-21 18:06:17.275738+00:00
drv_ext_1653,Водитель 1653,+79110001653,X1653XX66,2026-01-08 08:04:35.168809+00:00
drv_ext_1654,Водитель 1654,+79110001654,X1654XX66,2026-01-18 13:55:35.334984+00:00
drv_ext_1655,Водитель 1655,+79110001655,X1655XX66,2026-01-08 04:27:39.004773+00:00
drv_ext_1656,Водитель 1656,+79110001656,X1656XX66,2026-01-21 10:06:32.246346+00:00
drv_ext_1657,Водитель 1657,+79110001657,X1657XX66,2026-01-13 04:44:10.450754+00:00
drv_ext_1658,Водитель 1658,+79110001658,X1658XX66,2026-01-25 14:56:14.685941+00:00
drv_ext_1659,Водитель 1659,+79110001659,X1659XX66,2026-01-29 00:16:47.756850+00:00
drv_ext_1660,Водитель 1660,+79110001660,X1660XX66,2026-01-17 04:46:38.244780+00:00
drv_ext_1661,Водитель 1661,+79110001661,X1661XX66,2026-01-30 06:59:32.279402+00:00
drv_ext_1662,Водитель 1662,+79110001662,X1662XX66,2026-01-06 16:30:33.581405+00:00
drv_ext_1663,Водитель 1663,+79110001663,X1663XX66,2026-01-03 21:56:57.101635+00:00
drv_ext_1664,Водитель 1664,+79110001664,X1664XX66,2026-01-18 11:35:25.520773+00:00
drv_ext_1665,Водитель 1665,+79110001665,X1665XX66,2026-01-20 18:01:05.236493+00:00
drv_ext_1666,Водитель 1666,+79110001666,X1666XX66,2026-01-07 01:53:36.728235+00:00
drv_ext_1667,Водитель 1667,+79110001667,X1667XX66,2026-01-01 01:30:33.453061+00:00
drv_ext_1668,Водитель 1668,+79110001668,X1668XX66,2026-01-28 08:10:37.591611+00:00
drv_ext_1669,Водитель 1669,+79110001669,X1669XX66,2026-01-05 17:22:28.386465+00:00
drv_ext_1670,Водитель 1670,+79110001670,X1670XX66,2026-01-07 00:16:17.441392+00:00
drv_ext_1671,Водитель 1671,+79110001671,X1671XX66,2026-01-21 11:32:29.251293+00:00
drv_ext_1672,Водитель 1672,+79110001672,X1672XX66,2026-01-05 22:35:10.969347+00:00
drv_ext_1673,Водитель 1673,+79110001673,X1673XX66,2026-01-20 14:34:53.601581+00:00
drv_ext_1674,Водитель 1674,+79110001674,X1674XX66,2026-01-09 13:31:32.434571+00:00
drv_ext_1675,Водитель 1675,+79110001675,X1675XX66,2026-01-23 20:27:01.027528+00:00
drv_ext_1676,Водитель 1676,+79110001676,X1676XX66,2026-01-20 11:31:21.603038+00:00
drv_ext_1677,Водитель 1677,+79110001677,X1677XX66,2026-01-10 05:48:39.328800+00:00
drv_ext_1678,Водитель 1678,+79110001678,X1678XX66,2026-01-08 15:58:14.192119+00:00
drv_ext_1679,Водитель 1679,+79110001679,X1679XX66,2026-01-09 05:46:29.703382+00:00
drv_ext_1680,Водитель 1680,+79110001680,X1680XX66,2026-01-18 11:30:43.287539+00:00
drv_ext_1681,Водитель 1681,+79110001681,X1681XX66,2026-01-13 17:05:15.696948+00:00
drv_ext_1682,Водитель 1682,+79110001682,X1682XX66,2026-01-15 12:27:33.411604+00:00
drv_ext_1683,Водитель 1683,+79110001683,X1683XX66,2026-01-14 01:47:29.941249+00:00
drv_ext_1684,Водитель 1684,+79110001684,X1684XX66,2026-01-17 20:05:43.939028+00:00
drv_ext_1685,Водитель 1685,+79110001685,X1685XX66,2026-01-18 01:11:43.698835+00:00
drv_ext_1686,Водитель 1686,+79110001686,X1686XX66,2026-01-29 17:31:23.506374+00:00
drv_ext_1687,Водитель 1687,+79110001687,X1687XX66,2026-01-03 02:41:34.709507+00:00
drv_ext_1688,Водитель 1688,+79110001688,X1688XX66,2026-01-16 00:14:52.602507+00:00
drv_ext_1689,Водитель 1689,+79110001689,X1689XX66,2026-01-22 15:00:02.240626+00:00
drv_ext_1690,Водитель 1690,+79110001690,X1690XX66,2026-01-19 18:48:22.895824+00:00
drv_ext_1691,Водитель 1691,+79110001691,X1691XX66,2026-01-29 15:02:30.660325+00:00
drv_ext_1692,Водитель 1692,+79110001692,X1692XX66,2026-01-26 21:07:18.256135+00:00
drv_ext_1693,Водитель 1693,+79110001693,X1693XX66,2026-01-01 20:05:06.837670+00:00
drv_ext_1694,Водитель 1694,+79110001694,X1694XX66,2026-01-25 18:45:23.014761+00:00
drv_ext_1695,Водитель 1695,+79110001695,X1695XX66,2026-01-09 18:31:04.351394+00:00
drv_ext_1696,Водитель 1696,+79110001696,X1696XX66,2026-01-27 00:22:22.676459+00:00
drv_ext_1697,Водитель 1697,+79110001697,X1697XX66,2026-01-28 11:14:52.227650+00:00
drv_ext_1698,Водитель 1698,+79110001698,X1698XX66,2026-01-13 16:29:24.340411+00:00
drv_ext_1699,Водитель 1699,+79110001699,X1699XX66,2026-01-16 01:25:19.205188+00:00
drv_ext_1700,Водитель 1700,+79110001700,X1700XX66,2026-01-26 01:22:01.124642+00:00
drv_ext_1701,Водитель 1701,+79110001701,X1701XX66,2026-01-15 14:36:21.365218+00:00
drv_ext_1702,Водитель 1702,+79110001702,X1702XX66,2026-01-15 16:00:52.068213+00:00
drv_ext_1703,Водитель 1703,+79110001703,X1703XX66,2026-01-19 19:00:27.496330+00:00
drv_ext_1704,Водитель 1704,+79110001704,X1704XX66,2026-01-01 13:05:43.373391+00:00
drv_ext_1705,Водитель 1705,+79110001705,X1705XX66,2026-01-21 19:24:50.629590+00:00
drv_ext_1706,Водитель 1706,+79110001706,X1706XX66,2026-01-21 22:23:05.277532+00:00
drv_ext_1707,Водитель 1707,+79110001707,X1707XX66,2026-01-15 04:06:45.579354+00:00
drv_ext_1708,Водитель 1708,+79110001708,X1708XX66,2026-01-21 23:56:37.886347+00:00
drv_ext_1709,Водитель 1709,+79110001709,X1709XX66,2026-01-02 00:39:55.527456+00:00
drv_ext_1710,Водитель 1710,+79110001710,X1710XX66,2026-01-15 05:01:44.305292+00:00
drv_ext_1711,Водитель 1711,+79110001711,X1711XX66,2026-01-13 03:20:15.840074+00:00
drv_ext_1712,Водитель 1712,+79110001712,X1712XX66,2026-01-05 14:10:43.951458+00:00
drv_ext_1713,Водитель 1713,+79110001713,X1713XX66,2026-01-25 13:49:15.271829+00:00
drv_ext_1714,Водитель 1714,+79110001714,X1714XX66,2026-01-26 07:42:37.459068+00:00
drv_ext_1715,Водитель 1715,+79110001715,X1715XX66,2026-01-05 16:25:00.203718+00:00
drv_ext_1716,Водитель 1716,+79110001716,X1716XX66,2026-01-13 23:14:56.316176+00:00
drv_ext_1717,Водитель 1717,+79110001717,X1717XX66,2026-01-24 03:21:28.258986+00:00
drv_ext_1718,Водитель 1718,+79110001718,X1718XX66,2026-01-07 11:07:24.998939+00:00
drv_ext_1719,Водитель 1719,+79110001719,X1719XX66,2026-01-29 12:58:09.729095+00:00
drv_ext_1720,Водитель 1720,+79110001720,X1720XX66,2026-01-28 08:37:57.579711+00:00
drv_ext_1721,Водитель 1721,+79110001721,X1721XX66,2026-01-08 09:28:34.469592+00:00
drv_ext_1722,Водитель 1722,+79110001722,X1722XX66,2026-01-04 04:18:27.656660+00:00
drv_ext_1723,Водитель 1723,+79110001723,X1723XX66,2026-01-24 08:48:36.042447+00:00
drv_ext_1724,Водитель 1724,+79110001724,X1724XX66,2026-01-29 14:16:58.519142+00:00
drv_ext_1725,Водитель 1725,+79110001725,X1725XX66,2026-01-23 10:52:29.464156+00:00
drv_ext_1726,Водитель 1726,+79110001726,X1726XX66,2026-01-21 02:15:59.785589+00:00
drv_ext_1727,Водитель 1727,+79110001727,X1727XX66,2026-01-01 21:16:30.572908+00:00
drv_ext_1728,Водитель 1728,+79110001728,X1728XX66,2026-01-10 08:49:41.654323+00:00
drv_ext_1729,Водитель 1729,+79110001729,X1729XX66,2026-01-23 04:03:26.979046+00:00
drv_ext_1730,Водитель 1730,+79110001730,X1730XX66,2026-01-01 10:17:41.350972+00:00
drv_ext_1731,Водитель 1731,+79110001731,X1731XX66,2026-01-02 11:27:29.016721+00:00
drv_ext_1732,Водитель 1732,+79110001732,X1732XX66,2026-01-09 00:48:21.510290+00:00
drv_ext_1733,Водитель 1733,+79110001733,X1733XX66,2026-01-30 04:58:29.028430+00:00
drv_ext_1734,Водитель 1734,+79110001734,X1734XX66,2026-01-22 10:53:05.699891+00:00
drv_ext_1735,Водитель 1735,+79110001735,X1735XX66,2026-01-02 00:43:56.953173+00:00
drv_ext_1736,Водитель 1736,+79110001736,X1736XX66,2026-01-12 08:33:30.701690+00:00
drv_ext_1737,Водитель 1737,+79110001737,X1737XX66,2026-01-20 19:05:35.127525+00:00
drv_ext_1738,Водитель 1738,+79110001738,X1738XX66,2026-01-03 07:45:41.901384+00:00
drv_ext_1739,Водитель 1739,+79110001739,X1739XX66,2026-01-14 21:13:58.266742+00:00
drv_ext_1740,Водитель 1740,+79110001740,X1740XX66,2026-01-21 05:18:19.910529+00:00
drv_ext_1741,Водитель 1741,+79110001741,X1741XX66,2026-01-13 21:38:28.689911+00:00
drv_ext_1742,Водитель 1742,+79110001742,X1742XX66,2026-01-12 01:50:50.343610+00:00
drv_ext_1743,Водитель 1743,+79110001743,X1743XX66,2026-01-20 23:57:31.470175+00:00
drv_ext_1744,Водитель 1744,+79110001744,X1744XX66,2026-01-28 20:44:42.180904+00:00
drv_ext_1745,Водитель 1745,+79110001745,X1745XX66,2026-01-05 04:17:57.782606+00:00
drv_ext_1746,Водитель 1746,+79110001746,X1746XX66,2026-01-16 11:25:21.303338+00:00
drv_ext_1747,Водитель 1747,+79110001747,X1747XX66,2026-01-18 17:14:09.464634+00:00
drv_ext_1748,Водитель 1748,+79110001748,X1748XX66,2026-01-15 22:14:46.994185+00:00
drv_ext_1749,Водитель 1749,+79110001749,X1749XX66,2026-01-06 20:18:57.729083+00:00
drv_ext_1750,Водитель 1750,+79110001750,X1750XX66,2026-01-25 11:51:06.091896+00:00
drv_ext_1751,Водитель 1751,+79110001751,X1751XX66,2026-01-20 22:27:42.199901+00:00
drv_ext_1752,Водитель 1752,+79110001752,X1752XX66,2026-01-19 11:54:16.262918+00:00
drv_ext_1753,Водитель 1753,+79110001753,X1753XX66,2026-01-19 06:21:12.583105+00:00
drv_ext_1754,Водитель 1754,+79110001754,X1754XX66,2026-01-03 06:55:17.609380+00:00
drv_ext_1755,Водитель 1755,+79110001755,X1755XX66,2026-01-08 09:18:16.633849+00:00
drv_ext_1756,Водитель 1756,+79110001756,X1756XX66,2026-01-05 13:28:41.312082+00:00
drv_ext_1757,Водитель 1757,+79110001757,X1757XX66,2026-01-19 11:21:55.114053+00:00
drv_ext_1758,Водитель 1758,+79110001758,X1758XX66,2026-01-18 02:00:07.546671+00:00
drv_ext_1759,Водитель 1759,+79110001759,X1759XX66,2026-01-17 00:30:53.375119+00:00
drv_ext_1760,Водитель 1760,+79110001760,X1760XX66,2026-01-05 23:07:55.112478+00:00
drv_ext_1761,Водитель 1761,+79110001761,X1761XX66,2026-01-26 08:48:53.983608+00:00
drv_ext_1762,Водитель 1762,+79110001762,X1762XX66,2026-01-12 00:03:42.909481+00:00
drv_ext_1763,Водитель 1763,+79110001763,X1763XX66,2026-01-23 23:51:26.498388+00:00
drv_ext_1764,Водитель 1764,+79110001764,X1764XX66,2026-01-11 18:25:18.854352+00:00
drv_ext_1765,Водитель 1765,+79110001765,X1765XX66,2026-01-17 11:26:11.877800+00:00
drv_ext_1766,Водитель 1766,+79110001766,X1766XX66,2026-01-01 18:26:17.549558+00:00
drv_ext_1767,Водитель 1767,+79110001767,X1767XX66,2026-01-09 03:33:02.361051+00:00
drv_ext_1768,Водитель 1768,+79110001768,X1768XX66,2026-01-13 05:12:21.608941+00:00
drv_ext_1769,Водитель 1769,+79110001769,X1769XX66,2026-01-08 14:45:20.434117+00:00
drv_ext_1770,Водитель 1770,+79110001770,X1770XX66,2026-01-15 02:39:53.223922+00:00
drv_ext_1771,Водитель 1771,+79110001771,X1771XX66,2026-01-06 10:30:07.507672+00:00
drv_ext_1772,Водитель 1772,+79110001772,X1772XX66,2026-01-09 13:10:30.711723+00:00
drv_ext_1773,Водитель 1773,+79110001773,X1773XX66,2026-01-28 12:21:38.351825+00:00
drv_ext_1774,Водитель 1774,+79110001774,X1774XX66,2026-01-24 04:43:03.258065+00:00
drv_ext_1775,Водитель 1775,+79110001775,X1775XX66,2026-01-13 16:42:53.624257+00:00
drv_ext_1776,Водитель 1776,+79110001776,X1776XX66,2026-01-15 22:14:29.903477+00:00
drv_ext_1777,Водитель 1777,+79110001777,X1777XX66,2026-01-12 23:15:54.706219+00:00
drv_ext_1778,Водитель 1778,+79110001778,X1778XX66,2026-01-03 22:02:41.077509+00:00
drv_ext_1779,Водитель 1779,+79110001779,X1779XX66,2026-01-06 14:50:43.313368+00:00
drv_ext_1780,Водитель 1780,+79110001780,X1780XX66,2026-01-17 06:47:03.097810+00:00
drv_ext_1781,Водитель 1781,+79110001781,X1781XX66,2026-01-16 12:31:16.657298+00:00
drv_ext_1782,Водитель 1782,+79110001782,X1782XX66,2026-01-03 20:37:43.299985+00:00
drv_ext_1783,Водитель 1783,+79110001783,X1783XX66,2026-01-25 04:50:08.818156+00:00
drv_ext_1784,Водитель 1784,+79110001784,X1784XX66,2026-01-19 04:47:46.941318+00:00
drv_ext_1785,Водитель 1785,+79110001785,X1785XX66,2026-01-07 22:46:45.530721+00:00
drv_ext_1786,Водитель 1786,+79110001786,X1786XX66,2026-01-29 15:45:06.232770+00:00
drv_ext_1787,Водитель 1787,+79110001787,X1787XX66,2026-01-16 14:39:17.078118+00:00
drv_ext_1788,Водитель 1788,+79110001788,X1788XX66,2026-01-13 07:13:56.604948+00:00
drv_ext_1789,Водитель 1789,+79110001789,X1789XX66,2026-01-04 12:38:56.859292+00:00
drv_ext_1790,Водитель 1790,+79110001790,X1790XX66,2026-01-03 07:47:37.202732+00:00
drv_ext_1791,Водитель 1791,+79110001791,X1791XX66,2026-01-01 13:00:04.127614+00:00
drv_ext_1792,Водитель 1792,+79110001792,X1792XX66,2026-01-16 19:09:26.171680+00:00
drv_ext_1793,Водитель 1793,+79110001793,X1793XX66,2026-01-30 10:55:29.961650+00:00
drv_ext_1794,Водитель 1794,+79110001794,X1794XX66,2026-01-23 23:24:29.534132+00:00
drv_ext_1795,Водитель 1795,+79110001795,X1795XX66,2026-01-30 03:27:22.053588+00:00
drv_ext_1796,Водитель 1796,+79110001796,X1796XX66,2026-01-17 22:53:35.681157+00:00
drv_ext_1797,Водитель 1797,+79110001797,X1797XX66,2026-01-30 21:22:24.654438+00:00
drv_ext_1798,Водитель 1798,+79110001798,X1798XX66,2026-01-02 12:02:07.552123+00:00
drv_ext_1799,Водитель 1799,+79110001799,X1799XX66,2026-01-22 20:55:56.583375+00:00
drv_ext_1800,Водитель 1800,+79110001800,X1800XX66,2026-01-22 03:55:45.505922+00:00
drv_ext_1801,Водитель 1801,+79110001801,X1801XX66,2026-01-17 21:03:59.936275+00:00
drv_ext_1802,Водитель 1802,+79110001802,X1802XX66,2026-01-10 11:25:13.904825+00:00
drv_ext_1803,Водитель 1803,+79110001803,X1803XX66,2026-01-17 05:12:39.556196+00:00
drv_ext_1804,Водитель 1804,+79110001804,X1804XX66,2026-01-06 10:50:19.339653+00:00
drv_ext_1805,Водитель 1805,+79110001805,X1805XX66,2026-01-22 08:07:09.984536+00:00
drv_ext_1806,Водитель 1806,+79110001806,X1806XX66,2026-01-11 11:37:44.806016+00:00
drv_ext_1807,Водитель 1807,+79110001807,X1807XX66,2026-01-13 20:41:48.798999+00:00
drv_ext_1808,Водитель 1808,+79110001808,X1808XX66,2026-01-23 14:42:18.887072+00:00
drv_ext_1809,Водитель 1809,+79110001809,X1809XX66,2026-01-15 15:26:07.489994+00:00
drv_ext_1810,Водитель 1810,+79110001810,X1810XX66,2026-01-18 13:47:30.107815+00:00
drv_ext_1811,Водитель 1811,+79110001811,X1811XX66,2026-01-10 15:37:41.142319+00:00
drv_ext_1812,Водитель 1812,+79110001812,X1812XX66,2026-01-02 20:53:34.665677+00:00
drv_ext_1813,Водитель 1813,+79110001813,X1813XX66,2026-01-29 14:34:24.998873+00:00
drv_ext_1814,Водитель 1814,+79110001814,X1814XX66,2026-01-14 23:56:37.729147+00:00
drv_ext_1815,Водитель 1815,+79110001815,X1815XX66,2026-01-19 03:01:08.262969+00:00
drv_ext_1816,Водитель 1816,+79110001816,X1816XX66,2026-01-10 04:34:31.854620+00:00
drv_ext_1817,Водитель 1817,+79110001817,X1817XX66,2026-01-02 03:59:34.240377+00:00
drv_ext_1818,Водитель 1818,+79110001818,X1818XX66,2026-01-03 05:31:02.541045+00:00
drv_ext_1819,Водитель 1819,+79110001819,X1819XX66,2026-01-25 22:02:57.785235+00:00
drv_ext_1820,Водитель 1820,+79110001820,X1820XX66,2026-01-05 21:57:57.153587+00:00
drv_ext_1821,Водитель 1821,+79110001821,X1821XX66,2026-01-14 19:15:26.418215+00:00
drv_ext_1822,Водитель 1822,+79110001822,X1822XX66,2026-01-07 19:47:19.144308+00:00
drv_ext_1823,Водитель 1823,+79110001823,X1823XX66,2026-01-29 06:23:14.943924+00:00
drv_ext_1824,Водитель 1824,+79110001824,X1824XX66,2026-01-20 05:22:42.763838+00:00
drv_ext_1825,Водитель 1825,+79110001825,X1825XX66,2026-01-30 15:22:58.681709+00:00
drv_ext_1826,Водитель 1826,+79110001826,X1826XX66,2026-01-21 09:10:01.562148+00:00
drv_ext_1827,Водитель 1827,+79110001827,X1827XX66,2026-01-12 22:04:30.370025+00:00
drv_ext_1828,Водитель 1828,+79110001828,X1828XX66,2026-01-01 11:54:42.770371+00:00
drv_ext_1829,Водитель 1829,+79110001829,X1829XX66,2026-01-12 04:24:44.364050+00:00
drv_ext_1830,Водитель 1830,+79110001830,X1830XX66,2026-01-29 12:29:28.610571+00:00
drv_ext_1831,Водитель 1831,+79110001831,X1831XX66,2026-01-23 15:10:58.201145+00:00
drv_ext_1832,Водитель 1832,+79110001832,X1832XX66,2026-01-09 01:21:20.852475+00:00
drv_ext_1833,Водитель 1833,+79110001833,X1833XX66,2026-01-11 15:49:44.155079+00:00
drv_ext_1834,Водитель 1834,+79110001834,X1834XX66,2026-01-13 15:53:36.753891+00:00
drv_ext_1835,Водитель 1835,+79110001835,X1835XX66,2026-01-21 14:54:36.390313+00:00
drv_ext_1836,Водитель 1836,+79110001836,X1836XX66,2026-01-13 20:15:39.535224+00:00
drv_ext_1837,Водитель 1837,+79110001837,X1837XX66,2026-01-07 03:23:08.297758+00:00
drv_ext_1838,Водитель 1838,+79110001838,X1838XX66,2026-01-11 23:44:53.366504+00:00
drv_ext_1839,Водитель 1839,+79110001839,X1839XX66,2026-01-30 11:21:40.936274+00:00
drv_ext_1840,Водитель 1840,+79110001840,X1840XX66,2026-01-18 01:44:40.887051+00:00
drv_ext_1841,Водитель 1841,+79110001841,X1841XX66,2026-01-13 11:14:38.408510+00:00
drv_ext_1842,Водитель 1842,+79110001842,X1842XX66,2026-01-19 13:41:15.687862+00:00
drv_ext_1843,Водитель 1843,+79110001843,X1843XX66,2026-01-14 07:46:57.810935+00:00
drv_ext_1844,Водитель 1844,+79110001844,X1844XX66,2026-01-20 17:53:47.989137+00:00
drv_ext_1845,Водитель 1845,+79110001845,X1845XX66,2026-01-02 01:57:29.689391+00:00
drv_ext_1846,Водитель 1846,+79110001846,X1846XX66,2026-01-06 13:06:29.415132+00:00
drv_ext_1847,Водитель 1847,+79110001847,X1847XX66,2026-01-20 16:55:42.424096+00:00
drv_ext_1848,Водитель 1848,+79110001848,X1848XX66,2026-01-05 04:40:07.757405+00:00
drv_ext_1849,Водитель 1849,+79110001849,X1849XX66,2026-01-22 11:17:02.153986+00:00
drv_ext_1850,Водитель 1850,+79110001850,X1850XX66,2026-01-06 13:58:05.534123+00:00
drv_ext_1851,Водитель 1851,+79110001851,X1851XX66,2026-01-10 09:05:59.547424+00:00
drv_ext_1852,Водитель 1852,+79110001852,X1852XX66,2026-01-07 20:30:26.357092+00:00
drv_ext_1853,Водитель 1853,+79110001853,X1853XX66,2026-01-27 18:53:50.858287+00:00
drv_ext_1854,Водитель 1854,+79110001854,X1854XX66,2026-01-08 00:29:03.840544+00:00
drv_ext_1855,Водитель 1855,+79110001855,X1855XX66,2026-01-06 17:13:21.138995+00:00
drv_ext_1856,Водитель 1856,+79110001856,X1856XX66,2026-01-04 17:02:11.352047+00:00
drv_ext_1857,Водитель 1857,+79110001857,X1857XX66,2026-01-24 05:35:46.187516+00:00
drv_ext_1858,Водитель 1858,+79110001858,X1858XX66,2026-01-12 23:52:10.556662+00:00
drv_ext_1859,Водитель 1859,+79110001859,X1859XX66,2026-01-04 13:07:22.820972+00:00
drv_ext_1860,Водитель 1860,+79110001860,X1860XX66,2026-01-23 03:42:07.823411+00:00
drv_ext_1861,Водитель 1861,+79110001861,X1861XX66,2026-01-26 11:38:35.293192+00:00
drv_ext_1862,Водитель 1862,+79110001862,X1862XX66,2026-01-02 16:42:34.673316+00:00
drv_ext_1863,Водитель 1863,+79110001863,X1863XX66,2026-01-24 13:51:31.968000+00:00
drv_ext_1864,Водитель 1864,+79110001864,X1864XX66,2026-01-04 03:07:39.851347+00:00
drv_ext_1865,Водитель 1865,+79110001865,X1865XX66,2026-01-11 11:43:41.745258+00:00
drv_ext_1866,Водитель 1866,+79110001866,X1866XX66,2026-01-30 03:58:14.312240+00:00
drv_ext_1867,Водитель 1867,+79110001867,X1867XX66,2026-01-05 18:08:15.541977+00:00
drv_ext_1868,Водитель 1868,+79110001868,X1868XX66,2026-01-23 03:24:10.163983+00:00
drv_ext_1869,Водитель 1869,+79110001869,X1869XX66,2026-01-04 19:18:17.416782+00:00
drv_ext_1870,Водитель 1870,+79110001870,X1870XX66,2026-01-17 05:10:55.752691+00:00
drv_ext_1871,Водитель 1871,+79110001871,X1871XX66,2026-01-07 05:41:45.200901+00:00
drv_ext_1872,Водитель 1872,+79110001872,X1872XX66,2026-01-03 01:52:00.397752+00:00
drv_ext_1873,Водитель 1873,+79110001873,X1873XX66,2026-01-27 01:04:02.480128+00:00
drv_ext_1874,Водитель 1874,+79110001874,X1874XX66,2026-01-05 21:52:14.092157+00:00
drv_ext_1875,Водитель 1875,+79110001875,X1875XX66,2026-01-29 08:03:07.859986+00:00
drv_ext_1876,Водитель 1876,+79110001876,X1876XX66,2026-01-19 05:00:45.364243+00:00
drv_ext_1877,Водитель 1877,+79110001877,X1877XX66,2026-01-13 07:02:42.775589+00:00
drv_ext_1878,Водитель 1878,+79110001878,X1878XX66,2026-01-10 21:52:54.723744+00:00
drv_ext_1879,Водитель 1879,+79110001879,X1879XX66,2026-01-23 00:12:15.737446+00:00
drv_ext_1880,Водитель 1880,+79110001880,X1880XX66,2026-01-25 01:52:41.253503+00:00
drv_ext_1881,Водитель 1881,+79110001881,X1881XX66,2026-01-27 05:23:04.050770+00:00
drv_ext_1882,Водитель 1882,+79110001882,X1882XX66,2026-01-16 02:11:53.439208+00:00
drv_ext_1883,Водитель 1883,+79110001883,X1883XX66,2026-01-02 10:42:00.792728+00:00
drv_ext_1884,Водитель 1884,+79110001884,X1884XX66,2026-01-03 22:42:00.469487+00:00
drv_ext_1885,Водитель 1885,+79110001885,X1885XX66,2026-01-19 23:51:13.070596+00:00
drv_ext_1886,Водитель 1886,+79110001886,X1886XX66,2026-01-21 09:04:13.451230+00:00
drv_ext_1887,Водитель 1887,+79110001887,X1887XX66,2026-01-15 12:23:14.614545+00:00
drv_ext_1888,Водитель 1888,+79110001888,X1888XX66,2026-01-15 23:36:44.844001+00:00
drv_ext_1889,Водитель 1889,+79110001889,X1889XX66,2026-01-09 15:14:01.305663+00:00
drv_ext_1890,Водитель 1890,+79110001890,X1890XX66,2026-01-30 01:22:57.743918+00:00
drv_ext_1891,Водитель 1891,+79110001891,X1891XX66,2026-01-12 03:16:06.165412+00:00
drv_ext_1892,Водитель 1892,+79110001892,X1892XX66,2026-01-20 12:37:42.780730+00:00
drv_ext_1893,Водитель 1893,+79110001893,X1893XX66,2026-01-26 04:22:00.423841+00:00
drv_ext_1894,Водитель 1894,+79110001894,X1894XX66,2026-01-16 06:04:32.128941+00:00
drv_ext_1895,Водитель 1895,+79110001895,X1895XX66,2026-01-10 08:06:49.771051+00:00
drv_ext_1896,Водитель 1896,+79110001896,X1896XX66,2026-01-30 00:36:09.979962+00:00
drv_ext_1897,Водитель 1897,+79110001897,X1897XX66,2026-01-03 14:46:09.168610+00:00
drv_ext_1898,Водитель 1898,+79110001898,X1898XX66,2026-01-22 03:32:37.567795+00:00
drv_ext_1899,Водитель 1899,+79110001899,X1899XX66,2026-01-08 18:17:36.713377+00:00
drv_ext_1900,Водитель 1900,+79110001900,X1900XX66,2026-01-22 02:46:21.285129+00:00
drv_ext_1901,Водитель 1901,+79110001901,X1901XX66,2026-01-25 11:28:52.191399+00:00
drv_ext_1902,Водитель 1902,+79110001902,X1902XX66,2026-01-23 19:59:11.514548+00:00
drv_ext_1903,Водитель 1903,+79110001903,X1903XX66,2026-01-07 12:38:39.211068+00:00
drv_ext_1904,Водитель 1904,+79110001904,X1904XX66,2026-01-08 19:05:07.012470+00:00
drv_ext_1905,Водитель 1905,+79110001905,X1905XX66,2026-01-16 13:45:20.309400+00:00
drv_ext_1906,Водитель 1906,+79110001906,X1906XX66,2026-01-06 16:36:13.984227+00:00
drv_ext_1907,Водитель 1907,+79110001907,X1907XX66,2026-01-23 08:32:51.411496+00:00
drv_ext_1908,Водитель 1908,+79110001908,X1908XX66,2026-01-20 21:23:51.612174+00:00
drv_ext_1909,Водитель 1909,+79110001909,X1909XX66,2026-01-11 14:09:07.948044+00:00
drv_ext_1910,Водитель 1910,+79110001910,X1910XX66,2026-01-23 02:26:13.971666+00:00
drv_ext_1911,Водитель 1911,+79110001911,X1911XX66,2026-01-06 08:24:28.049120+00:00
drv_ext_1912,Водитель 1912,+79110001912,X1912XX66,2026-01-13 20:23:13.186125+00:00
drv_ext_1913,Водитель 1913,+79110001913,X1913XX66,2026-01-08 01:16:20.829282+00:00
drv_ext_1914,Водитель 1914,+79110001914,X1914XX66,2026-01-07 00:13:21.215980+00:00
drv_ext_1915,Водитель 1915,+79110001915,X1915XX66,2026-01-29 01:38:32.269740+00:00
drv_ext_1916,Водитель 1916,+79110001916,X1916XX66,2026-01-03 04:44:49.368209+00:00
drv_ext_1917,Водитель 1917,+79110001917,X1917XX66,2026-01-19 15:10:35.438743+00:00
drv_ext_1918,Водитель 1918,+79110001918,X1918XX66,2026-01-18 22:47:24.935453+00:00
drv_ext_1919,Водитель 1919,+79110001919,X1919XX66,2026-01-23 21:08:09.888117+00:00
drv_ext_1920,Водитель 1920,+79110001920,X1920XX66,2026-01-07 04:10:06.356559+00:00
drv_ext_1921,Водитель 1921,+79110001921,X1921XX66,2026-01-10 21:55:05.580317+00:00
drv_ext_1922,Водитель 1922,+79110001922,X1922XX66,2026-01-03 17:13:44.621090+00:00
drv_ext_1923,Водитель 1923,+79110001923,X1923XX66,2026-01-25 13:01:38.591057+00:00
drv_ext_1924,Водитель 1924,+79110001924,X1924XX66,2026-01-24 05:19:24.234571+00:00
drv_ext_1925,Водитель 1925,+79110001925,X1925XX66,2026-01-02 18:16:31.966344+00:00
drv_ext_1926,Водитель 1926,+79110001926,X1926XX66,2026-01-21 04:25:25.087650+00:00
drv_ext_1927,Водитель 1927,+79110001927,X1927XX66,2026-01-29 02:08:33.267430+00:00
drv_ext_1928,Водитель 1928,+79110001928,X1928XX66,2026-01-10 19:13:02.010371+00:00
drv_ext_1929,Водитель 1929,+79110001929,X1929XX66,2026-01-23 23:52:40.822201+00:00
drv_ext_1930,Водитель 1930,+79110001930,X1930XX66,2026-01-17 12:10:28.079148+00:00
drv_ext_1931,Водитель 1931,+79110001931,X1931XX66,2026-01-06 11:10:57.612871+00:00
drv_ext_1932,Водитель 1932,+79110001932,X1932XX66,2026-01-06 04:41:11.788069+00:00
drv_ext_1933,Водитель 1933,+79110001933,X1933XX66,2026-01-15 10:23:48.810986+00:00
drv_ext_1934,Водитель 1934,+79110001934,X1934XX66,2026-01-17 06:08:01.202140+00:00
drv_ext_1935,Водитель 1935,+79110001935,X1935XX66,2026-01-28 13:45:19.383353+00:00
drv_ext_1936,Водитель 1936,+79110001936,X1936XX66,2026-01-20 01:49:29.064461+00:00
drv_ext_1937,Водитель 1937,+79110001937,X1937XX66,2026-01-21 10:18:51.048933+00:00
drv_ext_1938,Водитель 1938,+79110001938,X1938XX66,2026-01-14 06:21:07.353511+00:00
drv_ext_1939,Водитель 1939,+79110001939,X1939XX66,2026-01-20 17:02:10.172455+00:00
drv_ext_1940,Водитель 1940,+79110001940,X1940XX66,2026-01-17 04:20:32.131076+00:00
drv_ext_1941,Водитель 1941,+79110001941,X1941XX66,2026-01-29 23:37:08.089218+00:00
drv_ext_1942,Водитель 1942,+79110001942,X1942XX66,2026-01-15 13:56:29.252022+00:00
drv_ext_1943,Водитель 1943,+79110001943,X1943XX66,2026-01-20 19:03:40.192458+00:00
drv_ext_1944,Водитель 1944,+79110001944,X1944XX66,2026-01-30 07:08:34.829902+00:00
drv_ext_1945,Водитель 1945,+79110001945,X1945XX66,2026-01-22 07:34:23.882902+00:00
drv_ext_1946,Водитель 1946,+79110001946,X1946XX66,2026-01-14 06:46:59.903591+00:00
drv_ext_1947,Водитель 1947,+79110001947,X1947XX66,2026-01-06 05:24:39.808510+00:00
drv_ext_1948,Водитель 1948,+79110001948,X1948XX66,2026-01-17 12:53:29.224219+00:00
drv_ext_1949,Водитель 1949,+79110001949,X1949XX66,2026-01-09 06:40:09.876090+00:00
drv_ext_1950,Водитель 1950,+79110001950,X1950XX66,2026-01-07 14:40:52.279987+00:00
drv_ext_1951,Водитель 1951,+79110001951,X1951XX66,2026-01-17 08:01:45.136643+00:00
drv_ext_1952,Водитель 1952,+79110001952,X1952XX66,2026-01-16 03:33:50.343600+00:00
drv_ext_1953,Водитель 1953,+79110001953,X1953XX66,2026-01-19 20:59:11.094118+00:00
drv_ext_1954,Водитель 1954,+79110001954,X1954XX66,2026-01-19 17:43:29.750142+00:00
drv_ext_1955,Водитель 1955,+79110001955,X1955XX66,2026-01-23 21:11:18.246420+00:00
drv_ext_1956,Водитель 1956,+79110001956,X1956XX66,2026-01-28 13:31:34.497974+00:00
drv_ext_1957,Водитель 1957,+79110001957,X1957XX66,2026-01-18 01:35:58.198759+00:00
drv_ext_1958,Водитель 1958,+79110001958,X1958XX66,2026-01-24 18:39:48.998201+00:00
drv_ext_1959,Водитель 1959,+79110001959,X1959XX66,2026-01-03 06:37:15.720737+00:00
drv_ext_1960,Водитель 1960,+79110001960,X1960XX66,2026-01-10 05:19:51.890702+00:00
drv_ext_1961,Водитель 1961,+79110001961,X1961XX66,2026-01-02 00:28:40.069968+00:00
drv_ext_1962,Водитель 1962,+79110001962,X1962XX66,2026-01-28 01:34:52.870468+00:00
drv_ext_1963,Водитель 1963,+79110001963,X1963XX66,2026-01-17 19:30:37.538885+00:00
drv_ext_1964,Водитель 1964,+79110001964,X1964XX66,2026-01-02 18:43:32.202283+00:00
drv_ext_1965,Водитель 1965,+79110001965,X1965XX66,2026-01-17 18:49:23.635997+00:00
drv_ext_1966,Водитель 1966,+79110001966,X1966XX66,2026-01-29 19:41:54.292915+00:00
drv_ext_1967,Водитель 1967,+79110001967,X1967XX66,2026-01-19 00:40:28.332258+00:00
drv_ext_1968,Водитель 1968,+79110001968,X1968XX66,2026-01-30 08:57:17.822911+00:00
drv_ext_1969,Водитель 1969,+79110001969,X1969XX66,2026-01-14 20:16:15.558484+00:00
drv_ext_1970,Водитель 1970,+79110001970,X1970XX66,2026-01-26 12:14:21.370292+00:00
drv_ext_1971,Водитель 1971,+79110001971,X1971XX66,2026-01-28 20:54:44.163684+00:00
drv_ext_1972,Водитель 1972,+79110001972,X1972XX66,2026-01-15 19:28:22.846784+00:00
drv_ext_1973,Водитель 1973,+79110001973,X1973XX66,2026-01-12 16:47:08.161175+00:00
drv_ext_1974,Водитель 1974,+79110001974,X1974XX66,2026-01-29 01:22:16.613116+00:00
drv_ext_1975,Водитель 1975,+79110001975,X1975XX66,2026-01-14 12:07:57.897786+00:00
drv_ext_1976,Водитель 1976,+79110001976,X1976XX66,2026-01-29 01:48:58.180821+00:00
drv_ext_1977,Водитель 1977,+79110001977,X1977XX66,2026-01-25 14:50:59.085717+00:00
drv_ext_1978,Водитель 1978,+79110001978,X1978XX66,2026-01-07 04:54:15.138347+00:00
drv_ext_1979,Водитель 1979,+79110001979,X1979XX66,2026-01-12 01:25:42.608063+00:00
drv_ext_1980,Водитель 1980,+79110001980,X1980XX66,2026-01-28 06:00:49.115614+00:00
drv_ext_1981,Водитель 1981,+79110001981,X1981XX66,2026-01-02 11:46:00.093145+00:00
drv_ext_1982,Водитель 1982,+79110001982,X1982XX66,2026-01-05 13:05:49.448488+00:00
drv_ext_1983,Водитель 1983,+79110001983,X1983XX66,2026-01-19 17:21:28.008248+00:00
drv_ext_1984,Водитель 1984,+79110001984,X1984XX66,2026-01-25 09:46:34.992707+00:00
drv_ext_1985,Водитель 1985,+79110001985,X1985XX66,2026-01-22 04:12:28.215320+00:00
drv_ext_1986,Водитель 1986,+79110001986,X1986XX66,2026-01-03 22:09:49.760272+00:00
drv_ext_1987,Водитель 1987,+79110001987,X1987XX66,2026-01-26 09:27:21.494599+00:00
drv_ext_1988,Водитель 1988,+79110001988,X1988XX66,2026-01-10 11:47:22.286919+00:00
drv_ext_1989,Водитель 1989,+79110001989,X1989XX66,2026-01-06 09:31:33.737586+00:00
drv_ext_1990,Водитель 1990,+79110001990,X1990XX66,2026-01-28 07:09:27.812156+00:00
drv_ext_1991,Водитель 1991,+79110001991,X1991XX66,2026-01-06 02:17:39.142290+00:00
drv_ext_1992,Водитель 1992,+79110001992,X1992XX66,2026-01-07 17:51:08.008322+00:00
drv_ext_1993,Водитель 1993,+79110001993,X1993XX66,2026-01-11 07:13:45.217850+00:00
drv_ext_1994,Водитель 1994,+79110001994,X1994XX66,2026-01-24 21:56:51.974079+00:00
drv_ext_1995,Водитель 1995,+79110001995,X1995XX66,2026-01-21 20:43:36.547849+00:00
drv_ext_1996,Водитель 1996,+79110001996,X1996XX66,2026-01-16 17:48:24.540025+00:00
drv_ext_1997,Водитель 1997,+79110001997,X1997XX66,2026-01-28 12:09:33.112144+00:00
drv_ext_1998,Водитель 1998,+79110001998,X1998XX66,2026-01-18 20:36:33.387098+00:00
drv_ext_1999,Водитель 1999,+79110001999,X1999XX66,2026-01-22 14:04:48.110574+00:00
drv_ext_2000,Водитель 2000,+79110002000,X2000XX66,2026-01-07 01:24:04.334196+00:00
