address,lat,lon
"ул. Генерации, д. 1",55.738696,37.397812
"ул. Генерации, д. 2",55.571161,37.706761
"ул. Генерации, д. 3",55.791887,37.391386
"ул. Генерации, д. 4",55.790812,37.848438
"ул. Генерации, д. 5",55.568406,37.50688
"ул. Генерации, д. 6",55.750225,37.399732
"ул. Генерации, д. 7",55.787298,37.460916
"ул. Генерации, д. 8",55.530841,37.581806
"ул. Генерации, д. 9",55.540646,37.463686
"ул. Генерации, д. 10",55.66637,37.560165
"ул. Генерации, д. 11",55.557675,37.863809
"ул. Генерации, д. 12",55.885461,37.88595
"ул. Генерации, д. 13",55.559953,37.823445
"ул. Генерации, д. 14",55.885549,37.436124
"ул. Генерации, д. 15",55.635748,37.60568
"ул. Генерации, д. 16",55.620283,37.689196
"ул. Генерации, д. 17",55.787999,37.775895
"ул. Генерации, д. 18",55.775439,37.500929
"ул. Генерации, д. 19",55.504386,37.471319
"ул. Генерации, д. 20",55.798489,37.896257
"ул. Генерации, д. 21",55.526107,37.649178
"ул. Генерации, д. 22",55.823298,37.634645
"ул. Генерации, д. 23",55.803827,37.71763
"ул. Генерации, д. 24",55.670727,37.426656
"ул. Генерации, д. 25",55.835946,37.555977
"ул. Генерации, д. 26",55.820261,37.597842
"ул. Генерации, д. 27",55.707683,37.806304
"ул. Генерации, д. 28",55.549153,37.300109
"ул. Генерации, д. 29",55.758022,37.559499
"ул. Генерации, д. 30",55.696806,37.367953
"ул. Генерации, д. 31",55.544738,37.825687
"ул. Генерации, д. 32",55.779775,37.474449
"ул. Генерации, д. 33",55.65849,37.656561
"ул. Генерации, д. 34",55.558201,37.355027
"ул. Генерации, д. 35",55.6078,37.811476
"ул. Генерации, д. 36",55.777373,37.340157
"ул. Генерации, д. 37",55.635155,37.733871
"ул. Генерации, д. 38",55.78365,37.725634
"ул. Генерации, д. 39",55.645667,37.568422
"ул. Генерации, д. 40",55.735339,37.665187
"ул. Генерации, д. 41",55.716563,37.739329
"ул. Генерации, д. 42",55.584406,37.860877
"ул. Генерации, д. 43",55.765659,37.599755
"ул. Генерации, д. 44",55.85184,37.701575
"ул. Генерации, д. 45",55.601237,37.659413
"ул. Генерации, д. 46",55.812615,37.454102
"ул. Генерации, д. 47",55.871904,37.45451
"ул. Генерации, д. 48",55.559967,37.306279
"ул. Генерации, д. 49",55.715323,37.414963
"ул. Генерации, д. 50",55.629205,37.877613
"ул. Генерации, д. 51",55.650653,37.360067
"ул. Генерации, д. 52",55.750826,37.645333
"ул. Генерации, д. 53",55.898993,37.482344
"ул. Генерации, д. 54",55.691446,37.60234
"ул. Генерации, д. 55",55.593714,37.809954
"ул. Генерации, д. 56",55.599464,37.523622
"ул. Генерации, д. 57",55.64249,37.618001
"ул. Генерации, д. 58",55.648278,37.346372
"ул. Генерации, д. 59",55.592978,37.511452
"ул. Генерации, д. 60",55.784268,37.345804
"ул. Генерации, д. 61",55.57877,37.636898
"ул. Генерации, д. 62",55.702914,37.64883
"ул. Генерации, д. 63",55.707732,37.893665
"ул. Генерации, д. 64",55.584322,37.370636
"ул. Генерации, д. 65",55.588897,37.813592
"ул. Генерации, д. 66",55.623794,37.561933
"ул. Генерации, д. 67",55.670766,37.785793
"ул. Генерации, д. 68",55.593384,37.405858
"ул. Генерации, д. 69",55.766834,37.737649
"ул. Генерации, д. 70",55.678246,37.698755
"ул. Генерации, д. 71",55.718637,37.732707
"ул. Генерации, д. 72",55.591947,37.559564
"ул. Генерации, д. 73",55.766471,37.513205
"ул. Генерации, д. 74",55.562196,37.645156
"ул. Генерации, д. 75",55.822196,37.389055
"ул. Генерации, д. 76",55.506807,37.612015
"ул. Генерации, д. 77",55.865423,37.860044
"ул. Генерации, д. 78",55.633828,37.367197
"ул. Генерации, д. 79",55.869922,37.517292
"ул. Генерации, д. 80",55.570731,37.498439
"ул. Генерации, д. 81",55.858904,37.607555
"ул. Генерации, д. 82",55.821832,37.442598
"ул. Генерации, д. 83",55.589067,37.575486
"ул. Генерации, д. 84",55.600896,37.595742
"ул. Генерации, д. 85",55.693191,37.726558
"ул. Генерации, д. 86",55.877822,37.61223
"ул. Генерации, д. 87",55.789847,37.884722
"ул. Генерации, д. 88",55.588854,37.758152
"ул. Генерации, д. 89",55.790773,37.578338
"ул. Генерации, д. 90",55.776201,37.653526
"ул. Генерации, д. 91",55.757234,37.315462
"ул. Генерации, д. 92",55.887188,37.478604
"ул. Генерации, д. 93",55.811866,37.892888
"ул. Генерации, д. 94",55.546074,37.603706
"ул. Генерации, д. 95",55.813093,37.412462
"ул. Генерации, д. 96",55.554698,37.736643
"ул. Генерации, д. 97",55.600869,37.767582
"ул. Генерации, д. 98",55.503835,37.536831
"ул. Генерации, д. 99",55.888373,37.312541
"ул. Генерации, д. 100",55.673379,37.612307
"ул. Генерации, д. 101",55.672447,37.84382
"ул. Генерации, д. 102",55.810212,37.821455
"ул. Генерации, д. 103",55.8535,37.637306
"ул. Генерации, д. 104",55.67272,37.421234
"ул. Генерации, д. 105",55.684317,37.309514
"ул. Генерации, д. 106",55.773599,37.395585
"ул. Генерации, д. 107",55.75437,37.651092
"ул. Генерации, д. 108",55.558828,37.604535
"ул. Генерации, д. 109",55.777849,37.456773
"ул. Генерации, д. 110",55.797544,37.704395
"ул. Генерации, д. 111",55.677054,37.334115
"ул. Генерации, д. 112",55.55962,37.827501
"ул. Генерации, д. 113",55.708863,37.526292
"ул. Генерации, д. 114",55.81411,37.37557
"ул. Генерации, д. 115",55.739154,37.483844
"ул. Генерации, д. 116",55.652056,37.675309
"ул. Генерации, д. 117",55.714697,37.313201
"ул. Генерации, д. 118",55.611357,37.558706
"ул. Генерации, д. 119",55.827673,37.708018
"ул. Генерации, д. 120",55.792904,37.701011
"ул. Генерации, д. 121",55.751334,37.359479
"ул. Генерации, д. 122",55.733729,37.837288
"ул. Генерации, д. 123",55.618087,37.571396
"ул. Генерации, д. 124",55.538175,37.522049
"ул. Генерации, д. 125",55.886881,37.4131
"ул. Генерации, д. 126",55.857579,37.8917
"ул. Генерации, д. 127",55.733407,37.622219
"ул. Генерации, д. 128",55.834281,37.855659
"ул. Генерации, д. 129",55.550949,37.658287
"ул. Генерации, д. 130",55.878157,37.793789
"ул. Генерации, д. 131",55.594718,37.509997
"ул. Генерации, д. 132",55.685988,37.771283
"ул. Генерации, д. 133",55.587661,37.409203
"ул. Генерации, д. 134",55.653723,37.50508
"ул. Генерации, д. 135",55.506139,37.731535
"ул. Генерации, д. 136",55.798079,37.842021
"ул. Генерации, д. 137",55.581347,37.375973
"ул. Генерации, д. 138",55.500523,37.308787
"ул. Генерации, д. 139",55.536062,37.355463
"ул. Генерации, д. 140",55.540755,37.524441
"ул. Генерации, д. 141",55.751509,37.79645
"ул. Генерации, д. 142",55.530002,37.784026
"ул. Генерации, д. 143",55.602836,37.799735
"ул. Генерации, д. 144",55.630311,37.652383
"ул. Генерации, д. 145",55.593584,37.419592
"ул. Генерации, д. 146",55.813088,37.335989
"ул. Генерации, д. 147",55.724314,37.389397
"ул. Генерации, д. 148",55.777136,37.403932
"ул. Генерации, д. 149",55.562745,37.709196
"ул. Генерации, д. 150",55.679376,37.513278
"ул. Генерации, д. 151",55.777868,37.691586
"ул. Генерации, д. 152",55.696516,37.851157
"ул. Генерации, д. 153",55.558944,37.6675
"ул. Генерации, д. 154",55.704292,37.737638
"ул. Генерации, д. 155",55.862538,37.450022
"ул. Генерации, д. 156",55.530266,37.410936
"ул. Генерации, д. 157",55.83473,37.860204
"ул. Генерации, д. 158",55.678393,37.861451
"ул. Генерации, д. 159",55.854775,37.85139
"ул. Генерации, д. 160",55.80915,37.447961
"ул. Генерации, д. 161",55.722036,37.525897
"ул. Генерации, д. 162",55.776897,37.861678
"ул. Генерации, д. 163",55.773923,37.878279
"ул. Генерации, д. 164",55.892699,37.85283
"ул. Генерации, д. 165",55.769334,37.623408
"ул. Генерации, д. 166",55.766677,37.852998
"ул. Генерации, д. 167",55.614493,37.442183
"ул. Генерации, д. 168",55.696665,37.612417
"ул. Генерации, д. 169",55.898519,37.538607
"ул. Генерации, д. 170",55.760481,37.774098
"ул. Генерации, д. 171",55.7064,37.679759
"ул. Генерации, д. 172",55.865949,37.68008
"ул. Генерации, д. 173",55.755997,37.655062
"ул. Генерации, д. 174",55.774561,37.449441
"ул. Генерации, д. 175",55.62832,37.481823
"ул. Генерации, д. 176",55.635679,37.777357
"ул. Генерации, д. 177",55.594922,37.427562
"ул. Генерации, д. 178",55.572449,37.708492
"ул. Генерации, д. 179",55.593328,37.380848
"ул. Генерации, д. 180",55.786927,37.483681
"ул. Генерации, д. 181",55.773076,37.712103
"ул. Генерации, д. 182",55.749831,37.674247
"ул. Генерации, д. 183",55.779608,37.386185
"ул. Генерации, д. 184",55.61778,37.369241
"ул. Генерации, д. 185",55.776606,37.832624
"ул. Генерации, д. 186",55.774199,37.849141
"ул. Генерации, д. 187",55.748004,37.769599
"ул. Генерации, д. 188",55.869497,37.310541
"ул. Генерации, д. 189",55.871553,37.642434
"ул. Генерации, д. 190",55.624894,37.683407
"ул. Генерации, д. 191",55.733156,37.350117
"ул. Генерации, д. 192",55.869187,37.508869
"ул. Генерации, д. 193",55.641238,37.664958
"ул. Генерации, д. 194",55.797066,37.78043
"ул. Генерации, д. 195",55.668313,37.841272
"ул. Генерации, д. 196",55.87008,37.666571
"ул. Генерации, д. 197",55.759582,37.690305
"ул. Генерации, д. 198",55.860983,37.463257
"ул. Генерации, д. 199",55.705045,37.533184
"ул. Генерации, д. 200",55.614353,37.638816
"ул. Генерации, д. 201",55.594008,37.336008
"ул. Генерации, д. 202",55.868036,37.792998
"ул. Генерации, д. 203",55.848897,37.370487
"ул. Генерации, д. 204",55.656576,37.883606
"ул. Генерации, д. 205",55.727685,37.482841
"ул. Генерации, д. 206",55.820113,37.540788
"ул. Генерации, д. 207",55.840121,37.752263
"ул. Генерации, д. 208",55.827336,37.563415
"ул. Генерации, д. 209",55.574831,37.72449
"ул. Генерации, д. 210",55.732434,37.475832
"ул. Генерации, д. 211",55.768535,37.420166
"ул. Генерации, д. 212",55.645153,37.408475
"ул. Генерации, д. 213",55.77007,37.651056
"ул. Генерации, д. 214",55.773021,37.751628
"ул. Генерации, д. 215",55.833193,37.70813
"ул. Генерации, д. 216",55.548196,37.556687
"ул. Генерации, д. 217",55.807085,37.467333
"ул. Генерации, д. 218",55.823978,37.55396
"ул. Генерации, д. 219",55.594621,37.889612
"ул. Генерации, д. 220",55.531926,37.398675
"ул. Генерации, д. 221",55.757992,37.317386
"ул. Генерации, д. 222",55.551729,37.777976
"ул. Генерации, д. 223",55.880214,37.867844
"ул. Генерации, д. 224",55.624473,37.730775
"ул. Генерации, д. 225",55.823728,37.895666
"ул. Генерации, д. 226",55.500917,37.858656
"ул. Генерации, д. 227",55.840738,37.339846
"ул. Генерации, д. 228",55.612309,37.654048
"ул. Генерации, д. 229",55.872497,37.834774
"ул. Генерации, д. 230",55.74119,37.376021
"ул. Генерации, д. 231",55.710472,37.884668
"ул. Генерации, д. 232",55.805728,37.812071
"ул. Генерации, д. 233",55.529703,37.894858
"ул. Генерации, д. 234",55.782078,37.801629
"ул. Генерации, д. 235",55.587768,37.695737
"ул. Генерации, д. 236",55.73527,37.804303
"ул. Генерации, д. 237",55.740575,37.399951
"ул. Генерации, д. 238",55.703845,37.398164
"ул. Генерации, д. 239",55.741445,37.47511
"ул. Генерации, д. 240",55.589095,37.520332
"ул. Генерации, д. 241",55.610473,37.774273
"ул. Генерации, д. 242",55.878373,37.78418
"ул. Генерации, д. 243",55.646176,37.71389
"ул. Генерации, д. 244",55.638181,37.751474
"ул. Генерации, д. 245",55.672252,37.554387
"ул. Генерации, д. 246",55.824074,37.716283
"ул. Генерации, д. 247",55.873842,37.558634
"ул. Генерации, д. 248",55.604135,37.628319
"ул. Генерации, д. 249",55.571447,37.449847
"ул. Генерации, д. 250",55.872977,37.772585
"ул. Генерации, д. 251",55.657324,37.311333
"ул. Генерации, д. 252",55.709444,37.885774
"ул. Генерации, д. 253",55.803433,37.690404
"ул. Генерации, д. 254",55.767381,37.542393
"ул. Генерации, д. 255",55.770614,37.453536
"ул. Генерации, д. 256",55.829533,37.774872
"ул. Генерации, д. 257",55.571907,37.893039
"ул. Генерации, д. 258",55.609316,37.844004
"ул. Генерации, д. 259",55.843611,37.55595
"ул. Генерации, д. 260",55.780872,37.755821
"ул. Генерации, д. 261",55.674791,37.752006
"ул. Генерации, д. 262",55.625596,37.615255
"ул. Генерации, д. 263",55.837297,37.866634
"ул. Генерации, д. 264",55.737966,37.559528
"ул. Генерации, д. 265",55.564008,37.554275
"ул. Генерации, д. 266",55.697459,37.58667
"ул. Генерации, д. 267",55.54718,37.840022
"ул. Генерации, д. 268",55.645985,37.319731
"ул. Генерации, д. 269",55.617989,37.758261
"ул. Генерации, д. 270",55.629616,37.607987
"ул. Генерации, д. 271",55.712863,37.671996
"ул. Генерации, д. 272",55.849536,37.797836
"ул. Генерации, д. 273",55.865253,37.48667
"ул. Генерации, д. 274",55.750982,37.637316
"ул. Генерации, д. 275",55.668341,37.714184
"ул. Генерации, д. 276",55.504486,37.532017
"ул. Генерации, д. 277",55.523489,37.630313
"ул. Генерации, д. 278",55.531347,37.607611
"ул. Генерации, д. 279",55.83317,37.540622
"ул. Генерации, д. 280",55.759273,37.854047
"ул. Генерации, д. 281",55.710588,37.723821
"ул. Генерации, д. 282",55.562808,37.724709
"ул. Генерации, д. 283",55.726624,37.524593
"ул. Генерации, д. 284",55.592605,37.741722
"ул. Генерации, д. 285",55.516465,37.374633
"ул. Генерации, д. 286",55.840485,37.429826
"ул. Генерации, д. 287",55.563835,37.787481
"ул. Генерации, д. 288",55.643701,37.740979
"ул. Генерации, д. 289",55.517538,37.363094
"ул. Генерации, д. 290",55.892116,37.779709
"ул. Генерации, д. 291",55.504722,37.453026
"ул. Генерации, д. 292",55.810047,37.893805
"ул. Генерации, д. 293",55.5195,37.833661
"ул. Генерации, д. 294",55.790445,37.470023
"ул. Генерации, д. 295",55.659295,37.463154
"ул. Генерации, д. 296",55.653793,37.676351
"ул. Генерации, д. 297",55.883669,37.575534
"ул. Генерации, д. 298",55.724253,37.711095
"ул. Генерации, д. 299",55.805341,37.764899
"ул. Генерации, д. 300",55.728996,37.423061
"ул. Генерации, д. 301",55.522193,37.304105
"ул. Генерации, д. 302",55.89671,37.392036
"ул. Генерации, д. 303",55.549068,37.37697
"ул. Генерации, д. 304",55.54674,37.802596
"ул. Генерации, д. 305",55.756307,37.309513
"ул. Генерации, д. 306",55.865386,37.769433
"ул. Генерации, д. 307",55.655449,37.855816
"ул. Генерации, д. 308",55.700181,37.836886
"ул. Генерации, д. 309",55.628122,37.84565
"ул. Генерации, д. 310",55.877416,37.63421
"ул. Генерации, д. 311",55.606493,37.856408
"ул. Генерации, д. 312",55.626347,37.513529
"ул. Генерации, д. 313",55.543884,37.41864
"ул. Генерации, д. 314",55.817055,37.383684
"ул. Генерации, д. 315",55.828816,37.725459
"ул. Генерации, д. 316",55.76898,37.58482
"ул. Генерации, д. 317",55.548382,37.670766
"ул. Генерации, д. 318",55.818852,37.81485
"ул. Генерации, д. 319",55.800785,37.470945
"ул. Генерации, д. 320",55.80593,37.851704
"ул. Генерации, д. 321",55.884394,37.799732
"ул. Генерации, д. 322",55.533851,37.334218
"ул. Генерации, д. 323",55.801933,37.653045
"ул. Генерации, д. 324",55.895876,37.837058
"ул. Генерации, д. 325",55.805227,37.719651
"ул. Генерации, д. 326",55.542181,37.375432
"ул. Генерации, д. 327",55.566443,37.871996
"ул. Генерации, д. 328",55.567907,37.836709
"ул. Генерации, д. 329",55.675717,37.804698
"ул. Генерации, д. 330",55.637044,37.590272
"ул. Генерации, д. 331",55.666977,37.395556
"ул. Генерации, д. 332",55.748099,37.820475
"ул. Генерации, д. 333",55.672782,37.884761
"ул. Генерации, д. 334",55.738984,37.463364
"ул. Генерации, д. 335",55.811495,37.517351
"ул. Генерации, д. 336",55.880693,37.740784
"ул. Генерации, д. 337",55.888251,37.496228
"ул. Генерации, д. 338",55.529079,37.564136
"ул. Генерации, д. 339",55.681136,37.579029
"ул. Генерации, д. 340",55.874696,37.470645
"ул. Генерации, д. 341",55.543,37.74754
"ул. Генерации, д. 342",55.723163,37.455267
"ул. Генерации, д. 343",55.7472,37.519278
"ул. Генерации, д. 344",55.588166,37.696385
"ул. Генерации, д. 345",55.563097,37.818624
"ул. Генерации, д. 346",55.599023,37.751631
"ул. Генерации, д. 347",55.8808,37.757086
"ул. Генерации, д. 348",55.839388,37.62351
"ул. Генерации, д. 349",55.523421,37.503964
"ул. Генерации, д. 350",55.821036,37.700599
"ул. Генерации, д. 351",55.841825,37.466286
"ул. Генерации, д. 352",55.650445,37.394078
"ул. Генерации, д. 353",55.778157,37.451688
"ул. Генерации, д. 354",55.558704,37.538568
"ул. Генерации, д. 355",55.861335,37.758109
"ул. Генерации, д. 356",55.653416,37.839642
"ул. Генерации, д. 357",55.552268,37.774716
"ул. Генерации, д. 358",55.651432,37.70013
"ул. Генерации, д. 359",55.592767,37.580828
"ул. Генерации, д. 360",55.588685,37.346097
"ул. Генерации, д. 361",55.527766,37.846415
"ул. Генерации, д. 362",55.595125,37.80114
"ул. Генерации, д. 363",55.508123,37.370746
"ул. Генерации, д. 364",55.873035,37.433616
"ул. Генерации, д. 365",55.692782,37.483709
"ул. Генерации, д. 366",55.577658,37.493633
"ул. Генерации, д. 367",55.817137,37.416988
"ул. Генерации, д. 368",55.85557,37.486722
"ул. Генерации, д. 369",55.731616,37.717486
"ул. Генерации, д. 370",55.703267,37.83567
"ул. Генерации, д. 371",55.705124,37.627807
"ул. Генерации, д. 372",55.805865,37.458954
"ул. Генерации, д. 373",55.752886,37.552033
"ул. Генерации, д. 374",55.5699,37.886513
"ул. Генерации, д. 375",55.710703,37.46397
"ул. Генерации, д. 376",55.550609,37.681187
"ул. Генерации, д. 377",55.635517,37.491936
"ул. Генерации, д. 378",55.535084,37.619864
"ул. Генерации, д. 379",55.58963,37.633526
"ул. Генерации, д. 380",55.804647,37.693148
"ул. Генерации, д. 381",55.592722,37.37783
"ул. Генерации, д. 382",55.85377,37.343768
"ул. Генерации, д. 383",55.651025,37.882468
"ул. Генерации, д. 384",55.88072,37.549401
"ул. Генерации, д. 385",55.892441,37.508078
"ул. Генерации, д. 386",55.734841,37.527511
"ул. Генерации, д. 387",55.501293,37.716364
"ул. Генерации, д. 388",55.671589,37.412378
"ул. Генерации, д. 389",55.869394,37.356772
"ул. Генерации, д. 390",55.763281,37.790817
"ул. Генерации, д. 391",55.54414,37.758153
"ул. Генерации, д. 392",55.648341,37.419749
"ул. Генерации, д. 393",55.747694,37.3911
"ул. Генерации, д. 394",55.645079,37.571791
"ул. Генерации, д. 395",55.632398,37.710776
"ул. Генерации, д. 396",55.697957,37.729295
"ул. Генерации, д. 397",55.782812,37.687051
"ул. Генерации, д. 398",55.871088,37.823629
"ул. Генерации, д. 399",55.800739,37.411278
"ул. Генерации, д. 400",55.842749,37.422309
"ул. Генерации, д. 401",55.839991,37.5453
"ул. Генерации, д. 402",55.720757,37.810196
"ул. Генерации, д. 403",55.839109,37.838903
"ул. Генерации, д. 404",55.850882,37.352395
"ул. Генерации, д. 405",55.576438,37.722585
"ул. Генерации, д. 406",55.83166,37.735088
"ул. Генерации, д. 407",55.896185,37.435
"ул. Генерации, д. 408",55.750128,37.745529
"ул. Генерации, д. 409",55.84879,37.731835
"ул. Генерации, д. 410",55.859149,37.711306
"ул. Генерации, д. 411",55.866206,37.358791
"ул. Генерации, д. 412",55.547384,37.863886
"ул. Генерации, д. 413",55.72709,37.631632
"ул. Генерации, д. 414",55.840799,37.418117
"ул. Генерации, д. 415",55.616311,37.613401
"ул. Генерации, д. 416",55.570889,37.49981
"ул. Генерации, д. 417",55.737953,37.899497
"ул. Генерации, д. 418",55.675331,37.523761
"ул. Генерации, д. 419",55.627905,37.381821
"ул. Генерации, д. 420",55.655845,37.800198
"ул. Генерации, д. 421",55.679045,37.485523
"ул. Генерации, д. 422",55.650943,37.777287
"ул. Генерации, д. 423",55.67961,37.649156
"ул. Генерации, д. 424",55.716536,37.842134
"ул. Генерации, д. 425",55.580966,37.558916
"ул. Генерации, д. 426",55.77602,37.461197
"ул. Генерации, д. 427",55.629794,37.436078
"ул. Генерации, д. 428",55.543664,37.496252
"ул. Генерации, д. 429",55.654508,37.59925
"ул. Генерации, д. 430",55.869415,37.617769
"ул. Генерации, д. 431",55.801239,37.888711
"ул. Генерации, д. 432",55.644287,37.660905
"ул. Генерации, д. 433",55.576069,37.588576
"ул. Генерации, д. 434",55.550936,37.437444
"ул. Генерации, д. 435",55.548661,37.370533
"ул. Генерации, д. 436",55.503685,37.604202
"ул. Генерации, д. 437",55.659913,37.337218
"ул. Генерации, д. 438",55.606802,37.598958
"ул. Генерации, д. 439",55.820826,37.711814
"ул. Генерации, д. 440",55.512472,37.570991
"ул. Генерации, д. 441",55.628032,37.588264
"ул. Генерации, д. 442",55.889062,37.855831
"ул. Генерации, д. 443",55.753906,37.570989
"ул. Генерации, д. 444",55.733611,37.465985
"ул. Генерации, д. 445",55.575153,37.682212
"ул. Генерации, д. 446",55.899725,37.316953
"ул. Генерации, д. 447",55.765478,37.827823
"ул. Генерации, д. 448",55.888913,37.698382
"ул. Генерации, д. 449",55.722113,37.798515
"ул. Генерации, д. 450",55.506851,37.720671
"ул. Генерации, д. 451",55.699947,37.45143
"ул. Генерации, д. 452",55.765954,37.540915
"ул. Генерации, д. 453",55.725978,37.653228
"ул. Генерации, д. 454",55.73303,37.364587
"ул. Генерации, д. 455",55.646917,37.665107
"ул. Генерации, д. 456",55.684194,37.753637
"ул. Генерации, д. 457",55.727324,37.8723
"ул. Генерации, д. 458",55.668834,37.767733
"ул. Генерации, д. 459",55.558341,37.364544
"ул. Генерации, д. 460",55.562141,37.363367
"ул. Генерации, д. 461",55.548476,37.775044
"ул. Генерации, д. 462",55.771215,37.494839
"ул. Генерации, д. 463",55.603178,37.531132
"ул. Генерации, д. 464",55.881765,37.611904
"ул. Генерации, д. 465",55.573047,37.790682
"ул. Генерации, д. 466",55.73158,37.374877
"ул. Генерации, д. 467",55.645661,37.371797
"ул. Генерации, д. 468",55.505767,37.841366
"ул. Генерации, д. 469",55.605171,37.821881
"ул. Генерации, д. 470",55.640989,37.681886
"ул. Генерации, д. 471",55.509733,37.849849
"ул. Генерации, д. 472",55.633972,37.811593
"ул. Генерации, д. 473",55.672077,37.633783
"ул. Генерации, д. 474",55.584388,37.358633
"ул. Генерации, д. 475",55.854747,37.490224
"ул. Генерации, д. 476",55.833982,37.307612
"ул. Генерации, д. 477",55.815665,37.34793
"ул. Генерации, д. 478",55.764535,37.649305
"ул. Генерации, д. 479",55.697823,37.857713
"ул. Генерации, д. 480",55.504009,37.590692
"ул. Генерации, д. 481",55.522877,37.429407
"ул. Генерации, д. 482",55.705393,37.326617
"ул. Генерации, д. 483",55.891337,37.506936
"ул. Генерации, д. 484",55.521522,37.563014
"ул. Генерации, д. 485",55.552047,37.616634
"ул. Генерации, д. 486",55.635621,37.658157
"ул. Генерации, д. 487",55.76647,37.533937
"ул. Генерации, д. 488",55.578656,37.343861
"ул. Генерации, д. 489",55.758383,37.633575
"ул. Генерации, д. 490",55.617466,37.388375
"ул. Генерации, д. 491",55.617193,37.779586
"ул. Генерации, д. 492",55.89883,37.659938
"ул. Генерации, д. 493",55.894045,37.799478
"ул. Генерации, д. 494",55.639036,37.736138
"ул. Генерации, д. 495",55.636037,37.547129
"ул. Генерации, д. 496",55.821907,37.649485
"ул. Генерации, д. 497",55.707974,37.343699
"ул. Генерации, д. 498",55.818789,37.774481
"ул. Генерации, д. 499",55.80676,37.314205
"ул. Генерации, д. 500",55.623205,37.333513
"ул. Генерации, д. 501",55.524919,37.557538
"ул. Генерации, д. 502",55.508097,37.321071
"ул. Генерации, д. 503",55.501838,37.881371
"ул. Генерации, д. 504",55.743764,37.887293
"ул. Генерации, д. 505",55.825227,37.855307
"ул. Генерации, д. 506",55.861004,37.705757
"ул. Генерации, д. 507",55.825766,37.88127
"ул. Генерации, д. 508",55.891921,37.621979
"ул. Генерации, д. 509",55.844546,37.41235
"ул. Генерации, д. 510",55.766617,37.435977
"ул. Генерации, д. 511",55.827104,37.759427
"ул. Генерации, д. 512",55.836218,37.357003
"ул. Генерации, д. 513",55.562901,37.892354
"ул. Генерации, д. 514",55.508451,37.304669
"ул. Генерации, д. 515",55.862474,37.764868
"ул. Генерации, д. 516",55.510066,37.865336
"ул. Генерации, д. 517",55.635336,37.544472
"ул. Генерации, д. 518",55.780863,37.786569
"ул. Генерации, д. 519",55.831421,37.361866
"ул. Генерации, д. 520",55.570921,37.624081
"ул. Генерации, д. 521",55.547576,37.745314
"ул. Генерации, д. 522",55.825672,37.405795
"ул. Генерации, д. 523",55.791306,37.358439
"ул. Генерации, д. 524",55.665133,37.730695
"ул. Генерации, д. 525",55.666168,37.306531
"ул. Генерации, д. 526",55.513125,37.837199
"ул. Генерации, д. 527",55.882988,37.335709
"ул. Генерации, д. 528",55.544666,37.467617
"ул. Генерации, д. 529",55.764296,37.462398
"ул. Генерации, д. 530",55.528643,37.350021
"ул. Генерации, д. 531",55.785736,37.590917
"ул. Генерации, д. 532",55.595918,37.712548
"ул. Генерации, д. 533",55.555822,37.618969
"ул. Генерации, д. 534",55.795827,37.766341
"ул. Генерации, д. 535",55.799229,37.340563
"ул. Генерации, д. 536",55.505543,37.53085
"ул. Генерации, д. 537",55.775551,37.521139
"ул. Генерации, д. 538",55.75067,37.688228
"ул. Генерации, д. 539",55.80495,37.88222
"ул. Генерации, д. 540",55.699827,37.794196
"ул. Генерации, д. 541",55.558672,37.339421
"ул. Генерации, д. 542",55.557812,37.892651
"ул. Генерации, д. 543",55.537743,37.846907
"ул. Генерации, д. 544",55.512599,37.843988
"ул. Генерации, д. 545",55.628571,37.59386
"ул. Генерации, д. 546",55.883126,37.739466
"ул. Генерации, д. 547",55.800247,37.68804
"ул. Генерации, д. 548",55.706535,37.320313
"ул. Генерации, д. 549",55.534639,37.805989
"ул. Генерации, д. 550",55.808116,37.733086
"ул. Генерации, д. 551",55.648119,37.834316
"ул. Генерации, д. 552",55.529666,37.522896
"ул. Генерации, д. 553",55.876893,37.898879
"ул. Генерации, д. 554",55.629497,37.37444
"ул. Генерации, д. 555",55.773248,37.765669
"ул. Генерации, д. 556",55.852926,37.561798
"ул. Генерации, д. 557",55.804543,37.420555
"ул. Генерации, д. 558",55.794205,37.372253
"ул. Генерации, д. 559",55.815527,37.602586
"ул. Генерации, д. 560",55.894941,37.668826
"ул. Генерации, д. 561",55.568618,37.546373
"ул. Генерации, д. 562",55.589171,37.449958
"ул. Генерации, д. 563",55.898003,37.775593
"ул. Генерации, д. 564",55.773401,37.70236
"ул. Генерации, д. 565",55.652699,37.721395
"ул. Генерации, д. 566",55.504622,37.705085
"ул. Генерации, д. 567",55.871661,37.869704
"ул. Генерации, д. 568",55.700495,37.385639
"ул. Генерации, д. 569",55.600211,37.36127
"ул. Генерации, д. 570",55.573346,37.502571
"ул. Генерации, д. 571",55.782403,37.785608
"ул. Генерации, д. 572",55.626546,37.530781
"ул. Генерации, д. 573",55.850538,37.515238
"ул. Генерации, д. 574",55.660381,37.843845
"ул. Генерации, д. 575",55.882089,37.393402
"ул. Генерации, д. 576",55.839152,37.608978
"ул. Генерации, д. 577",55.670232,37.330267
"ул. Генерации, д. 578",55.859546,37.374659
"ул. Генерации, д. 579",55.685217,37.346073
"ул. Генерации, д. 580",55.843723,37.475867
"ул. Генерации, д. 581",55.563918,37.702218
"ул. Генерации, д. 582",55.562102,37.493716
"ул. Генерации, д. 583",55.714205,37.78594
"ул. Генерации, д. 584",55.599311,37.555324
"ул. Генерации, д. 585",55.642631,37.620335
"ул. Генерации, д. 586",55.540586,37.368636
"ул. Генерации, д. 587",55.69979,37.899229
"ул. Генерации, д. 588",55.693031,37.662596
"ул. Генерации, д. 589",55.737948,37.665703
"ул. Генерации, д. 590",55.88381,37.591022
"ул. Генерации, д. 591",55.571428,37.826194
"ул. Генерации, д. 592",55.590438,37.873401
"ул. Генерации, д. 593",55.70466,37.537512
"ул. Генерации, д. 594",55.809258,37.80571
"ул. Генерации, д. 595",55.677431,37.894581
"ул. Генерации, д. 596",55.772199,37.730393
"ул. Генерации, д. 597",55.67485,37.594861
"ул. Генерации, д. 598",55.617573,37.676284
"ул. Генерации, д. 599",55.667636,37.639677
"ул. Генерации, д. 600",55.863149,37.832519
"ул. Генерации, д. 601",55.743184,37.303772
"ул. Генерации, д. 602",55.567423,37.846865
"ул. Генерации, д. 603",55.8017,37.565509
"ул. Генерации, д. 604",55.859984,37.814529
"ул. Генерации, д. 605",55.621086,37.503256
"ул. Генерации, д. 606",55.810136,37.830842
"ул. Генерации, д. 607",55.837987,37.626872
"ул. Генерации, д. 608",55.700228,37.586525
"ул. Генерации, д. 609",55.789885,37.689755
"ул. Генерации, д. 610",55.672046,37.739082
"ул. Генерации, д. 611",55.622857,37.748333
"ул. Генерации, д. 612",55.770582,37.863814
"ул. Генерации, д. 613",55.858554,37.399757
"ул. Генерации, д. 614",55.605385,37.357706
"ул. Генерации, д. 615",55.603237,37.772398
"ул. Генерации, д. 616",55.836205,37.894841
"ул. Генерации, д. 617",55.801848,37.860505
"ул. Генерации, д. 618",55.748328,37.873748
"ул. Генерации, д. 619",55.502646,37.567936
"ул. Генерации, д. 620",55.695749,37.406741
"ул. Генерации, д. 621",55.561377,37.759787
"ул. Генерации, д. 622",55.565493,37.375936
"ул. Генерации, д. 623",55.87965,37.703774
"ул. Генерации, д. 624",55.795787,37.343372
"ул. Генерации, д. 625",55.71039,37.536452
"ул. Генерации, д. 626",55.792222,37.403692
"ул. Генерации, д. 627",55.504756,37.781742
"ул. Генерации, д. 628",55.646988,37.645079
"ул. Генерации, д. 629",55.668984,37.892785
"ул. Генерации, д. 630",55.685995,37.805822
"ул. Генерации, д. 631",55.870775,37.774396
"ул. Генерации, д. 632",55.763565,37.634145
"ул. Генерации, д. 633",55.516655,37.741657
"ул. Генерации, д. 634",55.616965,37.89732
"ул. Генерации, д. 635",55.658845,37.818387
"ул. Генерации, д. 636",55.590105,37.37042
"ул. Генерации, д. 637",55.529321,37.783403
"ул. Генерации, д. 638",55.503955,37.6774
"ул. Генерации, д. 639",55.846746,37.751542
"ул. Генерации, д. 640",55.682659,37.358733
"ул. Генерации, д. 641",55.890449,37.784961
"ул. Генерации, д. 642",55.647051,37.450161
"ул. Генерации, д. 643",55.532294,37.703081
"ул. Генерации, д. 644",55.700907,37.390791
"ул. Генерации, д. 645",55.713401,37.427259
"ул. Генерации, д. 646",55.540949,37.487964
"ул. Генерации, д. 647",55.535565,37.546581
"ул. Генерации, д. 648",55.536739,37.396949
"ул. Генерации, д. 649",55.767227,37.393967
"ул. Генерации, д. 650",55.783394,37.446154
"ул. Генерации, д. 651",55.710592,37.39325
"ул. Генерации, д. 652",55.538997,37.717036
"ул. Генерации, д. 653",55.514755,37.37011
"ул. Генерации, д. 654",55.819564,37.515669
"ул. Генерации, д. 655",55.79567,37.622776
"ул. Генерации, д. 656",55.742887,37.390812
"ул. Генерации, д. 657",55.858345,37.504855
"ул. Генерации, д. 658",55.534383,37.809288
"ул. Генерации, д. 659",55.667203,37.649121
"ул. Генерации, д. 660",55.762703,37.470682
"ул. Генерации, д. 661",55.839853,37.424598
"ул. Генерации, д. 662",55.797311,37.708814
"ул. Генерации, д. 663",55.843431,37.713796
"ул. Генерации, д. 664",55.838107,37.304643
"ул. Генерации, д. 665",55.662402,37.481482
"ул. Генерации, д. 666",55.841357,37.694505
"ул. Генерации, д. 667",55.851489,37.597734
"ул. Генерации, д. 668",55.747807,37.636191
"ул. Генерации, д. 669",55.629441,37.63032
"ул. Генерации, д. 670",55.882987,37.397011
"ул. Генерации, д. 671",55.736203,37.716155
"ул. Генерации, д. 672",55.744757,37.470914
"ул. Генерации, д. 673",55.868829,37.530216
"ул. Генерации, д. 674",55.769396,37.87589
"ул. Генерации, д. 675",55.849013,37.382127
"ул. Генерации, д. 676",55.877468,37.493993
"ул. Генерации, д. 677",55.803877,37.618548
"ул. Генерации, д. 678",55.602962,37.318191
"ул. Генерации, д. 679",55.557365,37.669695
"ул. Генерации, д. 680",55.789068,37.798494
"ул. Генерации, д. 681",55.504356,37.573156
"ул. Генерации, д. 682",55.56632,37.348028
"ул. Генерации, д. 683",55.779141,37.637545
"ул. Генерации, д. 684",55.858895,37.859391
"ул. Генерации, д. 685",55.569219,37.84937
"ул. Генерации, д. 686",55.722527,37.741977
"ул. Генерации, д. 687",55.838619,37.630296
"ул. Генерации, д. 688",55.878775,37.377451
"ул. Генерации, д. 689",55.859765,37.768114
"ул. Генерации, д. 690",55.690848,37.449349
"ул. Генерации, д. 691",55.757601,37.654809
"ул. Генерации, д. 692",55.797544,37.37125
"ул. Генерации, д. 693",55.695303,37.381908
"ул. Генерации, д. 694",55.589694,37.648505
"ул. Генерации, д. 695",55.696595,37.865229
"ул. Генерации, д. 696",55.836704,37.303287
"ул. Генерации, д. 697",55.77443,37.308139
"ул. Генерации, д. 698",55.712944,37.852726
"ул. Генерации, д. 699",55.616357,37.548831
"ул. Генерации, д. 700",55.508887,37.48105
"ул. Генерации, д. 701",55.575807,37.600046
"ул. Генерации, д. 702",55.760137,37.895033
"ул. Генерации, д. 703",55.510268,37.89782
"ул. Генерации, д. 704",55.526403,37.789888
"ул. Генерации, д. 705",55.570391,37.737917
"ул. Генерации, д. 706",55.78794,37.640932
"ул. Генерации, д. 707",55.765147,37.553173
"ул. Генерации, д. 708",55.729239,37.647601
"ул. Генерации, д. 709",55.897069,37.367707
"ул. Генерации, д. 710",55.554328,37.865995
"ул. Генерации, д. 711",55.871624,37.622848
"ул. Генерации, д. 712",55.618846,37.879772
"ул. Генерации, д. 713",55.516152,37.630134
"ул. Генерации, д. 714",55.595499,37.887897
"ул. Генерации, д. 715",55.609325,37.786856
"ул. Генерации, д. 716",55.647728,37.873373
"ул. Генерации, д. 717",55.89022,37.550952
"ул. Генерации, д. 718",55.508129,37.723714
"ул. Генерации, д. 719",55.767231,37.540583
"ул. Генерации, д. 720",55.830991,37.853698
"ул. Генерации, д. 721",55.729382,37.747488
"ул. Генерации, д. 722",55.542588,37.337797
"ул. Генерации, д. 723",55.729697,37.441248
"ул. Генерации, д. 724",55.864788,37.389117
"ул. Генерации, д. 725",55.855486,37.700264
"ул. Генерации, д. 726",55.768501,37.78416
"ул. Генерации, д. 727",55.555106,37.39699
"ул. Генерации, д. 728",55.805657,37.545002
"ул. Генерации, д. 729",55.89881,37.703507
"ул. Генерации, д. 730",55.84607,37.71414
"ул. Генерации, д. 731",55.833166,37.728137
"ул. Генерации, д. 732",55.508415,37.491181
"ул. Генерации, д. 733",55.504203,37.869867
"ул. Генерации, д. 734",55.776286,37.848631
"ул. Генерации, д. 735",55.787951,37.639305
"ул. Генерации, д. 736",55.898158,37.429215
"ул. Генерации, д. 737",55.52026,37.875206
"ул. Генерации, д. 738",55.666449,37.301842
"ул. Генерации, д. 739",55.505068,37.534768
"ул. Генерации, д. 740",55.659833,37.461346
"ул. Генерации, д. 741",55.512422,37.544487
"ул. Генерации, д. 742",55.682523,37.779903
"ул. Генерации, д. 743",55.642864,37.684063
"ул. Генерации, д. 744",55.6917,37.798125
"ул. Генерации, д. 745",55.744824,37.73551
"ул. Генерации, д. 746",55.64703,37.565642
"ул. Генерации, д. 747",55.74734,37.888335
"ул. Генерации, д. 748",55.747028,37.658484
"ул. Генерации, д. 749",55.501441,37.863533
"ул. Генерации, д. 750",55.869805,37.704975
"ул. Генерации, д. 751",55.703372,37.697948
"ул. Генерации, д. 752",55.667567,37.383035
"ул. Генерации, д. 753",55.587888,37.754514
"ул. Генерации, д. 754",55.829166,37.641994
"ул. Генерации, д. 755",55.700536,37.609697
"ул. Генерации, д. 756",55.568349,37.783994
"ул. Генерации, д. 757",55.774055,37.871577
"ул. Генерации, д. 758",55.696509,37.871315
"ул. Генерации, д. 759",55.647516,37.371093
"ул. Генерации, д. 760",55.803407,37.440452
"ул. Генерации, д. 761",55.538644,37.842515
"ул. Генерации, д. 762",55.866342,37.816882
"ул. Генерации, д. 763",55.805669,37.659259
"ул. Генерации, д. 764",55.674299,37.861992
"ул. Генерации, д. 765",55.534765,37.764543
"ул. Генерации, д. 766",55.867785,37.519326
"ул. Генерации, д. 767",55.516127,37.786655
"ул. Генерации, д. 768",55.86895,37.781621
"ул. Генерации, д. 769",55.899856,37.457872
"ул. Генерации, д. 770",55.685607,37.608822
"ул. Генерации, д. 771",55.666828,37.811659
"ул. Генерации, д. 772",55.783733,37.746296
"ул. Генерации, д. 773",55.553274,37.621794
"ул. Генерации, д. 774",55.568515,37.376201
"ул. Генерации, д. 775",55.836757,37.467507
"ул. Генерации, д. 776",55.757343,37.39354
"ул. Генерации, д. 777",55.558582,37.571163
"ул. Генерации, д. 778",55.591406,37.574276
"ул. Генерации, д. 779",55.890372,37.572782
"ул. Генерации, д. 780",55.611227,37.579216
"ул. Генерации, д. 781",55.647802,37.585001
"ул. Генерации, д. 782",55.810348,37.594969
"ул. Генерации, д. 783",55.679806,37.370252
"ул. Генерации, д. 784",55.546084,37.565468
"ул. Генерации, д. 785",55.615897,37.348583
"ул. Генерации, д. 786",55.843161,37.892229
"ул. Генерации, д. 787",55.777749,37.685618
"ул. Генерации, д. 788",55.646243,37.61856
"ул. Генерации, д. 789",55.817134,37.444419
"ул. Генерации, д. 790",55.845511,37.620191
"ул. Генерации, д. 791",55.678383,37.537237
"ул. Генерации, д. 792",55.551303,37.762324
"ул. Генерации, д. 793",55.702885,37.666417
"ул. Генерации, д. 794",55.726044,37.557007
"ул. Генерации, д. 795",55.894895,37.486468
"ул. Генерации, д. 796",55.75818,37.746769
"ул. Генерации, д. 797",55.621086,37.869274
"ул. Генерации, д. 798",55.612945,37.735065
"ул. Генерации, д. 799",55.618776,37.549696
"ул. Генерации, д. 800",55.777795,37.844749
"ул. Генерации, д. 801",55.528803,37.683613
"ул. Генерации, д. 802",55.605432,37.499666
"ул. Генерации, д. 803",55.839688,37.85687
"ул. Генерации, д. 804",55.671521,37.623245
"ул. Генерации, д. 805",55.716915,37.440144
"ул. Генерации, д. 806",55.755994,37.736244
"ул. Генерации, д. 807",55.688988,37.882313
"ул. Генерации, д. 808",55.838926,37.602683
"ул. Генерации, д. 809",55.503654,37.625866
"ул. Генерации, д. 810",55.573131,37.451111
"ул. Генерации, д. 811",55.757789,37.736883
"ул. Генерации, д. 812",55.866848,37.826387
"ул. Генерации, д. 813",55.779559,37.691825
"ул. Генерации, д. 814",55.5925,37.364841
"ул. Генерации, д. 815",55.582205,37.687561
"ул. Генерации, д. 816",55.656872,37.515659
"ул. Генерации, д. 817",55.723041,37.560697
"ул. Генерации, д. 818",55.745899,37.45754
"ул. Генерации, д. 819",55.667131,37.875376
"ул. Генерации, д. 820",55.742059,37.797014
"ул. Генерации, д. 821",55.833247,37.580647
"ул. Генерации, д. 822",55.678584,37.332721
"ул. Генерации, д. 823",55.747449,37.629476
"ул. Генерации, д. 824",55.620318,37.368984
"ул. Генерации, д. 825",55.530369,37.505254
"ул. Генерации, д. 826",55.785024,37.481213
"ул. Генерации, д. 827",55.786225,37.638677
"ул. Генерации, д. 828",55.710548,37.683783
"ул. Генерации, д. 829",55.832441,37.732194
"ул. Генерации, д. 830",55.544879,37.54432
"ул. Генерации, д. 831",55.540016,37.332294
"ул. Генерации, д. 832",55.723467,37.401839
"ул. Генерации, д. 833",55.689996,37.782599
"ул. Генерации, д. 834",55.829071,37.453719
"ул. Генерации, д. 835",55.783171,37.646107
"ул. Генерации, д. 836",55.800305,37.454277
"ул. Генерации, д. 837",55.598641,37.600913
"ул. Генерации, д. 838",55.50417,37.758811
"ул. Генерации, д. 839",55.611455,37.638281
"ул. Генерации, д. 840",55.779691,37.33289
"ул. Генерации, д. 841",55.581511,37.777065
"ул. Генерации, д. 842",55.683602,37.552564
"ул. Генерации, д. 843",55.87667,37.673704
"ул. Генерации, д. 844",55.535286,37.542365
"ул. Генерации, д. 845",55.568033,37.568739
"ул. Генерации, д. 846",55.850223,37.557636
"ул. Генерации, д. 847",55.835933,37.478477
"ул. Генерации, д. 848",55.63081,37.583795
"ул. Генерации, д. 849",55.85316,37.48292
"ул. Генерации, д. 850",55.669626,37.846928
"ул. Генерации, д. 851",55.616625,37.40148
"ул. Генерации, д. 852",55.855667,37.686655
"ул. Генерации, д. 853",55.570539,37.43667
"ул. Генерации, д. 854",55.671912,37.866729
"ул. Генерации, д. 855",55.724552,37.777553
"ул. Генерации, д. 856",55.626718,37.634504
"ул. Генерации, д. 857",55.587901,37.74505
"ул. Генерации, д. 858",55.755655,37.735782
"ул. Генерации, д. 859",55.688366,37.60477
"ул. Генерации, д. 860",55.758541,37.562374
"ул. Генерации, д. 861",55.551924,37.597658
"ул. Генерации, д. 862",55.741162,37.44883
"ул. Генерации, д. 863",55.665717,37.460189
"ул. Генерации, д. 864",55.810994,37.313828
"ул. Генерации, д. 865",55.664507,37.332174
"ул. Генерации, д. 866",55.622207,37.73981
"ул. Генерации, д. 867",55.745093,37.824031
"ул. Генерации, д. 868",55.586304,37.742271
"ул. Генерации, д. 869",55.591143,37.855936
"ул. Генерации, д. 870",55.611104,37.435787
"ул. Генерации, д. 871",55.870136,37.553556
"ул. Генерации, д. 872",55.685986,37.879795
"ул. Генерации, д. 873",55.669245,37.431987
"ул. Генерации, д. 874",55.891385,37.641538
"ул. Генерации, д. 875",55.870682,37.822958
"ул. Генерации, д. 876",55.660014,37.457499
"ул. Генерации, д. 877",55.87671,37.762744
"ул. Генерации, д. 878",55.888404,37.625046
"ул. Генерации, д. 879",55.534212,37.471194
"ул. Генерации, д. 880",55.632218,37.647014
"ул. Генерации, д. 881",55.793441,37.840221
"ул. Генерации, д. 882",55.841095,37.767252
"ул. Генерации, д. 883",55.693582,37.673951
"ул. Генерации, д. 884",55.65938,37.385574
"ул. Генерации, д. 885",55.87593,37.459594
"ул. Генерации, д. 886",55.81214,37.62193
"ул. Генерации, д. 887",55.654615,37.565095
"ул. Генерации, д. 888",55.542244,37.516854
"ул. Генерации, д. 889",55.819555,37.714724
"ул. Генерации, д. 890",55.73023,37.729606
"ул. Генерации, д. 891",55.802961,37.371345
"ул. Генерации, д. 892",55.589424,37.336074
"ул. Генерации, д. 893",55.772131,37.482255
"ул. Генерации, д. 894",55.729673,37.315852
"ул. Генерации, д. 895",55.813335,37.519392
"ул. Генерации, д. 896",55.81123,37.545728
"ул. Генерации, д. 897",55.601606,37.713433
"ул. Генерации, д. 898",55.813824,37.535915
"ул. Генерации, д. 899",55.819069,37.550145
"ул. Генерации, д. 900",55.541504,37.806522
"ул. Генерации, д. 901",55.596561,37.742718
"ул. Генерации, д. 902",55.516564,37.393794
"ул. Генерации, д. 903",55.643816,37.33852
"ул. Генерации, д. 904",55.616264,37.377376
"ул. Генерации, д. 905",55.565343,37.523824
"ул. Генерации, д. 906",55.701693,37.521752
"ул. Генерации, д. 907",55.599822,37.366539
"ул. Генерации, д. 908",55.602935,37.350147
"ул. Генерации, д. 909",55.555533,37.873826
"ул. Генерации, д. 910",55.631306,37.754615
"ул. Генерации, д. 911",55.835762,37.856095
"ул. Генерации, д. 912",55.59093,37.36298
"ул. Генерации, д. 913",55.874734,37.460438
"ул. Генерации, д. 914",55.544477,37.892913
"ул. Генерации, д. 915",55.542455,37.309956
"ул. Генерации, д. 916",55.653633,37.374913
"ул. Генерации, д. 917",55.776835,37.56497
"ул. Генерации, д. 918",55.577241,37.700721
"ул. Генерации, д. 919",55.613791,37.38561
"ул. Генерации, д. 920",55.875389,37.797171
"ул. Генерации, д. 921",55.815775,37.712344
"ул. Генерации, д. 922",55.70562,37.48438
"ул. Генерации, д. 923",55.587611,37.640587
"ул. Генерации, д. 924",55.602772,37.747343
"ул. Генерации, д. 925",55.871645,37.83657
"ул. Генерации, д. 926",55.557499,37.398661
"ул. Генерации, д. 927",55.854223,37.851591
"ул. Генерации, д. 928",55.656148,37.872311
"ул. Генерации, д. 929",55.507896,37.542451
"ул. Генерации, д. 930",55.537644,37.311333
"ул. Генерации, д. 931",55.774088,37.555441
"ул. Генерации, д. 932",55.733535,37.659642
"ул. Генерации, д. 933",55.639844,37.628862
"ул. Генерации, д. 934",55.777013,37.514915
"ул. Генерации, д. 935",55.756474,37.329464
"ул. Генерации, д. 936",55.82982,37.322762
"ул. Генерации, д. 937",55.534767,37.466374
"ул. Генерации, д. 938",55.776169,37.738136
"ул. Генерации, д. 939",55.621267,37.387761
"ул. Генерации, д. 940",55.819393,37.528712
"ул. Генерации, д. 941",55.566709,37.49803
"ул. Генерации, д. 942",55.674369,37.343163
"ул. Генерации, д. 943",55.672365,37.778398
"ул. Генерации, д. 944",55.888163,37.88994
"ул. Генерации, д. 945",55.810288,37.51473
"ул. Генерации, д. 946",55.547043,37.397114
"ул. Генерации, д. 947",55.764013,37.474194
"ул. Генерации, д. 948",55.585652,37.71668
"ул. Генерации, д. 949",55.82104,37.701333
"ул. Генерации, д. 950",55.504251,37.778899
"ул. Генерации, д. 951",55.896225,37.856359
"ул. Генерации, д. 952",55.555074,37.74099
"ул. Генерации, д. 953",55.890897,37.477856
"ул. Генерации, д. 954",55.591418,37.47642
"ул. Генерации, д. 955",55.54001,37.86793
"ул. Генерации, д. 956",55.817948,37.327598
"ул. Генерации, д. 957",55.890924,37.38338
"ул. Генерации, д. 958",55.544962,37.822024
"ул. Генерации, д. 959",55.69601,37.625095
"ул. Генерации, д. 960",55.642504,37.624234
"ул. Генерации, д. 961",55.621961,37.586359
"ул. Генерации, д. 962",55.649068,37.382093
"ул. Генерации, д. 963",55.742515,37.669519
"ул. Генерации, д. 964",55.720138,37.860753
"ул. Генерации, д. 965",55.574829,37.784946
"ул. Генерации, д. 966",55.888508,37.575021
"ул. Генерации, д. 967",55.793213,37.796264
"ул. Генерации, д. 968",55.697676,37.549343
"ул. Генерации, д. 969",55.620976,37.747228
"ул. Генерации, д. 970",55.820641,37.45371
"ул. Генерации, д. 971",55.768175,37.425186
"ул. Генерации, д. 972",55.541621,37.621348
"ул. Генерации, д. 973",55.518686,37.753005
"ул. Генерации, д. 974",55.661324,37.392224
"ул. Генерации, д. 975",55.557017,37.470494
"ул. Генерации, д. 976",55.822062,37.784566
"ул. Генерации, д. 977",55.517399,37.431156
"ул. Генерации, д. 978",55.638279,37.620142
"ул. Генерации, д. 979",55.730108,37.738888
"ул. Генерации, д. 980",55.738043,37.650173
"ул. Генерации, д. 981",55.895168,37.602552
"ул. Генерации, д. 982",55.835166,37.372806
"ул. Генерации, д. 983",55.61246,37.40699
"ул. Генерации, д. 984",55.55717,37.435117
"ул. Генерации, д. 985",55.788501,37.898604
"ул. Генерации, д. 986",55.536275,37.387897
"ул. Генерации, д. 987",55.522459,37.493801
"ул. Генерации, д. 988",55.671229,37.31313
"ул. Генерации, д. 989",55.805355,37.314741
"ул. Генерации, д. 990",55.705366,37.758476
"ул. Генерации, д. 991",55.778884,37.852486
"ул. Генерации, д. 992",55.879085,37.663683
"ул. Генерации, д. 993",55.693945,37.564807
"ул. Генерации, д. 994",55.776231,37.850626
"ул. Генерации, д. 995",55.522079,37.489022
"ул. Генерации, д. 996",55.515735,37.880163
"ул. Генерации, д. 997",55.794595,37.544726
"ул. Генерации, д. 998",55.555611,37.399607
"ул. Генерации, д. 999",55.562588,37.324285
"ул. Генерации, д. 1000",55.807184,37.72321
"ул. Генерации, д. 1001",55.802667,37.712568
"ул. Генерации, д. 1002",55.719137,37.695508
"ул. Генерации, д. 1003",55.71401,37.659241
"ул. Генерации, д. 1004",55.733612,37.84697
"ул. Генерации, д. 1005",55.629533,37.62706
"ул. Генерации, д. 1006",55.52599,37.617208
"ул. Генерации, д. 1007",55.672477,37.871384
"ул. Генерации, д. 1008",55.820118,37.890062
"ул. Генерации, д. 1009",55.700922,37.619207
"ул. Генерации, д. 1010",55.63346,37.702484
"ул. Генерации, д. 1011",55.839832,37.372952
"ул. Генерации, д. 1012",55.891019,37.826223
"ул. Генерации, д. 1013",55.628112,37.671236
"ул. Генерации, д. 1014",55.657317,37.413082
"ул. Генерации, д. 1015",55.529968,37.333686
"ул. Генерации, д. 1016",55.685374,37.449543
"ул. Генерации, д. 1017",55.608563,37.538153
"ул. Генерации, д. 1018",55.630081,37.331667
"ул. Генерации, д. 1019",55.873122,37.425943
"ул. Генерации, д. 1020",55.771475,37.634165
"ул. Генерации, д. 1021",55.56353,37.327039
"ул. Генерации, д. 1022",55.843544,37.865485
"ул. Генерации, д. 1023",55.7209,37.817381
"ул. Генерации, д. 1024",55.620443,37.744533
"ул. Генерации, д. 1025",55.871484,37.772141
"ул. Генерации, д. 1026",55.523599,37.860449
"ул. Генерации, д. 1027",55.618551,37.657792
"ул. Генерации, д. 1028",55.577809,37.502224
"ул. Генерации, д. 1029",55.777218,37.870488
"ул. Генерации, д. 1030",55.548274,37.338021
"ул. Генерации, д. 1031",55.524094,37.80069
"ул. Генерации, д. 1032",55.734168,37.840891
"ул. Генерации, д. 1033",55.62561,37.394974
"ул. Генерации, д. 1034",55.882078,37.643817
"ул. Генерации, д. 1035",55.74276,37.601137
"ул. Генерации, д. 1036",55.626638,37.878357
"ул. Генерации, д. 1037",55.522458,37.327358
"ул. Генерации, д. 1038",55.511505,37.803913
"ул. Генерации, д. 1039",55.604911,37.66575
"ул. Генерации, д. 1040",55.635282,37.538944
"ул. Генерации, д. 1041",55.665637,37.700431
"ул. Генерации, д. 1042",55.504002,37.667279
"ул. Генерации, д. 1043",55.750491,37.383589
"ул. Генерации, д. 1044",55.571706,37.554399
"ул. Генерации, д. 1045",55.559667,37.478304
"ул. Генерации, д. 1046",55.69235,37.367281
"ул. Генерации, д. 1047",55.761975,37.642217
"ул. Генерации, д. 1048",55.556312,37.757306
"ул. Генерации, д. 1049",55.891618,37.692888
"ул. Генерации, д. 1050",55.585865,37.77087
"ул. Генерации, д. 1051",55.564988,37.806772
"ул. Генерации, д. 1052",55.792609,37.551403
"ул. Генерации, д. 1053",55.768731,37.842248
"ул. Генерации, д. 1054",55.834873,37.640367
"ул. Генерации, д. 1055",55.527152,37.467533
"ул. Генерации, д. 1056",55.552832,37.505893
"ул. Генерации, д. 1057",55.571985,37.858878
"ул. Генерации, д. 1058",55.807669,37.310089
"ул. Генерации, д. 1059",55.596539,37.651631
"ул. Генерации, д. 1060",55.589221,37.830226
"ул. Генерации, д. 1061",55.584221,37.654601
"ул. Генерации, д. 1062",55.805629,37.330672
"ул. Генерации, д. 1063",55.685321,37.757654
"ул. Генерации, д. 1064",55.822194,37.738748
"ул. Генерации, д. 1065",55.72044,37.704128
"ул. Генерации, д. 1066",55.531426,37.688721
"ул. Генерации, д. 1067",55.628524,37.455386
"ул. Генерации, д. 1068",55.549845,37.767252
"ул. Генерации, д. 1069",55.674868,37.70589
"ул. Генерации, д. 1070",55.680849,37.862341
"ул. Генерации, д. 1071",55.55277,37.691281
"ул. Генерации, д. 1072",55.760208,37.32152
"ул. Генерации, д. 1073",55.679444,37.468702
"ул. Генерации, д. 1074",55.595805,37.653446
"ул. Генерации, д. 1075",55.65142,37.527724
"ул. Генерации, д. 1076",55.888576,37.789478
"ул. Генерации, д. 1077",55.776278,37.669971
"ул. Генерации, д. 1078",55.753307,37.606231
"ул. Генерации, д. 1079",55.608658,37.805316
"ул. Генерации, д. 1080",55.722854,37.725344
"ул. Генерации, д. 1081",55.630222,37.390475
"ул. Генерации, д. 1082",55.68759,37.877385
"ул. Генерации, д. 1083",55.854517,37.338773
"ул. Генерации, д. 1084",55.741263,37.625448
"ул. Генерации, д. 1085",55.728133,37.815857
"ул. Генерации, д. 1086",55.696302,37.429632
"ул. Генерации, д. 1087",55.504369,37.814583
"ул. Генерации, д. 1088",55.768012,37.421773
"ул. Генерации, д. 1089",55.572303,37.751197
"ул. Генерации, д. 1090",55.711364,37.732102
"ул. Генерации, д. 1091",55.754038,37.499154
"ул. Генерации, д. 1092",55.629801,37.735949
"ул. Генерации, д. 1093",55.873224,37.436589
"ул. Генерации, д. 1094",55.599989,37.691896
"ул. Генерации, д. 1095",55.826752,37.635335
"ул. Генерации, д. 1096",55.79233,37.765048
"ул. Генерации, д. 1097",55.640298,37.550245
"ул. Генерации, д. 1098",55.829786,37.674875
"ул. Генерации, д. 1099",55.795052,37.493584
"ул. Генерации, д. 1100",55.580198,37.821118
"ул. Генерации, д. 1101",55.521796,37.678483
"ул. Генерации, д. 1102",55.874025,37.62726
"ул. Генерации, д. 1103",55.740718,37.566893
"ул. Генерации, д. 1104",55.541531,37.755956
"ул. Генерации, д. 1105",55.612415,37.592219
"ул. Генерации, д. 1106",55.839445,37.716798
"ул. Генерации, д. 1107",55.699109,37.564967
"ул. Генерации, д. 1108",55.728451,37.874349
"ул. Генерации, д. 1109",55.732291,37.60506
"ул. Генерации, д. 1110",55.703658,37.819929
"ул. Генерации, д. 1111",55.65879,37.792395
"ул. Генерации, д. 1112",55.863738,37.73803
"ул. Генерации, д. 1113",55.763325,37.483039
"ул. Генерации, д. 1114",55.787685,37.412007
"ул. Генерации, д. 1115",55.848731,37.619214
"ул. Генерации, д. 1116",55.621624,37.7443
"ул. Генерации, д. 1117",55.620733,37.612983
"ул. Генерации, д. 1118",55.603402,37.330866
"ул. Генерации, д. 1119",55.717944,37.696155
"ул. Генерации, д. 1120",55.897914,37.823398
"ул. Генерации, д. 1121",55.626682,37.429466
"ул. Генерации, д. 1122",55.830306,37.842761
"ул. Генерации, д. 1123",55.886491,37.375379
"ул. Генерации, д. 1124",55.652671,37.775055
"ул. Генерации, д. 1125",55.625536,37.433685
"ул. Генерации, д. 1126",55.749397,37.435509
"ул. Генерации, д. 1127",55.517129,37.50309
"ул. Генерации, д. 1128",55.570677,37.426742
"ул. Генерации, д. 1129",55.824282,37.600604
"ул. Генерации, д. 1130",55.890074,37.66613
"ул. Генерации, д. 1131",55.759667,37.627775
"ул. Генерации, д. 1132",55.708252,37.572706
"ул. Генерации, д. 1133",55.668333,37.63353
"ул. Генерации, д. 1134",55.797389,37.759112
"ул. Генерации, д. 1135",55.528775,37.470117
"ул. Генерации, д. 1136",55.641927,37.335198
"ул. Генерации, д. 1137",55.818596,37.413841
"ул. Генерации, д. 1138",55.506279,37.393793
"ул. Генерации, д. 1139",55.627062,37.543314
"ул. Генерации, д. 1140",55.737167,37.866855
"ул. Генерации, д. 1141",55.599554,37.445741
"ул. Генерации, д. 1142",55.724981,37.386837
"ул. Генерации, д. 1143",55.532216,37.513965
"ул. Генерации, д. 1144",55.761153,37.557753
"ул. Генерации, д. 1145",55.621675,37.844461
"ул. Генерации, д. 1146",55.866921,37.471849
"ул. Генерации, д. 1147",55.604165,37.312115
"ул. Генерации, д. 1148",55.845138,37.510168
"ул. Генерации, д. 1149",55.578549,37.749397
"ул. Генерации, д. 1150",55.862252,37.869532
"ул. Генерации, д. 1151",55.754068,37.53431
"ул. Генерации, д. 1152",55.684889,37.521983
"ул. Генерации, д. 1153",55.820182,37.55792
"ул. Генерации, д. 1154",55.529713,37.520105
"ул. Генерации, д. 1155",55.644125,37.306079
"ул. Генерации, д. 1156",55.639863,37.385437
"ул. Генерации, д. 1157",55.859766,37.818953
"ул. Генерации, д. 1158",55.761294,37.738444
"ул. Генерации, д. 1159",55.675911,37.367368
"ул. Генерации, д. 1160",55.773671,37.627915
"ул. Генерации, д. 1161",55.581532,37.620528
"ул. Генерации, д. 1162",55.672807,37.569372
"ул. Генерации, д. 1163",55.773203,37.490015
"ул. Генерации, д. 1164",55.580486,37.523828
"ул. Генерации, д. 1165",55.569079,37.641661
"ул. Генерации, д. 1166",55.711138,37.646502
"ул. Генерации, д. 1167",55.688921,37.64899
"ул. Генерации, д. 1168",55.75953,37.320561
"ул. Генерации, д. 1169",55.837195,37.417563
"ул. Генерации, д. 1170",55.676816,37.363618
"ул. Генерации, д. 1171",55.727009,37.734273
"ул. Генерации, д. 1172",55.607055,37.608258
"ул. Генерации, д. 1173",55.786153,37.304561
"ул. Генерации, д. 1174",55.846253,37.671371
"ул. Генерации, д. 1175",55.576148,37.581548
"ул. Генерации, д. 1176",55.826887,37.83251
"ул. Генерации, д. 1177",55.624158,37.464204
"ул. Генерации, д. 1178",55.718838,37.435331
"ул. Генерации, д. 1179",55.591062,37.601749
"ул. Генерации, д. 1180",55.518527,37.380537
"ул. Генерации, д. 1181",55.890862,37.435133
"ул. Генерации, д. 1182",55.581667,37.623396
"ул. Генерации, д. 1183",55.789157,37.575928
"ул. Генерации, д. 1184",55.830298,37.572356
"ул. Генерации, д. 1185",55.727346,37.421102
"ул. Генерации, д. 1186",55.787693,37.383439
"ул. Генерации, д. 1187",55.5686,37.790226
"ул. Генерации, д. 1188",55.776874,37.613737
"ул. Генерации, д. 1189",55.513382,37.883901
"ул. Генерации, д. 1190",55.833415,37.619707
"ул. Генерации, д. 1191",55.739729,37.693294
"ул. Генерации, д. 1192",55.639903,37.481345
"ул. Генерации, д. 1193",55.665481,37.425044
"ул. Генерации, д. 1194",55.839918,37.866125
"ул. Генерации, д. 1195",55.528555,37.372131
"ул. Генерации, д. 1196",55.886209,37.441948
"ул. Генерации, д. 1197",55.526025,37.46389
"ул. Генерации, д. 1198",55.546513,37.458981
"ул. Генерации, д. 1199",55.847672,37.612512
"ул. Генерации, д. 1200",55.894214,37.332572
"ул. Генерации, д. 1201",55.647025,37.4517
"ул. Генерации, д. 1202",55.602756,37.380926
"ул. Генерации, д. 1203",55.543955,37.56744
"ул. Генерации, д. 1204",55.611228,37.746696
"ул. Генерации, д. 1205",55.652197,37.591843
"ул. Генерации, д. 1206",55.776274,37.81725
"ул. Генерации, д. 1207",55.697287,37.336299
"ул. Генерации, д. 1208",55.596336,37.534588
"ул. Генерации, д. 1209",55.622124,37.332996
"ул. Генерации, д. 1210",55.721636,37.851185
"ул. Генерации, д. 1211",55.777945,37.672637
"ул. Генерации, д. 1212",55.719455,37.760932
"ул. Генерации, д. 1213",55.590365,37.539665
"ул. Генерации, д. 1214",55.661779,37.3984
"ул. Генерации, д. 1215",55.778638,37.698143
"ул. Генерации, д. 1216",55.762462,37.657205
"ул. Генерации, д. 1217",55.604778,37.440576
"ул. Генерации, д. 1218",55.681887,37.498386
"ул. Генерации, д. 1219",55.566772,37.827773
"ул. Генерации, д. 1220",55.549853,37.701983
"ул. Генерации, д. 1221",55.672067,37.391898
"ул. Генерации, д. 1222",55.536582,37.423564
"ул. Генерации, д. 1223",55.525943,37.578398
"ул. Генерации, д. 1224",55.604631,37.848239
"ул. Генерации, д. 1225",55.602883,37.333251
"ул. Генерации, д. 1226",55.79737,37.536169
"ул. Генерации, д. 1227",55.552902,37.856315
"ул. Генерации, д. 1228",55.824627,37.661165
"ул. Генерации, д. 1229",55.828664,37.754154
"ул. Генерации, д. 1230",55.532686,37.77632
"ул. Генерации, д. 1231",55.785326,37.481005
"ул. Генерации, д. 1232",55.874596,37.400525
"ул. Генерации, д. 1233",55.811867,37.808495
"ул. Генерации, д. 1234",55.881201,37.569551
"ул. Генерации, д. 1235",55.740087,37.442775
"ул. Генерации, д. 1236",55.533232,37.488782
"ул. Генерации, д. 1237",55.760644,37.480755
"ул. Генерации, д. 1238",55.521689,37.721789
"ул. Генерации, д. 1239",55.831744,37.68318
"ул. Генерации, д. 1240",55.765959,37.705692
"ул. Генерации, д. 1241",55.502163,37.755929
"ул. Генерации, д. 1242",55.613626,37.48649
"ул. Генерации, д. 1243",55.561342,37.614288
"ул. Генерации, д. 1244",55.709848,37.898622
"ул. Генерации, д. 1245",55.868668,37.715435
"ул. Генерации, д. 1246",55.507539,37.558416
"ул. Генерации, д. 1247",55.851159,37.552515
"ул. Генерации, д. 1248",55.530143,37.683141
"ул. Генерации, д. 1249",55.558703,37.772971
"ул. Генерации, д. 1250",55.534066,37.603961
"ул. Генерации, д. 1251",55.515183,37.875055
"ул. Генерации, д. 1252",55.792534,37.822062
"ул. Генерации, д. 1253",55.576587,37.691244
"ул. Генерации, д. 1254",55.753095,37.472503
"ул. Генерации, д. 1255",55.688464,37.75324
"ул. Генерации, д. 1256",55.804717,37.459917
"ул. Генерации, д. 1257",55.663323,37.481569
"ул. Генерации, д. 1258",55.613104,37.732443
"ул. Генерации, д. 1259",55.588978,37.471655
"ул. Генерации, д. 1260",55.826731,37.43987
"ул. Генерации, д. 1261",55.512795,37.471123
"ул. Генерации, д. 1262",55.706635,37.78099
"ул. Генерации, д. 1263",55.541184,37.797485
"ул. Генерации, д. 1264",55.523649,37.657979
"ул. Генерации, д. 1265",55.582349,37.888958
"ул. Генерации, д. 1266",55.520301,37.497451
"ул. Генерации, д. 1267",55.588202,37.876203
"ул. Генерации, д. 1268",55.802744,37.615208
"ул. Генерации, д. 1269",55.506506,37.857985
"ул. Генерации, д. 1270",55.700475,37.458874
"ул. Генерации, д. 1271",55.70489,37.522301
"ул. Генерации, д. 1272",55.502762,37.332341
"ул. Генерации, д. 1273",55.707646,37.685782
"ул. Генерации, д. 1274",55.647442,37.558323
"ул. Генерации, д. 1275",55.590907,37.577002
"ул. Генерации, д. 1276",55.651373,37.58401
"ул. Генерации, д. 1277",55.786165,37.344777
"ул. Генерации, д. 1278",55.799927,37.333957
"ул. Генерации, д. 1279",55.625465,37.878636
"ул. Генерации, д. 1280",55.802417,37.870358
"ул. Генерации, д. 1281",55.746382,37.754087
"ул. Генерации, д. 1282",55.69526,37.667756
"ул. Генерации, д. 1283",55.574365,37.745632
"ул. Генерации, д. 1284",55.522176,37.59763
"ул. Генерации, д. 1285",55.787351,37.760102
"ул. Генерации, д. 1286",55.648467,37.627251
"ул. Генерации, д. 1287",55.693561,37.530743
"ул. Генерации, д. 1288",55.665104,37.497342
"ул. Генерации, д. 1289",55.756992,37.337339
"ул. Генерации, д. 1290",55.780253,37.552888
"ул. Генерации, д. 1291",55.706504,37.873519
"ул. Генерации, д. 1292",55.642874,37.576458
"ул. Генерации, д. 1293",55.53212,37.614204
"ул. Генерации, д. 1294",55.875946,37.764149
"ул. Генерации, д. 1295",55.522354,37.520582
"ул. Генерации, д. 1296",55.506125,37.391371
"ул. Генерации, д. 1297",55.839993,37.410177
"ул. Генерации, д. 1298",55.563646,37.723416
"ул. Генерации, д. 1299",55.689919,37.570478
"ул. Генерации, д. 1300",55.784412,37.822208
"ул. Генерации, д. 1301",55.660921,37.458447
"ул. Генерации, д. 1302",55.887128,37.336577
"ул. Генерации, д. 1303",55.605551,37.532516
"ул. Генерации, д. 1304",55.739969,37.738019
"ул. Генерации, д. 1305",55.802786,37.841702
"ул. Генерации, д. 1306",55.863384,37.719103
"ул. Генерации, д. 1307",55.694239,37.533498
"ул. Генерации, д. 1308",55.701968,37.77466
"ул. Генерации, д. 1309",55.513337,37.675761
"ул. Генерации, д. 1310",55.596464,37.471648
"ул. Генерации, д. 1311",55.599864,37.700055
"ул. Генерации, д. 1312",55.704276,37.845456
"ул. Генерации, д. 1313",55.846147,37.626765
"ул. Генерации, д. 1314",55.881381,37.805214
"ул. Генерации, д. 1315",55.54466,37.700859
"ул. Генерации, д. 1316",55.565958,37.68372
"ул. Генерации, д. 1317",55.633388,37.405552
"ул. Генерации, д. 1318",55.780993,37.885719
"ул. Генерации, д. 1319",55.784757,37.653865
"ул. Генерации, д. 1320",55.642017,37.88814
"ул. Генерации, д. 1321",55.510307,37.896495
"ул. Генерации, д. 1322",55.876655,37.683771
"ул. Генерации, д. 1323",55.59405,37.439877
"ул. Генерации, д. 1324",55.892334,37.848431
"ул. Генерации, д. 1325",55.701603,37.576268
"ул. Генерации, д. 1326",55.512771,37.37791
"ул. Генерации, д. 1327",55.835069,37.460623
"ул. Генерации, д. 1328",55.844223,37.579233
"ул. Генерации, д. 1329",55.655525,37.843946
"ул. Генерации, д. 1330",55.530545,37.617655
"ул. Генерации, д. 1331",55.67057,37.641564
"ул. Генерации, д. 1332",55.543096,37.45851
"ул. Генерации, д. 1333",55.875142,37.496233
"ул. Генерации, д. 1334",55.713149,37.889683
"ул. Генерации, д. 1335",55.7772,37.33744
"ул. Генерации, д. 1336",55.600577,37.375754
"ул. Генерации, д. 1337",55.533574,37.62736
"ул. Генерации, д. 1338",55.717938,37.688118
"ул. Генерации, д. 1339",55.847642,37.738789
"ул. Генерации, д. 1340",55.614512,37.748971
"ул. Генерации, д. 1341",55.759215,37.381397
"ул. Генерации, д. 1342",55.697898,37.560145
"ул. Генерации, д. 1343",55.623509,37.867182
"ул. Генерации, д. 1344",55.504636,37.801887
"ул. Генерации, д. 1345",55.52364,37.486889
"ул. Генерации, д. 1346",55.529455,37.695222
"ул. Генерации, д. 1347",55.528036,37.584227
"ул. Генерации, д. 1348",55.570405,37.866385
"ул. Генерации, д. 1349",55.77416,37.556809
"ул. Генерации, д. 1350",55.896112,37.561658
"ул. Генерации, д. 1351",55.678404,37.815982
"ул. Генерации, д. 1352",55.778845,37.421948
"ул. Генерации, д. 1353",55.839621,37.614205
"ул. Генерации, д. 1354",55.62997,37.497662
"ул. Генерации, д. 1355",55.741101,37.889121
"ул. Генерации, д. 1356",55.706618,37.415724
"ул. Генерации, д. 1357",55.558937,37.755043
"ул. Генерации, д. 1358",55.608159,37.362044
"ул. Генерации, д. 1359",55.695366,37.559138
"ул. Генерации, д. 1360",55.735308,37.648344
"ул. Генерации, д. 1361",55.743514,37.314346
"ул. Генерации, д. 1362",55.505262,37.684043
"ул. Генерации, д. 1363",55.779772,37.54978
"ул. Генерации, д. 1364",55.559243,37.446222
"ул. Генерации, д. 1365",55.537389,37.372342
"ул. Генерации, д. 1366",55.710117,37.312526
"ул. Генерации, д. 1367",55.723154,37.895496
"ул. Генерации, д. 1368",55.68542,37.758974
"ул. Генерации, д. 1369",55.521756,37.408725
"ул. Генерации, д. 1370",55.779131,37.74109
"ул. Генерации, д. 1371",55.828642,37.693445
"ул. Генерации, д. 1372",55.878581,37.444048
"ул. Генерации, д. 1373",55.679401,37.819477
"ул. Генерации, д. 1374",55.517233,37.82933
"ул. Генерации, д. 1375",55.617207,37.640197
"ул. Генерации, д. 1376",55.793204,37.738302
"ул. Генерации, д. 1377",55.545583,37.893065
"ул. Генерации, д. 1378",55.619977,37.795278
"ул. Генерации, д. 1379",55.669261,37.460947
"ул. Генерации, д. 1380",55.851737,37.770109
"ул. Генерации, д. 1381",55.670644,37.781962
"ул. Генерации, д. 1382",55.539082,37.507375
"ул. Генерации, д. 1383",55.845304,37.589648
"ул. Генерации, д. 1384",55.722891,37.394547
"ул. Генерации, д. 1385",55.67965,37.494097
"ул. Генерации, д. 1386",55.730119,37.76915
"ул. Генерации, д. 1387",55.568569,37.539113
"ул. Генерации, д. 1388",55.608867,37.30537
"ул. Генерации, д. 1389",55.517149,37.885539
"ул. Генерации, д. 1390",55.864834,37.467026
"ул. Генерации, д. 1391",55.756715,37.490771
"ул. Генерации, д. 1392",55.838648,37.315193
"ул. Генерации, д. 1393",55.820823,37.306369
"ул. Генерации, д. 1394",55.663718,37.842578
"ул. Генерации, д. 1395",55.72039,37.605533
"ул. Генерации, д. 1396",55.623654,37.424763
"ул. Генерации, д. 1397",55.839233,37.724564
"ул. Генерации, д. 1398",55.590784,37.655088
"ул. Генерации, д. 1399",55.509089,37.5299
"ул. Генерации, д. 1400",55.856406,37.332164
"ул. Генерации, д. 1401",55.668417,37.432339
"ул. Генерации, д. 1402",55.811262,37.655015
"ул. Генерации, д. 1403",55.519385,37.778836
"ул. Генерации, д. 1404",55.511131,37.821422
"ул. Генерации, д. 1405",55.536296,37.515613
"ул. Генерации, д. 1406",55.541587,37.835897
"ул. Генерации, д. 1407",55.765546,37.736665
"ул. Генерации, д. 1408",55.67472,37.339942
"ул. Генерации, д. 1409",55.691699,37.869679
"ул. Генерации, д. 1410",55.562586,37.371754
"ул. Генерации, д. 1411",55.518846,37.87266
"ул. Генерации, д. 1412",55.738609,37.816039
"ул. Генерации, д. 1413",55.736195,37.573269
"ул. Генерации, д. 1414",55.583503,37.73492
"ул. Генерации, д. 1415",55.624598,37.64718
"ул. Генерации, д. 1416",55.564618,37.741257
"ул. Генерации, д. 1417",55.644368,37.338816
"ул. Генерации, д. 1418",55.685361,37.826381
"ул. Генерации, д. 1419",55.516893,37.327066
"ул. Генерации, д. 1420",55.733962,37.389836
"ул. Генерации, д. 1421",55.816441,37.594118
"ул. Генерации, д. 1422",55.55173,37.410021
"ул. Генерации, д. 1423",55.677266,37.422562
"ул. Генерации, д. 1424",55.847984,37.467332
"ул. Генерации, д. 1425",55.80404,37.763803
"ул. Генерации, д. 1426",55.786334,37.666525
"ул. Генерации, д. 1427",55.528934,37.320159
"ул. Генерации, д. 1428",55.695818,37.628973
"ул. Генерации, д. 1429",55.536038,37.74506
"ул. Генерации, д. 1430",55.785893,37.355859
"ул. Генерации, д. 1431",55.836515,37.803764
"ул. Генерации, д. 1432",55.766671,37.817366
"ул. Генерации, д. 1433",55.55983,37.522466
"ул. Генерации, д. 1434",55.758053,37.453379
"ул. Генерации, д. 1435",55.537275,37.512476
"ул. Генерации, д. 1436",55.594375,37.715584
"ул. Генерации, д. 1437",55.767684,37.447825
"ул. Генерации, д. 1438",55.757516,37.882817
"ул. Генерации, д. 1439",55.724151,37.806183
"ул. Генерации, д. 1440",55.596223,37.604864
"ул. Генерации, д. 1441",55.551148,37.540489
"ул. Генерации, д. 1442",55.775561,37.438513
"ул. Генерации, д. 1443",55.73017,37.430203
"ул. Генерации, д. 1444",55.512267,37.349119
"ул. Генерации, д. 1445",55.566904,37.811608
"ул. Генерации, д. 1446",55.81139,37.302046
"ул. Генерации, д. 1447",55.504359,37.434733
"ул. Генерации, д. 1448",55.696903,37.385395
"ул. Генерации, д. 1449",55.602591,37.839785
"ул. Генерации, д. 1450",55.572552,37.677871
"ул. Генерации, д. 1451",55.593051,37.718665
"ул. Генерации, д. 1452",55.768793,37.332367
"ул. Генерации, д. 1453",55.623114,37.807857
"ул. Генерации, д. 1454",55.50496,37.616901
"ул. Генерации, д. 1455",55.685946,37.89661
"ул. Генерации, д. 1456",55.527556,37.457573
"ул. Генерации, д. 1457",55.745214,37.839279
"ул. Генерации, д. 1458",55.825766,37.494594
"ул. Генерации, д. 1459",55.576571,37.701601
"ул. Генерации, д. 1460",55.721042,37.345267
"ул. Генерации, д. 1461",55.871467,37.830408
"ул. Генерации, д. 1462",55.673032,37.771988
"ул. Генерации, д. 1463",55.871746,37.457487
"ул. Генерации, д. 1464",55.888825,37.741553
"ул. Генерации, д. 1465",55.609959,37.461837
"ул. Генерации, д. 1466",55.701786,37.534159
"ул. Генерации, д. 1467",55.861776,37.686237
"ул. Генерации, д. 1468",55.671122,37.758374
"ул. Генерации, д. 1469",55.813892,37.701037
"ул. Генерации, д. 1470",55.5973,37.486688
"ул. Генерации, д. 1471",55.856144,37.493473
"ул. Генерации, д. 1472",55.668929,37.720603
"ул. Генерации, д. 1473",55.893396,37.612319
"ул. Генерации, д. 1474",55.60328,37.444781
"ул. Генерации, д. 1475",55.826432,37.845959
"ул. Генерации, д. 1476",55.522031,37.374709
"ул. Генерации, д. 1477",55.778028,37.707415
"ул. Генерации, д. 1478",55.622569,37.650348
"ул. Генерации, д. 1479",55.669703,37.778439
"ул. Генерации, д. 1480",55.78197,37.680234
"ул. Генерации, д. 1481",55.721563,37.899339
"ул. Генерации, д. 1482",55.641279,37.637238
"ул. Генерации, д. 1483",55.632225,37.467388
"ул. Генерации, д. 1484",55.545601,37.835252
"ул. Генерации, д. 1485",55.767972,37.566465
"ул. Генерации, д. 1486",55.594431,37.82022
"ул. Генерации, д. 1487",55.556952,37.391248
"ул. Генерации, д. 1488",55.743292,37.621412
"ул. Генерации, д. 1489",55.622361,37.469935
"ул. Генерации, д. 1490",55.663914,37.664041
"ул. Генерации, д. 1491",55.721611,37.854127
"ул. Генерации, д. 1492",55.75618,37.642248
"ул. Генерации, д. 1493",55.867431,37.470417
"ул. Генерации, д. 1494",55.538143,37.363815
"ул. Генерации, д. 1495",55.874235,37.860496
"ул. Генерации, д. 1496",55.867684,37.79625
"ул. Генерации, д. 1497",55.683759,37.432137
"ул. Генерации, д. 1498",55.534843,37.522551
"ул. Генерации, д. 1499",55.50027,37.447295
"ул. Генерации, д. 1500",55.609149,37.804365
"ул. Генерации, д. 1501",55.566682,37.733064
"ул. Генерации, д. 1502",55.884298,37.897285
"ул. Генерации, д. 1503",55.773742,37.850535
"ул. Генерации, д. 1504",55.764858,37.638511
"ул. Генерации, д. 1505",55.852046,37.305749
"ул. Генерации, д. 1506",55.88641,37.774519
"ул. Генерации, д. 1507",55.650451,37.819926
"ул. Генерации, д. 1508",55.500462,37.655572
"ул. Генерации, д. 1509",55.849201,37.424713
"ул. Генерации, д. 1510",55.78346,37.885857
"ул. Генерации, д. 1511",55.731866,37.433272
"ул. Генерации, д. 1512",55.82316,37.879894
"ул. Генерации, д. 1513",55.760765,37.690394
"ул. Генерации, д. 1514",55.841731,37.383877
"ул. Генерации, д. 1515",55.576701,37.491381
"ул. Генерации, д. 1516",55.623266,37.649355
"ул. Генерации, д. 1517",55.879444,37.755779
"ул. Генерации, д. 1518",55.615095,37.689745
"ул. Генерации, д. 1519",55.854845,37.739619
"ул. Генерации, д. 1520",55.851969,37.779412
"ул. Генерации, д. 1521",55.524032,37.43108
"ул. Генерации, д. 1522",55.505276,37.714983
"ул. Генерации, д. 1523",55.583142,37.476918
"ул. Генерации, д. 1524",55.656213,37.64723
"ул. Генерации, д. 1525",55.876467,37.475934
"ул. Генерации, д. 1526",55.675287,37.695499
"ул. Генерации, д. 1527",55.565502,37.784044
"ул. Генерации, д. 1528",55.544096,37.496723
"ул. Генерации, д. 1529",55.824093,37.771909
"ул. Генерации, д. 1530",55.66189,37.797904
"ул. Генерации, д. 1531",55.739818,37.344939
"ул. Генерации, д. 1532",55.807516,37.570601
"ул. Генерации, д. 1533",55.823348,37.338381
"ул. Генерации, д. 1534",55.848062,37.862268
"ул. Генерации, д. 1535",55.874455,37.433881
"ул. Генерации, д. 1536",55.558258,37.715886
"ул. Генерации, д. 1537",55.519861,37.330566
"ул. Генерации, д. 1538",55.50814,37.894789
"ул. Генерации, д. 1539",55.692394,37.570618
"ул. Генерации, д. 1540",55.745205,37.327104
"ул. Генерации, д. 1541",55.620666,37.886537
"ул. Генерации, д. 1542",55.515278,37.85292
"ул. Генерации, д. 1543",55.863668,37.619524
"ул. Генерации, д. 1544",55.748805,37.577526
"ул. Генерации, д. 1545",55.753408,37.527838
"ул. Генерации, д. 1546",55.641987,37.855086
"ул. Генерации, д. 1547",55.63207,37.876063
"ул. Генерации, д. 1548",55.652757,37.841004
"ул. Генерации, д. 1549",55.587317,37.657576
"ул. Генерации, д. 1550",55.670128,37.780005
"ул. Генерации, д. 1551",55.596296,37.646093
"ул. Генерации, д. 1552",55.709625,37.636988
"ул. Генерации, д. 1553",55.853291,37.431593
"ул. Генерации, д. 1554",55.558683,37.556285
"ул. Генерации, д. 1555",55.84132,37.500045
"ул. Генерации, д. 1556",55.747926,37.436567
"ул. Генерации, д. 1557",55.52075,37.377752
"ул. Генерации, д. 1558",55.551506,37.465915
"ул. Генерации, д. 1559",55.897041,37.898695
"ул. Генерации, д. 1560",55.556458,37.82637
"ул. Генерации, д. 1561",55.655249,37.579548
"ул. Генерации, д. 1562",55.794911,37.391602
"ул. Генерации, д. 1563",55.743607,37.502014
"ул. Генерации, д. 1564",55.700793,37.716864
"ул. Генерации, д. 1565",55.801872,37.383729
"ул. Генерации, д. 1566",55.555993,37.814408
"ул. Генерации, д. 1567",55.880694,37.317801
"ул. Генерации, д. 1568",55.675415,37.433082
"ул. Генерации, д. 1569",55.805648,37.601868
"ул. Генерации, д. 1570",55.762384,37.878358
"ул. Генерации, д. 1571",55.702943,37.522608
"ул. Генерации, д. 1572",55.735548,37.537664
"ул. Генерации, д. 1573",55.592691,37.492174
"ул. Генерации, д. 1574",55.783793,37.450486
"ул. Генерации, д. 1575",55.736998,37.36757
"ул. Генерации, д. 1576",55.618705,37.632525
"ул. Генерации, д. 1577",55.703976,37.502812
"ул. Генерации, д. 1578",55.655419,37.852721
"ул. Генерации, д. 1579",55.745226,37.498265
"ул. Генерации, д. 1580",55.657468,37.34437
"ул. Генерации, д. 1581",55.832271,37.411728
"ул. Генерации, д. 1582",55.888192,37.727561
"ул. Генерации, д. 1583",55.62421,37.389237
"ул. Генерации, д. 1584",55.626576,37.567149
"ул. Генерации, д. 1585",55.641937,37.364854
"ул. Генерации, д. 1586",55.762725,37.830238
"ул. Генерации, д. 1587",55.606864,37.501154
"ул. Генерации, д. 1588",55.66762,37.451384
"ул. Генерации, д. 1589",55.892282,37.418473
"ул. Генерации, д. 1590",55.598817,37.525323
"ул. Генерации, д. 1591",55.873495,37.837028
"ул. Генерации, д. 1592",55.898451,37.376049
"ул. Генерации, д. 1593",55.523388,37.784153
"ул. Генерации, д. 1594",55.874677,37.807267
"ул. Генерации, д. 1595",55.582094,37.734517
"ул. Генерации, д. 1596",55.879234,37.779741
"ул. Генерации, д. 1597",55.713501,37.675569
"ул. Генерации, д. 1598",55.891285,37.781616
"ул. Генерации, д. 1599",55.844164,37.422316
"ул. Генерации, д. 1600",55.604821,37.383663
"ул. Генерации, д. 1601",55.625259,37.587367
"ул. Генерации, д. 1602",55.5937,37.656376
"ул. Генерации, д. 1603",55.501617,37.310964
"ул. Генерации, д. 1604",55.889247,37.345518
"ул. Генерации, д. 1605",55.538178,37.693903
"ул. Генерации, д. 1606",55.514085,37.601537
"ул. Генерации, д. 1607",55.733781,37.542078
"ул. Генерации, д. 1608",55.860995,37.53554
"ул. Генерации, д. 1609",55.70402,37.500746
"ул. Генерации, д. 1610",55.575772,37.571812
"ул. Генерации, д. 1611",55.822294,37.802012
"ул. Генерации, д. 1612",55.800439,37.710537
"ул. Генерации, д. 1613",55.703226,37.389671
"ул. Генерации, д. 1614",55.622875,37.356671
"ул. Генерации, д. 1615",55.821723,37.578945
"ул. Генерации, д. 1616",55.85616,37.533334
"ул. Генерации, д. 1617",55.866884,37.583364
"ул. Генерации, д. 1618",55.822532,37.573268
"ул. Генерации, д. 1619",55.522253,37.499555
"ул. Генерации, д. 1620",55.557387,37.328679
"ул. Генерации, д. 1621",55.564407,37.48352
"ул. Генерации, д. 1622",55.796371,37.700009
"ул. Генерации, д. 1623",55.893472,37.552975
"ул. Генерации, д. 1624",55.804754,37.648203
"ул. Генерации, д. 1625",55.539555,37.348647
"ул. Генерации, д. 1626",55.503907,37.323901
"ул. Генерации, д. 1627",55.59974,37.862329
"ул. Генерации, д. 1628",55.833762,37.613665
"ул. Генерации, д. 1629",55.683162,37.480674
"ул. Генерации, д. 1630",55.594011,37.731357
"ул. Генерации, д. 1631",55.611118,37.376884
"ул. Генерации, д. 1632",55.617807,37.624991
"ул. Генерации, д. 1633",55.514758,37.656662
"ул. Генерации, д. 1634",55.603398,37.782844
"ул. Генерации, д. 1635",55.690276,37.665017
"ул. Генерации, д. 1636",55.733814,37.661414
"ул. Генерации, д. 1637",55.596484,37.363855
"ул. Генерации, д. 1638",55.576315,37.44097
"ул. Генерации, д. 1639",55.564757,37.372961
"ул. Генерации, д. 1640",55.650283,37.627316
"ул. Генерации, д. 1641",55.78371,37.898313
"ул. Генерации, д. 1642",55.817687,37.68508
"ул. Генерации, д. 1643",55.692632,37.454486
"ул. Генерации, д. 1644",55.722388,37.519148
"ул. Генерации, д. 1645",55.857389,37.75755
"ул. Генерации, д. 1646",55.723048,37.457867
"ул. Генерации, д. 1647",55.551834,37.706443
"ул. Генерации, д. 1648",55.685364,37.896625
"ул. Генерации, д. 1649",55.809316,37.885516
"ул. Генерации, д. 1650",55.583418,37.333322
"ул. Генерации, д. 1651",55.574446,37.422365
"ул. Генерации, д. 1652",55.806428,37.619535
"ул. Генерации, д. 1653",55.798717,37.849008
"ул. Генерации, д. 1654",55.602256,37.497963
"ул. Генерации, д. 1655",55.664388,37.737804
"ул. Генерации, д. 1656",55.528288,37.525339
"ул. Генерации, д. 1657",55.551947,37.573464
"ул. Генерации, д. 1658",55.7192,37.613638
"ул. Генерации, д. 1659",55.657526,37.714615
"ул. Генерации, д. 1660",55.671866,37.591836
"ул. Генерации, д. 1661",55.858289,37.520129
"ул. Генерации, д. 1662",55.718272,37.389505
"ул. Генерации, д. 1663",55.894592,37.791272
"ул. Генерации, д. 1664",55.555482,37.456809
"ул. Генерации, д. 1665",55.516696,37.317357
"ул. Генерации, д. 1666",55.68761,37.800386
"ул. Генерации, д. 1667",55.500562,37.323171
"ул. Генерации, д. 1668",55.792906,37.732272
"ул. Генерации, д. 1669",55.62882,37.662398
"ул. Генерации, д. 1670",55.779304,37.600232
"ул. Генерации, д. 1671",55.861836,37.499699
"ул. Генерации, д. 1672",55.86808,37.669228
"ул. Генерации, д. 1673",55.832558,37.430723
"ул. Генерации, д. 1674",55.727097,37.520425
"ул. Генерации, д. 1675",55.520124,37.623861
"ул. Генерации, д. 1676",55.606248,37.807839
"ул. Генерации, д. 1677",55.861464,37.781472
"ул. Генерации, д. 1678",55.757536,37.316122
"ул. Генерации, д. 1679",55.594016,37.443917
"ул. Генерации, д. 1680",55.752617,37.302509
"ул. Генерации, д. 1681",55.588485,37.609187
"ул. Генерации, д. 1682",55.721969,37.533449
"ул. Генерации, д. 1683",55.781881,37.512817
"ул. Генерации, д. 1684",55.549377,37.593892
"ул. Генерации, д. 1685",55.557064,37.885837
"ул. Генерации, д. 1686",55.850284,37.677312
"ул. Генерации, д. 1687",55.597737,37.647968
"ул. Генерации, д. 1688",55.717483,37.621455
"ул. Генерации, д. 1689",55.802079,37.416974
"ул. Генерации, д. 1690",55.759372,37.527993
"ул. Генерации, д. 1691",55.523802,37.766544
"ул. Генерации, д. 1692",55.610494,37.456673
"ул. Генерации, д. 1693",55.85001,37.459497
"ул. Генерации, д. 1694",55.886989,37.382664
"ул. Генерации, д. 1695",55.716613,37.423899
"ул. Генерации, д. 1696",55.592203,37.72754
"ул. Генерации, д. 1697",55.646674,37.688482
"ул. Генерации, д. 1698",55.531287,37.432112
"ул. Генерации, д. 1699",55.830936,37.352024
"ул. Генерации, д. 1700",55.756902,37.35935
"ул. Генерации, д. 1701",55.807773,37.774347
"ул. Генерации, д. 1702",55.617562,37.670278
"ул. Генерации, д. 1703",55.671106,37.684061
"ул. Генерации, д. 1704",55.789683,37.534244
"ул. Генерации, д. 1705",55.826644,37.472772
"ул. Генерации, д. 1706",55.635647,37.814249
"ул. Генерации, д. 1707",55.836577,37.634722
"ул. Генерации, д. 1708",55.664633,37.52683
"ул. Генерации, д. 1709",55.503265,37.649277
"ул. Генерации, д. 1710",55.839845,37.777798
"ул. Генерации, д. 1711",55.64913,37.539387
"ул. Генерации, д. 1712",55.513754,37.802324
"ул. Генерации, д. 1713",55.785049,37.623437
"ул. Генерации, д. 1714",55.536596,37.770719
"ул. Генерации, д. 1715",55.826215,37.858699
"ул. Генерации, д. 1716",55.713679,37.315709
"ул. Генерации, д. 1717",55.870947,37.439279
"ул. Генерации, д. 1718",55.855722,37.509999
"ул. Генерации, д. 1719",55.793774,37.345669
"ул. Генерации, д. 1720",55.708457,37.647116
"ул. Генерации, д. 1721",55.723837,37.407257
"ул. Генерации, д. 1722",55.652916,37.322136
"ул. Генерации, д. 1723",55.615934,37.64137
"ул. Генерации, д. 1724",55.84369,37.62658
"ул. Генерации, д. 1725",55.761065,37.828851
"ул. Генерации, д. 1726",55.541388,37.359318
"ул. Генерации, д. 1727",55.6487,37.415796
"ул. Генерации, д. 1728",55.572729,37.354371
"ул. Генерации, д. 1729",55.52825,37.820995
"ул. Генерации, д. 1730",55.510683,37.816398
"ул. Генерации, д. 1731",55.533515,37.655185
"ул. Генерации, д. 1732",55.694312,37.661556
"ул. Генерации, д. 1733",55.808835,37.62257
"ул. Генерации, д. 1734",55.58134,37.859961
"ул. Генерации, д. 1735",55.887643,37.328277
"ул. Генерации, д. 1736",55.569896,37.571228
"ул. Генерации, д. 1737",55.773739,37.360407
"ул. Генерации, д. 1738",55.754032,37.535764
"ул. Генерации, д. 1739",55.830276,37.532143
"ул. Генерации, д. 1740",55.683806,37.612982
"ул. Генерации, д. 1741",55.725497,37.495145
"ул. Генерации, д. 1742",55.691066,37.533466
"ул. Генерации, д. 1743",55.505816,37.694874
"ул. Генерации, д. 1744",55.513189,37.836683
"ул. Генерации, д. 1745",55.806189,37.565753
"ул. Генерации, д. 1746",55.889425,37.521489
"ул. Генерации, д. 1747",55.778809,37.870729
"ул. Генерации, д. 1748",55.766332,37.585481
"ул. Генерации, д. 1749",55.514042,37.452965
"ул. Генерации, д. 1750",55.670221,37.51528
"ул. Генерации, д. 1751",55.503913,37.62232
"ул. Генерации, д. 1752",55.633074,37.331911
"ул. Генерации, д. 1753",55.508727,37.783731
"ул. Генерации, д. 1754",55.827473,37.614434
"ул. Генерации, д. 1755",55.893277,37.561629
"ул. Генерации, д. 1756",55.766673,37.631616
"ул. Генерации, д. 1757",55.878248,37.883694
"ул. Генерации, д. 1758",55.519846,37.75792
"ул. Генерации, д. 1759",55.818164,37.505559
"ул. Генерации, д. 1760",55.506887,37.397577
"ул. Генерации, д. 1761",55.758173,37.529191
"ул. Генерации, д. 1762",55.896185,37.807925
"ул. Генерации, д. 1763",55.776068,37.888055
"ул. Генерации, д. 1764",55.778133,37.518144
"ул. Генерации, д. 1765",55.697643,37.826764
"ул. Генерации, д. 1766",55.794312,37.534603
"ул. Генерации, д. 1767",55.504578,37.372699
"ул. Генерации, д. 1768",55.648499,37.628409
"ул. Генерации, д. 1769",55.650398,37.750633
"ул. Генерации, д. 1770",55.676898,37.472217
"ул. Генерации, д. 1771",55.89643,37.333263
"ул. Генерации, д. 1772",55.8678,37.769186
"ул. Генерации, д. 1773",55.633349,37.626752
"ул. Генерации, д. 1774",55.751413,37.835544
"ул. Генерации, д. 1775",55.873648,37.762164
"ул. Генерации, д. 1776",55.502453,37.82161
"ул. Генерации, д. 1777",55.815788,37.505556
"ул. Генерации, д. 1778",55.62438,37.535095
"ул. Генерации, д. 1779",55.733633,37.792057
"ул. Генерации, д. 1780",55.504262,37.572364
"ул. Генерации, д. 1781",55.793922,37.726476
"ул. Генерации, д. 1782",55.689356,37.334346
"ул. Генерации, д. 1783",55.549249,37.740965
"ул. Генерации, д. 1784",55.678328,37.501892
"ул. Генерации, д. 1785",55.826669,37.755812
"ул. Генерации, д. 1786",55.662679,37.32382
"ул. Генерации, д. 1787",55.897375,37.406034
"ул. Генерации, д. 1788",55.624163,37.747913
"ул. Генерации, д. 1789",55.752825,37.333384
"ул. Генерации, д. 1790",55.846474,37.878172
"ул. Генерации, д. 1791",55.659698,37.435416
"ул. Генерации, д. 1792",55.750877,37.813821
"ул. Генерации, д. 1793",55.518558,37.309527
"ул. Генерации, д. 1794",55.540897,37.594998
"ул. Генерации, д. 1795",55.694826,37.621727
"ул. Генерации, д. 1796",55.692907,37.56362
"ул. Генерации, д. 1797",55.69961,37.473671
"ул. Генерации, д. 1798",55.624795,37.702843
"ул. Генерации, д. 1799",55.522146,37.594282
"ул. Генерации, д. 1800",55.818305,37.586116
"ул. Генерации, д. 1801",55.616789,37.303257
"ул. Генерации, д. 1802",55.617891,37.734062
"ул. Генерации, д. 1803",55.588633,37.604308
"ул. Генерации, д. 1804",55.792755,37.887633
"ул. Генерации, д. 1805",55.741937,37.796129
"ул. Генерации, д. 1806",55.507797,37.821449
"ул. Генерации, д. 1807",55.524585,37.66339
"ул. Генерации, д. 1808",55.812891,37.800165
"ул. Генерации, д. 1809",55.616251,37.687966
"ул. Генерации, д. 1810",55.890223,37.750365
"ул. Генерации, д. 1811",55.890074,37.3762
"ул. Генерации, д. 1812",55.762001,37.714211
"ул. Генерации, д. 1813",55.617384,37.534256
"ул. Генерации, д. 1814",55.896831,37.350615
"ул. Генерации, д. 1815",55.520393,37.396675
"ул. Генерации, д. 1816",55.60461,37.521649
"ул. Генерации, д. 1817",55.885374,37.803187
"ул. Генерации, д. 1818",55.636402,37.794524
"ул. Генерации, д. 1819",55.536438,37.671226
"ул. Генерации, д. 1820",55.505772,37.346282
"ул. Генерации, д. 1821",55.711912,37.310687
"ул. Генерации, д. 1822",55.652756,37.787472
"ул. Генерации, д. 1823",55.892413,37.686987
"ул. Генерации, д. 1824",55.527209,37.353872
"ул. Генерации, д. 1825",55.843972,37.335599
"ул. Генерации, д. 1826",55.800744,37.830952
"ул. Генерации, д. 1827",55.842464,37.776523
"ул. Генерации, д. 1828",55.803988,37.702245
"ул. Генерации, д. 1829",55.634517,37.428066
"ул. Генерации, д. 1830",55.785909,37.652339
"ул. Генерации, д. 1831",55.86476,37.528237
"ул. Генерации, д. 1832",55.781004,37.569765
"ул. Генерации, д. 1833",55.867211,37.508887
"ул. Генерации, д. 1834",55.866544,37.582187
"ул. Генерации, д. 1835",55.560773,37.362404
"ул. Генерации, д. 1836",55.644103,37.81471
"ул. Генерации, д. 1837",55.645424,37.770074
"ул. Генерации, д. 1838",55.77293,37.437836
"ул. Генерации, д. 1839",55.596433,37.77916
"ул. Генерации, д. 1840",55.591082,37.741871
"ул. Генерации, д. 1841",55.81259,37.615042
"ул. Генерации, д. 1842",55.865182,37.885604
"ул. Генерации, д. 1843",55.834856,37.467716
"ул. Генерации, д. 1844",55.8163,37.752318
"ул. Генерации, д. 1845",55.881316,37.414653
"ул. Генерации, д. 1846",55.664954,37.460174
"ул. Генерации, д. 1847",55.692981,37.408929
"ул. Генерации, д. 1848",55.665924,37.755852
"ул. Генерации, д. 1849",55.795426,37.875336
"ул. Генерации, д. 1850",55.5204,37.304559
"ул. Генерации, д. 1851",55.570317,37.521904
"ул. Генерации, д. 1852",55.823198,37.314937
"ул. Генерации, д. 1853",55.609788,37.52698
"ул. Генерации, д. 1854",55.686508,37.50696
"ул. Генерации, д. 1855",55.708863,37.777819
"ул. Генерации, д. 1856",55.654214,37.373845
"ул. Генерации, д. 1857",55.699165,37.568376
"ул. Генерации, д. 1858",55.623987,37.885016
"ул. Генерации, д. 1859",55.860821,37.755372
"ул. Генерации, д. 1860",55.617313,37.710311
"ул. Генерации, д. 1861",55.865782,37.630736
"ул. Генерации, д. 1862",55.709295,37.563192
"ул. Генерации, д. 1863",55.882459,37.495308
"ул. Генерации, д. 1864",55.626397,37.826414
"ул. Генерации, д. 1865",55.830346,37.89446
"ул. Генерации, д. 1866",55.77293,37.311791
"ул. Генерации, д. 1867",55.724553,37.595023
"ул. Генерации, д. 1868",55.614384,37.820625
"ул. Генерации, д. 1869",55.695013,37.502576
"ул. Генерации, д. 1870",55.559756,37.847189
"ул. Генерации, д. 1871",55.505086,37.332107
"ул. Генерации, д. 1872",55.825869,37.549219
"ул. Генерации, д. 1873",55.613656,37.554322
"ул. Генерации, д. 1874",55.712197,37.533859
"ул. Генерации, д. 1875",55.728187,37.844291
"ул. Генерации, д. 1876",55.796142,37.38154
"ул. Генерации, д. 1877",55.853906,37.653385
"ул. Генерации, д. 1878",55.80035,37.761887
"ул. Генерации, д. 1879",55.637575,37.83341
"ул. Генерации, д. 1880",55.837538,37.75282
"ул. Генерации, д. 1881",55.857065,37.489364
"ул. Генерации, д. 1882",55.714442,37.427774
"ул. Генерации, д. 1883",55.879249,37.804483
"ул. Генерации, д. 1884",55.575453,37.377924
"ул. Генерации, д. 1885",55.61053,37.63222
"ул. Генерации, д. 1886",55.642976,37.689015
"ул. Генерации, д. 1887",55.526699,37.854899
"ул. Генерации, д. 1888",55.571914,37.371944
"ул. Генерации, д. 1889",55.809513,37.82348
"ул. Генерации, д. 1890",55.689274,37.412841
"ул. Генерации, д. 1891",55.613804,37.621975
"ул. Генерации, д. 1892",55.76843,37.759384
"ул. Генерации, д. 1893",55.76892,37.797434
"ул. Генерации, д. 1894",55.626812,37.895381
"ул. Генерации, д. 1895",55.790625,37.852302
"ул. Генерации, д. 1896",55.58207,37.34132
"ул. Генерации, д. 1897",55.654893,37.727858
"ул. Генерации, д. 1898",55.771274,37.497034
"ул. Генерации, д. 1899",55.500202,37.861752
"ул. Генерации, д. 1900",55.814123,37.745677
"ул. Генерации, д. 1901",55.805585,37.303132
"ул. Генерации, д. 1902",55.55954,37.663073
"ул. Генерации, д. 1903",55.787259,37.883781
"ул. Генерации, д. 1904",55.776812,37.619889
"ул. Генерации, д. 1905",55.517518,37.546634
"ул. Генерации, д. 1906",55.735893,37.78656
"ул. Генерации, д. 1907",55.890774,37.558077
"ул. Генерации, д. 1908",55.620456,37.721549
"ул. Генерации, д. 1909",55.679399,37.746237
"ул. Генерации, д. 1910",55.642368,37.439521
"ул. Генерации, д. 1911",55.841259,37.560598
"ул. Генерации, д. 1912",55.754565,37.644125
"ул. Генерации, д. 1913",55.726987,37.632977
"ул. Генерации, д. 1914",55.831208,37.667488
"ул. Генерации, д. 1915",55.561133,37.721048
"ул. Генерации, д. 1916",55.839443,37.822512
"ул. Генерации, д. 1917",55.523923,37.366603
"ул. Генерации, д. 1918",55.712677,37.710512
"ул. Генерации, д. 1919",55.76692,37.828953
"ул. Генерации, д. 1920",55.767858,37.378369
"ул. Генерации, д. 1921",55.588315,37.531223
"ул. Генерации, д. 1922",55.544566,37.896878
"ул. Генерации, д. 1923",55.72295,37.665608
"ул. Генерации, д. 1924",55.822819,37.820538
"ул. Генерации, д. 1925",55.833888,37.850311
"ул. Генерации, д. 1926",55.538707,37.784364
"ул. Генерации, д. 1927",55.558618,37.872375
"ул. Генерации, д. 1928",55.764036,37.329091
"ул. Генерации, д. 1929",55.802233,37.485786
"ул. Генерации, д. 1930",55.762824,37.500282
"ул. Генерации, д. 1931",55.817097,37.539165
"ул. Генерации, д. 1932",55.758512,37.372934
"ул. Генерации, д. 1933",55.682696,37.858104
"ул. Генерации, д. 1934",55.694986,37.372127
"ул. Генерации, д. 1935",55.804952,37.514354
"ул. Генерации, д. 1936",55.756497,37.882031
"ул. Генерации, д. 1937",55.705749,37.800917
"ул. Генерации, д. 1938",55.866036,37.302734
"ул. Генерации, д. 1939",55.665942,37.364845
"ул. Генерации, д. 1940",55.699537,37.721044
"ул. Генерации, д. 1941",55.843533,37.535869
"ул. Генерации, д. 1942",55.784285,37.371842
"ул. Генерации, д. 1943",55.695824,37.397519
"ул. Генерации, д. 1944",55.853534,37.843729
"ул. Генерации, д. 1945",55.702772,37.684409
"ул. Генерации, д. 1946",55.899748,37.804679
"ул. Генерации, д. 1947",55.507301,37.853299
"ул. Генерации, д. 1948",55.582482,37.546353
"ул. Генерации, д. 1949",55.620645,37.33148
"ул. Генерации, д. 1950",55.645106,37.360631
"ул. Генерации, д. 1951",55.648721,37.77556
"ул. Генерации, д. 1952",55.748277,37.55757
"ул. Генерации, д. 1953",55.667831,37.440389
"ул. Генерации, д. 1954",55.836122,37.725554
"ул. Генерации, д. 1955",55.753853,37.810718
"ул. Генерации, д. 1956",55.812397,37.795606
"ул. Генерации, д. 1957",55.859676,37.431245
"ул. Генерации, д. 1958",55.58156,37.334176
"ул. Генерации, д. 1959",55.587008,37.736145
"ул. Генерации, д. 1960",55.62375,37.774994
"ул. Генерации, д. 1961",55.860421,37.682566
"ул. Генерации, д. 1962",55.679377,37.698155
"ул. Генерации, д. 1963",55.669742,37.51562
"ул. Генерации, д. 1964",55.855259,37.496128
"ул. Генерации, д. 1965",55.865426,37.834614
"ул. Генерации, д. 1966",55.67012,37.518692
"ул. Генерации, д. 1967",55.874962,37.420125
"ул. Генерации, д. 1968",55.53039,37.37868
"ул. Генерации, д. 1969",55.713888,37.327243
"ул. Генерации, д. 1970",55.603148,37.307008
"ул. Генерации, д. 1971",55.682439,37.447951
"ул. Генерации, д. 1972",55.525045,37.391724
"ул. Генерации, д. 1973",55.766237,37.892048
"ул. Генерации, д. 1974",55.544301,37.599414
"ул. Генерации, д. 1975",55.717908,37.828532
"ул. Генерации, д. 1976",55.60169,37.463773
"ул. Генерации, д. 1977",55.557084,37.785478
"ул. Генерации, д. 1978",55.593894,37.789336
"ул. Генерации, д. 1979",55.744038,37.616545
"ул. Генерации, д. 1980",55.569371,37.344047
"ул. Генерации, д. 1981",55.589833,37.426484
"ул. Генерации, д. 1982",55.698594,37.62058
"ул. Генерации, д. 1983",55.718054,37.373129
"ул. Генерации, д. 1984",55.721219,37.388727
"ул. Генерации, д. 1985",55.714065,37.610752
"ул. Генерации, д. 1986",55.789349,37.859334
"ул. Генерации, д. 1987",55.826453,37.327447
"ул. Генерации, д. 1988",55.771561,37.818957
"ул. Генерации, д. 1989",55.66845,37.358385
"ул. Генерации, д. 1990",55.652697,37.777371
"ул. Генерации, д. 1991",55.686891,37.592471
"ул. Генерации, д. 1992",55.682357,37.830455
"ул. Генерации, д. 1993",55.755313,37.615123
"ул. Генерации, д. 1994",55.710625,37.577557
"ул. Генерации, д. 1995",55.832084,37.713246
"ул. Генерации, д. 1996",55.60221,37.47189
"ул. Генерации, д. 1997",55.763779,37.603505
"ул. Генерации, д. 1998",55.881962,37.742017
"ул. Генерации, д. 1999",55.667903,37.372451
"ул. Генерации, д. 2000",55.660961,37.513344
"ул. Генерации, д. 2001",55.76952,37.560689
"ул. Генерации, д. 2002",55.598145,37.357802
"ул. Генерации, д. 2003",55.541234,37.438056
"ул. Генерации, д. 2004",55.885707,37.44078
"ул. Генерации, д. 2005",55.639345,37.389504
"ул. Генерации, д. 2006",55.745155,37.635434
"ул. Генерации, д. 2007",55.790601,37.674544
"ул. Генерации, д. 2008",55.707938,37.602744
"ул. Генерации, д. 2009",55.702768,37.322453
"ул. Генерации, д. 2010",55.821725,37.774232
"ул. Генерации, д. 2011",55.820686,37.58591
"ул. Генерации, д. 2012",55.668705,37.643061
"ул. Генерации, д. 2013",55.655405,37.727318
"ул. Генерации, д. 2014",55.875425,37.507491
"ул. Генерации, д. 2015",55.709636,37.569493
"ул. Генерации, д. 2016",55.560389,37.38986
"ул. Генерации, д. 2017",55.561948,37.451801
"ул. Генерации, д. 2018",55.864621,37.682547
"ул. Генерации, д. 2019",55.838932,37.581098
"ул. Генерации, д. 2020",55.776072,37.480483
"ул. Генерации, д. 2021",55.724074,37.444298
"ул. Генерации, д. 2022",55.854766,37.861961
"ул. Генерации, д. 2023",55.851674,37.86286
"ул. Генерации, д. 2024",55.810293,37.759932
"ул. Генерации, д. 2025",55.682765,37.68213
"ул. Генерации, д. 2026",55.616784,37.603667
"ул. Генерации, д. 2027",55.78285,37.501718
"ул. Генерации, д. 2028",55.894684,37.497292
"ул. Генерации, д. 2029",55.578794,37.35587
"ул. Генерации, д. 2030",55.589411,37.546237
"ул. Генерации, д. 2031",55.847624,37.814341
"ул. Генерации, д. 2032",55.881216,37.610892
"ул. Генерации, д. 2033",55.705157,37.313889
"ул. Генерации, д. 2034",55.641903,37.491313
"ул. Генерации, д. 2035",55.562323,37.795702
"ул. Генерации, д. 2036",55.85452,37.889885
"ул. Генерации, д. 2037",55.64208,37.67398
"ул. Генерации, д. 2038",55.582221,37.766719
"ул. Генерации, д. 2039",55.716409,37.827558
"ул. Генерации, д. 2040",55.590627,37.616216
"ул. Генерации, д. 2041",55.611793,37.428137
"ул. Генерации, д. 2042",55.731555,37.513699
"ул. Генерации, д. 2043",55.508006,37.557898
"ул. Генерации, д. 2044",55.603693,37.36923
"ул. Генерации, д. 2045",55.617946,37.650268
"ул. Генерации, д. 2046",55.78484,37.7529
"ул. Генерации, д. 2047",55.830278,37.36502
"ул. Генерации, д. 2048",55.659425,37.739166
"ул. Генерации, д. 2049",55.792789,37.383719
"ул. Генерации, д. 2050",55.894942,37.403433
"ул. Генерации, д. 2051",55.681908,37.734758
"ул. Генерации, д. 2052",55.768358,37.743203
"ул. Генерации, д. 2053",55.691918,37.397963
"ул. Генерации, д. 2054",55.684049,37.509235
"ул. Генерации, д. 2055",55.521081,37.336062
"ул. Генерации, д. 2056",55.681165,37.374414
"ул. Генерации, д. 2057",55.580904,37.607768
"ул. Генерации, д. 2058",55.858348,37.321955
"ул. Генерации, д. 2059",55.776942,37.394169
"ул. Генерации, д. 2060",55.502399,37.783539
"ул. Генерации, д. 2061",55.618914,37.845381
"ул. Генерации, д. 2062",55.569367,37.487358
"ул. Генерации, д. 2063",55.538411,37.503318
"ул. Генерации, д. 2064",55.605632,37.36215
"ул. Генерации, д. 2065",55.536155,37.553099
"ул. Генерации, д. 2066",55.678146,37.45927
"ул. Генерации, д. 2067",55.780506,37.636763
"ул. Генерации, д. 2068",55.860742,37.489842
"ул. Генерации, д. 2069",55.81444,37.411366
"ул. Генерации, д. 2070",55.766787,37.847325
"ул. Генерации, д. 2071",55.514428,37.597372
"ул. Генерации, д. 2072",55.822661,37.836382
"ул. Генерации, д. 2073",55.89071,37.539618
"ул. Генерации, д. 2074",55.725012,37.605479
"ул. Генерации, д. 2075",55.652529,37.892584
"ул. Генерации, д. 2076",55.865485,37.615237
"ул. Генерации, д. 2077",55.884228,37.408071
"ул. Генерации, д. 2078",55.62435,37.512092
"ул. Генерации, д. 2079",55.823375,37.376891
"ул. Генерации, д. 2080",55.706944,37.386165
"ул. Генерации, д. 2081",55.740642,37.793055
"ул. Генерации, д. 2082",55.514046,37.638936
"ул. Генерации, д. 2083",55.617954,37.586978
"ул. Генерации, д. 2084",55.814667,37.567872
"ул. Генерации, д. 2085",55.589424,37.471506
"ул. Генерации, д. 2086",55.580141,37.6827
"ул. Генерации, д. 2087",55.797517,37.480015
"ул. Генерации, д. 2088",55.655707,37.490759
"ул. Генерации, д. 2089",55.619424,37.868539
"ул. Генерации, д. 2090",55.633511,37.423658
"ул. Генерации, д. 2091",55.586249,37.461192
"ул. Генерации, д. 2092",55.692194,37.652507
"ул. Генерации, д. 2093",55.756559,37.336315
"ул. Генерации, д. 2094",55.746915,37.674221
"ул. Генерации, д. 2095",55.624971,37.570357
"ул. Генерации, д. 2096",55.556374,37.797312
"ул. Генерации, д. 2097",55.876945,37.691085
"ул. Генерации, д. 2098",55.684689,37.380553
"ул. Генерации, д. 2099",55.661768,37.60211
"ул. Генерации, д. 2100",55.796065,37.521793
"ул. Генерации, д. 2101",55.512994,37.706576
"ул. Генерации, д. 2102",55.817551,37.791736
"ул. Генерации, д. 2103",55.683116,37.309273
"ул. Генерации, д. 2104",55.807406,37.679641
"ул. Генерации, д. 2105",55.714882,37.610674
"ул. Генерации, д. 2106",55.744888,37.493383
"ул. Генерации, д. 2107",55.53454,37.546966
"ул. Генерации, д. 2108",55.654605,37.89752
"ул. Генерации, д. 2109",55.809005,37.576238
"ул. Генерации, д. 2110",55.862575,37.412674
"ул. Генерации, д. 2111",55.645594,37.806635
"ул. Генерации, д. 2112",55.57864,37.689765
"ул. Генерации, д. 2113",55.733813,37.428895
"ул. Генерации, д. 2114",55.611192,37.649828
"ул. Генерации, д. 2115",55.878241,37.743936
"ул. Генерации, д. 2116",55.583252,37.640484
"ул. Генерации, д. 2117",55.693525,37.44421
"ул. Генерации, д. 2118",55.665644,37.434364
"ул. Генерации, д. 2119",55.655326,37.352816
"ул. Генерации, д. 2120",55.543138,37.700132
"ул. Генерации, д. 2121",55.642879,37.86448
"ул. Генерации, д. 2122",55.663893,37.352532
"ул. Генерации, д. 2123",55.608425,37.382699
"ул. Генерации, д. 2124",55.843592,37.596231
"ул. Генерации, д. 2125",55.657203,37.565223
"ул. Генерации, д. 2126",55.757614,37.702547
"ул. Генерации, д. 2127",55.693498,37.803978
"ул. Генерации, д. 2128",55.505649,37.817983
"ул. Генерации, д. 2129",55.66866,37.644918
"ул. Генерации, д. 2130",55.826128,37.641992
"ул. Генерации, д. 2131",55.888099,37.831612
"ул. Генерации, д. 2132",55.562866,37.390612
"ул. Генерации, д. 2133",55.624024,37.702111
"ул. Генерации, д. 2134",55.688165,37.412533
"ул. Генерации, д. 2135",55.589346,37.397914
"ул. Генерации, д. 2136",55.58932,37.419173
"ул. Генерации, д. 2137",55.851645,37.748608
"ул. Генерации, д. 2138",55.749746,37.66163
"ул. Генерации, д. 2139",55.722954,37.644948
"ул. Генерации, д. 2140",55.654933,37.840737
"ул. Генерации, д. 2141",55.851003,37.404771
"ул. Генерации, д. 2142",55.710804,37.483057
"ул. Генерации, д. 2143",55.898851,37.801362
"ул. Генерации, д. 2144",55.750197,37.333371
"ул. Генерации, д. 2145",55.773164,37.623993
"ул. Генерации, д. 2146",55.665893,37.609817
"ул. Генерации, д. 2147",55.604875,37.576084
"ул. Генерации, д. 2148",55.6063,37.551517
"ул. Генерации, д. 2149",55.601997,37.302519
"ул. Генерации, д. 2150",55.892595,37.744202
"ул. Генерации, д. 2151",55.896925,37.58412
"ул. Генерации, д. 2152",55.812614,37.785375
"ул. Генерации, д. 2153",55.811371,37.325116
"ул. Генерации, д. 2154",55.888619,37.379895
"ул. Генерации, д. 2155",55.541012,37.410229
"ул. Генерации, д. 2156",55.646911,37.42123
"ул. Генерации, д. 2157",55.771673,37.429503
"ул. Генерации, д. 2158",55.699654,37.626206
"ул. Генерации, д. 2159",55.753271,37.75761
"ул. Генерации, д. 2160",55.767103,37.542626
"ул. Генерации, д. 2161",55.845457,37.68876
"ул. Генерации, д. 2162",55.81529,37.356235
"ул. Генерации, д. 2163",55.679584,37.836518
"ул. Генерации, д. 2164",55.849797,37.441607
"ул. Генерации, д. 2165",55.75442,37.409792
"ул. Генерации, д. 2166",55.52811,37.794292
"ул. Генерации, д. 2167",55.831592,37.365306
"ул. Генерации, д. 2168",55.759421,37.799307
"ул. Генерации, д. 2169",55.59752,37.420468
"ул. Генерации, д. 2170",55.734808,37.625019
"ул. Генерации, д. 2171",55.893852,37.75206
"ул. Генерации, д. 2172",55.508903,37.316503
"ул. Генерации, д. 2173",55.767534,37.772778
"ул. Генерации, д. 2174",55.770621,37.738801
"ул. Генерации, д. 2175",55.667815,37.830578
"ул. Генерации, д. 2176",55.709882,37.759877
"ул. Генерации, д. 2177",55.742139,37.892788
"ул. Генерации, д. 2178",55.764078,37.375829
"ул. Генерации, д. 2179",55.697212,37.383173
"ул. Генерации, д. 2180",55.847412,37.437684
"ул. Генерации, д. 2181",55.500456,37.505052
"ул. Генерации, д. 2182",55.713364,37.706625
"ул. Генерации, д. 2183",55.61176,37.839113
"ул. Генерации, д. 2184",55.877337,37.571571
"ул. Генерации, д. 2185",55.560739,37.795281
"ул. Генерации, д. 2186",55.519351,37.451445
"ул. Генерации, д. 2187",55.567812,37.764369
"ул. Генерации, д. 2188",55.781977,37.719848
"ул. Генерации, д. 2189",55.536893,37.458645
"ул. Генерации, д. 2190",55.856205,37.656887
"ул. Генерации, д. 2191",55.815236,37.544818
"ул. Генерации, д. 2192",55.874249,37.875484
"ул. Генерации, д. 2193",55.61607,37.841983
"ул. Генерации, д. 2194",55.678759,37.611697
"ул. Генерации, д. 2195",55.771789,37.888928
"ул. Генерации, д. 2196",55.520224,37.471093
"ул. Генерации, д. 2197",55.864792,37.370969
"ул. Генерации, д. 2198",55.704733,37.746538
"ул. Генерации, д. 2199",55.761472,37.440464
"ул. Генерации, д. 2200",55.681258,37.723845
"ул. Генерации, д. 2201",55.869494,37.606427
"ул. Генерации, д. 2202",55.578779,37.708348
"ул. Генерации, д. 2203",55.523393,37.591396
"ул. Генерации, д. 2204",55.877548,37.833273
"ул. Генерации, д. 2205",55.698403,37.839394
"ул. Генерации, д. 2206",55.732942,37.516372
"ул. Генерации, д. 2207",55.878942,37.753812
"ул. Генерации, д. 2208",55.672769,37.670126
"ул. Генерации, д. 2209",55.537203,37.322905
"ул. Генерации, д. 2210",55.644873,37.701337
"ул. Генерации, д. 2211",55.804527,37.672915
"ул. Генерации, д. 2212",55.797206,37.761101
"ул. Генерации, д. 2213",55.607194,37.742136
"ул. Генерации, д. 2214",55.655712,37.611432
"ул. Генерации, д. 2215",55.857836,37.573941
"ул. Генерации, д. 2216",55.837645,37.415009
"ул. Генерации, д. 2217",55.703969,37.623498
"ул. Генерации, д. 2218",55.609875,37.507956
"ул. Генерации, д. 2219",55.883587,37.862389
"ул. Генерации, д. 2220",55.650411,37.456798
"ул. Генерации, д. 2221",55.766512,37.365213
"ул. Генерации, д. 2222",55.622414,37.794884
"ул. Генерации, д. 2223",55.554619,37.836605
"ул. Генерации, д. 2224",55.755674,37.566119
"ул. Генерации, д. 2225",55.770183,37.86385
"ул. Генерации, д. 2226",55.548642,37.878101
"ул. Генерации, д. 2227",55.583216,37.538368
"ул. Генерации, д. 2228",55.827509,37.503676
"ул. Генерации, д. 2229",55.704796,37.564196
"ул. Генерации, д. 2230",55.852184,37.543784
"ул. Генерации, д. 2231",55.716404,37.402289
"ул. Генерации, д. 2232",55.616298,37.52298
"ул. Генерации, д. 2233",55.810542,37.588139
"ул. Генерации, д. 2234",55.535516,37.52727
"ул. Генерации, д. 2235",55.557383,37.679894
"ул. Генерации, д. 2236",55.690096,37.505086
"ул. Генерации, д. 2237",55.859502,37.509161
"ул. Генерации, д. 2238",55.621603,37.723251
"ул. Генерации, д. 2239",55.604602,37.575715
"ул. Генерации, д. 2240",55.599161,37.463021
"ул. Генерации, д. 2241",55.841232,37.519134
"ул. Генерации, д. 2242",55.893924,37.678838
"ул. Генерации, д. 2243",55.620868,37.498321
"ул. Генерации, д. 2244",55.560225,37.311436
"ул. Генерации, д. 2245",55.807129,37.860687
"ул. Генерации, д. 2246",55.836402,37.399456
"ул. Генерации, д. 2247",55.699605,37.606273
"ул. Генерации, д. 2248",55.737654,37.772119
"ул. Генерации, д. 2249",55.846047,37.852516
"ул. Генерации, д. 2250",55.887772,37.686623
"ул. Генерации, д. 2251",55.550584,37.887159
"ул. Генерации, д. 2252",55.524632,37.789308
"ул. Генерации, д. 2253",55.522583,37.348119
"ул. Генерации, д. 2254",55.862,37.805282
"ул. Генерации, д. 2255",55.835287,37.374024
"ул. Генерации, д. 2256",55.593669,37.83576
"ул. Генерации, д. 2257",55.732514,37.512164
"ул. Генерации, д. 2258",55.732353,37.591808
"ул. Генерации, д. 2259",55.794873,37.695235
"ул. Генерации, д. 2260",55.832429,37.389057
"ул. Генерации, д. 2261",55.542612,37.598473
"ул. Генерации, д. 2262",55.713875,37.431899
"ул. Генерации, д. 2263",55.628052,37.878893
"ул. Генерации, д. 2264",55.558818,37.437472
"ул. Генерации, д. 2265",55.500148,37.576962
"ул. Генерации, д. 2266",55.833195,37.310455
"ул. Генерации, д. 2267",55.888129,37.595362
"ул. Генерации, д. 2268",55.577349,37.527298
"ул. Генерации, д. 2269",55.597948,37.482328
"ул. Генерации, д. 2270",55.856153,37.60989
"ул. Генерации, д. 2271",55.766162,37.32045
"ул. Генерации, д. 2272",55.676966,37.588208
"ул. Генерации, д. 2273",55.882418,37.496046
"ул. Генерации, д. 2274",55.764069,37.470353
"ул. Генерации, д. 2275",55.634903,37.535026
"ул. Генерации, д. 2276",55.847625,37.487062
"ул. Генерации, д. 2277",55.569176,37.569991
"ул. Генерации, д. 2278",55.646882,37.684366
"ул. Генерации, д. 2279",55.757346,37.659166
"ул. Генерации, д. 2280",55.864291,37.321495
"ул. Генерации, д. 2281",55.50393,37.635718
"ул. Генерации, д. 2282",55.616882,37.586494
"ул. Генерации, д. 2283",55.780071,37.449309
"ул. Генерации, д. 2284",55.587392,37.376483
"ул. Генерации, д. 2285",55.705571,37.754949
"ул. Генерации, д. 2286",55.666059,37.364398
"ул. Генерации, д. 2287",55.586476,37.52318
"ул. Генерации, д. 2288",55.523532,37.454158
"ул. Генерации, д. 2289",55.674716,37.621052
"ул. Генерации, д. 2290",55.779147,37.829863
"ул. Генерации, д. 2291",55.771445,37.884512
"ул. Генерации, д. 2292",55.839874,37.434649
"ул. Генерации, д. 2293",55.613866,37.81247
"ул. Генерации, д. 2294",55.525792,37.76156
"ул. Генерации, д. 2295",55.779688,37.880722
"ул. Генерации, д. 2296",55.607071,37.370795
"ул. Генерации, д. 2297",55.878201,37.888657
"ул. Генерации, д. 2298",55.517844,37.330963
"ул. Генерации, д. 2299",55.601878,37.305295
"ул. Генерации, д. 2300",55.748291,37.572375
"ул. Генерации, д. 2301",55.795417,37.571098
"ул. Генерации, д. 2302",55.501992,37.58243
"ул. Генерации, д. 2303",55.54564,37.456223
"ул. Генерации, д. 2304",55.755761,37.881366
"ул. Генерации, д. 2305",55.542301,37.3474
"ул. Генерации, д. 2306",55.744267,37.541264
"ул. Генерации, д. 2307",55.601093,37.5
"ул. Генерации, д. 2308",55.594211,37.334515
"ул. Генерации, д. 2309",55.743334,37.880553
"ул. Генерации, д. 2310",55.835552,37.829716
"ул. Генерации, д. 2311",55.54441,37.426863
"ул. Генерации, д. 2312",55.816156,37.766921
"ул. Генерации, д. 2313",55.62512,37.314265
"ул. Генерации, д. 2314",55.880365,37.358524
"ул. Генерации, д. 2315",55.816926,37.402716
"ул. Генерации, д. 2316",55.852571,37.746956
"ул. Генерации, д. 2317",55.649297,37.383014
"ул. Генерации, д. 2318",55.720133,37.52313
"ул. Генерации, д. 2319",55.782676,37.450923
"ул. Генерации, д. 2320",55.754848,37.365941
"ул. Генерации, д. 2321",55.871874,37.638637
"ул. Генерации, д. 2322",55.616009,37.321718
"ул. Генерации, д. 2323",55.598332,37.766011
"ул. Генерации, д. 2324",55.5687,37.407486
"ул. Генерации, д. 2325",55.569841,37.303209
"ул. Генерации, д. 2326",55.727135,37.841213
"ул. Генерации, д. 2327",55.726019,37.730434
"ул. Генерации, д. 2328",55.797038,37.615426
"ул. Генерации, д. 2329",55.527723,37.60801
"ул. Генерации, д. 2330",55.600065,37.304901
"ул. Генерации, д. 2331",55.697906,37.532959
"ул. Генерации, д. 2332",55.737585,37.484484
"ул. Генерации, д. 2333",55.798245,37.534967
"ул. Генерации, д. 2334",55.506011,37.346743
"ул. Генерации, д. 2335",55.747497,37.829422
"ул. Генерации, д. 2336",55.559524,37.6858
"ул. Генерации, д. 2337",55.642783,37.415562
"ул. Генерации, д. 2338",55.779225,37.479791
"ул. Генерации, д. 2339",55.622872,37.647596
"ул. Генерации, д. 2340",55.579638,37.835398
"ул. Генерации, д. 2341",55.577736,37.807643
"ул. Генерации, д. 2342",55.570154,37.851575
"ул. Генерации, д. 2343",55.723522,37.824474
"ул. Генерации, д. 2344",55.515296,37.684185
"ул. Генерации, д. 2345",55.505887,37.438832
"ул. Генерации, д. 2346",55.765139,37.582916
"ул. Генерации, д. 2347",55.534103,37.451658
"ул. Генерации, д. 2348",55.758244,37.336818
"ул. Генерации, д. 2349",55.76596,37.324527
"ул. Генерации, д. 2350",55.614782,37.455602
"ул. Генерации, д. 2351",55.660087,37.88486
"ул. Генерации, д. 2352",55.50075,37.489271
"ул. Генерации, д. 2353",55.757603,37.851542
"ул. Генерации, д. 2354",55.771598,37.712958
"ул. Генерации, д. 2355",55.607244,37.708755
"ул. Генерации, д. 2356",55.790474,37.408849
"ул. Генерации, д. 2357",55.545574,37.313661
"ул. Генерации, д. 2358",55.838476,37.663501
"ул. Генерации, д. 2359",55.820428,37.300833
"ул. Генерации, д. 2360",55.708196,37.8327
"ул. Генерации, д. 2361",55.732471,37.710591
"ул. Генерации, д. 2362",55.764005,37.590991
"ул. Генерации, д. 2363",55.764868,37.750636
"ул. Генерации, д. 2364",55.570392,37.59229
"ул. Генерации, д. 2365",55.893992,37.314129
"ул. Генерации, д. 2366",55.856719,37.697546
"ул. Генерации, д. 2367",55.838506,37.823322
"ул. Генерации, д. 2368",55.552634,37.522174
"ул. Генерации, д. 2369",55.857353,37.75859
"ул. Генерации, д. 2370",55.817708,37.324488
"ул. Генерации, д. 2371",55.611088,37.832922
"ул. Генерации, д. 2372",55.637666,37.332288
"ул. Генерации, д. 2373",55.738103,37.350133
"ул. Генерации, д. 2374",55.754874,37.643896
"ул. Генерации, д. 2375",55.851716,37.662955
"ул. Генерации, д. 2376",55.57004,37.396025
"ул. Генерации, д. 2377",55.850905,37.838683
"ул. Генерации, д. 2378",55.837455,37.330819
"ул. Генерации, д. 2379",55.792111,37.712978
"ул. Генерации, д. 2380",55.693005,37.754116
"ул. Генерации, д. 2381",55.884949,37.6681
"ул. Генерации, д. 2382",55.882097,37.893223
"ул. Генерации, д. 2383",55.575787,37.84705
"ул. Генерации, д. 2384",55.522571,37.706416
"ул. Генерации, д. 2385",55.726577,37.356957
"ул. Генерации, д. 2386",55.882517,37.370101
"ул. Генерации, д. 2387",55.604709,37.594898
"ул. Генерации, д. 2388",55.678969,37.433897
"ул. Генерации, д. 2389",55.533428,37.377569
"ул. Генерации, д. 2390",55.65438,37.365978
"ул. Генерации, д. 2391",55.592808,37.439778
"ул. Генерации, д. 2392",55.706931,37.349443
"ул. Генерации, д. 2393",55.615061,37.625682
"ул. Генерации, д. 2394",55.770273,37.758137
"ул. Генерации, д. 2395",55.532949,37.420745
"ул. Генерации, д. 2396",55.65146,37.895719
"ул. Генерации, д. 2397",55.51461,37.488065
"ул. Генерации, д. 2398",55.685466,37.756639
"ул. Генерации, д. 2399",55.627823,37.473021
"ул. Генерации, д. 2400",55.60955,37.640426
"ул. Генерации, д. 2401",55.861477,37.807599
"ул. Генерации, д. 2402",55.890566,37.404064
"ул. Генерации, д. 2403",55.762176,37.486979
"ул. Генерации, д. 2404",55.702446,37.401771
"ул. Генерации, д. 2405",55.650663,37.694701
"ул. Генерации, д. 2406",55.87899,37.431489
"ул. Генерации, д. 2407",55.590219,37.448273
"ул. Генерации, д. 2408",55.590905,37.731422
"ул. Генерации, д. 2409",55.521974,37.384029
"ул. Генерации, д. 2410",55.707231,37.379795
"ул. Генерации, д. 2411",55.816994,37.570711
"ул. Генерации, д. 2412",55.678352,37.633769
"ул. Генерации, д. 2413",55.784973,37.864171
"ул. Генерации, д. 2414",55.567337,37.31545
"ул. Генерации, д. 2415",55.71306,37.787407
"ул. Генерации, д. 2416",55.681078,37.883509
"ул. Генерации, д. 2417",55.578062,37.744558
"ул. Генерации, д. 2418",55.616395,37.772132
"ул. Генерации, д. 2419",55.638037,37.366596
"ул. Генерации, д. 2420",55.612131,37.706827
"ул. Генерации, д. 2421",55.542858,37.774956
"ул. Генерации, д. 2422",55.756966,37.754234
"ул. Генерации, д. 2423",55.625061,37.822375
"ул. Генерации, д. 2424",55.739112,37.365358
"ул. Генерации, д. 2425",55.576709,37.314798
"ул. Генерации, д. 2426",55.677008,37.494936
"ул. Генерации, д. 2427",55.55423,37.701221
"ул. Генерации, д. 2428",55.824991,37.403571
"ул. Генерации, д. 2429",55.731505,37.602401
"ул. Генерации, д. 2430",55.878136,37.799933
"ул. Генерации, д. 2431",55.546263,37.630612
"ул. Генерации, д. 2432",55.825458,37.701383
"ул. Генерации, д. 2433",55.684078,37.570551
"ул. Генерации, д. 2434",55.607277,37.651484
"ул. Генерации, д. 2435",55.695388,37.727776
"ул. Генерации, д. 2436",55.809118,37.821569
"ул. Генерации, д. 2437",55.876079,37.890523
"ул. Генерации, д. 2438",55.826298,37.703904
"ул. Генерации, д. 2439",55.54183,37.573648
"ул. Генерации, д. 2440",55.760716,37.409579
"ул. Генерации, д. 2441",55.588477,37.812368
"ул. Генерации, д. 2442",55.571319,37.558686
"ул. Генерации, д. 2443",55.758675,37.674275
"ул. Генерации, д. 2444",55.805876,37.482296
"ул. Генерации, д. 2445",55.683575,37.888418
"ул. Генерации, д. 2446",55.810028,37.561226
"ул. Генерации, д. 2447",55.727515,37.36593
"ул. Генерации, д. 2448",55.784433,37.456563
"ул. Генерации, д. 2449",55.889822,37.372873
"ул. Генерации, д. 2450",55.814029,37.341269
"ул. Генерации, д. 2451",55.526525,37.31987
"ул. Генерации, д. 2452",55.829988,37.71801
"ул. Генерации, д. 2453",55.828913,37.675123
"ул. Генерации, д. 2454",55.732733,37.817746
"ул. Генерации, д. 2455",55.893302,37.48641
"ул. Генерации, д. 2456",55.641345,37.602761
"ул. Генерации, д. 2457",55.614281,37.682569
"ул. Генерации, д. 2458",55.747509,37.753397
"ул. Генерации, д. 2459",55.541417,37.389779
"ул. Генерации, д. 2460",55.864283,37.370102
"ул. Генерации, д. 2461",55.789478,37.388461
"ул. Генерации, д. 2462",55.509464,37.579891
"ул. Генерации, д. 2463",55.737368,37.710351
"ул. Генерации, д. 2464",55.877134,37.686808
"ул. Генерации, д. 2465",55.850574,37.724134
"ул. Генерации, д. 2466",55.609374,37.793665
"ул. Генерации, д. 2467",55.84611,37.342865
"ул. Генерации, д. 2468",55.569357,37.406039
"ул. Генерации, д. 2469",55.65441,37.763752
"ул. Генерации, д. 2470",55.779361,37.487663
"ул. Генерации, д. 2471",55.57926,37.84015
"ул. Генерации, д. 2472",55.754508,37.498564
"ул. Генерации, д. 2473",55.72676,37.353188
"ул. Генерации, д. 2474",55.559064,37.337183
"ул. Генерации, д. 2475",55.658883,37.564965
"ул. Генерации, д. 2476",55.843163,37.745764
"ул. Генерации, д. 2477",55.620769,37.785544
"ул. Генерации, д. 2478",55.561902,37.730555
"ул. Генерации, д. 2479",55.890983,37.654609
"ул. Генерации, д. 2480",55.730302,37.771585
"ул. Генерации, д. 2481",55.637232,37.75923
"ул. Генерации, д. 2482",55.585969,37.453309
"ул. Генерации, д. 2483",55.668693,37.542978
"ул. Генерации, д. 2484",55.89436,37.498405
"ул. Генерации, д. 2485",55.652443,37.509051
"ул. Генерации, д. 2486",55.851512,37.771644
"ул. Генерации, д. 2487",55.831546,37.485837
"ул. Генерации, д. 2488",55.541943,37.607705
"ул. Генерации, д. 2489",55.52154,37.799928
"ул. Генерации, д. 2490",55.580208,37.358335
"ул. Генерации, д. 2491",55.818522,37.478585
"ул. Генерации, д. 2492",55.844644,37.318384
"ул. Генерации, д. 2493",55.673966,37.88604
"ул. Генерации, д. 2494",55.623439,37.74873
"ул. Генерации, д. 2495",55.569904,37.521794
"ул. Генерации, д. 2496",55.748565,37.596602
"ул. Генерации, д. 2497",55.562577,37.466469
"ул. Генерации, д. 2498",55.682495,37.303813
"ул. Генерации, д. 2499",55.585504,37.565184
"ул. Генерации, д. 2500",55.765978,37.44818
"ул. Генерации, д. 2501",55.824806,37.3608
"ул. Генерации, д. 2502",55.642891,37.629848
"ул. Генерации, д. 2503",55.819909,37.302489
"ул. Генерации, д. 2504",55.510551,37.505373
"ул. Генерации, д. 2505",55.752892,37.800723
"ул. Генерации, д. 2506",55.81765,37.435677
"ул. Генерации, д. 2507",55.528239,37.740725
"ул. Генерации, д. 2508",55.631071,37.777833
"ул. Генерации, д. 2509",55.727833,37.612506
"ул. Генерации, д. 2510",55.577509,37.669474
"ул. Генерации, д. 2511",55.641611,37.692732
"ул. Генерации, д. 2512",55.682592,37.893668
"ул. Генерации, д. 2513",55.813141,37.481467
"ул. Генерации, д. 2514",55.883865,37.41743
"ул. Генерации, д. 2515",55.553853,37.867332
"ул. Генерации, д. 2516",55.66186,37.44101
"ул. Генерации, д. 2517",55.82822,37.358245
"ул. Генерации, д. 2518",55.618193,37.487113
"ул. Генерации, д. 2519",55.687967,37.497958
"ул. Генерации, д. 2520",55.516133,37.672519
"ул. Генерации, д. 2521",55.591935,37.852626
"ул. Генерации, д. 2522",55.658088,37.872181
"ул. Генерации, д. 2523",55.653585,37.599998
"ул. Генерации, д. 2524",55.611652,37.373165
"ул. Генерации, д. 2525",55.75871,37.554652
"ул. Генерации, д. 2526",55.574189,37.572887
"ул. Генерации, д. 2527",55.845579,37.432703
"ул. Генерации, д. 2528",55.764832,37.326028
"ул. Генерации, д. 2529",55.579555,37.548
"ул. Генерации, д. 2530",55.702625,37.490369
"ул. Генерации, д. 2531",55.851329,37.755152
"ул. Генерации, д. 2532",55.669596,37.51782
"ул. Генерации, д. 2533",55.754773,37.412386
"ул. Генерации, д. 2534",55.576779,37.632923
"ул. Генерации, д. 2535",55.711533,37.33089
"ул. Генерации, д. 2536",55.600131,37.464471
"ул. Генерации, д. 2537",55.755455,37.474796
"ул. Генерации, д. 2538",55.646954,37.586123
"ул. Генерации, д. 2539",55.543251,37.788044
"ул. Генерации, д. 2540",55.515778,37.75734
"ул. Генерации, д. 2541",55.68944,37.754864
"ул. Генерации, д. 2542",55.775228,37.761594
"ул. Генерации, д. 2543",55.853597,37.806245
"ул. Генерации, д. 2544",55.75749,37.563296
"ул. Генерации, д. 2545",55.569579,37.317943
"ул. Генерации, д. 2546",55.740437,37.572401
"ул. Генерации, д. 2547",55.840159,37.551795
"ул. Генерации, д. 2548",55.864457,37.471679
"ул. Генерации, д. 2549",55.79886,37.591765
"ул. Генерации, д. 2550",55.59318,37.551091
"ул. Генерации, д. 2551",55.762477,37.717857
"ул. Генерации, д. 2552",55.519964,37.779213
"ул. Генерации, д. 2553",55.593302,37.437816
"ул. Генерации, д. 2554",55.826432,37.409641
"ул. Генерации, д. 2555",55.831732,37.476217
"ул. Генерации, д. 2556",55.863307,37.810477
"ул. Генерации, д. 2557",55.78971,37.536151
"ул. Генерации, д. 2558",55.839522,37.85904
"ул. Генерации, д. 2559",55.89083,37.3012
"ул. Генерации, д. 2560",55.836131,37.393686
"ул. Генерации, д. 2561",55.543094,37.750974
"ул. Генерации, д. 2562",55.563599,37.841331
"ул. Генерации, д. 2563",55.756064,37.398853
"ул. Генерации, д. 2564",55.825847,37.720666
"ул. Генерации, д. 2565",55.706856,37.656479
"ул. Генерации, д. 2566",55.657635,37.440649
"ул. Генерации, д. 2567",55.8771,37.314465
"ул. Генерации, д. 2568",55.766659,37.631537
"ул. Генерации, д. 2569",55.700322,37.497033
"ул. Генерации, д. 2570",55.754466,37.579288
"ул. Генерации, д. 2571",55.898707,37.798384
"ул. Генерации, д. 2572",55.78903,37.566305
"ул. Генерации, д. 2573",55.592548,37.77156
"ул. Генерации, д. 2574",55.723844,37.816173
"ул. Генерации, д. 2575",55.800052,37.515866
"ул. Генерации, д. 2576",55.717265,37.509776
"ул. Генерации, д. 2577",55.519186,37.622828
"ул. Генерации, д. 2578",55.542982,37.461065
"ул. Генерации, д. 2579",55.642734,37.627416
"ул. Генерации, д. 2580",55.704628,37.617353
"ул. Генерации, д. 2581",55.78506,37.406717
"ул. Генерации, д. 2582",55.877555,37.772024
"ул. Генерации, д. 2583",55.832394,37.634237
"ул. Генерации, д. 2584",55.770486,37.331064
"ул. Генерации, д. 2585",55.503847,37.681432
"ул. Генерации, д. 2586",55.744697,37.544527
"ул. Генерации, д. 2587",55.613821,37.357092
"ул. Генерации, д. 2588",55.571125,37.881156
"ул. Генерации, д. 2589",55.567281,37.693108
"ул. Генерации, д. 2590",55.706121,37.583049
"ул. Генерации, д. 2591",55.896109,37.572934
"ул. Генерации, д. 2592",55.651228,37.437654
"ул. Генерации, д. 2593",55.894404,37.861109
"ул. Генерации, д. 2594",55.539024,37.849978
"ул. Генерации, д. 2595",55.596251,37.44189
"ул. Генерации, д. 2596",55.666157,37.435627
"ул. Генерации, д. 2597",55.851179,37.427251
"ул. Генерации, д. 2598",55.501253,37.688404
"ул. Генерации, д. 2599",55.593346,37.87514
"ул. Генерации, д. 2600",55.828916,37.796842
"ул. Генерации, д. 2601",55.780378,37.74971
"ул. Генерации, д. 2602",55.682625,37.796011
"ул. Генерации, д. 2603",55.683521,37.313065
"ул. Генерации, д. 2604",55.660792,37.319151
"ул. Генерации, д. 2605",55.670934,37.447814
"ул. Генерации, д. 2606",55.757943,37.635567
"ул. Генерации, д. 2607",55.706792,37.865872
"ул. Генерации, д. 2608",55.788891,37.853794
"ул. Генерации, д. 2609",55.880968,37.574358
"ул. Генерации, д. 2610",55.52904,37.875293
"ул. Генерации, д. 2611",55.527667,37.311652
"ул. Генерации, д. 2612",55.73949,37.46088
"ул. Генерации, д. 2613",55.549293,37.876043
"ул. Генерации, д. 2614",55.625108,37.588437
"ул. Генерации, д. 2615",55.84511,37.490974
"ул. Генерации, д. 2616",55.862746,37.431388
"ул. Генерации, д. 2617",55.560145,37.669277
"ул. Генерации, д. 2618",55.847937,37.400448
"ул. Генерации, д. 2619",55.658325,37.648273
"ул. Генерации, д. 2620",55.624393,37.741058
"ул. Генерации, д. 2621",55.851844,37.34424
"ул. Генерации, д. 2622",55.851012,37.446415
"ул. Генерации, д. 2623",55.587072,37.671686
"ул. Генерации, д. 2624",55.862547,37.856804
"ул. Генерации, д. 2625",55.773403,37.386154
"ул. Генерации, д. 2626",55.590672,37.629573
"ул. Генерации, д. 2627",55.62892,37.895223
"ул. Генерации, д. 2628",55.786526,37.5097
"ул. Генерации, д. 2629",55.689159,37.48363
"ул. Генерации, д. 2630",55.635931,37.809161
"ул. Генерации, д. 2631",55.793392,37.372476
"ул. Генерации, д. 2632",55.82915,37.511856
"ул. Генерации, д. 2633",55.60408,37.493269
"ул. Генерации, д. 2634",55.672862,37.716657
"ул. Генерации, д. 2635",55.818927,37.527872
"ул. Генерации, д. 2636",55.544233,37.372549
"ул. Генерации, д. 2637",55.897178,37.305258
"ул. Генерации, д. 2638",55.85264,37.51845
"ул. Генерации, д. 2639",55.713984,37.620497
"ул. Генерации, д. 2640",55.861514,37.493672
"ул. Генерации, д. 2641",55.813482,37.540587
"ул. Генерации, д. 2642",55.572131,37.354147
"ул. Генерации, д. 2643",55.64623,37.316419
"ул. Генерации, д. 2644",55.786343,37.509501
"ул. Генерации, д. 2645",55.746423,37.898935
"ул. Генерации, д. 2646",55.685482,37.368973
"ул. Генерации, д. 2647",55.724741,37.591159
"ул. Генерации, д. 2648",55.578194,37.787852
"ул. Генерации, д. 2649",55.726302,37.733384
"ул. Генерации, д. 2650",55.830284,37.68166
"ул. Генерации, д. 2651",55.876368,37.503236
"ул. Генерации, д. 2652",55.864718,37.44271
"ул. Генерации, д. 2653",55.686505,37.808129
"ул. Генерации, д. 2654",55.639961,37.568955
"ул. Генерации, д. 2655",55.726938,37.553219
"ул. Генерации, д. 2656",55.836457,37.572006
"ул. Генерации, д. 2657",55.566286,37.863955
"ул. Генерации, д. 2658",55.847449,37.389708
"ул. Генерации, д. 2659",55.680865,37.858598
"ул. Генерации, д. 2660",55.777075,37.375857
"ул. Генерации, д. 2661",55.879257,37.890574
"ул. Генерации, д. 2662",55.676624,37.327752
"ул. Генерации, д. 2663",55.840902,37.525079
"ул. Генерации, д. 2664",55.879395,37.618403
"ул. Генерации, д. 2665",55.781537,37.796619
"ул. Генерации, д. 2666",55.775485,37.67399
"ул. Генерации, д. 2667",55.658344,37.608367
"ул. Генерации, д. 2668",55.762629,37.709475
"ул. Генерации, д. 2669",55.554955,37.447481
"ул. Генерации, д. 2670",55.791883,37.811676
"ул. Генерации, д. 2671",55.840538,37.48678
"ул. Генерации, д. 2672",55.775228,37.56912
"ул. Генерации, д. 2673",55.757619,37.68488
"ул. Генерации, д. 2674",55.789484,37.782555
"ул. Генерации, д. 2675",55.70008,37.446124
"ул. Генерации, д. 2676",55.856449,37.623826
"ул. Генерации, д. 2677",55.604624,37.323012
"ул. Генерации, д. 2678",55.590084,37.316482
"ул. Генерации, д. 2679",55.512397,37.751662
"ул. Генерации, д. 2680",55.850356,37.426399
"ул. Генерации, д. 2681",55.737654,37.786028
"ул. Генерации, д. 2682",55.724568,37.632354
"ул. Генерации, д. 2683",55.868036,37.802708
"ул. Генерации, д. 2684",55.572903,37.664833
"ул. Генерации, д. 2685",55.86425,37.766829
"ул. Генерации, д. 2686",55.503706,37.491343
"ул. Генерации, д. 2687",55.730493,37.414199
"ул. Генерации, д. 2688",55.682855,37.425501
"ул. Генерации, д. 2689",55.846585,37.872517
"ул. Генерации, д. 2690",55.593164,37.482146
"ул. Генерации, д. 2691",55.723673,37.689278
"ул. Генерации, д. 2692",55.666828,37.732333
"ул. Генерации, д. 2693",55.500316,37.696731
"ул. Генерации, д. 2694",55.867846,37.397942
"ул. Генерации, д. 2695",55.696871,37.623466
"ул. Генерации, д. 2696",55.577226,37.557556
"ул. Генерации, д. 2697",55.817261,37.815959
"ул. Генерации, д. 2698",55.688749,37.781327
"ул. Генерации, д. 2699",55.817557,37.373041
"ул. Генерации, д. 2700",55.635801,37.420447
"ул. Генерации, д. 2701",55.66648,37.342876
"ул. Генерации, д. 2702",55.613383,37.893112
"ул. Генерации, д. 2703",55.617379,37.47698
"ул. Генерации, д. 2704",55.697052,37.55691
"ул. Генерации, д. 2705",55.832677,37.420039
"ул. Генерации, д. 2706",55.769106,37.782129
"ул. Генерации, д. 2707",55.84776,37.759746
"ул. Генерации, д. 2708",55.635702,37.602223
"ул. Генерации, д. 2709",55.531291,37.302792
"ул. Генерации, д. 2710",55.691605,37.865695
"ул. Генерации, д. 2711",55.876202,37.33721
"ул. Генерации, д. 2712",55.557243,37.324252
"ул. Генерации, д. 2713",55.730447,37.33879
"ул. Генерации, д. 2714",55.619464,37.795092
"ул. Генерации, д. 2715",55.521857,37.41145
"ул. Генерации, д. 2716",55.680609,37.452508
"ул. Генерации, д. 2717",55.654625,37.774592
"ул. Генерации, д. 2718",55.602577,37.778382
"ул. Генерации, д. 2719",55.621867,37.623778
"ул. Генерации, д. 2720",55.781534,37.334307
"ул. Генерации, д. 2721",55.5242,37.756808
"ул. Генерации, д. 2722",55.604513,37.373942
"ул. Генерации, д. 2723",55.813353,37.484405
"ул. Генерации, д. 2724",55.867834,37.432131
"ул. Генерации, д. 2725",55.5412,37.34157
"ул. Генерации, д. 2726",55.827272,37.72659
"ул. Генерации, д. 2727",55.648743,37.434856
"ул. Генерации, д. 2728",55.592463,37.866894
"ул. Генерации, д. 2729",55.619235,37.624002
"ул. Генерации, д. 2730",55.516297,37.506097
"ул. Генерации, д. 2731",55.651178,37.685381
"ул. Генерации, д. 2732",55.611806,37.752096
"ул. Генерации, д. 2733",55.638324,37.44382
"ул. Генерации, д. 2734",55.566513,37.495815
"ул. Генерации, д. 2735",55.596395,37.629958
"ул. Генерации, д. 2736",55.563583,37.826303
"ул. Генерации, д. 2737",55.881202,37.831698
"ул. Генерации, д. 2738",55.799213,37.317166
"ул. Генерации, д. 2739",55.680885,37.33332
"ул. Генерации, д. 2740",55.632113,37.357023
"ул. Генерации, д. 2741",55.807881,37.343854
"ул. Генерации, д. 2742",55.576224,37.548921
"ул. Генерации, д. 2743",55.871086,37.323988
"ул. Генерации, д. 2744",55.632635,37.483535
"ул. Генерации, д. 2745",55.585332,37.676688
"ул. Генерации, д. 2746",55.862873,37.67759
"ул. Генерации, д. 2747",55.650941,37.468793
"ул. Генерации, д. 2748",55.710432,37.424726
"ул. Генерации, д. 2749",55.813657,37.547073
"ул. Генерации, д. 2750",55.593085,37.672706
"ул. Генерации, д. 2751",55.742763,37.738184
"ул. Генерации, д. 2752",55.571752,37.600158
"ул. Генерации, д. 2753",55.750481,37.511049
"ул. Генерации, д. 2754",55.851613,37.337713
"ул. Генерации, д. 2755",55.620925,37.764817
"ул. Генерации, д. 2756",55.854331,37.575439
"ул. Генерации, д. 2757",55.603591,37.88446
"ул. Генерации, д. 2758",55.815689,37.676269
"ул. Генерации, д. 2759",55.883586,37.382418
"ул. Генерации, д. 2760",55.757903,37.727436
"ул. Генерации, д. 2761",55.661772,37.860206
"ул. Генерации, д. 2762",55.569302,37.504458
"ул. Генерации, д. 2763",55.723444,37.548962
"ул. Генерации, д. 2764",55.865686,37.860749
"ул. Генерации, д. 2765",55.538809,37.583891
"ул. Генерации, д. 2766",55.594799,37.624989
"ул. Генерации, д. 2767",55.833383,37.411747
"ул. Генерации, д. 2768",55.84587,37.325062
"ул. Генерации, д. 2769",55.790507,37.354459
"ул. Генерации, д. 2770",55.728726,37.506074
"ул. Генерации, д. 2771",55.892467,37.603774
"ул. Генерации, д. 2772",55.755251,37.369521
"ул. Генерации, д. 2773",55.716826,37.576542
"ул. Генерации, д. 2774",55.809038,37.313637
"ул. Генерации, д. 2775",55.79633,37.482778
"ул. Генерации, д. 2776",55.85577,37.626174
"ул. Генерации, д. 2777",55.697386,37.657445
"ул. Генерации, д. 2778",55.883801,37.330654
"ул. Генерации, д. 2779",55.602295,37.763983
"ул. Генерации, д. 2780",55.860537,37.771465
"ул. Генерации, д. 2781",55.631343,37.40946
"ул. Генерации, д. 2782",55.557921,37.482565
"ул. Генерации, д. 2783",55.692649,37.822497
"ул. Генерации, д. 2784",55.867305,37.68243
"ул. Генерации, д. 2785",55.665914,37.612181
"ул. Генерации, д. 2786",55.825102,37.715152
"ул. Генерации, д. 2787",55.872683,37.887467
"ул. Генерации, д. 2788",55.817828,37.322867
"ул. Генерации, д. 2789",55.663896,37.800236
"ул. Генерации, д. 2790",55.862386,37.395198
"ул. Генерации, д. 2791",55.860425,37.484665
"ул. Генерации, д. 2792",55.782739,37.816235
"ул. Генерации, д. 2793",55.715756,37.341746
"ул. Генерации, д. 2794",55.802414,37.763287
"ул. Генерации, д. 2795",55.602037,37.735684
"ул. Генерации, д. 2796",55.821537,37.395935
"ул. Генерации, д. 2797",55.616182,37.645141
"ул. Генерации, д. 2798",55.675963,37.754588
"ул. Генерации, д. 2799",55.717024,37.892405
"ул. Генерации, д. 2800",55.74548,37.590895
"ул. Генерации, д. 2801",55.689854,37.694107
"ул. Генерации, д. 2802",55.507752,37.890027
"ул. Генерации, д. 2803",55.531915,37.315695
"ул. Генерации, д. 2804",55.624621,37.580132
"ул. Генерации, д. 2805",55.678691,37.303661
"ул. Генерации, д. 2806",55.834043,37.409928
"ул. Генерации, д. 2807",55.61581,37.632149
"ул. Генерации, д. 2808",55.626353,37.567856
"ул. Генерации, д. 2809",55.878112,37.360516
"ул. Генерации, д. 2810",55.653079,37.38938
"ул. Генерации, д. 2811",55.692347,37.53108
"ул. Генерации, д. 2812",55.731251,37.363108
"ул. Генерации, д. 2813",55.552824,37.344047
"ул. Генерации, д. 2814",55.707434,37.895422
"ул. Генерации, д. 2815",55.79234,37.442145
"ул. Генерации, д. 2816",55.708127,37.586086
"ул. Генерации, д. 2817",55.532383,37.517526
"ул. Генерации, д. 2818",55.888114,37.734805
"ул. Генерации, д. 2819",55.575515,37.878903
"ул. Генерации, д. 2820",55.773778,37.304659
"ул. Генерации, д. 2821",55.880475,37.595527
"ул. Генерации, д. 2822",55.536144,37.414084
"ул. Генерации, д. 2823",55.873257,37.449498
"ул. Генерации, д. 2824",55.521907,37.648535
"ул. Генерации, д. 2825",55.515822,37.773379
"ул. Генерации, д. 2826",55.745784,37.546467
"ул. Генерации, д. 2827",55.788245,37.437846
"ул. Генерации, д. 2828",55.859112,37.416591
"ул. Генерации, д. 2829",55.616206,37.75925
"ул. Генерации, д. 2830",55.604914,37.419208
"ул. Генерации, д. 2831",55.758458,37.353074
"ул. Генерации, д. 2832",55.609668,37.588232
"ул. Генерации, д. 2833",55.601358,37.429181
"ул. Генерации, д. 2834",55.649695,37.474974
"ул. Генерации, д. 2835",55.770895,37.87781
"ул. Генерации, д. 2836",55.756619,37.572583
"ул. Генерации, д. 2837",55.620681,37.634112
"ул. Генерации, д. 2838",55.87105,37.441145
"ул. Генерации, д. 2839",55.574135,37.319039
"ул. Генерации, д. 2840",55.823345,37.604608
"ул. Генерации, д. 2841",55.61603,37.560846
"ул. Генерации, д. 2842",55.820486,37.787486
"ул. Генерации, д. 2843",55.588432,37.737668
"ул. Генерации, д. 2844",55.638359,37.449849
"ул. Генерации, д. 2845",55.637745,37.884363
"ул. Генерации, д. 2846",55.636543,37.847463
"ул. Генерации, д. 2847",55.793757,37.863677
"ул. Генерации, д. 2848",55.789944,37.635457
"ул. Генерации, д. 2849",55.728377,37.815129
"ул. Генерации, д. 2850",55.837805,37.523745
"ул. Генерации, д. 2851",55.822131,37.691752
"ул. Генерации, д. 2852",55.796792,37.487468
"ул. Генерации, д. 2853",55.762133,37.501541
"ул. Генерации, д. 2854",55.882487,37.891071
"ул. Генерации, д. 2855",55.727375,37.506738
"ул. Генерации, д. 2856",55.796283,37.82046
"ул. Генерации, д. 2857",55.759356,37.521056
"ул. Генерации, д. 2858",55.828883,37.836827
"ул. Генерации, д. 2859",55.59807,37.499002
"ул. Генерации, д. 2860",55.732962,37.600803
"ул. Генерации, д. 2861",55.786549,37.519695
"ул. Генерации, д. 2862",55.701112,37.772935
"ул. Генерации, д. 2863",55.829824,37.681936
"ул. Генерации, д. 2864",55.534393,37.454378
"ул. Генерации, д. 2865",55.562255,37.612915
"ул. Генерации, д. 2866",55.721492,37.777147
"ул. Генерации, д. 2867",55.730453,37.553919
"ул. Генерации, д. 2868",55.754585,37.609086
"ул. Генерации, д. 2869",55.562558,37.88003
"ул. Генерации, д. 2870",55.712821,37.412276
"ул. Генерации, д. 2871",55.740094,37.799837
"ул. Генерации, д. 2872",55.709137,37.7641
"ул. Генерации, д. 2873",55.822251,37.443866
"ул. Генерации, д. 2874",55.882772,37.382241
"ул. Генерации, д. 2875",55.671653,37.516931
"ул. Генерации, д. 2876",55.81269,37.501623
"ул. Генерации, д. 2877",55.851776,37.697661
"ул. Генерации, д. 2878",55.810914,37.848473
"ул. Генерации, д. 2879",55.88261,37.80912
"ул. Генерации, д. 2880",55.63056,37.827745
"ул. Генерации, д. 2881",55.81502,37.495709
"ул. Генерации, д. 2882",55.729679,37.77383
"ул. Генерации, д. 2883",55.880077,37.567193
"ул. Генерации, д. 2884",55.587924,37.76598
"ул. Генерации, д. 2885",55.513467,37.388493
"ул. Генерации, д. 2886",55.585357,37.873715
"ул. Генерации, д. 2887",55.736474,37.764407
"ул. Генерации, д. 2888",55.692506,37.564235
"ул. Генерации, д. 2889",55.642101,37.52891
"ул. Генерации, д. 2890",55.567541,37.320425
"ул. Генерации, д. 2891",55.86545,37.379796
"ул. Генерации, д. 2892",55.51318,37.517103
"ул. Генерации, д. 2893",55.678409,37.54689
"ул. Генерации, д. 2894",55.61977,37.564067
"ул. Генерации, д. 2895",55.716581,37.44985
"ул. Генерации, д. 2896",55.739117,37.395543
"ул. Генерации, д. 2897",55.71161,37.605121
"ул. Генерации, д. 2898",55.760869,37.831552
"ул. Генерации, д. 2899",55.881616,37.535323
"ул. Генерации, д. 2900",55.712318,37.762994
"ул. Генерации, д. 2901",55.746086,37.392308
"ул. Генерации, д. 2902",55.632133,37.599284
"ул. Генерации, д. 2903",55.586541,37.708521
"ул. Генерации, д. 2904",55.601104,37.428833
"ул. Генерации, д. 2905",55.816828,37.835203
"ул. Генерации, д. 2906",55.80606,37.334639
"ул. Генерации, д. 2907",55.830316,37.415962
"ул. Генерации, д. 2908",55.688399,37.578624
"ул. Генерации, д. 2909",55.693321,37.47497
"ул. Генерации, д. 2910",55.650717,37.818296
"ул. Генерации, д. 2911",55.778848,37.447144
"ул. Генерации, д. 2912",55.566327,37.606168
"ул. Генерации, д. 2913",55.724263,37.57669
"ул. Генерации, д. 2914",55.797782,37.30889
"ул. Генерации, д. 2915",55.537817,37.468626
"ул. Генерации, д. 2916",55.68099,37.669137
"ул. Генерации, д. 2917",55.562005,37.319187
"ул. Генерации, д. 2918",55.608423,37.720086
"ул. Генерации, д. 2919",55.794519,37.379427
"ул. Генерации, д. 2920",55.504799,37.4477
"ул. Генерации, д. 2921",55.875489,37.592496
"ул. Генерации, д. 2922",55.594096,37.57519
"ул. Генерации, д. 2923",55.770354,37.637636
"ул. Генерации, д. 2924",55.69354,37.726412
"ул. Генерации, д. 2925",55.891037,37.552677
"ул. Генерации, д. 2926",55.597432,37.475762
"ул. Генерации, д. 2927",55.839738,37.550863
"ул. Генерации, д. 2928",55.834979,37.569144
"ул. Генерации, д. 2929",55.607286,37.372277
"ул. Генерации, д. 2930",55.789248,37.320183
"ул. Генерации, д. 2931",55.748584,37.47545
"ул. Генерации, д. 2932",55.710741,37.416049
"ул. Генерации, д. 2933",55.683982,37.775063
"ул. Генерации, д. 2934",55.64214,37.69236
"ул. Генерации, д. 2935",55.751114,37.334942
"ул. Генерации, д. 2936",55.589184,37.881648
"ул. Генерации, д. 2937",55.790177,37.354745
"ул. Генерации, д. 2938",55.603441,37.58471
"ул. Генерации, д. 2939",55.811883,37.334108
"ул. Генерации, д. 2940",55.833127,37.772278
"ул. Генерации, д. 2941",55.859777,37.369847
"ул. Генерации, д. 2942",55.618182,37.481284
"ул. Генерации, д. 2943",55.76308,37.375551
"ул. Генерации, д. 2944",55.809261,37.52021
"ул. Генерации, д. 2945",55.672496,37.697577
"ул. Генерации, д. 2946",55.588665,37.639433
"ул. Генерации, д. 2947",55.569286,37.872139
"ул. Генерации, д. 2948",55.605219,37.475771
"ул. Генерации, д. 2949",55.779326,37.860539
"ул. Генерации, д. 2950",55.809698,37.673958
"ул. Генерации, д. 2951",55.61081,37.750008
"ул. Генерации, д. 2952",55.809261,37.806288
"ул. Генерации, д. 2953",55.653245,37.830866
"ул. Генерации, д. 2954",55.542396,37.893143
"ул. Генерации, д. 2955",55.79576,37.387594
"ул. Генерации, д. 2956",55.769338,37.883207
"ул. Генерации, д. 2957",55.680836,37.362158
"ул. Генерации, д. 2958",55.796219,37.719493
"ул. Генерации, д. 2959",55.510668,37.841925
"ул. Генерации, д. 2960",55.794098,37.488336
"ул. Генерации, д. 2961",55.59299,37.428394
"ул. Генерации, д. 2962",55.636247,37.478531
"ул. Генерации, д. 2963",55.626398,37.717802
"ул. Генерации, д. 2964",55.896554,37.571192
"ул. Генерации, д. 2965",55.721647,37.803032
"ул. Генерации, д. 2966",55.621227,37.302448
"ул. Генерации, д. 2967",55.629831,37.614525
"ул. Генерации, д. 2968",55.630964,37.625648
"ул. Генерации, д. 2969",55.697158,37.619444
"ул. Генерации, д. 2970",55.64173,37.682852
"ул. Генерации, д. 2971",55.638908,37.775648
"ул. Генерации, д. 2972",55.529876,37.469206
"ул. Генерации, д. 2973",55.503233,37.638486
"ул. Генерации, д. 2974",55.853366,37.783476
"ул. Генерации, д. 2975",55.667121,37.426689
"ул. Генерации, д. 2976",55.566367,37.365323
"ул. Генерации, д. 2977",55.868661,37.898261
"ул. Генерации, д. 2978",55.765105,37.468176
"ул. Генерации, д. 2979",55.651318,37.675581
"ул. Генерации, д. 2980",55.896436,37.449061
"ул. Генерации, д. 2981",55.720464,37.640876
"ул. Генерации, д. 2982",55.747682,37.717786
"ул. Генерации, д. 2983",55.845051,37.620431
"ул. Генерации, д. 2984",55.504345,37.349964
"ул. Генерации, д. 2985",55.778005,37.858536
"ул. Генерации, д. 2986",55.845957,37.324288
"ул. Генерации, д. 2987",55.570169,37.600273
"ул. Генерации, д. 2988",55.876174,37.716738
"ул. Генерации, д. 2989",55.581543,37.756331
"ул. Генерации, д. 2990",55.617168,37.71406
"ул. Генерации, д. 2991",55.726337,37.47079
"ул. Генерации, д. 2992",55.807359,37.301065
"ул. Генерации, д. 2993",55.62572,37.849938
"ул. Генерации, д. 2994",55.783505,37.73194
"ул. Генерации, д. 2995",55.65981,37.780949
"ул. Генерации, д. 2996",55.634501,37.540845
"ул. Генерации, д. 2997",55.645966,37.828162
"ул. Генерации, д. 2998",55.884628,37.372338
"ул. Генерации, д. 2999",55.681387,37.790911
"ул. Генерации, д. 3000",55.847261,37.37566
"ул. Генерации, д. 3001",55.76582,37.836667
"ул. Генерации, д. 3002",55.543927,37.642885
"ул. Генерации, д. 3003",55.627885,37.335682
"ул. Генерации, д. 3004",55.764192,37.897937
"ул. Генерации, д. 3005",55.754377,37.456325
"ул. Генерации, д. 3006",55.716253,37.770166
"ул. Генерации, д. 3007",55.641381,37.442212
"ул. Генерации, д. 3008",55.642778,37.75793
"ул. Генерации, д. 3009",55.720248,37.427533
"ул. Генерации, д. 3010",55.893629,37.749226
"ул. Генерации, д. 3011",55.573651,37.46836
"ул. Генерации, д. 3012",55.637378,37.643005
"ул. Генерации, д. 3013",55.516991,37.452632
"ул. Генерации, д. 3014",55.511066,37.552996
"ул. Генерации, д. 3015",55.663823,37.432583
"ул. Генерации, д. 3016",55.856051,37.773715
"ул. Генерации, д. 3017",55.557682,37.440647
"ул. Генерации, д. 3018",55.649452,37.599796
"ул. Генерации, д. 3019",55.874227,37.631985
"ул. Генерации, д. 3020",55.608705,37.762508
"ул. Генерации, д. 3021",55.536946,37.477616
"ул. Генерации, д. 3022",55.689319,37.519317
"ул. Генерации, д. 3023",55.591914,37.660795
"ул. Генерации, д. 3024",55.69915,37.680026
"ул. Генерации, д. 3025",55.776875,37.46071
"ул. Генерации, д. 3026",55.616185,37.306014
"ул. Генерации, д. 3027",55.724554,37.806788
"ул. Генерации, д. 3028",55.585515,37.395777
"ул. Генерации, д. 3029",55.772098,37.354242
"ул. Генерации, д. 3030",55.541558,37.840833
"ул. Генерации, д. 3031",55.66255,37.580553
"ул. Генерации, д. 3032",55.658927,37.853893
"ул. Генерации, д. 3033",55.628167,37.38158
"ул. Генерации, д. 3034",55.571618,37.824295
"ул. Генерации, д. 3035",55.567492,37.433184
"ул. Генерации, д. 3036",55.869431,37.42572
"ул. Генерации, д. 3037",55.585123,37.346611
"ул. Генерации, д. 3038",55.825543,37.74926
"ул. Генерации, д. 3039",55.761692,37.82741
"ул. Генерации, д. 3040",55.824672,37.675447
"ул. Генерации, д. 3041",55.560705,37.757528
"ул. Генерации, д. 3042",55.767668,37.428762
"ул. Генерации, д. 3043",55.723091,37.338767
"ул. Генерации, д. 3044",55.858425,37.541994
"ул. Генерации, д. 3045",55.640527,37.363051
"ул. Генерации, д. 3046",55.605924,37.432967
"ул. Генерации, д. 3047",55.837215,37.843926
"ул. Генерации, д. 3048",55.528191,37.323415
"ул. Генерации, д. 3049",55.836082,37.571032
"ул. Генерации, д. 3050",55.519509,37.79076
"ул. Генерации, д. 3051",55.813541,37.606827
"ул. Генерации, д. 3052",55.654422,37.332856
"ул. Генерации, д. 3053",55.515554,37.483655
"ул. Генерации, д. 3054",55.82415,37.553308
"ул. Генерации, д. 3055",55.610127,37.547479
"ул. Генерации, д. 3056",55.842797,37.508153
"ул. Генерации, д. 3057",55.865033,37.555166
"ул. Генерации, д. 3058",55.711957,37.719825
"ул. Генерации, д. 3059",55.639044,37.669164
"ул. Генерации, д. 3060",55.749912,37.568249
"ул. Генерации, д. 3061",55.837658,37.360877
"ул. Генерации, д. 3062",55.777013,37.762749
"ул. Генерации, д. 3063",55.799,37.458821
"ул. Генерации, д. 3064",55.589495,37.402318
"ул. Генерации, д. 3065",55.694087,37.80757
"ул. Генерации, д. 3066",55.712127,37.634525
"ул. Генерации, д. 3067",55.574291,37.81215
"ул. Генерации, д. 3068",55.715857,37.304031
"ул. Генерации, д. 3069",55.732403,37.442521
"ул. Генерации, д. 3070",55.669325,37.653852
"ул. Генерации, д. 3071",55.642113,37.854922
"ул. Генерации, д. 3072",55.66594,37.4487
"ул. Генерации, д. 3073",55.547403,37.407629
"ул. Генерации, д. 3074",55.813204,37.673022
"ул. Генерации, д. 3075",55.513658,37.475552
"ул. Генерации, д. 3076",55.783704,37.730208
"ул. Генерации, д. 3077",55.517064,37.695906
"ул. Генерации, д. 3078",55.611712,37.641244
"ул. Генерации, д. 3079",55.637844,37.3436
"ул. Генерации, д. 3080",55.502957,37.674334
"ул. Генерации, д. 3081",55.715731,37.850128
"ул. Генерации, д. 3082",55.823534,37.489269
"ул. Генерации, д. 3083",55.739517,37.503386
"ул. Генерации, д. 3084",55.677604,37.692884
"ул. Генерации, д. 3085",55.602999,37.608989
"ул. Генерации, д. 3086",55.529465,37.825363
"ул. Генерации, д. 3087",55.740631,37.635984
"ул. Генерации, д. 3088",55.898895,37.639552
"ул. Генерации, д. 3089",55.71944,37.769319
"ул. Генерации, д. 3090",55.698798,37.32948
"ул. Генерации, д. 3091",55.586389,37.465503
"ул. Генерации, д. 3092",55.5073,37.765888
"ул. Генерации, д. 3093",55.511197,37.421432
"ул. Генерации, д. 3094",55.627668,37.318641
"ул. Генерации, д. 3095",55.693091,37.410718
"ул. Генерации, д. 3096",55.537669,37.585092
"ул. Генерации, д. 3097",55.514672,37.397769
"ул. Генерации, д. 3098",55.770637,37.709846
"ул. Генерации, д. 3099",55.569023,37.672662
"ул. Генерации, д. 3100",55.842066,37.697602
"ул. Генерации, д. 3101",55.506175,37.887487
"ул. Генерации, д. 3102",55.674267,37.418741
"ул. Генерации, д. 3103",55.524672,37.579992
"ул. Генерации, д. 3104",55.899141,37.415342
"ул. Генерации, д. 3105",55.544596,37.701981
"ул. Генерации, д. 3106",55.700291,37.685964
"ул. Генерации, д. 3107",55.775903,37.652549
"ул. Генерации, д. 3108",55.843316,37.323082
"ул. Генерации, д. 3109",55.83988,37.882736
"ул. Генерации, д. 3110",55.545024,37.795577
"ул. Генерации, д. 3111",55.882334,37.834878
"ул. Генерации, д. 3112",55.782597,37.678
"ул. Генерации, д. 3113",55.681775,37.401688
"ул. Генерации, д. 3114",55.60183,37.36097
"ул. Генерации, д. 3115",55.663553,37.722884
"ул. Генерации, д. 3116",55.608444,37.806912
"ул. Генерации, д. 3117",55.640019,37.559493
"ул. Генерации, д. 3118",55.84636,37.352095
"ул. Генерации, д. 3119",55.772739,37.604036
"ул. Генерации, д. 3120",55.72053,37.30136
"ул. Генерации, д. 3121",55.85172,37.742676
"ул. Генерации, д. 3122",55.556347,37.748868
"ул. Генерации, д. 3123",55.724873,37.379167
"ул. Генерации, д. 3124",55.670608,37.515165
"ул. Генерации, д. 3125",55.718353,37.344822
"ул. Генерации, д. 3126",55.642819,37.744103
"ул. Генерации, д. 3127",55.898598,37.427999
"ул. Генерации, д. 3128",55.817276,37.856722
"ул. Генерации, д. 3129",55.589461,37.800869
"ул. Генерации, д. 3130",55.536857,37.466529
"ул. Генерации, д. 3131",55.897527,37.833688
"ул. Генерации, д. 3132",55.511772,37.468962
"ул. Генерации, д. 3133",55.795496,37.816725
"ул. Генерации, д. 3134",55.650517,37.671313
"ул. Генерации, д. 3135",55.89615,37.893907
"ул. Генерации, д. 3136",55.593357,37.639504
"ул. Генерации, д. 3137",55.594512,37.3161
"ул. Генерации, д. 3138",55.579715,37.30944
"ул. Генерации, д. 3139",55.621251,37.623461
"ул. Генерации, д. 3140",55.830606,37.318228
"ул. Генерации, д. 3141",55.563296,37.513213
"ул. Генерации, д. 3142",55.874781,37.426148
"ул. Генерации, д. 3143",55.503186,37.543408
"ул. Генерации, д. 3144",55.517535,37.368202
"ул. Генерации, д. 3145",55.873694,37.407742
"ул. Генерации, д. 3146",55.677364,37.501473
"ул. Генерации, д. 3147",55.789036,37.800004
"ул. Генерации, д. 3148",55.519827,37.477822
"ул. Генерации, д. 3149",55.568049,37.413634
"ул. Генерации, д. 3150",55.674602,37.431344
"ул. Генерации, д. 3151",55.823575,37.712144
"ул. Генерации, д. 3152",55.778253,37.59543
"ул. Генерации, д. 3153",55.772618,37.445728
"ул. Генерации, д. 3154",55.539314,37.736555
"ул. Генерации, д. 3155",55.553102,37.485886
"ул. Генерации, д. 3156",55.701977,37.702394
"ул. Генерации, д. 3157",55.834718,37.776164
"ул. Генерации, д. 3158",55.782724,37.849494
"ул. Генерации, д. 3159",55.787278,37.753893
"ул. Генерации, д. 3160",55.81069,37.537016
"ул. Генерации, д. 3161",55.604325,37.36554
"ул. Генерации, д. 3162",55.743346,37.550166
"ул. Генерации, д. 3163",55.887094,37.727093
"ул. Генерации, д. 3164",55.544076,37.481573
"ул. Генерации, д. 3165",55.517985,37.84142
"ул. Генерации, д. 3166",55.692102,37.410815
"ул. Генерации, д. 3167",55.625273,37.850146
"ул. Генерации, д. 3168",55.826375,37.786176
"ул. Генерации, д. 3169",55.722844,37.589886
"ул. Генерации, д. 3170",55.580064,37.379346
"ул. Генерации, д. 3171",55.776142,37.71095
"ул. Генерации, д. 3172",55.636245,37.45262
"ул. Генерации, д. 3173",55.552694,37.562104
"ул. Генерации, д. 3174",55.829153,37.50663
"ул. Генерации, д. 3175",55.768231,37.740358
"ул. Генерации, д. 3176",55.546416,37.713436
"ул. Генерации, д. 3177",55.731511,37.654638
"ул. Генерации, д. 3178",55.572023,37.759135
"ул. Генерации, д. 3179",55.551677,37.558922
"ул. Генерации, д. 3180",55.532679,37.665414
"ул. Генерации, д. 3181",55.65367,37.555831
"ул. Генерации, д. 3182",55.702212,37.669168
"ул. Генерации, д. 3183",55.782441,37.738716
"ул. Генерации, д. 3184",55.815297,37.8389
"ул. Генерации, д. 3185",55.890859,37.717674
"ул. Генерации, д. 3186",55.760633,37.415722
"ул. Генерации, д. 3187",55.875162,37.898032
"ул. Генерации, д. 3188",55.691634,37.468328
"ул. Генерации, д. 3189",55.751295,37.519572
"ул. Генерации, д. 3190",55.623447,37.379035
"ул. Генерации, д. 3191",55.844885,37.466582
"ул. Генерации, д. 3192",55.653739,37.489783
"ул. Генерации, д. 3193",55.755597,37.821871
"ул. Генерации, д. 3194",55.679215,37.695085
"ул. Генерации, д. 3195",55.868129,37.707553
"ул. Генерации, д. 3196",55.681904,37.586544
"ул. Генерации, д. 3197",55.797276,37.537623
"ул. Генерации, д. 3198",55.642332,37.602419
"ул. Генерации, д. 3199",55.510934,37.403009
"ул. Генерации, д. 3200",55.893412,37.633472
"ул. Генерации, д. 3201",55.591439,37.778357
"ул. Генерации, д. 3202",55.614072,37.571414
"ул. Генерации, д. 3203",55.870324,37.744526
"ул. Генерации, д. 3204",55.523571,37.405513
"ул. Генерации, д. 3205",55.616602,37.886194
"ул. Генерации, д. 3206",55.824527,37.683403
"ул. Генерации, д. 3207",55.828314,37.598404
"ул. Генерации, д. 3208",55.777354,37.537661
"ул. Генерации, д. 3209",55.759303,37.757611
"ул. Генерации, д. 3210",55.562048,37.469799
"ул. Генерации, д. 3211",55.729692,37.720801
"ул. Генерации, д. 3212",55.704768,37.328017
"ул. Генерации, д. 3213",55.699517,37.301885
"ул. Генерации, д. 3214",55.73576,37.543546
"ул. Генерации, д. 3215",55.643073,37.886117
"ул. Генерации, д. 3216",55.625434,37.558687
"ул. Генерации, д. 3217",55.715559,37.688763
"ул. Генерации, д. 3218",55.671972,37.765879
"ул. Генерации, д. 3219",55.50724,37.397633
"ул. Генерации, д. 3220",55.864707,37.339141
"ул. Генерации, д. 3221",55.806731,37.887089
"ул. Генерации, д. 3222",55.823414,37.606686
"ул. Генерации, д. 3223",55.663139,37.859584
"ул. Генерации, д. 3224",55.61794,37.566818
"ул. Генерации, д. 3225",55.832025,37.70148
"ул. Генерации, д. 3226",55.559023,37.475829
"ул. Генерации, д. 3227",55.842415,37.710984
"ул. Генерации, д. 3228",55.848503,37.60216
"ул. Генерации, д. 3229",55.751257,37.866384
"ул. Генерации, д. 3230",55.774416,37.552307
"ул. Генерации, д. 3231",55.818086,37.639656
"ул. Генерации, д. 3232",55.558164,37.715627
"ул. Генерации, д. 3233",55.542259,37.554766
"ул. Генерации, д. 3234",55.843032,37.532163
"ул. Генерации, д. 3235",55.743982,37.819028
"ул. Генерации, д. 3236",55.764888,37.859588
"ул. Генерации, д. 3237",55.549074,37.409323
"ул. Генерации, д. 3238",55.706601,37.856923
"ул. Генерации, д. 3239",55.740691,37.747453
"ул. Генерации, д. 3240",55.874936,37.873329
"ул. Генерации, д. 3241",55.851602,37.526347
"ул. Генерации, д. 3242",55.522167,37.697308
"ул. Генерации, д. 3243",55.631941,37.379536
"ул. Генерации, д. 3244",55.581722,37.667986
"ул. Генерации, д. 3245",55.754277,37.507698
"ул. Генерации, д. 3246",55.842639,37.875568
"ул. Генерации, д. 3247",55.663092,37.790198
"ул. Генерации, д. 3248",55.733331,37.617161
"ул. Генерации, д. 3249",55.523726,37.869307
"ул. Генерации, д. 3250",55.689113,37.688666
"ул. Генерации, д. 3251",55.652205,37.558765
"ул. Генерации, д. 3252",55.607033,37.324649
"ул. Генерации, д. 3253",55.855551,37.508493
"ул. Генерации, д. 3254",55.685276,37.473621
"ул. Генерации, д. 3255",55.790496,37.715809
"ул. Генерации, д. 3256",55.885197,37.532295
"ул. Генерации, д. 3257",55.553541,37.616386
"ул. Генерации, д. 3258",55.536662,37.697247
"ул. Генерации, д. 3259",55.620563,37.437869
"ул. Генерации, д. 3260",55.766326,37.891026
"ул. Генерации, д. 3261",55.580216,37.494393
"ул. Генерации, д. 3262",55.561629,37.404044
"ул. Генерации, д. 3263",55.766919,37.354214
"ул. Генерации, д. 3264",55.68391,37.797758
"ул. Генерации, д. 3265",55.521859,37.663226
"ул. Генерации, д. 3266",55.515279,37.341694
"ул. Генерации, д. 3267",55.654666,37.392135
"ул. Генерации, д. 3268",55.791272,37.713703
"ул. Генерации, д. 3269",55.586182,37.840976
"ул. Генерации, д. 3270",55.622698,37.762822
"ул. Генерации, д. 3271",55.747115,37.58709
"ул. Генерации, д. 3272",55.739736,37.353887
"ул. Генерации, д. 3273",55.858723,37.525399
"ул. Генерации, д. 3274",55.878145,37.799542
"ул. Генерации, д. 3275",55.62009,37.51144
"ул. Генерации, д. 3276",55.781781,37.860614
"ул. Генерации, д. 3277",55.683844,37.448631
"ул. Генерации, д. 3278",55.789411,37.701297
"ул. Генерации, д. 3279",55.52405,37.570334
"ул. Генерации, д. 3280",55.571971,37.735116
"ул. Генерации, д. 3281",55.893311,37.716021
"ул. Генерации, д. 3282",55.884889,37.835536
"ул. Генерации, д. 3283",55.533885,37.729523
"ул. Генерации, д. 3284",55.58833,37.773782
"ул. Генерации, д. 3285",55.778833,37.727342
"ул. Генерации, д. 3286",55.560899,37.804124
"ул. Генерации, д. 3287",55.747955,37.561879
"ул. Генерации, д. 3288",55.869564,37.87969
"ул. Генерации, д. 3289",55.657722,37.332864
"ул. Генерации, д. 3290",55.662757,37.684955
"ул. Генерации, д. 3291",55.605245,37.412735
"ул. Генерации, д. 3292",55.585132,37.84401
"ул. Генерации, д. 3293",55.882012,37.769646
"ул. Генерации, д. 3294",55.537978,37.306037
"ул. Генерации, д. 3295",55.897649,37.419561
"ул. Генерации, д. 3296",55.548093,37.859333
"ул. Генерации, д. 3297",55.626944,37.305958
"ул. Генерации, д. 3298",55.835868,37.656623
"ул. Генерации, д. 3299",55.79511,37.765272
"ул. Генерации, д. 3300",55.83829,37.668514
"ул. Генерации, д. 3301",55.557621,37.624947
"ул. Генерации, д. 3302",55.54935,37.438334
"ул. Генерации, д. 3303",55.638437,37.349106
"ул. Генерации, д. 3304",55.870434,37.348746
"ул. Генерации, д. 3305",55.832637,37.549661
"ул. Генерации, д. 3306",55.526093,37.84715
"ул. Генерации, д. 3307",55.878506,37.413978
"ул. Генерации, д. 3308",55.709836,37.834895
"ул. Генерации, д. 3309",55.72501,37.873352
"ул. Генерации, д. 3310",55.549373,37.832169
"ул. Генерации, д. 3311",55.547251,37.425212
"ул. Генерации, д. 3312",55.606251,37.63095
"ул. Генерации, д. 3313",55.637407,37.723628
"ул. Генерации, д. 3314",55.752892,37.72449
"ул. Генерации, д. 3315",55.747959,37.899845
"ул. Генерации, д. 3316",55.705804,37.44982
"ул. Генерации, д. 3317",55.804221,37.754538
"ул. Генерации, д. 3318",55.641808,37.694156
"ул. Генерации, д. 3319",55.807478,37.630506
"ул. Генерации, д. 3320",55.801601,37.837001
"ул. Генерации, д. 3321",55.563563,37.873478
"ул. Генерации, д. 3322",55.829671,37.646814
"ул. Генерации, д. 3323",55.873443,37.741067
"ул. Генерации, д. 3324",55.879987,37.67271
"ул. Генерации, д. 3325",55.74442,37.799089
"ул. Генерации, д. 3326",55.690725,37.482838
"ул. Генерации, д. 3327",55.506104,37.601547
"ул. Генерации, д. 3328",55.571769,37.558741
"ул. Генерации, д. 3329",55.6262,37.743666
"ул. Генерации, д. 3330",55.676771,37.771342
"ул. Генерации, д. 3331",55.615518,37.521524
"ул. Генерации, д. 3332",55.597971,37.892469
"ул. Генерации, д. 3333",55.546825,37.772208
"ул. Генерации, д. 3334",55.794316,37.625926
"ул. Генерации, д. 3335",55.879726,37.668034
"ул. Генерации, д. 3336",55.772063,37.773319
"ул. Генерации, д. 3337",55.709375,37.78522
"ул. Генерации, д. 3338",55.727655,37.535442
"ул. Генерации, д. 3339",55.648699,37.536461
"ул. Генерации, д. 3340",55.843358,37.647452
"ул. Генерации, д. 3341",55.79109,37.861847
"ул. Генерации, д. 3342",55.665009,37.32994
"ул. Генерации, д. 3343",55.68751,37.710164
"ул. Генерации, д. 3344",55.805758,37.361535
"ул. Генерации, д. 3345",55.818298,37.514286
"ул. Генерации, д. 3346",55.730344,37.773322
"ул. Генерации, д. 3347",55.851819,37.365869
"ул. Генерации, д. 3348",55.637235,37.594138
"ул. Генерации, д. 3349",55.537443,37.647924
"ул. Генерации, д. 3350",55.846977,37.750066
"ул. Генерации, д. 3351",55.518976,37.551296
"ул. Генерации, д. 3352",55.832242,37.814237
"ул. Генерации, д. 3353",55.726468,37.630305
"ул. Генерации, д. 3354",55.68854,37.855388
"ул. Генерации, д. 3355",55.888274,37.329773
"ул. Генерации, д. 3356",55.791522,37.482143
"ул. Генерации, д. 3357",55.606139,37.718385
"ул. Генерации, д. 3358",55.802226,37.760866
"ул. Генерации, д. 3359",55.736055,37.822044
"ул. Генерации, д. 3360",55.765991,37.898064
"ул. Генерации, д. 3361",55.834001,37.64751
"ул. Генерации, д. 3362",55.544514,37.526175
"ул. Генерации, д. 3363",55.699287,37.806877
"ул. Генерации, д. 3364",55.678264,37.47217
"ул. Генерации, д. 3365",55.571734,37.427887
"ул. Генерации, д. 3366",55.713943,37.815031
"ул. Генерации, д. 3367",55.522992,37.793005
"ул. Генерации, д. 3368",55.554838,37.621666
"ул. Генерации, д. 3369",55.811147,37.683576
"ул. Генерации, д. 3370",55.595169,37.529551
"ул. Генерации, д. 3371",55.789516,37.451161
"ул. Генерации, д. 3372",55.747183,37.446616
"ул. Генерации, д. 3373",55.659584,37.559393
"ул. Генерации, д. 3374",55.514023,37.438489
"ул. Генерации, д. 3375",55.660463,37.353631
"ул. Генерации, д. 3376",55.616215,37.378766
"ул. Генерации, д. 3377",55.707763,37.811287
"ул. Генерации, д. 3378",55.768349,37.770238
"ул. Генерации, д. 3379",55.602756,37.760707
"ул. Генерации, д. 3380",55.796915,37.439939
"ул. Генерации, д. 3381",55.759396,37.520945
"ул. Генерации, д. 3382",55.650391,37.540386
"ул. Генерации, д. 3383",55.514338,37.431047
"ул. Генерации, д. 3384",55.837451,37.463308
"ул. Генерации, д. 3385",55.768929,37.682302
"ул. Генерации, д. 3386",55.82563,37.691778
"ул. Генерации, д. 3387",55.772373,37.433581
"ул. Генерации, д. 3388",55.737654,37.719587
"ул. Генерации, д. 3389",55.781998,37.828424
"ул. Генерации, д. 3390",55.859293,37.554823
"ул. Генерации, д. 3391",55.517031,37.332045
"ул. Генерации, д. 3392",55.899669,37.471734
"ул. Генерации, д. 3393",55.525877,37.790671
"ул. Генерации, д. 3394",55.811086,37.400055
"ул. Генерации, д. 3395",55.809809,37.867776
"ул. Генерации, д. 3396",55.719254,37.73397
"ул. Генерации, д. 3397",55.573628,37.564617
"ул. Генерации, д. 3398",55.883015,37.403644
"ул. Генерации, д. 3399",55.624958,37.453646
"ул. Генерации, д. 3400",55.863817,37.570478
"ул. Генерации, д. 3401",55.729026,37.80581
"ул. Генерации, д. 3402",55.762231,37.56525
"ул. Генерации, д. 3403",55.749457,37.645182
"ул. Генерации, д. 3404",55.633774,37.405915
"ул. Генерации, д. 3405",55.530388,37.787622
"ул. Генерации, д. 3406",55.794116,37.450327
"ул. Генерации, д. 3407",55.51656,37.58697
"ул. Генерации, д. 3408",55.695226,37.538922
"ул. Генерации, д. 3409",55.688454,37.326793
"ул. Генерации, д. 3410",55.501406,37.526275
"ул. Генерации, д. 3411",55.887423,37.609921
"ул. Генерации, д. 3412",55.625098,37.748299
"ул. Генерации, д. 3413",55.607898,37.62471
"ул. Генерации, д. 3414",55.828413,37.659929
"ул. Генерации, д. 3415",55.6391,37.591556
"ул. Генерации, д. 3416",55.622944,37.897298
"ул. Генерации, д. 3417",55.806419,37.760224
"ул. Генерации, д. 3418",55.648398,37.340016
"ул. Генерации, д. 3419",55.819121,37.766786
"ул. Генерации, д. 3420",55.504607,37.696265
"ул. Генерации, д. 3421",55.821531,37.701118
"ул. Генерации, д. 3422",55.725722,37.539505
"ул. Генерации, д. 3423",55.89882,37.538981
"ул. Генерации, д. 3424",55.710395,37.870501
"ул. Генерации, д. 3425",55.862229,37.643965
"ул. Генерации, д. 3426",55.66942,37.53337
"ул. Генерации, д. 3427",55.524818,37.485285
"ул. Генерации, д. 3428",55.631941,37.867855
"ул. Генерации, д. 3429",55.678524,37.309733
"ул. Генерации, д. 3430",55.674815,37.423979
"ул. Генерации, д. 3431",55.706403,37.503241
"ул. Генерации, д. 3432",55.512111,37.412766
"ул. Генерации, д. 3433",55.592739,37.739743
"ул. Генерации, д. 3434",55.786379,37.481054
"ул. Генерации, д. 3435",55.58826,37.636798
"ул. Генерации, д. 3436",55.680425,37.336945
"ул. Генерации, д. 3437",55.717644,37.639191
"ул. Генерации, д. 3438",55.577717,37.823064
"ул. Генерации, д. 3439",55.602648,37.756799
"ул. Генерации, д. 3440",55.67807,37.313067
"ул. Генерации, д. 3441",55.697095,37.622047
"ул. Генерации, д. 3442",55.725638,37.34481
"ул. Генерации, д. 3443",55.528814,37.437569
"ул. Генерации, д. 3444",55.702977,37.667516
"ул. Генерации, д. 3445",55.83188,37.870556
"ул. Генерации, д. 3446",55.510105,37.773504
"ул. Генерации, д. 3447",55.852237,37.581035
"ул. Генерации, д. 3448",55.585253,37.527103
"ул. Генерации, д. 3449",55.766164,37.313908
"ул. Генерации, д. 3450",55.604611,37.37482
"ул. Генерации, д. 3451",55.500647,37.513943
"ул. Генерации, д. 3452",55.605413,37.316639
"ул. Генерации, д. 3453",55.770589,37.397571
"ул. Генерации, д. 3454",55.662294,37.889321
"ул. Генерации, д. 3455",55.594663,37.506678
"ул. Генерации, д. 3456",55.850277,37.487338
"ул. Генерации, д. 3457",55.803025,37.327189
"ул. Генерации, д. 3458",55.58818,37.600638
"ул. Генерации, д. 3459",55.806282,37.6223
"ул. Генерации, д. 3460",55.781283,37.565015
"ул. Генерации, д. 3461",55.750579,37.793217
"ул. Генерации, д. 3462",55.594662,37.352863
"ул. Генерации, д. 3463",55.526036,37.329405
"ул. Генерации, д. 3464",55.793502,37.762366
"ул. Генерации, д. 3465",55.811663,37.586139
"ул. Генерации, д. 3466",55.562049,37.47518
"ул. Генерации, д. 3467",55.857642,37.663079
"ул. Генерации, д. 3468",55.60564,37.62243
"ул. Генерации, д. 3469",55.85877,37.301831
"ул. Генерации, д. 3470",55.726087,37.311026
"ул. Генерации, д. 3471",55.717964,37.518892
"ул. Генерации, д. 3472",55.528618,37.801943
"ул. Генерации, д. 3473",55.59027,37.775088
"ул. Генерации, д. 3474",55.682287,37.482068
"ул. Генерации, д. 3475",55.559698,37.384907
"ул. Генерации, д. 3476",55.711322,37.649884
"ул. Генерации, д. 3477",55.770863,37.89769
"ул. Генерации, д. 3478",55.75124,37.789885
"ул. Генерации, д. 3479",55.722361,37.340116
"ул. Генерации, д. 3480",55.864742,37.62049
"ул. Генерации, д. 3481",55.563299,37.731687
"ул. Генерации, д. 3482",55.862768,37.676025
"ул. Генерации, д. 3483",55.689125,37.472418
"ул. Генерации, д. 3484",55.778159,37.445406
"ул. Генерации, д. 3485",55.77547,37.587083
"ул. Генерации, д. 3486",55.778489,37.335165
"ул. Генерации, д. 3487",55.813174,37.785666
"ул. Генерации, д. 3488",55.796785,37.546058
"ул. Генерации, д. 3489",55.690537,37.484068
"ул. Генерации, д. 3490",55.808069,37.39438
"ул. Генерации, д. 3491",55.704049,37.78384
"ул. Генерации, д. 3492",55.579261,37.792473
"ул. Генерации, д. 3493",55.602609,37.409578
"ул. Генерации, д. 3494",55.834426,37.415951
"ул. Генерации, д. 3495",55.895653,37.592164
"ул. Генерации, д. 3496",55.679122,37.603831
"ул. Генерации, д. 3497",55.632938,37.758684
"ул. Генерации, д. 3498",55.566887,37.871325
"ул. Генерации, д. 3499",55.700382,37.890857
"ул. Генерации, д. 3500",55.662593,37.815343
"ул. Генерации, д. 3501",55.648089,37.396321
"ул. Генерации, д. 3502",55.517107,37.762744
"ул. Генерации, д. 3503",55.828216,37.793686
"ул. Генерации, д. 3504",55.733162,37.799554
"ул. Генерации, д. 3505",55.84389,37.647262
"ул. Генерации, д. 3506",55.741237,37.456465
"ул. Генерации, д. 3507",55.639574,37.609323
"ул. Генерации, д. 3508",55.584278,37.751158
"ул. Генерации, д. 3509",55.770463,37.375397
"ул. Генерации, д. 3510",55.705879,37.420561
"ул. Генерации, д. 3511",55.605292,37.410087
"ул. Генерации, д. 3512",55.851163,37.755575
"ул. Генерации, д. 3513",55.81828,37.79087
"ул. Генерации, д. 3514",55.752893,37.748118
"ул. Генерации, д. 3515",55.805958,37.89131
"ул. Генерации, д. 3516",55.856943,37.732484
"ул. Генерации, д. 3517",55.661906,37.696327
"ул. Генерации, д. 3518",55.680698,37.36874
"ул. Генерации, д. 3519",55.503351,37.398192
"ул. Генерации, д. 3520",55.518855,37.87795
"ул. Генерации, д. 3521",55.67162,37.763804
"ул. Генерации, д. 3522",55.810966,37.812431
"ул. Генерации, д. 3523",55.721835,37.455014
"ул. Генерации, д. 3524",55.547581,37.312564
"ул. Генерации, д. 3525",55.76564,37.853826
"ул. Генерации, д. 3526",55.638997,37.450263
"ул. Генерации, д. 3527",55.631898,37.316805
"ул. Генерации, д. 3528",55.616479,37.306351
"ул. Генерации, д. 3529",55.791422,37.413431
"ул. Генерации, д. 3530",55.629383,37.54862
"ул. Генерации, д. 3531",55.601185,37.727704
"ул. Генерации, д. 3532",55.524468,37.598497
"ул. Генерации, д. 3533",55.795546,37.427636
"ул. Генерации, д. 3534",55.607446,37.307286
"ул. Генерации, д. 3535",55.645741,37.448253
"ул. Генерации, д. 3536",55.527046,37.623344
"ул. Генерации, д. 3537",55.531214,37.497816
"ул. Генерации, д. 3538",55.890255,37.698862
"ул. Генерации, д. 3539",55.532564,37.410833
"ул. Генерации, д. 3540",55.87575,37.341397
"ул. Генерации, д. 3541",55.863301,37.731564
"ул. Генерации, д. 3542",55.724455,37.779741
"ул. Генерации, д. 3543",55.730442,37.896335
"ул. Генерации, д. 3544",55.597493,37.439243
"ул. Генерации, д. 3545",55.537104,37.790224
"ул. Генерации, д. 3546",55.788723,37.546571
"ул. Генерации, д. 3547",55.531639,37.778705
"ул. Генерации, д. 3548",55.677403,37.791685
"ул. Генерации, д. 3549",55.548605,37.657912
"ул. Генерации, д. 3550",55.733326,37.327303
"ул. Генерации, д. 3551",55.579876,37.601693
"ул. Генерации, д. 3552",55.71934,37.40423
"ул. Генерации, д. 3553",55.817244,37.474758
"ул. Генерации, д. 3554",55.570231,37.555039
"ул. Генерации, д. 3555",55.741902,37.893968
"ул. Генерации, д. 3556",55.892888,37.35598
"ул. Генерации, д. 3557",55.662533,37.68011
"ул. Генерации, д. 3558",55.738527,37.439091
"ул. Генерации, д. 3559",55.767572,37.691165
"ул. Генерации, д. 3560",55.837705,37.357551
"ул. Генерации, д. 3561",55.856967,37.882135
"ул. Генерации, д. 3562",55.864048,37.54472
"ул. Генерации, д. 3563",55.666644,37.498423
"ул. Генерации, д. 3564",55.724085,37.64945
"ул. Генерации, д. 3565",55.830543,37.650697
"ул. Генерации, д. 3566",55.805648,37.516764
"ул. Генерации, д. 3567",55.638888,37.804219
"ул. Генерации, д. 3568",55.887554,37.603126
"ул. Генерации, д. 3569",55.628285,37.328197
"ул. Генерации, д. 3570",55.526058,37.360965
"ул. Генерации, д. 3571",55.783484,37.469699
"ул. Генерации, д. 3572",55.660755,37.883499
"ул. Генерации, д. 3573",55.639467,37.764843
"ул. Генерации, д. 3574",55.826355,37.315694
"ул. Генерации, д. 3575",55.671652,37.874948
"ул. Генерации, д. 3576",55.753817,37.544022
"ул. Генерации, д. 3577",55.770202,37.468952
"ул. Генерации, д. 3578",55.79548,37.556874
"ул. Генерации, д. 3579",55.887085,37.778581
"ул. Генерации, д. 3580",55.606244,37.482618
"ул. Генерации, д. 3581",55.678327,37.540031
"ул. Генерации, д. 3582",55.504907,37.41826
"ул. Генерации, д. 3583",55.63896,37.451735
"ул. Генерации, д. 3584",55.735605,37.304167
"ул. Генерации, д. 3585",55.893641,37.808771
"ул. Генерации, д. 3586",55.818214,37.683653
"ул. Генерации, д. 3587",55.580163,37.539394
"ул. Генерации, д. 3588",55.735625,37.768424
"ул. Генерации, д. 3589",55.742146,37.56984
"ул. Генерации, д. 3590",55.85998,37.38075
"ул. Генерации, д. 3591",55.630365,37.647231
"ул. Генерации, д. 3592",55.898085,37.694028
"ул. Генерации, д. 3593",55.728615,37.748299
"ул. Генерации, д. 3594",55.58388,37.748111
"ул. Генерации, д. 3595",55.826239,37.331561
"ул. Генерации, д. 3596",55.532899,37.517388
"ул. Генерации, д. 3597",55.738913,37.492182
"ул. Генерации, д. 3598",55.703812,37.712766
"ул. Генерации, д. 3599",55.765703,37.338601
"ул. Генерации, д. 3600",55.748019,37.325873
"ул. Генерации, д. 3601",55.501118,37.523412
"ул. Генерации, д. 3602",55.614567,37.782167
"ул. Генерации, д. 3603",55.526004,37.5286
"ул. Генерации, д. 3604",55.575589,37.37158
"ул. Генерации, д. 3605",55.738822,37.832489
"ул. Генерации, д. 3606",55.838402,37.646618
"ул. Генерации, д. 3607",55.524785,37.349963
"ул. Генерации, д. 3608",55.733095,37.849064
"ул. Генерации, д. 3609",55.748306,37.563258
"ул. Генерации, д. 3610",55.777578,37.303856
"ул. Генерации, д. 3611",55.656549,37.80285
"ул. Генерации, д. 3612",55.699361,37.307949
"ул. Генерации, д. 3613",55.889465,37.700104
"ул. Генерации, д. 3614",55.835879,37.865032
"ул. Генерации, д. 3615",55.505558,37.512402
"ул. Генерации, д. 3616",55.752699,37.809713
"ул. Генерации, д. 3617",55.797288,37.302341
"ул. Генерации, д. 3618",55.515841,37.472432
"ул. Генерации, д. 3619",55.519556,37.522549
"ул. Генерации, д. 3620",55.898952,37.572089
"ул. Генерации, д. 3621",55.733742,37.396498
"ул. Генерации, д. 3622",55.569852,37.68192
"ул. Генерации, д. 3623",55.857763,37.655278
"ул. Генерации, д. 3624",55.668125,37.636716
"ул. Генерации, д. 3625",55.803536,37.458529
"ул. Генерации, д. 3626",55.586343,37.489233
"ул. Генерации, д. 3627",55.783379,37.417653
"ул. Генерации, д. 3628",55.81485,37.545186
"ул. Генерации, д. 3629",55.560307,37.628161
"ул. Генерации, д. 3630",55.537044,37.577796
"ул. Генерации, д. 3631",55.529158,37.457871
"ул. Генерации, д. 3632",55.843211,37.779849
"ул. Генерации, д. 3633",55.652912,37.870914
"ул. Генерации, д. 3634",55.629117,37.328555
"ул. Генерации, д. 3635",55.649767,37.738816
"ул. Генерации, д. 3636",55.741134,37.446911
"ул. Генерации, д. 3637",55.699526,37.705149
"ул. Генерации, д. 3638",55.599423,37.714181
"ул. Генерации, д. 3639",55.541889,37.619551
"ул. Генерации, д. 3640",55.835516,37.718892
"ул. Генерации, д. 3641",55.632776,37.897058
"ул. Генерации, д. 3642",55.710251,37.769641
"ул. Генерации, д. 3643",55.718259,37.526172
"ул. Генерации, д. 3644",55.846008,37.885964
"ул. Генерации, д. 3645",55.633237,37.418697
"ул. Генерации, д. 3646",55.697724,37.40698
"ул. Генерации, д. 3647",55.50835,37.724736
"ул. Генерации, д. 3648",55.532244,37.508075
"ул. Генерации, д. 3649",55.559781,37.573003
"ул. Генерации, д. 3650",55.811662,37.389936
"ул. Генерации, д. 3651",55.518074,37.855943
"ул. Генерации, д. 3652",55.762482,37.42008
"ул. Генерации, д. 3653",55.588809,37.357344
"ул. Генерации, д. 3654",55.843032,37.722292
"ул. Генерации, д. 3655",55.544218,37.57087
"ул. Генерации, д. 3656",55.519776,37.327963
"ул. Генерации, д. 3657",55.712234,37.791465
"ул. Генерации, д. 3658",55.807053,37.436961
"ул. Генерации, д. 3659",55.878575,37.510496
"ул. Генерации, д. 3660",55.875924,37.44675
"ул. Генерации, д. 3661",55.890352,37.697252
"ул. Генерации, д. 3662",55.537061,37.446755
"ул. Генерации, д. 3663",55.689183,37.573398
"ул. Генерации, д. 3664",55.817531,37.731315
"ул. Генерации, д. 3665",55.612189,37.629136
"ул. Генерации, д. 3666",55.584882,37.578616
"ул. Генерации, д. 3667",55.757104,37.695338
"ул. Генерации, д. 3668",55.638206,37.815786
"ул. Генерации, д. 3669",55.704747,37.618992
"ул. Генерации, д. 3670",55.613903,37.53637
"ул. Генерации, д. 3671",55.879626,37.844666
"ул. Генерации, д. 3672",55.642801,37.662287
"ул. Генерации, д. 3673",55.599031,37.629955
"ул. Генерации, д. 3674",55.846569,37.626838
"ул. Генерации, д. 3675",55.577078,37.576034
"ул. Генерации, д. 3676",55.616424,37.524023
"ул. Генерации, д. 3677",55.736968,37.360177
"ул. Генерации, д. 3678",55.864289,37.552688
"ул. Генерации, д. 3679",55.763831,37.779155
"ул. Генерации, д. 3680",55.610337,37.435141
"ул. Генерации, д. 3681",55.878908,37.435537
"ул. Генерации, д. 3682",55.527168,37.750613
"ул. Генерации, д. 3683",55.692602,37.676803
"ул. Генерации, д. 3684",55.771842,37.879416
"ул. Генерации, д. 3685",55.669978,37.834991
"ул. Генерации, д. 3686",55.598376,37.407656
"ул. Генерации, д. 3687",55.573332,37.85191
"ул. Генерации, д. 3688",55.753868,37.683107
"ул. Генерации, д. 3689",55.526457,37.687645
"ул. Генерации, д. 3690",55.720784,37.45079
"ул. Генерации, д. 3691",55.514085,37.651781
"ул. Генерации, д. 3692",55.692089,37.850725
"ул. Генерации, д. 3693",55.536517,37.325043
"ул. Генерации, д. 3694",55.618228,37.536948
"ул. Генерации, д. 3695",55.547431,37.442029
"ул. Генерации, д. 3696",55.733029,37.53184
"ул. Генерации, д. 3697",55.532407,37.709907
"ул. Генерации, д. 3698",55.501507,37.596093
"ул. Генерации, д. 3699",55.793124,37.729862
"ул. Генерации, д. 3700",55.519316,37.688361
"ул. Генерации, д. 3701",55.742251,37.604482
"ул. Генерации, д. 3702",55.715124,37.629848
"ул. Генерации, д. 3703",55.553165,37.773553
"ул. Генерации, д. 3704",55.760477,37.493247
"ул. Генерации, д. 3705",55.757003,37.533046
"ул. Генерации, д. 3706",55.560938,37.507016
"ул. Генерации, д. 3707",55.853497,37.87336
"ул. Генерации, д. 3708",55.630252,37.526704
"ул. Генерации, д. 3709",55.589811,37.687187
"ул. Генерации, д. 3710",55.627609,37.344247
"ул. Генерации, д. 3711",55.525636,37.487447
"ул. Генерации, д. 3712",55.606615,37.866006
"ул. Генерации, д. 3713",55.664725,37.55268
"ул. Генерации, д. 3714",55.557585,37.346221
"ул. Генерации, д. 3715",55.703282,37.363636
"ул. Генерации, д. 3716",55.738131,37.772258
"ул. Генерации, д. 3717",55.806459,37.850434
"ул. Генерации, д. 3718",55.890472,37.681904
"ул. Генерации, д. 3719",55.628152,37.748044
"ул. Генерации, д. 3720",55.622431,37.676362
"ул. Генерации, д. 3721",55.609035,37.308735
"ул. Генерации, д. 3722",55.717457,37.873995
"ул. Генерации, д. 3723",55.882971,37.899378
"ул. Генерации, д. 3724",55.590012,37.306133
"ул. Генерации, д. 3725",55.884896,37.63442
"ул. Генерации, д. 3726",55.612017,37.300513
"ул. Генерации, д. 3727",55.803586,37.691069
"ул. Генерации, д. 3728",55.555828,37.409862
"ул. Генерации, д. 3729",55.59229,37.331323
"ул. Генерации, д. 3730",55.58035,37.45423
"ул. Генерации, д. 3731",55.753386,37.647969
"ул. Генерации, д. 3732",55.674325,37.61406
"ул. Генерации, д. 3733",55.600375,37.523267
"ул. Генерации, д. 3734",55.722427,37.579879
"ул. Генерации, д. 3735",55.686458,37.627157
"ул. Генерации, д. 3736",55.879817,37.498969
"ул. Генерации, д. 3737",55.814512,37.646938
"ул. Генерации, д. 3738",55.774559,37.849417
"ул. Генерации, д. 3739",55.86262,37.577454
"ул. Генерации, д. 3740",55.770793,37.798349
"ул. Генерации, д. 3741",55.734655,37.439348
"ул. Генерации, д. 3742",55.759292,37.302998
"ул. Генерации, д. 3743",55.76974,37.685822
"ул. Генерации, д. 3744",55.622836,37.475763
"ул. Генерации, д. 3745",55.746301,37.632872
"ул. Генерации, д. 3746",55.781505,37.562757
"ул. Генерации, д. 3747",55.680424,37.736569
"ул. Генерации, д. 3748",55.71663,37.308218
"ул. Генерации, д. 3749",55.783587,37.634478
"ул. Генерации, д. 3750",55.599321,37.49501
"ул. Генерации, д. 3751",55.569958,37.486394
"ул. Генерации, д. 3752",55.760855,37.898704
"ул. Генерации, д. 3753",55.864075,37.344201
"ул. Генерации, д. 3754",55.584225,37.414847
"ул. Генерации, д. 3755",55.730118,37.367582
"ул. Генерации, д. 3756",55.761804,37.578857
"ул. Генерации, д. 3757",55.736157,37.66101
"ул. Генерации, д. 3758",55.883368,37.632578
"ул. Генерации, д. 3759",55.648856,37.656877
"ул. Генерации, д. 3760",55.686847,37.487015
"ул. Генерации, д. 3761",55.515869,37.355041
"ул. Генерации, д. 3762",55.731338,37.388828
"ул. Генерации, д. 3763",55.803026,37.700257
"ул. Генерации, д. 3764",55.620943,37.492814
"ул. Генерации, д. 3765",55.601588,37.7894
"ул. Генерации, д. 3766",55.55891,37.615792
"ул. Генерации, д. 3767",55.716221,37.651877
"ул. Генерации, д. 3768",55.543935,37.725488
"ул. Генерации, д. 3769",55.778276,37.34949
"ул. Генерации, д. 3770",55.828177,37.769148
"ул. Генерации, д. 3771",55.518711,37.653207
"ул. Генерации, д. 3772",55.765883,37.685474
"ул. Генерации, д. 3773",55.558068,37.362897
"ул. Генерации, д. 3774",55.505742,37.753703
"ул. Генерации, д. 3775",55.57894,37.873817
"ул. Генерации, д. 3776",55.660503,37.405627
"ул. Генерации, д. 3777",55.708652,37.704623
"ул. Генерации, д. 3778",55.831788,37.66338
"ул. Генерации, д. 3779",55.826984,37.412637
"ул. Генерации, д. 3780",55.772414,37.870909
"ул. Генерации, д. 3781",55.885398,37.772754
"ул. Генерации, д. 3782",55.747639,37.860451
"ул. Генерации, д. 3783",55.827418,37.654838
"ул. Генерации, д. 3784",55.794885,37.563712
"ул. Генерации, д. 3785",55.634523,37.421562
"ул. Генерации, д. 3786",55.742579,37.831843
"ул. Генерации, д. 3787",55.864343,37.644655
"ул. Генерации, д. 3788",55.876006,37.314667
"ул. Генерации, д. 3789",55.646457,37.806822
"ул. Генерации, д. 3790",55.663177,37.494229
"ул. Генерации, д. 3791",55.6838,37.821966
"ул. Генерации, д. 3792",55.785403,37.443149
"ул. Генерации, д. 3793",55.875041,37.315643
"ул. Генерации, д. 3794",55.848728,37.708489
"ул. Генерации, д. 3795",55.883689,37.656018
"ул. Генерации, д. 3796",55.712774,37.625875
"ул. Генерации, д. 3797",55.791775,37.720109
"ул. Генерации, д. 3798",55.568875,37.610064
"ул. Генерации, д. 3799",55.606023,37.469311
"ул. Генерации, д. 3800",55.792408,37.55903
"ул. Генерации, д. 3801",55.750111,37.646342
"ул. Генерации, д. 3802",55.754834,37.681796
"ул. Генерации, д. 3803",55.876189,37.388632
"ул. Генерации, д. 3804",55.898031,37.706846
"ул. Генерации, д. 3805",55.604779,37.727446
"ул. Генерации, д. 3806",55.829302,37.324882
"ул. Генерации, д. 3807",55.887964,37.348873
"ул. Генерации, д. 3808",55.765778,37.46116
"ул. Генерации, д. 3809",55.658497,37.69762
"ул. Генерации, д. 3810",55.891781,37.851926
"ул. Генерации, д. 3811",55.802877,37.419896
"ул. Генерации, д. 3812",55.864628,37.873231
"ул. Генерации, д. 3813",55.863418,37.374299
"ул. Генерации, д. 3814",55.713848,37.690435
"ул. Генерации, д. 3815",55.651734,37.643298
"ул. Генерации, д. 3816",55.51413,37.350298
"ул. Генерации, д. 3817",55.816863,37.497472
"ул. Генерации, д. 3818",55.604641,37.813665
"ул. Генерации, д. 3819",55.553194,37.410621
"ул. Генерации, д. 3820",55.673913,37.63656
"ул. Генерации, д. 3821",55.577048,37.654921
"ул. Генерации, д. 3822",55.607619,37.515274
"ул. Генерации, д. 3823",55.705236,37.732313
"ул. Генерации, д. 3824",55.642995,37.412872
"ул. Генерации, д. 3825",55.546501,37.442898
"ул. Генерации, д. 3826",55.737401,37.564899
"ул. Генерации, д. 3827",55.82591,37.573513
"ул. Генерации, д. 3828",55.665859,37.839347
"ул. Генерации, д. 3829",55.891146,37.521702
"ул. Генерации, д. 3830",55.770341,37.37239
"ул. Генерации, д. 3831",55.638614,37.6936
"ул. Генерации, д. 3832",55.887961,37.871756
"ул. Генерации, д. 3833",55.648857,37.872505
"ул. Генерации, д. 3834",55.554674,37.877029
"ул. Генерации, д. 3835",55.533946,37.845463
"ул. Генерации, д. 3836",55.536415,37.344458
"ул. Генерации, д. 3837",55.708603,37.563636
"ул. Генерации, д. 3838",55.79401,37.369628
"ул. Генерации, д. 3839",55.682301,37.5547
"ул. Генерации, д. 3840",55.756345,37.549356
"ул. Генерации, д. 3841",55.555354,37.699511
"ул. Генерации, д. 3842",55.690114,37.774924
"ул. Генерации, д. 3843",55.708914,37.591488
"ул. Генерации, д. 3844",55.665207,37.36017
"ул. Генерации, д. 3845",55.718901,37.870325
"ул. Генерации, д. 3846",55.887347,37.388093
"ул. Генерации, д. 3847",55.801405,37.736434
"ул. Генерации, д. 3848",55.779812,37.558363
"ул. Генерации, д. 3849",55.532582,37.726647
"ул. Генерации, д. 3850",55.830118,37.664876
"ул. Генерации, д. 3851",55.645135,37.676316
"ул. Генерации, д. 3852",55.664837,37.837952
"ул. Генерации, д. 3853",55.58307,37.795567
"ул. Генерации, д. 3854",55.623135,37.460492
"ул. Генерации, д. 3855",55.64507,37.339042
"ул. Генерации, д. 3856",55.86195,37.436173
"ул. Генерации, д. 3857",55.744861,37.44622
"ул. Генерации, д. 3858",55.805007,37.588635
"ул. Генерации, д. 3859",55.60564,37.532354
"ул. Генерации, д. 3860",55.739776,37.492694
"ул. Генерации, д. 3861",55.663725,37.59338
"ул. Генерации, д. 3862",55.772794,37.534708
"ул. Генерации, д. 3863",55.532315,37.694981
"ул. Генерации, д. 3864",55.756079,37.723112
"ул. Генерации, д. 3865",55.586337,37.585318
"ул. Генерации, д. 3866",55.517393,37.700457
"ул. Генерации, д. 3867",55.691633,37.714289
"ул. Генерации, д. 3868",55.523364,37.465797
"ул. Генерации, д. 3869",55.525443,37.44003
"ул. Генерации, д. 3870",55.893758,37.385252
"ул. Генерации, д. 3871",55.879079,37.46595
"ул. Генерации, д. 3872",55.541481,37.79778
"ул. Генерации, д. 3873",55.707992,37.463071
"ул. Генерации, д. 3874",55.838882,37.436296
"ул. Генерации, д. 3875",55.514062,37.503135
"ул. Генерации, д. 3876",55.648668,37.378192
"ул. Генерации, д. 3877",55.801555,37.760296
"ул. Генерации, д. 3878",55.624471,37.35441
"ул. Генерации, д. 3879",55.522389,37.702884
"ул. Генерации, д. 3880",55.888371,37.528725
"ул. Генерации, д. 3881",55.837766,37.673411
"ул. Генерации, д. 3882",55.62563,37.395082
"ул. Генерации, д. 3883",55.656178,37.548951
"ул. Генерации, д. 3884",55.565314,37.868408
"ул. Генерации, д. 3885",55.870561,37.688493
"ул. Генерации, д. 3886",55.76399,37.455078
"ул. Генерации, д. 3887",55.849001,37.61836
"ул. Генерации, д. 3888",55.838286,37.519446
"ул. Генерации, д. 3889",55.899271,37.739479
"ул. Генерации, д. 3890",55.744154,37.536498
"ул. Генерации, д. 3891",55.757389,37.847337
"ул. Генерации, д. 3892",55.678826,37.694319
"ул. Генерации, д. 3893",55.817994,37.596542
"ул. Генерации, д. 3894",55.788555,37.644506
"ул. Генерации, д. 3895",55.65821,37.439287
"ул. Генерации, д. 3896",55.775362,37.751819
"ул. Генерации, д. 3897",55.884575,37.707849
"ул. Генерации, д. 3898",55.766066,37.619816
"ул. Генерации, д. 3899",55.797195,37.555721
"ул. Генерации, д. 3900",55.80611,37.620739
"ул. Генерации, д. 3901",55.77364,37.850305
"ул. Генерации, д. 3902",55.617899,37.867145
"ул. Генерации, д. 3903",55.892006,37.780738
"ул. Генерации, д. 3904",55.754822,37.46744
"ул. Генерации, д. 3905",55.887171,37.317505
"ул. Генерации, д. 3906",55.785945,37.406963
"ул. Генерации, д. 3907",55.881356,37.89561
"ул. Генерации, д. 3908",55.511389,37.634686
"ул. Генерации, д. 3909",55.896862,37.640355
"ул. Генерации, д. 3910",55.694754,37.671515
"ул. Генерации, д. 3911",55.656458,37.644955
"ул. Генерации, д. 3912",55.786848,37.783817
"ул. Генерации, д. 3913",55.724518,37.323473
"ул. Генерации, д. 3914",55.797207,37.38801
"ул. Генерации, д. 3915",55.846825,37.819517
"ул. Генерации, д. 3916",55.784935,37.863317
"ул. Генерации, д. 3917",55.511177,37.892172
"ул. Генерации, д. 3918",55.869931,37.38764
"ул. Генерации, д. 3919",55.586936,37.811507
"ул. Генерации, д. 3920",55.821275,37.886525
"ул. Генерации, д. 3921",55.711172,37.688919
"ул. Генерации, д. 3922",55.650712,37.602331
"ул. Генерации, д. 3923",55.885656,37.759907
"ул. Генерации, д. 3924",55.545639,37.819656
"ул. Генерации, д. 3925",55.823543,37.895065
"ул. Генерации, д. 3926",55.897364,37.875074
"ул. Генерации, д. 3927",55.810469,37.334356
"ул. Генерации, д. 3928",55.829808,37.467288
"ул. Генерации, д. 3929",55.549728,37.444127
"ул. Генерации, д. 3930",55.670491,37.686098
"ул. Генерации, д. 3931",55.716273,37.699205
"ул. Генерации, д. 3932",55.864711,37.649183
"ул. Генерации, д. 3933",55.896912,37.893059
"ул. Генерации, д. 3934",55.622059,37.815101
"ул. Генерации, д. 3935",55.695054,37.472455
"ул. Генерации, д. 3936",55.853644,37.431147
"ул. Генерации, д. 3937",55.826105,37.472717
"ул. Генерации, д. 3938",55.670472,37.646857
"ул. Генерации, д. 3939",55.527587,37.797077
"ул. Генерации, д. 3940",55.767921,37.401216
"ул. Генерации, д. 3941",55.54943,37.621805
"ул. Генерации, д. 3942",55.881883,37.891961
"ул. Генерации, д. 3943",55.764882,37.388354
"ул. Генерации, д. 3944",55.69971,37.682824
"ул. Генерации, д. 3945",55.512879,37.344353
"ул. Генерации, д. 3946",55.737371,37.615509
"ул. Генерации, д. 3947",55.705767,37.6077
"ул. Генерации, д. 3948",55.564527,37.500446
"ул. Генерации, д. 3949",55.521416,37.556469
"ул. Генерации, д. 3950",55.534313,37.413344
"ул. Генерации, д. 3951",55.621426,37.711607
"ул. Генерации, д. 3952",55.544848,37.731018
"ул. Генерации, д. 3953",55.55897,37.527955
"ул. Генерации, д. 3954",55.564527,37.594314
"ул. Генерации, д. 3955",55.89684,37.817235
"ул. Генерации, д. 3956",55.518754,37.352485
"ул. Генерации, д. 3957",55.754703,37.744549
"ул. Генерации, д. 3958",55.588944,37.810334
"ул. Генерации, д. 3959",55.665827,37.818101
"ул. Генерации, д. 3960",55.527906,37.45551
"ул. Генерации, д. 3961",55.501767,37.623696
"ул. Генерации, д. 3962",55.770825,37.882478
"ул. Генерации, д. 3963",55.819581,37.788146
"ул. Генерации, д. 3964",55.855169,37.588429
"ул. Генерации, д. 3965",55.857278,37.503888
"ул. Генерации, д. 3966",55.848334,37.831672
"ул. Генерации, д. 3967",55.654692,37.793886
"ул. Генерации, д. 3968",55.695786,37.379727
"ул. Генерации, д. 3969",55.700388,37.319694
"ул. Генерации, д. 3970",55.863333,37.57286
"ул. Генерации, д. 3971",55.653037,37.380032
"ул. Генерации, д. 3972",55.779795,37.645051
"ул. Генерации, д. 3973",55.541967,37.725742
"ул. Генерации, д. 3974",55.760047,37.425441
"ул. Генерации, д. 3975",55.644744,37.302452
"ул. Генерации, д. 3976",55.811022,37.368605
"ул. Генерации, д. 3977",55.829243,37.428484
"ул. Генерации, д. 3978",55.843583,37.389755
"ул. Генерации, д. 3979",55.834698,37.829135
"ул. Генерации, д. 3980",55.731816,37.65694
"ул. Генерации, д. 3981",55.68489,37.558689
"ул. Генерации, д. 3982",55.669553,37.841892
"ул. Генерации, д. 3983",55.679217,37.45265
"ул. Генерации, д. 3984",55.807651,37.510712
"ул. Генерации, д. 3985",55.845502,37.556007
"ул. Генерации, д. 3986",55.80721,37.466469
"ул. Генерации, д. 3987",55.601818,37.304136
"ул. Генерации, д. 3988",55.543873,37.630843
"ул. Генерации, д. 3989",55.590443,37.773778
"ул. Генерации, д. 3990",55.781051,37.327229
"ул. Генерации, д. 3991",55.854023,37.547959
"ул. Генерации, д. 3992",55.682761,37.888388
"ул. Генерации, д. 3993",55.714283,37.451396
"ул. Генерации, д. 3994",55.670524,37.797768
"ул. Генерации, д. 3995",55.706731,37.689315
"ул. Генерации, д. 3996",55.641626,37.400905
"ул. Генерации, д. 3997",55.739036,37.678363
"ул. Генерации, д. 3998",55.561711,37.547086
"ул. Генерации, д. 3999",55.882297,37.375107
"ул. Генерации, д. 4000",55.874531,37.412604
"ул. Генерации, д. 4001",55.679647,37.695348
"ул. Генерации, д. 4002",55.877731,37.521984
"ул. Генерации, д. 4003",55.809057,37.847412
"ул. Генерации, д. 4004",55.772802,37.492618
"ул. Генерации, д. 4005",55.698901,37.794906
"ул. Генерации, д. 4006",55.527587,37.851542
"ул. Генерации, д. 4007",55.732042,37.461397
"ул. Генерации, д. 4008",55.53338,37.755531
"ул. Генерации, д. 4009",55.583445,37.848257
"ул. Генерации, д. 4010",55.602364,37.453862
"ул. Генерации, д. 4011",55.694004,37.727956
"ул. Генерации, д. 4012",55.815364,37.52796
"ул. Генерации, д. 4013",55.617772,37.711338
"ул. Генерации, д. 4014",55.871472,37.635349
"ул. Генерации, д. 4015",55.631831,37.636999
"ул. Генерации, д. 4016",55.563324,37.660921
"ул. Генерации, д. 4017",55.508423,37.448096
"ул. Генерации, д. 4018",55.566545,37.835603
"ул. Генерации, д. 4019",55.520205,37.669231
"ул. Генерации, д. 4020",55.624605,37.711001
"ул. Генерации, д. 4021",55.572547,37.719184
"ул. Генерации, д. 4022",55.801568,37.486145
"ул. Генерации, д. 4023",55.515181,37.325058
"ул. Генерации, д. 4024",55.653589,37.808906
"ул. Генерации, д. 4025",55.715083,37.755703
"ул. Генерации, д. 4026",55.550315,37.733081
"ул. Генерации, д. 4027",55.578354,37.844039
"ул. Генерации, д. 4028",55.589121,37.734566
"ул. Генерации, д. 4029",55.897267,37.343666
"ул. Генерации, д. 4030",55.735995,37.650872
"ул. Генерации, д. 4031",55.657119,37.678841
"ул. Генерации, д. 4032",55.816161,37.797346
"ул. Генерации, д. 4033",55.792149,37.457793
"ул. Генерации, д. 4034",55.72922,37.623604
"ул. Генерации, д. 4035",55.562026,37.376607
"ул. Генерации, д. 4036",55.648716,37.476943
"ул. Генерации, д. 4037",55.613545,37.729606
"ул. Генерации, д. 4038",55.588223,37.78063
"ул. Генерации, д. 4039",55.841714,37.609308
"ул. Генерации, д. 4040",55.85865,37.842202
"ул. Генерации, д. 4041",55.807485,37.723228
"ул. Генерации, д. 4042",55.838347,37.873263
"ул. Генерации, д. 4043",55.780123,37.424621
"ул. Генерации, д. 4044",55.604176,37.741027
"ул. Генерации, д. 4045",55.619155,37.884981
"ул. Генерации, д. 4046",55.720819,37.812044
"ул. Генерации, д. 4047",55.866536,37.538549
"ул. Генерации, д. 4048",55.779742,37.80494
"ул. Генерации, д. 4049",55.525566,37.435682
"ул. Генерации, д. 4050",55.520507,37.597865
"ул. Генерации, д. 4051",55.840005,37.673262
"ул. Генерации, д. 4052",55.794363,37.555161
"ул. Генерации, д. 4053",55.563437,37.422948
"ул. Генерации, д. 4054",55.767775,37.487337
"ул. Генерации, д. 4055",55.532339,37.559154
"ул. Генерации, д. 4056",55.537732,37.81529
"ул. Генерации, д. 4057",55.685549,37.673714
"ул. Генерации, д. 4058",55.89083,37.571778
"ул. Генерации, д. 4059",55.616725,37.327212
"ул. Генерации, д. 4060",55.652506,37.303145
"ул. Генерации, д. 4061",55.595953,37.455973
"ул. Генерации, д. 4062",55.766805,37.562179
"ул. Генерации, д. 4063",55.579804,37.467082
"ул. Генерации, д. 4064",55.601868,37.448695
"ул. Генерации, д. 4065",55.604258,37.543758
"ул. Генерации, д. 4066",55.728764,37.814382
"ул. Генерации, д. 4067",55.750577,37.607607
"ул. Генерации, д. 4068",55.787748,37.655934
"ул. Генерации, д. 4069",55.716731,37.861422
"ул. Генерации, д. 4070",55.687708,37.692624
"ул. Генерации, д. 4071",55.887532,37.392774
"ул. Генерации, д. 4072",55.568711,37.527621
"ул. Генерации, д. 4073",55.740694,37.582888
"ул. Генерации, д. 4074",55.872297,37.526855
"ул. Генерации, д. 4075",55.780772,37.769092
"ул. Генерации, д. 4076",55.836584,37.894062
"ул. Генерации, д. 4077",55.730034,37.397817
"ул. Генерации, д. 4078",55.726723,37.857164
"ул. Генерации, д. 4079",55.874769,37.697748
"ул. Генерации, д. 4080",55.731302,37.354914
"ул. Генерации, д. 4081",55.653103,37.370409
"ул. Генерации, д. 4082",55.773223,37.5814
"ул. Генерации, д. 4083",55.810312,37.628791
"ул. Генерации, д. 4084",55.591543,37.633861
"ул. Генерации, д. 4085",55.565141,37.593518
"ул. Генерации, д. 4086",55.553988,37.635441
"ул. Генерации, д. 4087",55.88528,37.861477
"ул. Генерации, д. 4088",55.872091,37.884526
"ул. Генерации, д. 4089",55.502585,37.489842
"ул. Генерации, д. 4090",55.895452,37.790734
"ул. Генерации, д. 4091",55.629479,37.430449
"ул. Генерации, д. 4092",55.720072,37.548247
"ул. Генерации, д. 4093",55.674345,37.783726
"ул. Генерации, д. 4094",55.613202,37.797955
"ул. Генерации, д. 4095",55.807026,37.436674
"ул. Генерации, д. 4096",55.665022,37.3876
"ул. Генерации, д. 4097",55.546703,37.645463
"ул. Генерации, д. 4098",55.728223,37.582899
"ул. Генерации, д. 4099",55.569837,37.87203
"ул. Генерации, д. 4100",55.601518,37.424034
"ул. Генерации, д. 4101",55.539976,37.3942
"ул. Генерации, д. 4102",55.687973,37.363134
"ул. Генерации, д. 4103",55.792878,37.448823
"ул. Генерации, д. 4104",55.59816,37.728035
"ул. Генерации, д. 4105",55.67431,37.426798
"ул. Генерации, д. 4106",55.677211,37.436683
"ул. Генерации, д. 4107",55.743311,37.626232
"ул. Генерации, д. 4108",55.74234,37.403827
"ул. Генерации, д. 4109",55.877363,37.555718
"ул. Генерации, д. 4110",55.54912,37.703365
"ул. Генерации, д. 4111",55.547039,37.854086
"ул. Генерации, д. 4112",55.577849,37.512459
"ул. Генерации, д. 4113",55.773331,37.335884
"ул. Генерации, д. 4114",55.872084,37.815321
"ул. Генерации, д. 4115",55.687047,37.406916
"ул. Генерации, д. 4116",55.578098,37.85521
"ул. Генерации, д. 4117",55.841474,37.500525
"ул. Генерации, д. 4118",55.728858,37.828113
"ул. Генерации, д. 4119",55.567808,37.728706
"ул. Генерации, д. 4120",55.508031,37.613117
"ул. Генерации, д. 4121",55.733565,37.302107
"ул. Генерации, д. 4122",55.580498,37.430854
"ул. Генерации, д. 4123",55.524321,37.330922
"ул. Генерации, д. 4124",55.665725,37.366659
"ул. Генерации, д. 4125",55.882624,37.744679
"ул. Генерации, д. 4126",55.534077,37.712563
"ул. Генерации, д. 4127",55.814675,37.692833
"ул. Генерации, д. 4128",55.736497,37.433978
"ул. Генерации, д. 4129",55.731941,37.816317
"ул. Генерации, д. 4130",55.509224,37.490889
"ул. Генерации, д. 4131",55.624572,37.587416
"ул. Генерации, д. 4132",55.648605,37.887729
"ул. Генерации, д. 4133",55.770043,37.525784
"ул. Генерации, д. 4134",55.67398,37.454634
"ул. Генерации, д. 4135",55.776657,37.687259
"ул. Генерации, д. 4136",55.509234,37.321695
"ул. Генерации, д. 4137",55.624526,37.499895
"ул. Генерации, д. 4138",55.758944,37.798257
"ул. Генерации, д. 4139",55.709508,37.440195
"ул. Генерации, д. 4140",55.829848,37.777208
"ул. Генерации, д. 4141",55.791357,37.316875
"ул. Генерации, д. 4142",55.789786,37.799429
"ул. Генерации, д. 4143",55.703496,37.626664
"ул. Генерации, д. 4144",55.7759,37.892401
"ул. Генерации, д. 4145",55.737133,37.384075
"ул. Генерации, д. 4146",55.74868,37.781645
"ул. Генерации, д. 4147",55.649183,37.301671
"ул. Генерации, д. 4148",55.540569,37.387316
"ул. Генерации, д. 4149",55.857695,37.600692
"ул. Генерации, д. 4150",55.682887,37.868489
"ул. Генерации, д. 4151",55.583181,37.754075
"ул. Генерации, д. 4152",55.830075,37.385719
"ул. Генерации, д. 4153",55.80146,37.491491
"ул. Генерации, д. 4154",55.584735,37.610876
"ул. Генерации, д. 4155",55.803617,37.303657
"ул. Генерации, д. 4156",55.71087,37.578911
"ул. Генерации, д. 4157",55.777926,37.573752
"ул. Генерации, д. 4158",55.713297,37.79446
"ул. Генерации, д. 4159",55.658324,37.456656
"ул. Генерации, д. 4160",55.544605,37.694019
"ул. Генерации, д. 4161",55.573322,37.446492
"ул. Генерации, д. 4162",55.68044,37.667565
"ул. Генерации, д. 4163",55.843278,37.438499
"ул. Генерации, д. 4164",55.658999,37.423922
"ул. Генерации, д. 4165",55.54413,37.872622
"ул. Генерации, д. 4166",55.618996,37.875377
"ул. Генерации, д. 4167",55.767239,37.862704
"ул. Генерации, д. 4168",55.568938,37.324278
"ул. Генерации, д. 4169",55.807489,37.303954
"ул. Генерации, д. 4170",55.754879,37.584207
"ул. Генерации, д. 4171",55.750226,37.300776
"ул. Генерации, д. 4172",55.62955,37.35068
"ул. Генерации, д. 4173",55.895326,37.774653
"ул. Генерации, д. 4174",55.530312,37.386535
"ул. Генерации, д. 4175",55.865584,37.736759
"ул. Генерации, д. 4176",55.833238,37.848059
"ул. Генерации, д. 4177",55.787451,37.690542
"ул. Генерации, д. 4178",55.891529,37.846238
"ул. Генерации, д. 4179",55.786917,37.801234
"ул. Генерации, д. 4180",55.799792,37.412063
"ул. Генерации, д. 4181",55.632715,37.883089
"ул. Генерации, д. 4182",55.827718,37.606891
"ул. Генерации, д. 4183",55.559423,37.764221
"ул. Генерации, д. 4184",55.830095,37.870385
"ул. Генерации, д. 4185",55.503148,37.346963
"ул. Генерации, д. 4186",55.672175,37.677983
"ул. Генерации, д. 4187",55.781554,37.381695
"ул. Генерации, д. 4188",55.614653,37.86903
"ул. Генерации, д. 4189",55.701196,37.824853
"ул. Генерации, д. 4190",55.520157,37.468506
"ул. Генерации, д. 4191",55.604981,37.470518
"ул. Генерации, д. 4192",55.578632,37.605299
"ул. Генерации, д. 4193",55.860869,37.605001
"ул. Генерации, д. 4194",55.541282,37.859709
"ул. Генерации, д. 4195",55.521658,37.511947
"ул. Генерации, д. 4196",55.739929,37.389168
"ул. Генерации, д. 4197",55.502308,37.853219
"ул. Генерации, д. 4198",55.790002,37.752271
"ул. Генерации, д. 4199",55.554355,37.865243
"ул. Генерации, д. 4200",55.513669,37.366809
"ул. Генерации, д. 4201",55.550217,37.757894
"ул. Генерации, д. 4202",55.888343,37.874795
"ул. Генерации, д. 4203",55.513224,37.556735
"ул. Генерации, д. 4204",55.758893,37.522911
"ул. Генерации, д. 4205",55.86586,37.733798
"ул. Генерации, д. 4206",55.706676,37.302755
"ул. Генерации, д. 4207",55.885631,37.517929
"ул. Генерации, д. 4208",55.648532,37.749741
"ул. Генерации, д. 4209",55.65842,37.445726
"ул. Генерации, д. 4210",55.843168,37.782473
"ул. Генерации, д. 4211",55.584823,37.819439
"ул. Генерации, д. 4212",55.631894,37.615987
"ул. Генерации, д. 4213",55.52611,37.336076
"ул. Генерации, д. 4214",55.748659,37.391723
"ул. Генерации, д. 4215",55.655785,37.850614
"ул. Генерации, д. 4216",55.523779,37.516395
"ул. Генерации, д. 4217",55.608461,37.362439
"ул. Генерации, д. 4218",55.868885,37.302354
"ул. Генерации, д. 4219",55.7237,37.357526
"ул. Генерации, д. 4220",55.868431,37.707178
"ул. Генерации, д. 4221",55.735335,37.741122
"ул. Генерации, д. 4222",55.512628,37.761517
"ул. Генерации, д. 4223",55.690635,37.480286
"ул. Генерации, д. 4224",55.804749,37.802837
"ул. Генерации, д. 4225",55.655417,37.368628
"ул. Генерации, д. 4226",55.79869,37.48502
"ул. Генерации, д. 4227",55.862514,37.324912
"ул. Генерации, д. 4228",55.521609,37.855238
"ул. Генерации, д. 4229",55.790938,37.812251
"ул. Генерации, д. 4230",55.623734,37.745244
"ул. Генерации, д. 4231",55.639783,37.325664
"ул. Генерации, д. 4232",55.507846,37.818728
"ул. Генерации, д. 4233",55.549244,37.463846
"ул. Генерации, д. 4234",55.809978,37.302841
"ул. Генерации, д. 4235",55.768706,37.899448
"ул. Генерации, д. 4236",55.719521,37.555102
"ул. Генерации, д. 4237",55.602183,37.379082
"ул. Генерации, д. 4238",55.789398,37.817533
"ул. Генерации, д. 4239",55.832616,37.448516
"ул. Генерации, д. 4240",55.504019,37.651451
"ул. Генерации, д. 4241",55.836744,37.622842
"ул. Генерации, д. 4242",55.779994,37.632262
"ул. Генерации, д. 4243",55.548854,37.673583
"ул. Генерации, д. 4244",55.720404,37.632701
"ул. Генерации, д. 4245",55.743207,37.419907
"ул. Генерации, д. 4246",55.60463,37.654209
"ул. Генерации, д. 4247",55.682034,37.339363
"ул. Генерации, д. 4248",55.62513,37.698353
"ул. Генерации, д. 4249",55.693095,37.37528
"ул. Генерации, д. 4250",55.570163,37.602236
"ул. Генерации, д. 4251",55.884145,37.586561
"ул. Генерации, д. 4252",55.782214,37.37905
"ул. Генерации, д. 4253",55.878924,37.889164
"ул. Генерации, д. 4254",55.521672,37.607761
"ул. Генерации, д. 4255",55.738795,37.448313
"ул. Генерации, д. 4256",55.807067,37.41225
"ул. Генерации, д. 4257",55.86998,37.605248
"ул. Генерации, д. 4258",55.514214,37.583726
"ул. Генерации, д. 4259",55.808564,37.688817
"ул. Генерации, д. 4260",55.639776,37.5999
"ул. Генерации, д. 4261",55.834219,37.351637
"ул. Генерации, д. 4262",55.719352,37.63625
"ул. Генерации, д. 4263",55.55222,37.733562
"ул. Генерации, д. 4264",55.513099,37.767321
"ул. Генерации, д. 4265",55.735811,37.888932
"ул. Генерации, д. 4266",55.720787,37.374285
"ул. Генерации, д. 4267",55.658297,37.394
"ул. Генерации, д. 4268",55.746245,37.452315
"ул. Генерации, д. 4269",55.83047,37.453787
"ул. Генерации, д. 4270",55.814733,37.636385
"ул. Генерации, д. 4271",55.512214,37.330394
"ул. Генерации, д. 4272",55.824307,37.797503
"ул. Генерации, д. 4273",55.671668,37.630035
"ул. Генерации, д. 4274",55.590049,37.836178
"ул. Генерации, д. 4275",55.617407,37.6511
"ул. Генерации, д. 4276",55.848903,37.48856
"ул. Генерации, д. 4277",55.863669,37.320714
"ул. Генерации, д. 4278",55.622403,37.899577
"ул. Генерации, д. 4279",55.629762,37.695524
"ул. Генерации, д. 4280",55.553944,37.565864
"ул. Генерации, д. 4281",55.516312,37.475069
"ул. Генерации, д. 4282",55.711768,37.713295
"ул. Генерации, д. 4283",55.867518,37.687744
"ул. Генерации, д. 4284",55.743511,37.896311
"ул. Генерации, д. 4285",55.547655,37.338303
"ул. Генерации, д. 4286",55.784727,37.544465
"ул. Генерации, д. 4287",55.817487,37.377421
"ул. Генерации, д. 4288",55.830226,37.880997
"ул. Генерации, д. 4289",55.550392,37.316148
"ул. Генерации, д. 4290",55.71797,37.428953
"ул. Генерации, д. 4291",55.687359,37.676697
"ул. Генерации, д. 4292",55.582785,37.796139
"ул. Генерации, д. 4293",55.885456,37.820007
"ул. Генерации, д. 4294",55.875061,37.838017
"ул. Генерации, д. 4295",55.722089,37.411789
"ул. Генерации, д. 4296",55.871151,37.738436
"ул. Генерации, д. 4297",55.711316,37.762921
"ул. Генерации, д. 4298",55.816642,37.437588
"ул. Генерации, д. 4299",55.809348,37.457695
"ул. Генерации, д. 4300",55.727204,37.739814
"ул. Генерации, д. 4301",55.612656,37.614601
"ул. Генерации, д. 4302",55.856163,37.617938
"ул. Генерации, д. 4303",55.559708,37.311623
"ул. Генерации, д. 4304",55.796524,37.87445
"ул. Генерации, д. 4305",55.601449,37.558665
"ул. Генерации, д. 4306",55.832021,37.422615
"ул. Генерации, д. 4307",55.700634,37.381023
"ул. Генерации, д. 4308",55.516315,37.45815
"ул. Генерации, д. 4309",55.872694,37.615598
"ул. Генерации, д. 4310",55.762317,37.502601
"ул. Генерации, д. 4311",55.646747,37.386809
"ул. Генерации, д. 4312",55.631769,37.444089
"ул. Генерации, д. 4313",55.687098,37.862693
"ул. Генерации, д. 4314",55.884082,37.622189
"ул. Генерации, д. 4315",55.766064,37.739121
"ул. Генерации, д. 4316",55.578797,37.890861
"ул. Генерации, д. 4317",55.70242,37.865331
"ул. Генерации, д. 4318",55.537065,37.768976
"ул. Генерации, д. 4319",55.578273,37.595084
"ул. Генерации, д. 4320",55.887806,37.458059
"ул. Генерации, д. 4321",55.782972,37.647205
"ул. Генерации, д. 4322",55.899083,37.396195
"ул. Генерации, д. 4323",55.829061,37.303526
"ул. Генерации, д. 4324",55.515876,37.327995
"ул. Генерации, д. 4325",55.626216,37.436463
"ул. Генерации, д. 4326",55.599737,37.497643
"ул. Генерации, д. 4327",55.65139,37.413319
"ул. Генерации, д. 4328",55.762448,37.406746
"ул. Генерации, д. 4329",55.554329,37.590797
"ул. Генерации, д. 4330",55.877309,37.310647
"ул. Генерации, д. 4331",55.554241,37.389295
"ул. Генерации, д. 4332",55.890757,37.442478
"ул. Генерации, д. 4333",55.511326,37.339181
"ул. Генерации, д. 4334",55.894802,37.402865
"ул. Генерации, д. 4335",55.834196,37.722523
"ул. Генерации, д. 4336",55.87238,37.352163
"ул. Генерации, д. 4337",55.51461,37.527012
"ул. Генерации, д. 4338",55.702623,37.672452
"ул. Генерации, д. 4339",55.643423,37.771169
"ул. Генерации, д. 4340",55.749744,37.34524
"ул. Генерации, д. 4341",55.817375,37.309238
"ул. Генерации, д. 4342",55.732446,37.748129
"ул. Генерации, д. 4343",55.798344,37.872651
"ул. Генерации, д. 4344",55.564688,37.82574
"ул. Генерации, д. 4345",55.818295,37.880568
"ул. Генерации, д. 4346",55.57501,37.788388
"ул. Генерации, д. 4347",55.774273,37.822236
"ул. Генерации, д. 4348",55.680542,37.581643
"ул. Генерации, д. 4349",55.762037,37.830631
"ул. Генерации, д. 4350",55.851075,37.561821
"ул. Генерации, д. 4351",55.714061,37.630063
"ул. Генерации, д. 4352",55.517997,37.620013
"ул. Генерации, д. 4353",55.594764,37.686552
"ул. Генерации, д. 4354",55.742914,37.724114
"ул. Генерации, д. 4355",55.657119,37.760485
"ул. Генерации, д. 4356",55.849347,37.465449
"ул. Генерации, д. 4357",55.825044,37.735616
"ул. Генерации, д. 4358",55.664158,37.574104
"ул. Генерации, д. 4359",55.510794,37.530087
"ул. Генерации, д. 4360",55.547862,37.699935
"ул. Генерации, д. 4361",55.586436,37.65136
"ул. Генерации, д. 4362",55.551239,37.317907
"ул. Генерации, д. 4363",55.664328,37.698938
"ул. Генерации, д. 4364",55.657197,37.497939
"ул. Генерации, д. 4365",55.839395,37.740785
"ул. Генерации, д. 4366",55.663098,37.463231
"ул. Генерации, д. 4367",55.756153,37.306451
"ул. Генерации, д. 4368",55.805576,37.321214
"ул. Генерации, д. 4369",55.601413,37.486335
"ул. Генерации, д. 4370",55.695663,37.484765
"ул. Генерации, д. 4371",55.577292,37.800119
"ул. Генерации, д. 4372",55.757812,37.84932
"ул. Генерации, д. 4373",55.526864,37.89844
"ул. Генерации, д. 4374",55.886645,37.891607
"ул. Генерации, д. 4375",55.716134,37.55119
"ул. Генерации, д. 4376",55.740308,37.567938
"ул. Генерации, д. 4377",55.867936,37.833639
"ул. Генерации, д. 4378",55.502362,37.848176
"ул. Генерации, д. 4379",55.505661,37.570445
"ул. Генерации, д. 4380",55.782177,37.341073
"ул. Генерации, д. 4381",55.769702,37.432913
"ул. Генерации, д. 4382",55.666302,37.856815
"ул. Генерации, д. 4383",55.875729,37.714182
"ул. Генерации, д. 4384",55.613356,37.486594
"ул. Генерации, д. 4385",55.51554,37.84973
"ул. Генерации, д. 4386",55.800643,37.660257
"ул. Генерации, д. 4387",55.524646,37.342636
"ул. Генерации, д. 4388",55.808209,37.443563
"ул. Генерации, д. 4389",55.796874,37.611997
"ул. Генерации, д. 4390",55.768561,37.828011
"ул. Генерации, д. 4391",55.714265,37.360244
"ул. Генерации, д. 4392",55.504078,37.880484
"ул. Генерации, д. 4393",55.553194,37.463853
"ул. Генерации, д. 4394",55.584691,37.629717
"ул. Генерации, д. 4395",55.60231,37.819064
"ул. Генерации, д. 4396",55.625104,37.55206
"ул. Генерации, д. 4397",55.754154,37.897211
"ул. Генерации, д. 4398",55.897443,37.881449
"ул. Генерации, д. 4399",55.673391,37.870719
"ул. Генерации, д. 4400",55.883356,37.540855
"ул. Генерации, д. 4401",55.543817,37.461529
"ул. Генерации, д. 4402",55.816381,37.774579
"ул. Генерации, д. 4403",55.885474,37.759685
"ул. Генерации, д. 4404",55.846801,37.858294
"ул. Генерации, д. 4405",55.787087,37.574982
"ул. Генерации, д. 4406",55.704652,37.663337
"ул. Генерации, д. 4407",55.87109,37.782094
"ул. Генерации, д. 4408",55.510996,37.529067
"ул. Генерации, д. 4409",55.599117,37.459647
"ул. Генерации, д. 4410",55.613113,37.721797
"ул. Генерации, д. 4411",55.807176,37.626396
"ул. Генерации, д. 4412",55.562286,37.326879
"ул. Генерации, д. 4413",55.875965,37.556012
"ул. Генерации, д. 4414",55.667824,37.642633
"ул. Генерации, д. 4415",55.643205,37.674833
"ул. Генерации, д. 4416",55.506161,37.415229
"ул. Генерации, д. 4417",55.681151,37.501054
"ул. Генерации, д. 4418",55.882505,37.743865
"ул. Генерации, д. 4419",55.888628,37.596967
"ул. Генерации, д. 4420",55.698224,37.51804
"ул. Генерации, д. 4421",55.890886,37.475644
"ул. Генерации, д. 4422",55.630128,37.33048
"ул. Генерации, д. 4423",55.592908,37.455926
"ул. Генерации, д. 4424",55.56784,37.599109
"ул. Генерации, д. 4425",55.793257,37.572005
"ул. Генерации, д. 4426",55.612395,37.878565
"ул. Генерации, д. 4427",55.580095,37.455781
"ул. Генерации, д. 4428",55.566919,37.687756
"ул. Генерации, д. 4429",55.806985,37.831111
"ул. Генерации, д. 4430",55.580829,37.635888
"ул. Генерации, д. 4431",55.821118,37.50868
"ул. Генерации, д. 4432",55.581058,37.400539
"ул. Генерации, д. 4433",55.782759,37.635941
"ул. Генерации, д. 4434",55.881981,37.598509
"ул. Генерации, д. 4435",55.864162,37.707482
"ул. Генерации, д. 4436",55.867169,37.731328
"ул. Генерации, д. 4437",55.820663,37.3396
"ул. Генерации, д. 4438",55.799246,37.663009
"ул. Генерации, д. 4439",55.869997,37.888561
"ул. Генерации, д. 4440",55.685912,37.829106
"ул. Генерации, д. 4441",55.5413,37.561636
"ул. Генерации, д. 4442",55.643384,37.422074
"ул. Генерации, д. 4443",55.619971,37.806174
"ул. Генерации, д. 4444",55.578488,37.637488
"ул. Генерации, д. 4445",55.84089,37.617936
"ул. Генерации, д. 4446",55.84548,37.59324
"ул. Генерации, д. 4447",55.522683,37.84716
"ул. Генерации, д. 4448",55.760827,37.868079
"ул. Генерации, д. 4449",55.72409,37.646608
"ул. Генерации, д. 4450",55.644938,37.429678
"ул. Генерации, д. 4451",55.582939,37.733756
"ул. Генерации, д. 4452",55.830053,37.669558
"ул. Генерации, д. 4453",55.637882,37.323012
"ул. Генерации, д. 4454",55.569451,37.358828
"ул. Генерации, д. 4455",55.512752,37.738215
"ул. Генерации, д. 4456",55.829244,37.448656
"ул. Генерации, д. 4457",55.672201,37.698333
"ул. Генерации, д. 4458",55.569625,37.374621
"ул. Генерации, д. 4459",55.741667,37.655578
"ул. Генерации, д. 4460",55.695865,37.868768
"ул. Генерации, д. 4461",55.621932,37.853727
"ул. Генерации, д. 4462",55.671315,37.423655
"ул. Генерации, д. 4463",55.681305,37.828659
"ул. Генерации, д. 4464",55.847382,37.51167
"ул. Генерации, д. 4465",55.890092,37.580709
"ул. Генерации, д. 4466",55.650842,37.854384
"ул. Генерации, д. 4467",55.889282,37.432831
"ул. Генерации, д. 4468",55.670317,37.708174
"ул. Генерации, д. 4469",55.833013,37.492361
"ул. Генерации, д. 4470",55.608507,37.79295
"ул. Генерации, д. 4471",55.879231,37.767534
"ул. Генерации, д. 4472",55.697228,37.778801
"ул. Генерации, д. 4473",55.529811,37.589944
"ул. Генерации, д. 4474",55.804249,37.743828
"ул. Генерации, д. 4475",55.50869,37.360307
"ул. Генерации, д. 4476",55.878336,37.328432
"ул. Генерации, д. 4477",55.704007,37.744148
"ул. Генерации, д. 4478",55.698717,37.877909
"ул. Генерации, д. 4479",55.73959,37.876138
"ул. Генерации, д. 4480",55.731879,37.552271
"ул. Генерации, д. 4481",55.598838,37.361278
"ул. Генерации, д. 4482",55.566417,37.745935
"ул. Генерации, д. 4483",55.540926,37.82375
"ул. Генерации, д. 4484",55.540705,37.503976
"ул. Генерации, д. 4485",55.808055,37.890769
"ул. Генерации, д. 4486",55.525269,37.807918
"ул. Генерации, д. 4487",55.638967,37.565694
"ул. Генерации, д. 4488",55.747163,37.538114
"ул. Генерации, д. 4489",55.684317,37.590136
"ул. Генерации, д. 4490",55.512596,37.662164
"ул. Генерации, д. 4491",55.641126,37.491747
"ул. Генерации, д. 4492",55.500906,37.367287
"ул. Генерации, д. 4493",55.643079,37.664229
"ул. Генерации, д. 4494",55.752929,37.368145
"ул. Генерации, д. 4495",55.78691,37.660799
"ул. Генерации, д. 4496",55.586766,37.615325
"ул. Генерации, д. 4497",55.716392,37.412027
"ул. Генерации, д. 4498",55.837222,37.535087
"ул. Генерации, д. 4499",55.713625,37.367453
"ул. Генерации, д. 4500",55.566721,37.854892
"ул. Генерации, д. 4501",55.562701,37.844308
"ул. Генерации, д. 4502",55.757461,37.866507
"ул. Генерации, д. 4503",55.605956,37.366249
"ул. Генерации, д. 4504",55.690282,37.532825
"ул. Генерации, д. 4505",55.697288,37.309034
"ул. Генерации, д. 4506",55.740351,37.506365
"ул. Генерации, д. 4507",55.741608,37.872854
"ул. Генерации, д. 4508",55.866935,37.757759
"ул. Генерации, д. 4509",55.619216,37.531249
"ул. Генерации, д. 4510",55.723071,37.383587
"ул. Генерации, д. 4511",55.826313,37.715531
"ул. Генерации, д. 4512",55.534606,37.610863
"ул. Генерации, д. 4513",55.664163,37.429281
"ул. Генерации, д. 4514",55.576917,37.796126
"ул. Генерации, д. 4515",55.536826,37.587784
"ул. Генерации, д. 4516",55.790943,37.365903
"ул. Генерации, д. 4517",55.730143,37.670482
"ул. Генерации, д. 4518",55.589381,37.767709
"ул. Генерации, д. 4519",55.69064,37.602247
"ул. Генерации, д. 4520",55.591412,37.520502
"ул. Генерации, д. 4521",55.597529,37.860226
"ул. Генерации, д. 4522",55.88295,37.874962
"ул. Генерации, д. 4523",55.566168,37.620796
"ул. Генерации, д. 4524",55.784667,37.341274
"ул. Генерации, д. 4525",55.569741,37.506211
"ул. Генерации, д. 4526",55.752326,37.523995
"ул. Генерации, д. 4527",55.743767,37.335971
"ул. Генерации, д. 4528",55.701645,37.499504
"ул. Генерации, д. 4529",55.80237,37.374524
"ул. Генерации, д. 4530",55.700417,37.449821
"ул. Генерации, д. 4531",55.541846,37.344577
"ул. Генерации, д. 4532",55.716406,37.528399
"ул. Генерации, д. 4533",55.898413,37.326534
"ул. Генерации, д. 4534",55.587079,37.731564
"ул. Генерации, д. 4535",55.718399,37.850523
"ул. Генерации, д. 4536",55.538963,37.694541
"ул. Генерации, д. 4537",55.884323,37.419063
"ул. Генерации, д. 4538",55.523517,37.467502
"ул. Генерации, д. 4539",55.676801,37.807374
"ул. Генерации, д. 4540",55.721396,37.742057
"ул. Генерации, д. 4541",55.674298,37.499545
"ул. Генерации, д. 4542",55.734117,37.377137
"ул. Генерации, д. 4543",55.509965,37.326319
"ул. Генерации, д. 4544",55.534317,37.568944
"ул. Генерации, д. 4545",55.642361,37.725031
"ул. Генерации, д. 4546",55.69996,37.308965
"ул. Генерации, д. 4547",55.895082,37.487532
"ул. Генерации, д. 4548",55.556106,37.707127
"ул. Генерации, д. 4549",55.527052,37.851225
"ул. Генерации, д. 4550",55.758037,37.449367
"ул. Генерации, д. 4551",55.860639,37.813089
"ул. Генерации, д. 4552",55.797214,37.545202
"ул. Генерации, д. 4553",55.892937,37.588913
"ул. Генерации, д. 4554",55.63634,37.591067
"ул. Генерации, д. 4555",55.554936,37.361586
"ул. Генерации, д. 4556",55.516952,37.565678
"ул. Генерации, д. 4557",55.858226,37.439028
"ул. Генерации, д. 4558",55.569815,37.862634
"ул. Генерации, д. 4559",55.726114,37.679529
"ул. Генерации, д. 4560",55.6226,37.854302
"ул. Генерации, д. 4561",55.79202,37.620002
"ул. Генерации, д. 4562",55.606706,37.440292
"ул. Генерации, д. 4563",55.566757,37.592634
"ул. Генерации, д. 4564",55.769146,37.424371
"ул. Генерации, д. 4565",55.782723,37.808575
"ул. Генерации, д. 4566",55.870673,37.325046
"ул. Генерации, д. 4567",55.718487,37.632406
"ул. Генерации, д. 4568",55.796949,37.677518
"ул. Генерации, д. 4569",55.729852,37.707211
"ул. Генерации, д. 4570",55.88277,37.761128
"ул. Генерации, д. 4571",55.7641,37.378893
"ул. Генерации, д. 4572",55.791156,37.886188
"ул. Генерации, д. 4573",55.893739,37.870502
"ул. Генерации, д. 4574",55.522515,37.812073
"ул. Генерации, д. 4575",55.592489,37.707667
"ул. Генерации, д. 4576",55.70427,37.680933
"ул. Генерации, д. 4577",55.51374,37.82728
"ул. Генерации, д. 4578",55.527729,37.456175
"ул. Генерации, д. 4579",55.745578,37.40259
"ул. Генерации, д. 4580",55.650576,37.725902
"ул. Генерации, д. 4581",55.756256,37.55293
"ул. Генерации, д. 4582",55.714339,37.785095
"ул. Генерации, д. 4583",55.876507,37.307002
"ул. Генерации, д. 4584",55.730368,37.718583
"ул. Генерации, д. 4585",55.658636,37.832802
"ул. Генерации, д. 4586",55.794156,37.54896
"ул. Генерации, д. 4587",55.665016,37.380707
"ул. Генерации, д. 4588",55.601404,37.523843
"ул. Генерации, д. 4589",55.522757,37.549605
"ул. Генерации, д. 4590",55.569554,37.317389
"ул. Генерации, д. 4591",55.899524,37.613896
"ул. Генерации, д. 4592",55.656195,37.420482
"ул. Генерации, д. 4593",55.690393,37.369957
"ул. Генерации, д. 4594",55.563855,37.372032
"ул. Генерации, д. 4595",55.680763,37.556782
"ул. Генерации, д. 4596",55.81416,37.646633
"ул. Генерации, д. 4597",55.85108,37.784362
"ул. Генерации, д. 4598",55.819008,37.56588
"ул. Генерации, д. 4599",55.563315,37.805203
"ул. Генерации, д. 4600",55.503881,37.341463
"ул. Генерации, д. 4601",55.826703,37.766099
"ул. Генерации, д. 4602",55.589288,37.656493
"ул. Генерации, д. 4603",55.706601,37.825458
"ул. Генерации, д. 4604",55.618981,37.50284
"ул. Генерации, д. 4605",55.690474,37.521649
"ул. Генерации, д. 4606",55.879947,37.875429
"ул. Генерации, д. 4607",55.636194,37.652692
"ул. Генерации, д. 4608",55.858451,37.332425
"ул. Генерации, д. 4609",55.762444,37.308747
"ул. Генерации, д. 4610",55.779608,37.490042
"ул. Генерации, д. 4611",55.692619,37.35925
"ул. Генерации, д. 4612",55.718617,37.864372
"ул. Генерации, д. 4613",55.546801,37.889909
"ул. Генерации, д. 4614",55.805927,37.876658
"ул. Генерации, д. 4615",55.513345,37.461793
"ул. Генерации, д. 4616",55.659397,37.450075
"ул. Генерации, д. 4617",55.806994,37.378396
"ул. Генерации, д. 4618",55.820966,37.650761
"ул. Генерации, д. 4619",55.805586,37.750974
"ул. Генерации, д. 4620",55.527723,37.88278
"ул. Генерации, д. 4621",55.715615,37.57118
"ул. Генерации, д. 4622",55.781694,37.331756
"ул. Генерации, д. 4623",55.724651,37.876138
"ул. Генерации, д. 4624",55.848582,37.808379
"ул. Генерации, д. 4625",55.720085,37.57405
"ул. Генерации, д. 4626",55.850881,37.405827
"ул. Генерации, д. 4627",55.879082,37.686284
"ул. Генерации, д. 4628",55.663187,37.669214
"ул. Генерации, д. 4629",55.735179,37.846405
"ул. Генерации, д. 4630",55.753752,37.681578
"ул. Генерации, д. 4631",55.764033,37.305515
"ул. Генерации, д. 4632",55.507512,37.483879
"ул. Генерации, д. 4633",55.682688,37.718725
"ул. Генерации, д. 4634",55.73525,37.76773
"ул. Генерации, д. 4635",55.667236,37.464983
"ул. Генерации, д. 4636",55.708531,37.330631
"ул. Генерации, д. 4637",55.545063,37.575292
"ул. Генерации, д. 4638",55.579899,37.435562
"ул. Генерации, д. 4639",55.508803,37.509978
"ул. Генерации, д. 4640",55.725364,37.788393
"ул. Генерации, д. 4641",55.663313,37.667006
"ул. Генерации, д. 4642",55.804554,37.487093
"ул. Генерации, д. 4643",55.686948,37.8976
"ул. Генерации, д. 4644",55.566937,37.430156
"ул. Генерации, д. 4645",55.848377,37.36646
"ул. Генерации, д. 4646",55.86781,37.794729
"ул. Генерации, д. 4647",55.570811,37.707657
"ул. Генерации, д. 4648",55.765673,37.855468
"ул. Генерации, д. 4649",55.659973,37.528326
"ул. Генерации, д. 4650",55.86234,37.507784
"ул. Генерации, д. 4651",55.82747,37.314872
"ул. Генерации, д. 4652",55.878004,37.726535
"ул. Генерации, д. 4653",55.664363,37.717115
"ул. Генерации, д. 4654",55.650836,37.622928
"ул. Генерации, д. 4655",55.661939,37.813465
"ул. Генерации, д. 4656",55.837489,37.531155
"ул. Генерации, д. 4657",55.561028,37.496743
"ул. Генерации, д. 4658",55.890345,37.537828
"ул. Генерации, д. 4659",55.733653,37.688385
"ул. Генерации, д. 4660",55.52938,37.639485
"ул. Генерации, д. 4661",55.888968,37.75279
"ул. Генерации, д. 4662",55.556199,37.671479
"ул. Генерации, д. 4663",55.694499,37.648749
"ул. Генерации, д. 4664",55.797997,37.460979
"ул. Генерации, д. 4665",55.691486,37.517677
"ул. Генерации, д. 4666",55.895115,37.654799
"ул. Генерации, д. 4667",55.847682,37.598906
"ул. Генерации, д. 4668",55.547502,37.783751
"ул. Генерации, д. 4669",55.815534,37.349488
"ул. Генерации, д. 4670",55.853054,37.554234
"ул. Генерации, д. 4671",55.711303,37.341138
"ул. Генерации, д. 4672",55.744905,37.605633
"ул. Генерации, д. 4673",55.613315,37.496352
"ул. Генерации, д. 4674",55.605575,37.755612
"ул. Генерации, д. 4675",55.644724,37.412926
"ул. Генерации, д. 4676",55.507071,37.316694
"ул. Генерации, д. 4677",55.858381,37.345139
"ул. Генерации, д. 4678",55.817882,37.311558
"ул. Генерации, д. 4679",55.586632,37.53473
"ул. Генерации, д. 4680",55.605719,37.773822
"ул. Генерации, д. 4681",55.611084,37.610572
"ул. Генерации, д. 4682",55.50625,37.826077
"ул. Генерации, д. 4683",55.504833,37.335927
"ул. Генерации, д. 4684",55.871512,37.560851
"ул. Генерации, д. 4685",55.589708,37.42002
"ул. Генерации, д. 4686",55.649984,37.634802
"ул. Генерации, д. 4687",55.548,37.388938
"ул. Генерации, д. 4688",55.894011,37.463941
"ул. Генерации, д. 4689",55.681447,37.68902
"ул. Генерации, д. 4690",55.858765,37.585133
"ул. Генерации, д. 4691",55.856947,37.303109
"ул. Генерации, д. 4692",55.672521,37.777766
"ул. Генерации, д. 4693",55.858452,37.432776
"ул. Генерации, д. 4694",55.515014,37.858027
"ул. Генерации, д. 4695",55.678269,37.348747
"ул. Генерации, д. 4696",55.522977,37.627882
"ул. Генерации, д. 4697",55.642501,37.86872
"ул. Генерации, д. 4698",55.838469,37.519731
"ул. Генерации, д. 4699",55.73706,37.694371
"ул. Генерации, д. 4700",55.647398,37.780004
"ул. Генерации, д. 4701",55.621475,37.605788
"ул. Генерации, д. 4702",55.801431,37.756521
"ул. Генерации, д. 4703",55.739184,37.706173
"ул. Генерации, д. 4704",55.695587,37.300137
"ул. Генерации, д. 4705",55.665357,37.375274
"ул. Генерации, д. 4706",55.662867,37.774282
"ул. Генерации, д. 4707",55.66298,37.871929
"ул. Генерации, д. 4708",55.571534,37.544454
"ул. Генерации, д. 4709",55.72888,37.759541
"ул. Генерации, д. 4710",55.857323,37.538459
"ул. Генерации, д. 4711",55.557838,37.72119
"ул. Генерации, д. 4712",55.524751,37.395749
"ул. Генерации, д. 4713",55.709048,37.539386
"ул. Генерации, д. 4714",55.855783,37.891204
"ул. Генерации, д. 4715",55.816783,37.615747
"ул. Генерации, д. 4716",55.600148,37.878816
"ул. Генерации, д. 4717",55.774642,37.475986
"ул. Генерации, д. 4718",55.537175,37.57838
"ул. Генерации, д. 4719",55.70666,37.808201
"ул. Генерации, д. 4720",55.712648,37.523404
"ул. Генерации, д. 4721",55.800123,37.643183
"ул. Генерации, д. 4722",55.86665,37.731053
"ул. Генерации, д. 4723",55.864805,37.611564
"ул. Генерации, д. 4724",55.892926,37.731315
"ул. Генерации, д. 4725",55.65199,37.638865
"ул. Генерации, д. 4726",55.532225,37.647287
"ул. Генерации, д. 4727",55.73121,37.74263
"ул. Генерации, д. 4728",55.603425,37.377536
"ул. Генерации, д. 4729",55.701094,37.544492
"ул. Генерации, д. 4730",55.640424,37.695623
"ул. Генерации, д. 4731",55.751498,37.356162
"ул. Генерации, д. 4732",55.748343,37.602251
"ул. Генерации, д. 4733",55.536437,37.505112
"ул. Генерации, д. 4734",55.63628,37.764312
"ул. Генерации, д. 4735",55.534029,37.589625
"ул. Генерации, д. 4736",55.673152,37.814813
"ул. Генерации, д. 4737",55.89716,37.539073
"ул. Генерации, д. 4738",55.81264,37.639975
"ул. Генерации, д. 4739",55.703995,37.732882
"ул. Генерации, д. 4740",55.566869,37.37335
"ул. Генерации, д. 4741",55.509053,37.813734
"ул. Генерации, д. 4742",55.566102,37.757732
"ул. Генерации, д. 4743",55.750766,37.691397
"ул. Генерации, д. 4744",55.709427,37.471619
"ул. Генерации, д. 4745",55.56192,37.729994
"ул. Генерации, д. 4746",55.519696,37.746275
"ул. Генерации, д. 4747",55.553065,37.54469
"ул. Генерации, д. 4748",55.521617,37.597772
"ул. Генерации, д. 4749",55.658161,37.775629
"ул. Генерации, д. 4750",55.59407,37.662977
"ул. Генерации, д. 4751",55.723852,37.808016
"ул. Генерации, д. 4752",55.79279,37.887903
"ул. Генерации, д. 4753",55.860386,37.327611
"ул. Генерации, д. 4754",55.7863,37.586924
"ул. Генерации, д. 4755",55.5125,37.732205
"ул. Генерации, д. 4756",55.530907,37.554217
"ул. Генерации, д. 4757",55.557545,37.65317
"ул. Генерации, д. 4758",55.758698,37.323177
"ул. Генерации, д. 4759",55.633271,37.365907
"ул. Генерации, д. 4760",55.78904,37.430227
"ул. Генерации, д. 4761",55.542049,37.402315
"ул. Генерации, д. 4762",55.790463,37.768773
"ул. Генерации, д. 4763",55.535089,37.720691
"ул. Генерации, д. 4764",55.7475,37.376269
"ул. Генерации, д. 4765",55.531272,37.475581
"ул. Генерации, д. 4766",55.602711,37.66619
"ул. Генерации, д. 4767",55.547179,37.765613
"ул. Генерации, д. 4768",55.54344,37.873435
"ул. Генерации, д. 4769",55.521426,37.384268
"ул. Генерации, д. 4770",55.57589,37.461446
"ул. Генерации, д. 4771",55.796548,37.418394
"ул. Генерации, д. 4772",55.537533,37.636615
"ул. Генерации, д. 4773",55.857655,37.866356
"ул. Генерации, д. 4774",55.575466,37.667445
"ул. Генерации, д. 4775",55.539262,37.301752
"ул. Генерации, д. 4776",55.602784,37.777078
"ул. Генерации, д. 4777",55.553311,37.776893
"ул. Генерации, д. 4778",55.510556,37.382071
"ул. Генерации, д. 4779",55.753056,37.680742
"ул. Генерации, д. 4780",55.638215,37.370717
"ул. Генерации, д. 4781",55.890917,37.509343
"ул. Генерации, д. 4782",55.744092,37.315442
"ул. Генерации, д. 4783",55.505665,37.843167
"ул. Генерации, д. 4784",55.630776,37.394767
"ул. Генерации, д. 4785",55.870798,37.521815
"ул. Генерации, д. 4786",55.622078,37.796192
"ул. Генерации, д. 4787",55.774987,37.891283
"ул. Генерации, д. 4788",55.660462,37.822069
"ул. Генерации, д. 4789",55.619846,37.416335
"ул. Генерации, д. 4790",55.84218,37.522248
"ул. Генерации, д. 4791",55.700742,37.488857
"ул. Генерации, д. 4792",55.788857,37.583882
"ул. Генерации, д. 4793",55.87809,37.338625
"ул. Генерации, д. 4794",55.790084,37.306807
"ул. Генерации, д. 4795",55.773147,37.784942
"ул. Генерации, д. 4796",55.68978,37.833026
"ул. Генерации, д. 4797",55.517692,37.701993
"ул. Генерации, д. 4798",55.612008,37.736678
"ул. Генерации, д. 4799",55.898612,37.345883
"ул. Генерации, д. 4800",55.832118,37.793888
"ул. Генерации, д. 4801",55.558999,37.525931
"ул. Генерации, д. 4802",55.781427,37.335273
"ул. Генерации, д. 4803",55.79352,37.766087
"ул. Генерации, д. 4804",55.857184,37.861357
"ул. Генерации, д. 4805",55.894889,37.559959
"ул. Генерации, д. 4806",55.808811,37.549462
"ул. Генерации, д. 4807",55.735886,37.450991
"ул. Генерации, д. 4808",55.775484,37.748872
"ул. Генерации, д. 4809",55.800909,37.560262
"ул. Генерации, д. 4810",55.723358,37.666406
"ул. Генерации, д. 4811",55.570256,37.546561
"ул. Генерации, д. 4812",55.87363,37.4326
"ул. Генерации, д. 4813",55.86541,37.64871
"ул. Генерации, д. 4814",55.520879,37.748957
"ул. Генерации, д. 4815",55.633975,37.646715
"ул. Генерации, д. 4816",55.628401,37.61664
"ул. Генерации, д. 4817",55.885102,37.58386
"ул. Генерации, д. 4818",55.777479,37.48553
"ул. Генерации, д. 4819",55.788639,37.720918
"ул. Генерации, д. 4820",55.707536,37.482
"ул. Генерации, д. 4821",55.74031,37.828402
"ул. Генерации, д. 4822",55.709849,37.693111
"ул. Генерации, д. 4823",55.508925,37.540643
"ул. Генерации, д. 4824",55.568058,37.739783
"ул. Генерации, д. 4825",55.654246,37.765442
"ул. Генерации, д. 4826",55.864956,37.761292
"ул. Генерации, д. 4827",55.805934,37.351664
"ул. Генерации, д. 4828",55.608698,37.725224
"ул. Генерации, д. 4829",55.724702,37.635363
"ул. Генерации, д. 4830",55.790299,37.626364
"ул. Генерации, д. 4831",55.702103,37.715391
"ул. Генерации, д. 4832",55.855905,37.652173
"ул. Генерации, д. 4833",55.614866,37.686973
"ул. Генерации, д. 4834",55.64087,37.453944
"ул. Генерации, д. 4835",55.708002,37.327797
"ул. Генерации, д. 4836",55.571097,37.329426
"ул. Генерации, д. 4837",55.78831,37.476561
"ул. Генерации, д. 4838",55.509893,37.399736
"ул. Генерации, д. 4839",55.71171,37.89811
"ул. Генерации, д. 4840",55.8253,37.414519
"ул. Генерации, д. 4841",55.738293,37.782042
"ул. Генерации, д. 4842",55.67203,37.366018
"ул. Генерации, д. 4843",55.789784,37.512357
"ул. Генерации, д. 4844",55.680125,37.370966
"ул. Генерации, д. 4845",55.626721,37.646301
"ул. Генерации, д. 4846",55.546315,37.550464
"ул. Генерации, д. 4847",55.877161,37.355265
"ул. Генерации, д. 4848",55.78498,37.325661
"ул. Генерации, д. 4849",55.675724,37.696673
"ул. Генерации, д. 4850",55.695062,37.589849
"ул. Генерации, д. 4851",55.725969,37.546386
"ул. Генерации, д. 4852",55.532916,37.881419
"ул. Генерации, д. 4853",55.769233,37.318095
"ул. Генерации, д. 4854",55.601333,37.420087
"ул. Генерации, д. 4855",55.574737,37.523988
"ул. Генерации, д. 4856",55.791375,37.628013
"ул. Генерации, д. 4857",55.643608,37.681276
"ул. Генерации, д. 4858",55.824446,37.355781
"ул. Генерации, д. 4859",55.508963,37.407479
"ул. Генерации, д. 4860",55.8331,37.714232
"ул. Генерации, д. 4861",55.764024,37.842753
"ул. Генерации, д. 4862",55.564447,37.736169
"ул. Генерации, д. 4863",55.899906,37.755607
"ул. Генерации, д. 4864",55.542437,37.621445
"ул. Генерации, д. 4865",55.590333,37.464536
"ул. Генерации, д. 4866",55.77316,37.583383
"ул. Генерации, д. 4867",55.700946,37.347804
"ул. Генерации, д. 4868",55.858365,37.392177
"ул. Генерации, д. 4869",55.634228,37.733424
"ул. Генерации, д. 4870",55.722468,37.496736
"ул. Генерации, д. 4871",55.677814,37.470084
"ул. Генерации, д. 4872",55.790216,37.489385
"ул. Генерации, д. 4873",55.735528,37.755643
"ул. Генерации, д. 4874",55.719139,37.76192
"ул. Генерации, д. 4875",55.723084,37.3917
"ул. Генерации, д. 4876",55.87614,37.782954
"ул. Генерации, д. 4877",55.570709,37.326736
"ул. Генерации, д. 4878",55.641842,37.321137
"ул. Генерации, д. 4879",55.821453,37.329501
"ул. Генерации, д. 4880",55.685749,37.892619
"ул. Генерации, д. 4881",55.572464,37.496456
"ул. Генерации, д. 4882",55.652811,37.826143
"ул. Генерации, д. 4883",55.732718,37.737525
"ул. Генерации, д. 4884",55.585136,37.470415
"ул. Генерации, д. 4885",55.821647,37.723011
"ул. Генерации, д. 4886",55.731613,37.850002
"ул. Генерации, д. 4887",55.787796,37.40811
"ул. Генерации, д. 4888",55.840593,37.571757
"ул. Генерации, д. 4889",55.81447,37.522852
"ул. Генерации, д. 4890",55.706102,37.455297
"ул. Генерации, д. 4891",55.541152,37.362619
"ул. Генерации, д. 4892",55.751765,37.386399
"ул. Генерации, д. 4893",55.777703,37.60889
"ул. Генерации, д. 4894",55.620553,37.391655
"ул. Генерации, д. 4895",55.789109,37.807018
"ул. Генерации, д. 4896",55.526148,37.65926
"ул. Генерации, д. 4897",55.768333,37.794911
"ул. Генерации, д. 4898",55.661678,37.736205
"ул. Генерации, д. 4899",55.834353,37.332699
"ул. Генерации, д. 4900",55.567062,37.591475
"ул. Генерации, д. 4901",55.581121,37.589541
"ул. Генерации, д. 4902",55.720487,37.680707
"ул. Генерации, д. 4903",55.542383,37.674928
"ул. Генерации, д. 4904",55.762466,37.464162
"ул. Генерации, д. 4905",55.786719,37.476394
"ул. Генерации, д. 4906",55.613344,37.503705
"ул. Генерации, д. 4907",55.613008,37.413835
"ул. Генерации, д. 4908",55.720187,37.454235
"ул. Генерации, д. 4909",55.539058,37.793844
"ул. Генерации, д. 4910",55.68347,37.807526
"ул. Генерации, д. 4911",55.832912,37.427545
"ул. Генерации, д. 4912",55.871058,37.638219
"ул. Генерации, д. 4913",55.873019,37.650499
"ул. Генерации, д. 4914",55.784143,37.307323
"ул. Генерации, д. 4915",55.717771,37.487962
"ул. Генерации, д. 4916",55.761824,37.373926
"ул. Генерации, д. 4917",55.841619,37.889357
"ул. Генерации, д. 4918",55.576307,37.573211
"ул. Генерации, д. 4919",55.583812,37.326239
"ул. Генерации, д. 4920",55.514238,37.35228
"ул. Генерации, д. 4921",55.583109,37.315379
"ул. Генерации, д. 4922",55.552398,37.523858
"ул. Генерации, д. 4923",55.809503,37.353776
"ул. Генерации, д. 4924",55.73829,37.331556
"ул. Генерации, д. 4925",55.720084,37.669099
"ул. Генерации, д. 4926",55.551909,37.748152
"ул. Генерации, д. 4927",55.686554,37.409726
"ул. Генерации, д. 4928",55.611077,37.307492
"ул. Генерации, д. 4929",55.771031,37.536442
"ул. Генерации, д. 4930",55.768749,37.721938
"ул. Генерации, д. 4931",55.606866,37.855878
"ул. Генерации, д. 4932",55.620027,37.53895
"ул. Генерации, д. 4933",55.553876,37.760795
"ул. Генерации, д. 4934",55.619315,37.84012
"ул. Генерации, д. 4935",55.876869,37.438082
"ул. Генерации, д. 4936",55.679172,37.686852
"ул. Генерации, д. 4937",55.649769,37.64312
"ул. Генерации, д. 4938",55.525172,37.433736
"ул. Генерации, д. 4939",55.748636,37.344298
"ул. Генерации, д. 4940",55.780399,37.842001
"ул. Генерации, д. 4941",55.60601,37.516805
"ул. Генерации, д. 4942",55.883197,37.493113
"ул. Генерации, д. 4943",55.560043,37.819362
"ул. Генерации, д. 4944",55.699972,37.674412
"ул. Генерации, д. 4945",55.733876,37.595081
"ул. Генерации, д. 4946",55.88827,37.719383
"ул. Генерации, д. 4947",55.70741,37.534939
"ул. Генерации, д. 4948",55.886041,37.690684
"ул. Генерации, д. 4949",55.89426,37.456809
"ул. Генерации, д. 4950",55.694039,37.709315
"ул. Генерации, д. 4951",55.866584,37.369007
"ул. Генерации, д. 4952",55.818885,37.782021
"ул. Генерации, д. 4953",55.559601,37.483474
"ул. Генерации, д. 4954",55.896145,37.816789
"ул. Генерации, д. 4955",55.839733,37.885277
"ул. Генерации, д. 4956",55.884213,37.609194
"ул. Генерации, д. 4957",55.800672,37.678412
"ул. Генерации, д. 4958",55.65899,37.794074
"ул. Генерации, д. 4959",55.88673,37.733708
"ул. Генерации, д. 4960",55.519354,37.556435
"ул. Генерации, д. 4961",55.731483,37.662877
"ул. Генерации, д. 4962",55.704073,37.842559
"ул. Генерации, д. 4963",55.881732,37.770355
"ул. Генерации, д. 4964",55.596903,37.86177
"ул. Генерации, д. 4965",55.675656,37.859451
"ул. Генерации, д. 4966",55.7814,37.582391
"ул. Генерации, д. 4967",55.767143,37.447115
"ул. Генерации, д. 4968",55.637069,37.801442
"ул. Генерации, д. 4969",55.869512,37.573284
"ул. Генерации, д. 4970",55.700425,37.457151
"ул. Генерации, д. 4971",55.842195,37.510516
"ул. Генерации, д. 4972",55.86426,37.323953
"ул. Генерации, д. 4973",55.703032,37.370507
"ул. Генерации, д. 4974",55.585064,37.566566
"ул. Генерации, д. 4975",55.824281,37.76845
"ул. Генерации, д. 4976",55.597723,37.326068
"ул. Генерации, д. 4977",55.598391,37.678373
"ул. Генерации, д. 4978",55.543038,37.541621
"ул. Генерации, д. 4979",55.570922,37.687882
"ул. Генерации, д. 4980",55.559534,37.603514
"ул. Генерации, д. 4981",55.839822,37.621063
"ул. Генерации, д. 4982",55.823337,37.57637
"ул. Генерации, д. 4983",55.518948,37.373732
"ул. Генерации, д. 4984",55.645058,37.341052
"ул. Генерации, д. 4985",55.746776,37.68219
"ул. Генерации, д. 4986",55.774071,37.827186
"ул. Генерации, д. 4987",55.822308,37.7413
"ул. Генерации, д. 4988",55.757709,37.532692
"ул. Генерации, д. 4989",55.603115,37.565449
"ул. Генерации, д. 4990",55.549664,37.576881
"ул. Генерации, д. 4991",55.564759,37.673637
"ул. Генерации, д. 4992",55.558429,37.748764
"ул. Генерации, д. 4993",55.636197,37.341396
"ул. Генерации, д. 4994",55.833306,37.735584
"ул. Генерации, д. 4995",55.723238,37.405825
"ул. Генерации, д. 4996",55.619781,37.559886
"ул. Генерации, д. 4997",55.725342,37.415244
"ул. Генерации, д. 4998",55.587962,37.815602
"ул. Генерации, д. 4999",55.863269,37.381411
"ул. Генерации, д. 5000",55.623619,37.683815
